#! /c/Source/iverilog-install/bin/vvp
:ivl_version "12.0 (devel)" "(s20150603-1539-g2693dd32b)";
:ivl_delay_selection "TYPICAL";
:vpi_time_precision + 0;
:vpi_module "G:\iverilog\current\lib\ivl\system.vpi";
:vpi_module "G:\iverilog\current\lib\ivl\vhdl_sys.vpi";
:vpi_module "G:\iverilog\current\lib\ivl\vhdl_textio.vpi";
:vpi_module "G:\iverilog\current\lib\ivl\v2005_math.vpi";
:vpi_module "G:\iverilog\current\lib\ivl\va_math.vpi";
S_000001cbfcbd3120 .scope module, "registerfile" "registerfile" 2 6;
 .timescale 0 0;
    .port_info 0 /INPUT 1 "clk";
    .port_info 1 /INPUT 1 "rst";
    .port_info 2 /INPUT 4 "src_reg1";
    .port_info 3 /INPUT 4 "src_reg2";
    .port_info 4 /INPUT 4 "dst_reg";
    .port_info 5 /INPUT 1 "write_reg";
    .port_info 6 /INPUT 16 "dst_data";
    .port_info 7 /INOUT 16 "src_data1";
    .port_info 8 /INOUT 16 "src_data2";
o000001cbfd243848 .functor BUFZ 1, C4<z>; HiZ drive
v000001cbfd42dda0_0 .net "clk", 0 0, o000001cbfd243848;  0 drivers
o000001cbfd246c98 .functor BUFZ 16, C4<zzzzzzzzzzzzzzzz>; HiZ drive
v000001cbfd42e700_0 .net "dst_data", 15 0, o000001cbfd246c98;  0 drivers
o000001cbfd243728 .functor BUFZ 4, C4<zzzz>; HiZ drive
v000001cbfd4308c0_0 .net "dst_reg", 3 0, o000001cbfd243728;  0 drivers
v000001cbfd430640_0 .net "rden1", 15 0, L_000001cbfd4326c0;  1 drivers
v000001cbfd4306e0_0 .net "rden2", 15 0, L_000001cbfd432bc0;  1 drivers
o000001cbfd2438d8 .functor BUFZ 1, C4<z>; HiZ drive
v000001cbfd42ed40_0 .net "rst", 0 0, o000001cbfd2438d8;  0 drivers
o000001cbfd246c38 .functor BUFZ 16, C4<zzzzzzzzzzzzzzzz>; HiZ drive
I000001cbfd121800 .island tran;
p000001cbfd246c38 .port I000001cbfd121800, o000001cbfd246c38;
v000001cbfd430960_0 .net8 "src_data1", 15 0, p000001cbfd246c38;  0 drivers, strength-aware
o000001cbfd246c68 .functor BUFZ 16, C4<zzzzzzzzzzzzzzzz>; HiZ drive
I000001cbfd121380 .island tran;
p000001cbfd246c68 .port I000001cbfd121380, o000001cbfd246c68;
v000001cbfd42fce0_0 .net8 "src_data2", 15 0, p000001cbfd246c68;  0 drivers, strength-aware
o000001cbfd3c0098 .functor BUFZ 4, C4<zzzz>; HiZ drive
v000001cbfd430500_0 .net "src_reg1", 3 0, o000001cbfd3c0098;  0 drivers
o000001cbfd3c1748 .functor BUFZ 4, C4<zzzz>; HiZ drive
v000001cbfd42fc40_0 .net "src_reg2", 3 0, o000001cbfd3c1748;  0 drivers
v000001cbfd430a00_0 .net "wren", 15 0, L_000001cbfd434880;  1 drivers
o000001cbfd243788 .functor BUFZ 1, C4<z>; HiZ drive
v000001cbfd42ede0_0 .net "write_reg", 0 0, o000001cbfd243788;  0 drivers
L_000001cbfd43faa0 .part L_000001cbfd434880, 0, 1;
L_000001cbfd43ee20 .part L_000001cbfd434880, 1, 1;
L_000001cbfd43ef60 .part L_000001cbfd434880, 2, 1;
L_000001cbfd43f000 .part L_000001cbfd434880, 3, 1;
L_000001cbfd43e100 .part L_000001cbfd434880, 4, 1;
L_000001cbfd43e1a0 .part L_000001cbfd434880, 5, 1;
L_000001cbfd43e240 .part L_000001cbfd434880, 6, 1;
L_000001cbfd43e600 .part L_000001cbfd434880, 7, 1;
L_000001cbfd43f0a0 .part L_000001cbfd434880, 8, 1;
L_000001cbfd43f1e0 .part L_000001cbfd434880, 9, 1;
L_000001cbfd43f140 .part L_000001cbfd434880, 10, 1;
L_000001cbfd43f320 .part L_000001cbfd434880, 11, 1;
L_000001cbfd441a80 .part L_000001cbfd434880, 12, 1;
L_000001cbfd43fd20 .part L_000001cbfd434880, 13, 1;
L_000001cbfd4405e0 .part L_000001cbfd434880, 14, 1;
L_000001cbfd440900 .part L_000001cbfd434880, 15, 1;
L_000001cbfd43fdc0 .part L_000001cbfd4326c0, 0, 1;
L_000001cbfd441080 .part L_000001cbfd4326c0, 1, 1;
L_000001cbfd441e40 .part L_000001cbfd4326c0, 2, 1;
L_000001cbfd4400e0 .part L_000001cbfd4326c0, 3, 1;
L_000001cbfd440720 .part L_000001cbfd4326c0, 4, 1;
L_000001cbfd440f40 .part L_000001cbfd4326c0, 5, 1;
L_000001cbfd441120 .part L_000001cbfd4326c0, 6, 1;
L_000001cbfd4414e0 .part L_000001cbfd4326c0, 7, 1;
L_000001cbfd441f80 .part L_000001cbfd4326c0, 8, 1;
L_000001cbfd4422a0 .part L_000001cbfd4326c0, 9, 1;
L_000001cbfd43ffa0 .part L_000001cbfd4326c0, 10, 1;
L_000001cbfd441580 .part L_000001cbfd4326c0, 11, 1;
L_000001cbfd441260 .part L_000001cbfd4326c0, 12, 1;
L_000001cbfd442020 .part L_000001cbfd4326c0, 13, 1;
L_000001cbfd4409a0 .part L_000001cbfd4326c0, 14, 1;
L_000001cbfd441300 .part L_000001cbfd4326c0, 15, 1;
L_000001cbfd4413a0 .part L_000001cbfd432bc0, 0, 1;
L_000001cbfd43fe60 .part L_000001cbfd432bc0, 1, 1;
L_000001cbfd440e00 .part L_000001cbfd432bc0, 2, 1;
L_000001cbfd440680 .part L_000001cbfd432bc0, 3, 1;
L_000001cbfd4407c0 .part L_000001cbfd432bc0, 4, 1;
L_000001cbfd441c60 .part L_000001cbfd432bc0, 5, 1;
L_000001cbfd441d00 .part L_000001cbfd432bc0, 6, 1;
L_000001cbfd440a40 .part L_000001cbfd432bc0, 7, 1;
L_000001cbfd440fe0 .part L_000001cbfd432bc0, 8, 1;
L_000001cbfd4419e0 .part L_000001cbfd432bc0, 9, 1;
L_000001cbfd440ae0 .part L_000001cbfd432bc0, 10, 1;
L_000001cbfd442160 .part L_000001cbfd432bc0, 11, 1;
L_000001cbfd441ee0 .part L_000001cbfd432bc0, 12, 1;
L_000001cbfd441620 .part L_000001cbfd432bc0, 13, 1;
L_000001cbfd4420c0 .part L_000001cbfd432bc0, 14, 1;
L_000001cbfd440360 .part L_000001cbfd432bc0, 15, 1;
S_000001cbfcbd32b0 .scope module, "dest_reg_dec" "write_decoder_4_16" 2 34, 3 20 0, S_000001cbfcbd3120;
 .timescale 0 0;
    .port_info 0 /INPUT 4 "reg_id";
    .port_info 1 /INPUT 1 "write_reg";
    .port_info 2 /OUTPUT 16 "wordline";
L_000001cbfd45a180 .functor BUFT 1, C4<00000000>, C4<0>, C4<0>, C4<0>;
v000001cbfd232660_0 .net/2u *"_ivl_10", 7 0, L_000001cbfd45a180;  1 drivers
v000001cbfd230b80_0 .net *"_ivl_12", 15 0, L_000001cbfd433b60;  1 drivers
v000001cbfd2313a0_0 .net *"_ivl_14", 15 0, L_000001cbfd433e80;  1 drivers
L_000001cbfd45a1c8 .functor BUFT 1, C4<0000000000000000>, C4<0>, C4<0>, C4<0>;
v000001cbfd2327a0_0 .net/2u *"_ivl_16", 15 0, L_000001cbfd45a1c8;  1 drivers
v000001cbfd232020_0 .net *"_ivl_5", 0 0, L_000001cbfd435460;  1 drivers
L_000001cbfd45a138 .functor BUFT 1, C4<00000000>, C4<0>, C4<0>, C4<0>;
v000001cbfd232340_0 .net/2u *"_ivl_6", 7 0, L_000001cbfd45a138;  1 drivers
v000001cbfd230360_0 .net *"_ivl_8", 15 0, L_000001cbfd434420;  1 drivers
v000001cbfd231760_0 .net "lower_wordline", 7 0, L_000001cbfd434ba0;  1 drivers
v000001cbfd2316c0_0 .net "reg_id", 3 0, o000001cbfd243728;  alias, 0 drivers
v000001cbfd230cc0_0 .net "upper_wordline", 7 0, L_000001cbfd433700;  1 drivers
v000001cbfd2307c0_0 .net "wordline", 15 0, L_000001cbfd434880;  alias, 1 drivers
v000001cbfd2323e0_0 .net "write_reg", 0 0, o000001cbfd243788;  alias, 0 drivers
L_000001cbfd435820 .part o000001cbfd243728, 0, 3;
L_000001cbfd433de0 .part o000001cbfd243728, 0, 3;
L_000001cbfd435460 .part o000001cbfd243728, 3, 1;
L_000001cbfd434420 .concat [ 8 8 0 0], L_000001cbfd45a138, L_000001cbfd433700;
L_000001cbfd433b60 .concat [ 8 8 0 0], L_000001cbfd434ba0, L_000001cbfd45a180;
L_000001cbfd433e80 .functor MUXZ 16, L_000001cbfd433b60, L_000001cbfd434420, L_000001cbfd435460, C4<>;
L_000001cbfd434880 .functor MUXZ 16, L_000001cbfd45a1c8, L_000001cbfd433e80, o000001cbfd243788, C4<>;
S_000001cbfcbdaa50 .scope module, "first" "decoder_3to8_2" 3 31, 3 2 0, S_000001cbfcbd32b0;
 .timescale 0 0;
    .port_info 0 /INPUT 3 "in";
    .port_info 1 /OUTPUT 8 "out";
L_000001cbfd221f70 .functor NOT 1, L_000001cbfd432c60, C4<0>, C4<0>, C4<0>;
L_000001cbfd221a30 .functor NOT 1, L_000001cbfd431360, C4<0>, C4<0>, C4<0>;
L_000001cbfd221250 .functor AND 1, L_000001cbfd221f70, L_000001cbfd221a30, C4<1>, C4<1>;
L_000001cbfd220530 .functor NOT 1, L_000001cbfd432da0, C4<0>, C4<0>, C4<0>;
L_000001cbfd2206f0 .functor AND 1, L_000001cbfd221250, L_000001cbfd220530, C4<1>, C4<1>;
L_000001cbfd2208b0 .functor NOT 1, L_000001cbfd431720, C4<0>, C4<0>, C4<0>;
L_000001cbfd220bc0 .functor NOT 1, L_000001cbfd431860, C4<0>, C4<0>, C4<0>;
L_000001cbfd221e90 .functor AND 1, L_000001cbfd2208b0, L_000001cbfd220bc0, C4<1>, C4<1>;
L_000001cbfd221f00 .functor AND 1, L_000001cbfd221e90, L_000001cbfd433a20, C4<1>, C4<1>;
L_000001cbfd221c60 .functor NOT 1, L_000001cbfd434920, C4<0>, C4<0>, C4<0>;
L_000001cbfd221790 .functor AND 1, L_000001cbfd221c60, L_000001cbfd435500, C4<1>, C4<1>;
L_000001cbfd220fb0 .functor NOT 1, L_000001cbfd433520, C4<0>, C4<0>, C4<0>;
L_000001cbfd221d40 .functor AND 1, L_000001cbfd221790, L_000001cbfd220fb0, C4<1>, C4<1>;
L_000001cbfd220ca0 .functor NOT 1, L_000001cbfd434ec0, C4<0>, C4<0>, C4<0>;
L_000001cbfd2212c0 .functor AND 1, L_000001cbfd220ca0, L_000001cbfd435640, C4<1>, C4<1>;
L_000001cbfd220d80 .functor AND 1, L_000001cbfd2212c0, L_000001cbfd4342e0, C4<1>, C4<1>;
L_000001cbfd221800 .functor NOT 1, L_000001cbfd435140, C4<0>, C4<0>, C4<0>;
L_000001cbfd220920 .functor AND 1, L_000001cbfd435000, L_000001cbfd221800, C4<1>, C4<1>;
L_000001cbfd220990 .functor NOT 1, L_000001cbfd4356e0, C4<0>, C4<0>, C4<0>;
L_000001cbfd220a00 .functor AND 1, L_000001cbfd220920, L_000001cbfd220990, C4<1>, C4<1>;
L_000001cbfd221e20 .functor NOT 1, L_000001cbfd4358c0, C4<0>, C4<0>, C4<0>;
L_000001cbfd220e60 .functor AND 1, L_000001cbfd434060, L_000001cbfd221e20, C4<1>, C4<1>;
L_000001cbfd222050 .functor AND 1, L_000001cbfd220e60, L_000001cbfd4344c0, C4<1>, C4<1>;
L_000001cbfd220b50 .functor AND 1, L_000001cbfd4355a0, L_000001cbfd434d80, C4<1>, C4<1>;
L_000001cbfd221870 .functor NOT 1, L_000001cbfd435780, C4<0>, C4<0>, C4<0>;
L_000001cbfd220df0 .functor AND 1, L_000001cbfd220b50, L_000001cbfd221870, C4<1>, C4<1>;
L_000001cbfd220f40 .functor AND 1, L_000001cbfd435aa0, L_000001cbfd433840, C4<1>, C4<1>;
L_000001cbfd1ebcb0 .functor AND 1, L_000001cbfd220f40, L_000001cbfd434ce0, C4<1>, C4<1>;
v000001cbfd232fc0_0 .net *"_ivl_10", 0 0, L_000001cbfd221250;  1 drivers
v000001cbfd2345a0_0 .net *"_ivl_100", 0 0, L_000001cbfd220b50;  1 drivers
v000001cbfd234640_0 .net *"_ivl_103", 0 0, L_000001cbfd435780;  1 drivers
v000001cbfd233380_0 .net *"_ivl_104", 0 0, L_000001cbfd221870;  1 drivers
v000001cbfd2346e0_0 .net *"_ivl_106", 0 0, L_000001cbfd220df0;  1 drivers
v000001cbfd233060_0 .net *"_ivl_112", 0 0, L_000001cbfd435aa0;  1 drivers
v000001cbfd233100_0 .net *"_ivl_114", 0 0, L_000001cbfd433840;  1 drivers
v000001cbfd2331a0_0 .net *"_ivl_115", 0 0, L_000001cbfd220f40;  1 drivers
v000001cbfd236e40_0 .net *"_ivl_118", 0 0, L_000001cbfd434ce0;  1 drivers
v000001cbfd2352c0_0 .net *"_ivl_119", 0 0, L_000001cbfd1ebcb0;  1 drivers
v000001cbfd235b80_0 .net *"_ivl_13", 0 0, L_000001cbfd432da0;  1 drivers
v000001cbfd236580_0 .net *"_ivl_14", 0 0, L_000001cbfd220530;  1 drivers
v000001cbfd236800_0 .net *"_ivl_16", 0 0, L_000001cbfd2206f0;  1 drivers
v000001cbfd235f40_0 .net *"_ivl_21", 0 0, L_000001cbfd431720;  1 drivers
v000001cbfd2368a0_0 .net *"_ivl_22", 0 0, L_000001cbfd2208b0;  1 drivers
v000001cbfd2375c0_0 .net *"_ivl_25", 0 0, L_000001cbfd431860;  1 drivers
v000001cbfd236d00_0 .net *"_ivl_26", 0 0, L_000001cbfd220bc0;  1 drivers
v000001cbfd235900_0 .net *"_ivl_28", 0 0, L_000001cbfd221e90;  1 drivers
v000001cbfd235a40_0 .net *"_ivl_3", 0 0, L_000001cbfd432c60;  1 drivers
v000001cbfd2369e0_0 .net *"_ivl_31", 0 0, L_000001cbfd433a20;  1 drivers
v000001cbfd236bc0_0 .net *"_ivl_32", 0 0, L_000001cbfd221f00;  1 drivers
v000001cbfd236da0_0 .net *"_ivl_37", 0 0, L_000001cbfd434920;  1 drivers
v000001cbfd236ee0_0 .net *"_ivl_38", 0 0, L_000001cbfd221c60;  1 drivers
v000001cbfd236c60_0 .net *"_ivl_4", 0 0, L_000001cbfd221f70;  1 drivers
v000001cbfd2363a0_0 .net *"_ivl_41", 0 0, L_000001cbfd435500;  1 drivers
v000001cbfd235360_0 .net *"_ivl_42", 0 0, L_000001cbfd221790;  1 drivers
v000001cbfd235d60_0 .net *"_ivl_45", 0 0, L_000001cbfd433520;  1 drivers
v000001cbfd235ea0_0 .net *"_ivl_46", 0 0, L_000001cbfd220fb0;  1 drivers
v000001cbfd2370c0_0 .net *"_ivl_48", 0 0, L_000001cbfd221d40;  1 drivers
v000001cbfd2359a0_0 .net *"_ivl_53", 0 0, L_000001cbfd434ec0;  1 drivers
v000001cbfd2372a0_0 .net *"_ivl_54", 0 0, L_000001cbfd220ca0;  1 drivers
v000001cbfd236f80_0 .net *"_ivl_57", 0 0, L_000001cbfd435640;  1 drivers
v000001cbfd235cc0_0 .net *"_ivl_58", 0 0, L_000001cbfd2212c0;  1 drivers
v000001cbfd2357c0_0 .net *"_ivl_61", 0 0, L_000001cbfd4342e0;  1 drivers
v000001cbfd237340_0 .net *"_ivl_62", 0 0, L_000001cbfd220d80;  1 drivers
v000001cbfd235ae0_0 .net *"_ivl_67", 0 0, L_000001cbfd435000;  1 drivers
v000001cbfd237020_0 .net *"_ivl_69", 0 0, L_000001cbfd435140;  1 drivers
v000001cbfd235e00_0 .net *"_ivl_7", 0 0, L_000001cbfd431360;  1 drivers
v000001cbfd236a80_0 .net *"_ivl_70", 0 0, L_000001cbfd221800;  1 drivers
v000001cbfd236620_0 .net *"_ivl_72", 0 0, L_000001cbfd220920;  1 drivers
v000001cbfd235fe0_0 .net *"_ivl_75", 0 0, L_000001cbfd4356e0;  1 drivers
v000001cbfd237160_0 .net *"_ivl_76", 0 0, L_000001cbfd220990;  1 drivers
v000001cbfd236080_0 .net *"_ivl_78", 0 0, L_000001cbfd220a00;  1 drivers
v000001cbfd2354a0_0 .net *"_ivl_8", 0 0, L_000001cbfd221a30;  1 drivers
v000001cbfd235c20_0 .net *"_ivl_83", 0 0, L_000001cbfd434060;  1 drivers
v000001cbfd237480_0 .net *"_ivl_85", 0 0, L_000001cbfd4358c0;  1 drivers
v000001cbfd237200_0 .net *"_ivl_86", 0 0, L_000001cbfd221e20;  1 drivers
v000001cbfd236120_0 .net *"_ivl_88", 0 0, L_000001cbfd220e60;  1 drivers
v000001cbfd2361c0_0 .net *"_ivl_91", 0 0, L_000001cbfd4344c0;  1 drivers
v000001cbfd2373e0_0 .net *"_ivl_92", 0 0, L_000001cbfd222050;  1 drivers
v000001cbfd237520_0 .net *"_ivl_97", 0 0, L_000001cbfd4355a0;  1 drivers
v000001cbfd235400_0 .net *"_ivl_99", 0 0, L_000001cbfd434d80;  1 drivers
v000001cbfd236260_0 .net "in", 2 0, L_000001cbfd435820;  1 drivers
v000001cbfd2377a0_0 .net "out", 7 0, L_000001cbfd434ba0;  alias, 1 drivers
L_000001cbfd432c60 .part L_000001cbfd435820, 2, 1;
L_000001cbfd431360 .part L_000001cbfd435820, 1, 1;
L_000001cbfd432da0 .part L_000001cbfd435820, 0, 1;
L_000001cbfd431720 .part L_000001cbfd435820, 2, 1;
L_000001cbfd431860 .part L_000001cbfd435820, 1, 1;
L_000001cbfd433a20 .part L_000001cbfd435820, 0, 1;
L_000001cbfd434920 .part L_000001cbfd435820, 2, 1;
L_000001cbfd435500 .part L_000001cbfd435820, 1, 1;
L_000001cbfd433520 .part L_000001cbfd435820, 0, 1;
L_000001cbfd434ec0 .part L_000001cbfd435820, 2, 1;
L_000001cbfd435640 .part L_000001cbfd435820, 1, 1;
L_000001cbfd4342e0 .part L_000001cbfd435820, 0, 1;
L_000001cbfd435000 .part L_000001cbfd435820, 2, 1;
L_000001cbfd435140 .part L_000001cbfd435820, 1, 1;
L_000001cbfd4356e0 .part L_000001cbfd435820, 0, 1;
L_000001cbfd434060 .part L_000001cbfd435820, 2, 1;
L_000001cbfd4358c0 .part L_000001cbfd435820, 1, 1;
L_000001cbfd4344c0 .part L_000001cbfd435820, 0, 1;
L_000001cbfd4355a0 .part L_000001cbfd435820, 2, 1;
L_000001cbfd434d80 .part L_000001cbfd435820, 1, 1;
L_000001cbfd435780 .part L_000001cbfd435820, 0, 1;
LS_000001cbfd434ba0_0_0 .concat8 [ 1 1 1 1], L_000001cbfd2206f0, L_000001cbfd221f00, L_000001cbfd221d40, L_000001cbfd220d80;
LS_000001cbfd434ba0_0_4 .concat8 [ 1 1 1 1], L_000001cbfd220a00, L_000001cbfd222050, L_000001cbfd220df0, L_000001cbfd1ebcb0;
L_000001cbfd434ba0 .concat8 [ 4 4 0 0], LS_000001cbfd434ba0_0_0, LS_000001cbfd434ba0_0_4;
L_000001cbfd435aa0 .part L_000001cbfd435820, 2, 1;
L_000001cbfd433840 .part L_000001cbfd435820, 1, 1;
L_000001cbfd434ce0 .part L_000001cbfd435820, 0, 1;
S_000001cbfcbcd980 .scope module, "second" "decoder_3to8_2" 3 35, 3 2 0, S_000001cbfcbd32b0;
 .timescale 0 0;
    .port_info 0 /INPUT 3 "in";
    .port_info 1 /OUTPUT 8 "out";
L_000001cbfd1eb1c0 .functor NOT 1, L_000001cbfd435960, C4<0>, C4<0>, C4<0>;
L_000001cbfd1eb5b0 .functor NOT 1, L_000001cbfd4338e0, C4<0>, C4<0>, C4<0>;
L_000001cbfd1ec1f0 .functor AND 1, L_000001cbfd1eb1c0, L_000001cbfd1eb5b0, C4<1>, C4<1>;
L_000001cbfd1ecab0 .functor NOT 1, L_000001cbfd435a00, C4<0>, C4<0>, C4<0>;
L_000001cbfd1eb8c0 .functor AND 1, L_000001cbfd1ec1f0, L_000001cbfd1ecab0, C4<1>, C4<1>;
L_000001cbfd1ec6c0 .functor NOT 1, L_000001cbfd433c00, C4<0>, C4<0>, C4<0>;
L_000001cbfd1ec420 .functor NOT 1, L_000001cbfd435b40, C4<0>, C4<0>, C4<0>;
L_000001cbfd1eb690 .functor AND 1, L_000001cbfd1ec6c0, L_000001cbfd1ec420, C4<1>, C4<1>;
L_000001cbfd1ecb20 .functor AND 1, L_000001cbfd1eb690, L_000001cbfd4347e0, C4<1>, C4<1>;
L_000001cbfd1ec490 .functor NOT 1, L_000001cbfd435be0, C4<0>, C4<0>, C4<0>;
L_000001cbfd1ebaf0 .functor AND 1, L_000001cbfd1ec490, L_000001cbfd434380, C4<1>, C4<1>;
L_000001cbfd1ec500 .functor NOT 1, L_000001cbfd435c80, C4<0>, C4<0>, C4<0>;
L_000001cbfd1eb310 .functor AND 1, L_000001cbfd1ebaf0, L_000001cbfd1ec500, C4<1>, C4<1>;
L_000001cbfd1ebd90 .functor NOT 1, L_000001cbfd434a60, C4<0>, C4<0>, C4<0>;
L_000001cbfd1ec8f0 .functor AND 1, L_000001cbfd1ebd90, L_000001cbfd435280, C4<1>, C4<1>;
L_000001cbfd1ec960 .functor AND 1, L_000001cbfd1ec8f0, L_000001cbfd434560, C4<1>, C4<1>;
L_000001cbfd1ecc00 .functor NOT 1, L_000001cbfd434e20, C4<0>, C4<0>, C4<0>;
L_000001cbfd1eb380 .functor AND 1, L_000001cbfd4335c0, L_000001cbfd1ecc00, C4<1>, C4<1>;
L_000001cbfd1eb3f0 .functor NOT 1, L_000001cbfd434f60, C4<0>, C4<0>, C4<0>;
L_000001cbfd1eb460 .functor AND 1, L_000001cbfd1eb380, L_000001cbfd1eb3f0, C4<1>, C4<1>;
L_000001cbfd1ed060 .functor NOT 1, L_000001cbfd434b00, C4<0>, C4<0>, C4<0>;
L_000001cbfd1edfb0 .functor AND 1, L_000001cbfd433980, L_000001cbfd1ed060, C4<1>, C4<1>;
L_000001cbfd1edd80 .functor AND 1, L_000001cbfd1edfb0, L_000001cbfd434c40, C4<1>, C4<1>;
L_000001cbfd1ed4c0 .functor AND 1, L_000001cbfd4353c0, L_000001cbfd4351e0, C4<1>, C4<1>;
L_000001cbfd1ee250 .functor NOT 1, L_000001cbfd433660, C4<0>, C4<0>, C4<0>;
L_000001cbfd1ed530 .functor AND 1, L_000001cbfd1ed4c0, L_000001cbfd1ee250, C4<1>, C4<1>;
L_000001cbfd1ee2c0 .functor AND 1, L_000001cbfd4337a0, L_000001cbfd4350a0, C4<1>, C4<1>;
L_000001cbfd1ee330 .functor AND 1, L_000001cbfd1ee2c0, L_000001cbfd433ac0, C4<1>, C4<1>;
v000001cbfd237840_0 .net *"_ivl_10", 0 0, L_000001cbfd1ec1f0;  1 drivers
v000001cbfd236300_0 .net *"_ivl_100", 0 0, L_000001cbfd1ed4c0;  1 drivers
v000001cbfd237660_0 .net *"_ivl_103", 0 0, L_000001cbfd433660;  1 drivers
v000001cbfd235680_0 .net *"_ivl_104", 0 0, L_000001cbfd1ee250;  1 drivers
v000001cbfd235540_0 .net *"_ivl_106", 0 0, L_000001cbfd1ed530;  1 drivers
v000001cbfd237700_0 .net *"_ivl_112", 0 0, L_000001cbfd4337a0;  1 drivers
v000001cbfd236940_0 .net *"_ivl_114", 0 0, L_000001cbfd4350a0;  1 drivers
v000001cbfd2364e0_0 .net *"_ivl_115", 0 0, L_000001cbfd1ee2c0;  1 drivers
v000001cbfd2350e0_0 .net *"_ivl_118", 0 0, L_000001cbfd433ac0;  1 drivers
v000001cbfd2366c0_0 .net *"_ivl_119", 0 0, L_000001cbfd1ee330;  1 drivers
v000001cbfd235180_0 .net *"_ivl_13", 0 0, L_000001cbfd435a00;  1 drivers
v000001cbfd235220_0 .net *"_ivl_14", 0 0, L_000001cbfd1ecab0;  1 drivers
v000001cbfd236440_0 .net *"_ivl_16", 0 0, L_000001cbfd1eb8c0;  1 drivers
v000001cbfd235720_0 .net *"_ivl_21", 0 0, L_000001cbfd433c00;  1 drivers
v000001cbfd2355e0_0 .net *"_ivl_22", 0 0, L_000001cbfd1ec6c0;  1 drivers
v000001cbfd235860_0 .net *"_ivl_25", 0 0, L_000001cbfd435b40;  1 drivers
v000001cbfd236b20_0 .net *"_ivl_26", 0 0, L_000001cbfd1ec420;  1 drivers
v000001cbfd236760_0 .net *"_ivl_28", 0 0, L_000001cbfd1eb690;  1 drivers
v000001cbfd2378e0_0 .net *"_ivl_3", 0 0, L_000001cbfd435960;  1 drivers
v000001cbfd237ac0_0 .net *"_ivl_31", 0 0, L_000001cbfd4347e0;  1 drivers
v000001cbfd237de0_0 .net *"_ivl_32", 0 0, L_000001cbfd1ecb20;  1 drivers
v000001cbfd237e80_0 .net *"_ivl_37", 0 0, L_000001cbfd435be0;  1 drivers
v000001cbfd237980_0 .net *"_ivl_38", 0 0, L_000001cbfd1ec490;  1 drivers
v000001cbfd237a20_0 .net *"_ivl_4", 0 0, L_000001cbfd1eb1c0;  1 drivers
v000001cbfd237f20_0 .net *"_ivl_41", 0 0, L_000001cbfd434380;  1 drivers
v000001cbfd237fc0_0 .net *"_ivl_42", 0 0, L_000001cbfd1ebaf0;  1 drivers
v000001cbfd237ca0_0 .net *"_ivl_45", 0 0, L_000001cbfd435c80;  1 drivers
v000001cbfd237d40_0 .net *"_ivl_46", 0 0, L_000001cbfd1ec500;  1 drivers
v000001cbfd237b60_0 .net *"_ivl_48", 0 0, L_000001cbfd1eb310;  1 drivers
v000001cbfd237c00_0 .net *"_ivl_53", 0 0, L_000001cbfd434a60;  1 drivers
v000001cbfd230f40_0 .net *"_ivl_54", 0 0, L_000001cbfd1ebd90;  1 drivers
v000001cbfd2314e0_0 .net *"_ivl_57", 0 0, L_000001cbfd435280;  1 drivers
v000001cbfd232160_0 .net *"_ivl_58", 0 0, L_000001cbfd1ec8f0;  1 drivers
v000001cbfd231b20_0 .net *"_ivl_61", 0 0, L_000001cbfd434560;  1 drivers
v000001cbfd2305e0_0 .net *"_ivl_62", 0 0, L_000001cbfd1ec960;  1 drivers
v000001cbfd232200_0 .net *"_ivl_67", 0 0, L_000001cbfd4335c0;  1 drivers
v000001cbfd231e40_0 .net *"_ivl_69", 0 0, L_000001cbfd434e20;  1 drivers
v000001cbfd232520_0 .net *"_ivl_7", 0 0, L_000001cbfd4338e0;  1 drivers
v000001cbfd230fe0_0 .net *"_ivl_70", 0 0, L_000001cbfd1ecc00;  1 drivers
v000001cbfd230540_0 .net *"_ivl_72", 0 0, L_000001cbfd1eb380;  1 drivers
v000001cbfd232480_0 .net *"_ivl_75", 0 0, L_000001cbfd434f60;  1 drivers
v000001cbfd231ee0_0 .net *"_ivl_76", 0 0, L_000001cbfd1eb3f0;  1 drivers
v000001cbfd232700_0 .net *"_ivl_78", 0 0, L_000001cbfd1eb460;  1 drivers
v000001cbfd231a80_0 .net *"_ivl_8", 0 0, L_000001cbfd1eb5b0;  1 drivers
v000001cbfd231f80_0 .net *"_ivl_83", 0 0, L_000001cbfd433980;  1 drivers
v000001cbfd2320c0_0 .net *"_ivl_85", 0 0, L_000001cbfd434b00;  1 drivers
v000001cbfd2302c0_0 .net *"_ivl_86", 0 0, L_000001cbfd1ed060;  1 drivers
v000001cbfd2322a0_0 .net *"_ivl_88", 0 0, L_000001cbfd1edfb0;  1 drivers
v000001cbfd231940_0 .net *"_ivl_91", 0 0, L_000001cbfd434c40;  1 drivers
v000001cbfd2325c0_0 .net *"_ivl_92", 0 0, L_000001cbfd1edd80;  1 drivers
v000001cbfd2319e0_0 .net *"_ivl_97", 0 0, L_000001cbfd4353c0;  1 drivers
v000001cbfd231580_0 .net *"_ivl_99", 0 0, L_000001cbfd4351e0;  1 drivers
v000001cbfd2304a0_0 .net "in", 2 0, L_000001cbfd433de0;  1 drivers
v000001cbfd2309a0_0 .net "out", 7 0, L_000001cbfd433700;  alias, 1 drivers
L_000001cbfd435960 .part L_000001cbfd433de0, 2, 1;
L_000001cbfd4338e0 .part L_000001cbfd433de0, 1, 1;
L_000001cbfd435a00 .part L_000001cbfd433de0, 0, 1;
L_000001cbfd433c00 .part L_000001cbfd433de0, 2, 1;
L_000001cbfd435b40 .part L_000001cbfd433de0, 1, 1;
L_000001cbfd4347e0 .part L_000001cbfd433de0, 0, 1;
L_000001cbfd435be0 .part L_000001cbfd433de0, 2, 1;
L_000001cbfd434380 .part L_000001cbfd433de0, 1, 1;
L_000001cbfd435c80 .part L_000001cbfd433de0, 0, 1;
L_000001cbfd434a60 .part L_000001cbfd433de0, 2, 1;
L_000001cbfd435280 .part L_000001cbfd433de0, 1, 1;
L_000001cbfd434560 .part L_000001cbfd433de0, 0, 1;
L_000001cbfd4335c0 .part L_000001cbfd433de0, 2, 1;
L_000001cbfd434e20 .part L_000001cbfd433de0, 1, 1;
L_000001cbfd434f60 .part L_000001cbfd433de0, 0, 1;
L_000001cbfd433980 .part L_000001cbfd433de0, 2, 1;
L_000001cbfd434b00 .part L_000001cbfd433de0, 1, 1;
L_000001cbfd434c40 .part L_000001cbfd433de0, 0, 1;
L_000001cbfd4353c0 .part L_000001cbfd433de0, 2, 1;
L_000001cbfd4351e0 .part L_000001cbfd433de0, 1, 1;
L_000001cbfd433660 .part L_000001cbfd433de0, 0, 1;
LS_000001cbfd433700_0_0 .concat8 [ 1 1 1 1], L_000001cbfd1eb8c0, L_000001cbfd1ecb20, L_000001cbfd1eb310, L_000001cbfd1ec960;
LS_000001cbfd433700_0_4 .concat8 [ 1 1 1 1], L_000001cbfd1eb460, L_000001cbfd1edd80, L_000001cbfd1ed530, L_000001cbfd1ee330;
L_000001cbfd433700 .concat8 [ 4 4 0 0], LS_000001cbfd433700_0_0, LS_000001cbfd433700_0_4;
L_000001cbfd4337a0 .part L_000001cbfd433de0, 2, 1;
L_000001cbfd4350a0 .part L_000001cbfd433de0, 1, 1;
L_000001cbfd433ac0 .part L_000001cbfd433de0, 0, 1;
S_000001cbfcbdc1c0 .scope module, "registers[0]" "register" 2 36, 4 4 0, S_000001cbfcbd3120;
 .timescale 0 0;
    .port_info 0 /INPUT 1 "clk";
    .port_info 1 /INPUT 1 "rst";
    .port_info 2 /INPUT 16 "d";
    .port_info 3 /INPUT 1 "write_reg";
    .port_info 4 /INPUT 1 "rden1";
    .port_info 5 /INPUT 1 "rden2";
    .port_info 6 /INOUT 16 "bitline1";
    .port_info 7 /INOUT 16 "bitline2";
v000001cbfd19f200_0 .net8 "bitline1", 15 0, p000001cbfd246c38;  alias, 0 drivers, strength-aware
v000001cbfd19d4a0_0 .net8 "bitline2", 15 0, p000001cbfd246c68;  alias, 0 drivers, strength-aware
v000001cbfd19d860_0 .net "clk", 0 0, o000001cbfd243848;  alias, 0 drivers
v000001cbfd19d5e0_0 .net "d", 15 0, o000001cbfd246c98;  alias, 0 drivers
v000001cbfd19d7c0_0 .net "rden1", 0 0, L_000001cbfd43fdc0;  1 drivers
v000001cbfd19da40_0 .net "rden2", 0 0, L_000001cbfd4413a0;  1 drivers
v000001cbfd19dae0_0 .net "rst", 0 0, o000001cbfd2438d8;  alias, 0 drivers
v000001cbfd16c820_0 .net "write_reg", 0 0, L_000001cbfd43faa0;  1 drivers
L_000001cbfd435320 .part o000001cbfd246c98, 0, 1;
L_000001cbfd434600 .part o000001cbfd246c98, 1, 1;
L_000001cbfd4349c0 .part o000001cbfd246c98, 2, 1;
L_000001cbfd434100 .part o000001cbfd246c98, 3, 1;
L_000001cbfd433ca0 .part o000001cbfd246c98, 4, 1;
L_000001cbfd433d40 .part o000001cbfd246c98, 5, 1;
L_000001cbfd433f20 .part o000001cbfd246c98, 6, 1;
L_000001cbfd4346a0 .part o000001cbfd246c98, 7, 1;
L_000001cbfd433fc0 .part o000001cbfd246c98, 8, 1;
L_000001cbfd4341a0 .part o000001cbfd246c98, 9, 1;
L_000001cbfd434240 .part o000001cbfd246c98, 10, 1;
L_000001cbfd434740 .part o000001cbfd246c98, 11, 1;
L_000001cbfd436720 .part o000001cbfd246c98, 12, 1;
L_000001cbfd437c60 .part o000001cbfd246c98, 13, 1;
L_000001cbfd4380c0 .part o000001cbfd246c98, 14, 1;
L_000001cbfd435f00 .part o000001cbfd246c98, 15, 1;
p000001cbfd243a28 .port I000001cbfd121800, L_000001cbfd1ed5a0;
 .tranvp 16 1 0, I000001cbfd121800, p000001cbfd246c38 p000001cbfd243a28;
p000001cbfd243db8 .port I000001cbfd121800, L_000001cbfd1ed140;
 .tranvp 16 1 1, I000001cbfd121800, p000001cbfd246c38 p000001cbfd243db8;
p000001cbfd2440e8 .port I000001cbfd121800, L_000001cbfd1ee560;
 .tranvp 16 1 2, I000001cbfd121800, p000001cbfd246c38 p000001cbfd2440e8;
p000001cbfd244418 .port I000001cbfd121800, L_000001cbfd1ed610;
 .tranvp 16 1 3, I000001cbfd121800, p000001cbfd246c38 p000001cbfd244418;
p000001cbfd244748 .port I000001cbfd121800, L_000001cbfd1ecf80;
 .tranvp 16 1 4, I000001cbfd121800, p000001cbfd246c38 p000001cbfd244748;
p000001cbfd244a78 .port I000001cbfd121800, L_000001cbfd1edae0;
 .tranvp 16 1 5, I000001cbfd121800, p000001cbfd246c38 p000001cbfd244a78;
p000001cbfd244da8 .port I000001cbfd121800, L_000001cbfd1ed1b0;
 .tranvp 16 1 6, I000001cbfd121800, p000001cbfd246c38 p000001cbfd244da8;
p000001cbfd2450d8 .port I000001cbfd121800, L_000001cbfd1ee9c0;
 .tranvp 16 1 7, I000001cbfd121800, p000001cbfd246c38 p000001cbfd2450d8;
p000001cbfd245408 .port I000001cbfd121800, L_000001cbfd1eea30;
 .tranvp 16 1 8, I000001cbfd121800, p000001cbfd246c38 p000001cbfd245408;
p000001cbfd245738 .port I000001cbfd121800, L_000001cbfd1eec60;
 .tranvp 16 1 9, I000001cbfd121800, p000001cbfd246c38 p000001cbfd245738;
p000001cbfd245a68 .port I000001cbfd121800, L_000001cbfd1fd2e0;
 .tranvp 16 1 10, I000001cbfd121800, p000001cbfd246c38 p000001cbfd245a68;
p000001cbfd245d98 .port I000001cbfd121800, L_000001cbfd1fccc0;
 .tranvp 16 1 11, I000001cbfd121800, p000001cbfd246c38 p000001cbfd245d98;
p000001cbfd2460c8 .port I000001cbfd121800, L_000001cbfd1fafe0;
 .tranvp 16 1 12, I000001cbfd121800, p000001cbfd246c38 p000001cbfd2460c8;
p000001cbfd2463f8 .port I000001cbfd121800, L_000001cbfd1f9610;
 .tranvp 16 1 13, I000001cbfd121800, p000001cbfd246c38 p000001cbfd2463f8;
p000001cbfd246728 .port I000001cbfd121800, L_000001cbfd1fa410;
 .tranvp 16 1 14, I000001cbfd121800, p000001cbfd246c38 p000001cbfd246728;
p000001cbfd246a58 .port I000001cbfd121800, L_000001cbfd1fb050;
 .tranvp 16 1 15, I000001cbfd121800, p000001cbfd246c38 p000001cbfd246a58;
p000001cbfd243a58 .port I000001cbfd121380, L_000001cbfd1eda70;
 .tranvp 16 1 0, I000001cbfd121380, p000001cbfd246c68 p000001cbfd243a58;
p000001cbfd243de8 .port I000001cbfd121380, L_000001cbfd1ece30;
 .tranvp 16 1 1, I000001cbfd121380, p000001cbfd246c68 p000001cbfd243de8;
p000001cbfd244118 .port I000001cbfd121380, L_000001cbfd1ee720;
 .tranvp 16 1 2, I000001cbfd121380, p000001cbfd246c68 p000001cbfd244118;
p000001cbfd244448 .port I000001cbfd121380, L_000001cbfd1ee800;
 .tranvp 16 1 3, I000001cbfd121380, p000001cbfd246c68 p000001cbfd244448;
p000001cbfd244778 .port I000001cbfd121380, L_000001cbfd1ed920;
 .tranvp 16 1 4, I000001cbfd121380, p000001cbfd246c68 p000001cbfd244778;
p000001cbfd244aa8 .port I000001cbfd121380, L_000001cbfd1ecce0;
 .tranvp 16 1 5, I000001cbfd121380, p000001cbfd246c68 p000001cbfd244aa8;
p000001cbfd244dd8 .port I000001cbfd121380, L_000001cbfd1ee870;
 .tranvp 16 1 6, I000001cbfd121380, p000001cbfd246c68 p000001cbfd244dd8;
p000001cbfd245108 .port I000001cbfd121380, L_000001cbfd1eeb80;
 .tranvp 16 1 7, I000001cbfd121380, p000001cbfd246c68 p000001cbfd245108;
p000001cbfd245438 .port I000001cbfd121380, L_000001cbfd1eebf0;
 .tranvp 16 1 8, I000001cbfd121380, p000001cbfd246c68 p000001cbfd245438;
p000001cbfd245768 .port I000001cbfd121380, L_000001cbfd1fcef0;
 .tranvp 16 1 9, I000001cbfd121380, p000001cbfd246c68 p000001cbfd245768;
p000001cbfd245a98 .port I000001cbfd121380, L_000001cbfd1fcda0;
 .tranvp 16 1 10, I000001cbfd121380, p000001cbfd246c68 p000001cbfd245a98;
p000001cbfd245dc8 .port I000001cbfd121380, L_000001cbfd1fcf60;
 .tranvp 16 1 11, I000001cbfd121380, p000001cbfd246c68 p000001cbfd245dc8;
p000001cbfd2460f8 .port I000001cbfd121380, L_000001cbfd1f9530;
 .tranvp 16 1 12, I000001cbfd121380, p000001cbfd246c68 p000001cbfd2460f8;
p000001cbfd246428 .port I000001cbfd121380, L_000001cbfd1fab10;
 .tranvp 16 1 13, I000001cbfd121380, p000001cbfd246c68 p000001cbfd246428;
p000001cbfd246758 .port I000001cbfd121380, L_000001cbfd1fa640;
 .tranvp 16 1 14, I000001cbfd121380, p000001cbfd246c68 p000001cbfd246758;
p000001cbfd246a88 .port I000001cbfd121380, L_000001cbfd1f9680;
 .tranvp 16 1 15, I000001cbfd121380, p000001cbfd246c68 p000001cbfd246a88;
S_000001cbfcbdc350 .scope module, "bitcells[0]" "bit_cell" 4 14, 5 4 0, S_000001cbfcbdc1c0;
 .timescale 0 0;
    .port_info 0 /INPUT 1 "clk";
    .port_info 1 /INPUT 1 "rst";
    .port_info 2 /INPUT 1 "d";
    .port_info 3 /INPUT 1 "wren";
    .port_info 4 /INPUT 1 "rden1";
    .port_info 5 /INPUT 1 "rden2";
    .port_info 6 /INOUT 1 "bitline1";
    .port_info 7 /INOUT 1 "bitline2";
L_000001cbfd1ed5a0 .functor BUFIF1 1, v000001cbfd230680_0, L_000001cbfd43fdc0, C4<0>, C4<0>;
L_000001cbfd1eda70 .functor BUFIF1 1, v000001cbfd230680_0, L_000001cbfd4413a0, C4<0>, C4<0>;
v000001cbfd232840_0 .net8 "bitline1", 0 0, p000001cbfd243a28;  1 drivers, strength-aware
v000001cbfd230400_0 .net8 "bitline2", 0 0, p000001cbfd243a58;  1 drivers, strength-aware
v000001cbfd230720_0 .net "clk", 0 0, o000001cbfd243848;  alias, 0 drivers
v000001cbfd2300e0_0 .net "d", 0 0, L_000001cbfd435320;  1 drivers
v000001cbfd230c20_0 .net "q", 0 0, v000001cbfd230680_0;  1 drivers
v000001cbfd231da0_0 .net "rden1", 0 0, L_000001cbfd43fdc0;  alias, 1 drivers
v000001cbfd230180_0 .net "rden2", 0 0, L_000001cbfd4413a0;  alias, 1 drivers
v000001cbfd231080_0 .net "rst", 0 0, o000001cbfd2438d8;  alias, 0 drivers
v000001cbfd230220_0 .net "wren", 0 0, L_000001cbfd43faa0;  alias, 1 drivers
S_000001cbfcbd6000 .scope module, "cell_dff" "dff" 5 19, 6 4 0, S_000001cbfcbdc350;
 .timescale 0 0;
    .port_info 0 /OUTPUT 1 "q";
    .port_info 1 /INPUT 1 "d";
    .port_info 2 /INPUT 1 "wen";
    .port_info 3 /INPUT 1 "clk";
    .port_info 4 /INPUT 1 "rst";
v000001cbfd231d00_0 .net "clk", 0 0, o000001cbfd243848;  alias, 0 drivers
v000001cbfd230d60_0 .net "d", 0 0, L_000001cbfd435320;  alias, 1 drivers
v000001cbfd230680_0 .var "q", 0 0;
v000001cbfd230ae0_0 .net "rst", 0 0, o000001cbfd2438d8;  alias, 0 drivers
v000001cbfd230900_0 .net "wen", 0 0, L_000001cbfd43faa0;  alias, 1 drivers
E_000001cbfd121940 .event posedge, v000001cbfd231d00_0;
S_000001cbfcbd6190 .scope module, "bitcells[1]" "bit_cell" 4 14, 5 4 0, S_000001cbfcbdc1c0;
 .timescale 0 0;
    .port_info 0 /INPUT 1 "clk";
    .port_info 1 /INPUT 1 "rst";
    .port_info 2 /INPUT 1 "d";
    .port_info 3 /INPUT 1 "wren";
    .port_info 4 /INPUT 1 "rden1";
    .port_info 5 /INPUT 1 "rden2";
    .port_info 6 /INOUT 1 "bitline1";
    .port_info 7 /INOUT 1 "bitline2";
L_000001cbfd1ed140 .functor BUFIF1 1, v000001cbfd230e00_0, L_000001cbfd43fdc0, C4<0>, C4<0>;
L_000001cbfd1ece30 .functor BUFIF1 1, v000001cbfd230e00_0, L_000001cbfd4413a0, C4<0>, C4<0>;
v000001cbfd231120_0 .net8 "bitline1", 0 0, p000001cbfd243db8;  1 drivers, strength-aware
v000001cbfd2311c0_0 .net8 "bitline2", 0 0, p000001cbfd243de8;  1 drivers, strength-aware
v000001cbfd231260_0 .net "clk", 0 0, o000001cbfd243848;  alias, 0 drivers
v000001cbfd231300_0 .net "d", 0 0, L_000001cbfd434600;  1 drivers
v000001cbfd231440_0 .net "q", 0 0, v000001cbfd230e00_0;  1 drivers
v000001cbfd231620_0 .net "rden1", 0 0, L_000001cbfd43fdc0;  alias, 1 drivers
v000001cbfd231800_0 .net "rden2", 0 0, L_000001cbfd4413a0;  alias, 1 drivers
v000001cbfd2318a0_0 .net "rst", 0 0, o000001cbfd2438d8;  alias, 0 drivers
v000001cbfd231bc0_0 .net "wren", 0 0, L_000001cbfd43faa0;  alias, 1 drivers
S_000001cbfcbce0d0 .scope module, "cell_dff" "dff" 5 19, 6 4 0, S_000001cbfcbd6190;
 .timescale 0 0;
    .port_info 0 /OUTPUT 1 "q";
    .port_info 1 /INPUT 1 "d";
    .port_info 2 /INPUT 1 "wen";
    .port_info 3 /INPUT 1 "clk";
    .port_info 4 /INPUT 1 "rst";
v000001cbfd230860_0 .net "clk", 0 0, o000001cbfd243848;  alias, 0 drivers
v000001cbfd231c60_0 .net "d", 0 0, L_000001cbfd434600;  alias, 1 drivers
v000001cbfd230e00_0 .var "q", 0 0;
v000001cbfd230a40_0 .net "rst", 0 0, o000001cbfd2438d8;  alias, 0 drivers
v000001cbfd230ea0_0 .net "wen", 0 0, L_000001cbfd43faa0;  alias, 1 drivers
S_000001cbfcbce260 .scope module, "bitcells[2]" "bit_cell" 4 14, 5 4 0, S_000001cbfcbdc1c0;
 .timescale 0 0;
    .port_info 0 /INPUT 1 "clk";
    .port_info 1 /INPUT 1 "rst";
    .port_info 2 /INPUT 1 "d";
    .port_info 3 /INPUT 1 "wren";
    .port_info 4 /INPUT 1 "rden1";
    .port_info 5 /INPUT 1 "rden2";
    .port_info 6 /INOUT 1 "bitline1";
    .port_info 7 /INOUT 1 "bitline2";
L_000001cbfd1ee560 .functor BUFIF1 1, v000001cbfd1d2e00_0, L_000001cbfd43fdc0, C4<0>, C4<0>;
L_000001cbfd1ee720 .functor BUFIF1 1, v000001cbfd1d2e00_0, L_000001cbfd4413a0, C4<0>, C4<0>;
v000001cbfd1d2400_0 .net8 "bitline1", 0 0, p000001cbfd2440e8;  1 drivers, strength-aware
v000001cbfd1d3300_0 .net8 "bitline2", 0 0, p000001cbfd244118;  1 drivers, strength-aware
v000001cbfd1d1320_0 .net "clk", 0 0, o000001cbfd243848;  alias, 0 drivers
v000001cbfd1d2720_0 .net "d", 0 0, L_000001cbfd4349c0;  1 drivers
v000001cbfd1d22c0_0 .net "q", 0 0, v000001cbfd1d2e00_0;  1 drivers
v000001cbfd1d2180_0 .net "rden1", 0 0, L_000001cbfd43fdc0;  alias, 1 drivers
v000001cbfd1d1be0_0 .net "rden2", 0 0, L_000001cbfd4413a0;  alias, 1 drivers
v000001cbfd1d1dc0_0 .net "rst", 0 0, o000001cbfd2438d8;  alias, 0 drivers
v000001cbfd1d2860_0 .net "wren", 0 0, L_000001cbfd43faa0;  alias, 1 drivers
S_000001cbfd2284f0 .scope module, "cell_dff" "dff" 5 19, 6 4 0, S_000001cbfcbce260;
 .timescale 0 0;
    .port_info 0 /OUTPUT 1 "q";
    .port_info 1 /INPUT 1 "d";
    .port_info 2 /INPUT 1 "wen";
    .port_info 3 /INPUT 1 "clk";
    .port_info 4 /INPUT 1 "rst";
v000001cbfd1d1aa0_0 .net "clk", 0 0, o000001cbfd243848;  alias, 0 drivers
v000001cbfd1d2900_0 .net "d", 0 0, L_000001cbfd4349c0;  alias, 1 drivers
v000001cbfd1d2e00_0 .var "q", 0 0;
v000001cbfd1d3940_0 .net "rst", 0 0, o000001cbfd2438d8;  alias, 0 drivers
v000001cbfd1d1e60_0 .net "wen", 0 0, L_000001cbfd43faa0;  alias, 1 drivers
S_000001cbfd228680 .scope module, "bitcells[3]" "bit_cell" 4 14, 5 4 0, S_000001cbfcbdc1c0;
 .timescale 0 0;
    .port_info 0 /INPUT 1 "clk";
    .port_info 1 /INPUT 1 "rst";
    .port_info 2 /INPUT 1 "d";
    .port_info 3 /INPUT 1 "wren";
    .port_info 4 /INPUT 1 "rden1";
    .port_info 5 /INPUT 1 "rden2";
    .port_info 6 /INOUT 1 "bitline1";
    .port_info 7 /INOUT 1 "bitline2";
L_000001cbfd1ed610 .functor BUFIF1 1, v000001cbfd1d4c00_0, L_000001cbfd43fdc0, C4<0>, C4<0>;
L_000001cbfd1ee800 .functor BUFIF1 1, v000001cbfd1d4c00_0, L_000001cbfd4413a0, C4<0>, C4<0>;
v000001cbfd1d42a0_0 .net8 "bitline1", 0 0, p000001cbfd244418;  1 drivers, strength-aware
v000001cbfd1d4e80_0 .net8 "bitline2", 0 0, p000001cbfd244448;  1 drivers, strength-aware
v000001cbfd1d5100_0 .net "clk", 0 0, o000001cbfd243848;  alias, 0 drivers
v000001cbfd1d4840_0 .net "d", 0 0, L_000001cbfd434100;  1 drivers
v000001cbfd1d6140_0 .net "q", 0 0, v000001cbfd1d4c00_0;  1 drivers
v000001cbfd1d52e0_0 .net "rden1", 0 0, L_000001cbfd43fdc0;  alias, 1 drivers
v000001cbfd1d3da0_0 .net "rden2", 0 0, L_000001cbfd4413a0;  alias, 1 drivers
v000001cbfd1d4660_0 .net "rst", 0 0, o000001cbfd2438d8;  alias, 0 drivers
v000001cbfd1d3ee0_0 .net "wren", 0 0, L_000001cbfd43faa0;  alias, 1 drivers
S_000001cbfd228810 .scope module, "cell_dff" "dff" 5 19, 6 4 0, S_000001cbfd228680;
 .timescale 0 0;
    .port_info 0 /OUTPUT 1 "q";
    .port_info 1 /INPUT 1 "d";
    .port_info 2 /INPUT 1 "wen";
    .port_info 3 /INPUT 1 "clk";
    .port_info 4 /INPUT 1 "rst";
v000001cbfd1d2a40_0 .net "clk", 0 0, o000001cbfd243848;  alias, 0 drivers
v000001cbfd1d1fa0_0 .net "d", 0 0, L_000001cbfd434100;  alias, 1 drivers
v000001cbfd1d4c00_0 .var "q", 0 0;
v000001cbfd1d3a80_0 .net "rst", 0 0, o000001cbfd2438d8;  alias, 0 drivers
v000001cbfd1d5880_0 .net "wen", 0 0, L_000001cbfd43faa0;  alias, 1 drivers
S_000001cbfd2289a0 .scope module, "bitcells[4]" "bit_cell" 4 14, 5 4 0, S_000001cbfcbdc1c0;
 .timescale 0 0;
    .port_info 0 /INPUT 1 "clk";
    .port_info 1 /INPUT 1 "rst";
    .port_info 2 /INPUT 1 "d";
    .port_info 3 /INPUT 1 "wren";
    .port_info 4 /INPUT 1 "rden1";
    .port_info 5 /INPUT 1 "rden2";
    .port_info 6 /INOUT 1 "bitline1";
    .port_info 7 /INOUT 1 "bitline2";
L_000001cbfd1ecf80 .functor BUFIF1 1, v000001cbfd1d51a0_0, L_000001cbfd43fdc0, C4<0>, C4<0>;
L_000001cbfd1ed920 .functor BUFIF1 1, v000001cbfd1d51a0_0, L_000001cbfd4413a0, C4<0>, C4<0>;
v000001cbfd1d6460_0 .net8 "bitline1", 0 0, p000001cbfd244748;  1 drivers, strength-aware
v000001cbfd1d7c20_0 .net8 "bitline2", 0 0, p000001cbfd244778;  1 drivers, strength-aware
v000001cbfd1d7e00_0 .net "clk", 0 0, o000001cbfd243848;  alias, 0 drivers
v000001cbfd1d74a0_0 .net "d", 0 0, L_000001cbfd433ca0;  1 drivers
v000001cbfd1d6fa0_0 .net "q", 0 0, v000001cbfd1d51a0_0;  1 drivers
v000001cbfd1d6a00_0 .net "rden1", 0 0, L_000001cbfd43fdc0;  alias, 1 drivers
v000001cbfd1d6c80_0 .net "rden2", 0 0, L_000001cbfd4413a0;  alias, 1 drivers
v000001cbfd1d6780_0 .net "rst", 0 0, o000001cbfd2438d8;  alias, 0 drivers
v000001cbfd1d8760_0 .net "wren", 0 0, L_000001cbfd43faa0;  alias, 1 drivers
S_000001cbfd228b30 .scope module, "cell_dff" "dff" 5 19, 6 4 0, S_000001cbfd2289a0;
 .timescale 0 0;
    .port_info 0 /OUTPUT 1 "q";
    .port_info 1 /INPUT 1 "d";
    .port_info 2 /INPUT 1 "wen";
    .port_info 3 /INPUT 1 "clk";
    .port_info 4 /INPUT 1 "rst";
v000001cbfd1d4480_0 .net "clk", 0 0, o000001cbfd243848;  alias, 0 drivers
v000001cbfd1d47a0_0 .net "d", 0 0, L_000001cbfd433ca0;  alias, 1 drivers
v000001cbfd1d51a0_0 .var "q", 0 0;
v000001cbfd1d5380_0 .net "rst", 0 0, o000001cbfd2438d8;  alias, 0 drivers
v000001cbfd1d84e0_0 .net "wen", 0 0, L_000001cbfd43faa0;  alias, 1 drivers
S_000001cbfd228cc0 .scope module, "bitcells[5]" "bit_cell" 4 14, 5 4 0, S_000001cbfcbdc1c0;
 .timescale 0 0;
    .port_info 0 /INPUT 1 "clk";
    .port_info 1 /INPUT 1 "rst";
    .port_info 2 /INPUT 1 "d";
    .port_info 3 /INPUT 1 "wren";
    .port_info 4 /INPUT 1 "rden1";
    .port_info 5 /INPUT 1 "rden2";
    .port_info 6 /INOUT 1 "bitline1";
    .port_info 7 /INOUT 1 "bitline2";
L_000001cbfd1edae0 .functor BUFIF1 1, v000001cbfd1d72c0_0, L_000001cbfd43fdc0, C4<0>, C4<0>;
L_000001cbfd1ecce0 .functor BUFIF1 1, v000001cbfd1d72c0_0, L_000001cbfd4413a0, C4<0>, C4<0>;
v000001cbfd1d7ea0_0 .net8 "bitline1", 0 0, p000001cbfd244a78;  1 drivers, strength-aware
v000001cbfd1d8da0_0 .net8 "bitline2", 0 0, p000001cbfd244aa8;  1 drivers, strength-aware
v000001cbfd1d8c60_0 .net "clk", 0 0, o000001cbfd243848;  alias, 0 drivers
v000001cbfd1d8bc0_0 .net "d", 0 0, L_000001cbfd433d40;  1 drivers
v000001cbfd1d8ee0_0 .net "q", 0 0, v000001cbfd1d72c0_0;  1 drivers
v000001cbfd1fd9d0_0 .net "rden1", 0 0, L_000001cbfd43fdc0;  alias, 1 drivers
v000001cbfd1fde30_0 .net "rden2", 0 0, L_000001cbfd4413a0;  alias, 1 drivers
v000001cbfd1ff370_0 .net "rst", 0 0, o000001cbfd2438d8;  alias, 0 drivers
v000001cbfd1ffc30_0 .net "wren", 0 0, L_000001cbfd43faa0;  alias, 1 drivers
S_000001cbfd16d300 .scope module, "cell_dff" "dff" 5 19, 6 4 0, S_000001cbfd228cc0;
 .timescale 0 0;
    .port_info 0 /OUTPUT 1 "q";
    .port_info 1 /INPUT 1 "d";
    .port_info 2 /INPUT 1 "wen";
    .port_info 3 /INPUT 1 "clk";
    .port_info 4 /INPUT 1 "rst";
v000001cbfd1d7220_0 .net "clk", 0 0, o000001cbfd243848;  alias, 0 drivers
v000001cbfd1d6820_0 .net "d", 0 0, L_000001cbfd433d40;  alias, 1 drivers
v000001cbfd1d72c0_0 .var "q", 0 0;
v000001cbfd1d7540_0 .net "rst", 0 0, o000001cbfd2438d8;  alias, 0 drivers
v000001cbfd1d7720_0 .net "wen", 0 0, L_000001cbfd43faa0;  alias, 1 drivers
S_000001cbfd16d490 .scope module, "bitcells[6]" "bit_cell" 4 14, 5 4 0, S_000001cbfcbdc1c0;
 .timescale 0 0;
    .port_info 0 /INPUT 1 "clk";
    .port_info 1 /INPUT 1 "rst";
    .port_info 2 /INPUT 1 "d";
    .port_info 3 /INPUT 1 "wren";
    .port_info 4 /INPUT 1 "rden1";
    .port_info 5 /INPUT 1 "rden2";
    .port_info 6 /INOUT 1 "bitline1";
    .port_info 7 /INOUT 1 "bitline2";
L_000001cbfd1ed1b0 .functor BUFIF1 1, v000001cbfd1fdc50_0, L_000001cbfd43fdc0, C4<0>, C4<0>;
L_000001cbfd1ee870 .functor BUFIF1 1, v000001cbfd1fdc50_0, L_000001cbfd4413a0, C4<0>, C4<0>;
v000001cbfd1ff870_0 .net8 "bitline1", 0 0, p000001cbfd244da8;  1 drivers, strength-aware
v000001cbfd1fe010_0 .net8 "bitline2", 0 0, p000001cbfd244dd8;  1 drivers, strength-aware
v000001cbfd1fe150_0 .net "clk", 0 0, o000001cbfd243848;  alias, 0 drivers
v000001cbfd1ffaf0_0 .net "d", 0 0, L_000001cbfd433f20;  1 drivers
v000001cbfd1fe8d0_0 .net "q", 0 0, v000001cbfd1fdc50_0;  1 drivers
v000001cbfd1fed30_0 .net "rden1", 0 0, L_000001cbfd43fdc0;  alias, 1 drivers
v000001cbfd1fefb0_0 .net "rden2", 0 0, L_000001cbfd4413a0;  alias, 1 drivers
v000001cbfd200270_0 .net "rst", 0 0, o000001cbfd2438d8;  alias, 0 drivers
v000001cbfd202110_0 .net "wren", 0 0, L_000001cbfd43faa0;  alias, 1 drivers
S_000001cbfd16cfe0 .scope module, "cell_dff" "dff" 5 19, 6 4 0, S_000001cbfd16d490;
 .timescale 0 0;
    .port_info 0 /OUTPUT 1 "q";
    .port_info 1 /INPUT 1 "d";
    .port_info 2 /INPUT 1 "wen";
    .port_info 3 /INPUT 1 "clk";
    .port_info 4 /INPUT 1 "rst";
v000001cbfd1fda70_0 .net "clk", 0 0, o000001cbfd243848;  alias, 0 drivers
v000001cbfd1fdb10_0 .net "d", 0 0, L_000001cbfd433f20;  alias, 1 drivers
v000001cbfd1fdc50_0 .var "q", 0 0;
v000001cbfd1fe790_0 .net "rst", 0 0, o000001cbfd2438d8;  alias, 0 drivers
v000001cbfd1fea10_0 .net "wen", 0 0, L_000001cbfd43faa0;  alias, 1 drivers
S_000001cbfd16d170 .scope module, "bitcells[7]" "bit_cell" 4 14, 5 4 0, S_000001cbfcbdc1c0;
 .timescale 0 0;
    .port_info 0 /INPUT 1 "clk";
    .port_info 1 /INPUT 1 "rst";
    .port_info 2 /INPUT 1 "d";
    .port_info 3 /INPUT 1 "wren";
    .port_info 4 /INPUT 1 "rden1";
    .port_info 5 /INPUT 1 "rden2";
    .port_info 6 /INOUT 1 "bitline1";
    .port_info 7 /INOUT 1 "bitline2";
L_000001cbfd1ee9c0 .functor BUFIF1 1, v000001cbfd200770_0, L_000001cbfd43fdc0, C4<0>, C4<0>;
L_000001cbfd1eeb80 .functor BUFIF1 1, v000001cbfd200770_0, L_000001cbfd4413a0, C4<0>, C4<0>;
v000001cbfd2021b0_0 .net8 "bitline1", 0 0, p000001cbfd2450d8;  1 drivers, strength-aware
v000001cbfd201490_0 .net8 "bitline2", 0 0, p000001cbfd245108;  1 drivers, strength-aware
v000001cbfd201530_0 .net "clk", 0 0, o000001cbfd243848;  alias, 0 drivers
v000001cbfd201670_0 .net "d", 0 0, L_000001cbfd4346a0;  1 drivers
v000001cbfd201cb0_0 .net "q", 0 0, v000001cbfd200770_0;  1 drivers
v000001cbfd2022f0_0 .net "rden1", 0 0, L_000001cbfd43fdc0;  alias, 1 drivers
v000001cbfd2017b0_0 .net "rden2", 0 0, L_000001cbfd4413a0;  alias, 1 drivers
v000001cbfd201850_0 .net "rst", 0 0, o000001cbfd2438d8;  alias, 0 drivers
v000001cbfd201f30_0 .net "wren", 0 0, L_000001cbfd43faa0;  alias, 1 drivers
S_000001cbfd290ce0 .scope module, "cell_dff" "dff" 5 19, 6 4 0, S_000001cbfd16d170;
 .timescale 0 0;
    .port_info 0 /OUTPUT 1 "q";
    .port_info 1 /INPUT 1 "d";
    .port_info 2 /INPUT 1 "wen";
    .port_info 3 /INPUT 1 "clk";
    .port_info 4 /INPUT 1 "rst";
v000001cbfd1ffd70_0 .net "clk", 0 0, o000001cbfd243848;  alias, 0 drivers
v000001cbfd200db0_0 .net "d", 0 0, L_000001cbfd4346a0;  alias, 1 drivers
v000001cbfd200770_0 .var "q", 0 0;
v000001cbfd2010d0_0 .net "rst", 0 0, o000001cbfd2438d8;  alias, 0 drivers
v000001cbfd201350_0 .net "wen", 0 0, L_000001cbfd43faa0;  alias, 1 drivers
S_000001cbfd290b50 .scope module, "bitcells[8]" "bit_cell" 4 14, 5 4 0, S_000001cbfcbdc1c0;
 .timescale 0 0;
    .port_info 0 /INPUT 1 "clk";
    .port_info 1 /INPUT 1 "rst";
    .port_info 2 /INPUT 1 "d";
    .port_info 3 /INPUT 1 "wren";
    .port_info 4 /INPUT 1 "rden1";
    .port_info 5 /INPUT 1 "rden2";
    .port_info 6 /INOUT 1 "bitline1";
    .port_info 7 /INOUT 1 "bitline2";
L_000001cbfd1eea30 .functor BUFIF1 1, v000001cbfd204190_0, L_000001cbfd43fdc0, C4<0>, C4<0>;
L_000001cbfd1eebf0 .functor BUFIF1 1, v000001cbfd204190_0, L_000001cbfd4413a0, C4<0>, C4<0>;
v000001cbfd202f70_0 .net8 "bitline1", 0 0, p000001cbfd245408;  1 drivers, strength-aware
v000001cbfd203010_0 .net8 "bitline2", 0 0, p000001cbfd245438;  1 drivers, strength-aware
v000001cbfd2030b0_0 .net "clk", 0 0, o000001cbfd243848;  alias, 0 drivers
v000001cbfd203b50_0 .net "d", 0 0, L_000001cbfd433fc0;  1 drivers
v000001cbfd2047d0_0 .net "q", 0 0, v000001cbfd204190_0;  1 drivers
v000001cbfd203290_0 .net "rden1", 0 0, L_000001cbfd43fdc0;  alias, 1 drivers
v000001cbfd204c30_0 .net "rden2", 0 0, L_000001cbfd4413a0;  alias, 1 drivers
v000001cbfd2024d0_0 .net "rst", 0 0, o000001cbfd2438d8;  alias, 0 drivers
v000001cbfd2035b0_0 .net "wren", 0 0, L_000001cbfd43faa0;  alias, 1 drivers
S_000001cbfd290e70 .scope module, "cell_dff" "dff" 5 19, 6 4 0, S_000001cbfd290b50;
 .timescale 0 0;
    .port_info 0 /OUTPUT 1 "q";
    .port_info 1 /INPUT 1 "d";
    .port_info 2 /INPUT 1 "wen";
    .port_info 3 /INPUT 1 "clk";
    .port_info 4 /INPUT 1 "rst";
v000001cbfd204410_0 .net "clk", 0 0, o000001cbfd243848;  alias, 0 drivers
v000001cbfd203c90_0 .net "d", 0 0, L_000001cbfd433fc0;  alias, 1 drivers
v000001cbfd204190_0 .var "q", 0 0;
v000001cbfd203fb0_0 .net "rst", 0 0, o000001cbfd2438d8;  alias, 0 drivers
v000001cbfd202e30_0 .net "wen", 0 0, L_000001cbfd43faa0;  alias, 1 drivers
S_000001cbfd291000 .scope module, "bitcells[9]" "bit_cell" 4 14, 5 4 0, S_000001cbfcbdc1c0;
 .timescale 0 0;
    .port_info 0 /INPUT 1 "clk";
    .port_info 1 /INPUT 1 "rst";
    .port_info 2 /INPUT 1 "d";
    .port_info 3 /INPUT 1 "wren";
    .port_info 4 /INPUT 1 "rden1";
    .port_info 5 /INPUT 1 "rden2";
    .port_info 6 /INOUT 1 "bitline1";
    .port_info 7 /INOUT 1 "bitline2";
L_000001cbfd1eec60 .functor BUFIF1 1, v000001cbfd2053b0_0, L_000001cbfd43fdc0, C4<0>, C4<0>;
L_000001cbfd1fcef0 .functor BUFIF1 1, v000001cbfd2053b0_0, L_000001cbfd4413a0, C4<0>, C4<0>;
v000001cbfd17fc40_0 .net8 "bitline1", 0 0, p000001cbfd245738;  1 drivers, strength-aware
v000001cbfd180500_0 .net8 "bitline2", 0 0, p000001cbfd245768;  1 drivers, strength-aware
v000001cbfd17f4c0_0 .net "clk", 0 0, o000001cbfd243848;  alias, 0 drivers
v000001cbfd180000_0 .net "d", 0 0, L_000001cbfd4341a0;  1 drivers
v000001cbfd17f240_0 .net "q", 0 0, v000001cbfd2053b0_0;  1 drivers
v000001cbfd17fec0_0 .net "rden1", 0 0, L_000001cbfd43fdc0;  alias, 1 drivers
v000001cbfd17ff60_0 .net "rden2", 0 0, L_000001cbfd4413a0;  alias, 1 drivers
v000001cbfd180280_0 .net "rst", 0 0, o000001cbfd2438d8;  alias, 0 drivers
v000001cbfd1801e0_0 .net "wren", 0 0, L_000001cbfd43faa0;  alias, 1 drivers
S_000001cbfd2906a0 .scope module, "cell_dff" "dff" 5 19, 6 4 0, S_000001cbfd291000;
 .timescale 0 0;
    .port_info 0 /OUTPUT 1 "q";
    .port_info 1 /INPUT 1 "d";
    .port_info 2 /INPUT 1 "wen";
    .port_info 3 /INPUT 1 "clk";
    .port_info 4 /INPUT 1 "rst";
v000001cbfd202570_0 .net "clk", 0 0, o000001cbfd243848;  alias, 0 drivers
v000001cbfd203790_0 .net "d", 0 0, L_000001cbfd4341a0;  alias, 1 drivers
v000001cbfd2053b0_0 .var "q", 0 0;
v000001cbfd17f380_0 .net "rst", 0 0, o000001cbfd2438d8;  alias, 0 drivers
v000001cbfd17fd80_0 .net "wen", 0 0, L_000001cbfd43faa0;  alias, 1 drivers
S_000001cbfd291640 .scope module, "bitcells[10]" "bit_cell" 4 14, 5 4 0, S_000001cbfcbdc1c0;
 .timescale 0 0;
    .port_info 0 /INPUT 1 "clk";
    .port_info 1 /INPUT 1 "rst";
    .port_info 2 /INPUT 1 "d";
    .port_info 3 /INPUT 1 "wren";
    .port_info 4 /INPUT 1 "rden1";
    .port_info 5 /INPUT 1 "rden2";
    .port_info 6 /INOUT 1 "bitline1";
    .port_info 7 /INOUT 1 "bitline2";
L_000001cbfd1fd2e0 .functor BUFIF1 1, v000001cbfd17ede0_0, L_000001cbfd43fdc0, C4<0>, C4<0>;
L_000001cbfd1fcda0 .functor BUFIF1 1, v000001cbfd17ede0_0, L_000001cbfd4413a0, C4<0>, C4<0>;
v000001cbfd17d080_0 .net8 "bitline1", 0 0, p000001cbfd245a68;  1 drivers, strength-aware
v000001cbfd17d620_0 .net8 "bitline2", 0 0, p000001cbfd245a98;  1 drivers, strength-aware
v000001cbfd17e520_0 .net "clk", 0 0, o000001cbfd243848;  alias, 0 drivers
v000001cbfd17e8e0_0 .net "d", 0 0, L_000001cbfd434240;  1 drivers
v000001cbfd17cfe0_0 .net "q", 0 0, v000001cbfd17ede0_0;  1 drivers
v000001cbfd17ee80_0 .net "rden1", 0 0, L_000001cbfd43fdc0;  alias, 1 drivers
v000001cbfd17db20_0 .net "rden2", 0 0, L_000001cbfd4413a0;  alias, 1 drivers
v000001cbfd17e5c0_0 .net "rst", 0 0, o000001cbfd2438d8;  alias, 0 drivers
v000001cbfd17d120_0 .net "wren", 0 0, L_000001cbfd43faa0;  alias, 1 drivers
S_000001cbfd291960 .scope module, "cell_dff" "dff" 5 19, 6 4 0, S_000001cbfd291640;
 .timescale 0 0;
    .port_info 0 /OUTPUT 1 "q";
    .port_info 1 /INPUT 1 "d";
    .port_info 2 /INPUT 1 "wen";
    .port_info 3 /INPUT 1 "clk";
    .port_info 4 /INPUT 1 "rst";
v000001cbfd17dee0_0 .net "clk", 0 0, o000001cbfd243848;  alias, 0 drivers
v000001cbfd17d800_0 .net "d", 0 0, L_000001cbfd434240;  alias, 1 drivers
v000001cbfd17ede0_0 .var "q", 0 0;
v000001cbfd17d3a0_0 .net "rst", 0 0, o000001cbfd2438d8;  alias, 0 drivers
v000001cbfd17eca0_0 .net "wen", 0 0, L_000001cbfd43faa0;  alias, 1 drivers
S_000001cbfd290830 .scope module, "bitcells[11]" "bit_cell" 4 14, 5 4 0, S_000001cbfcbdc1c0;
 .timescale 0 0;
    .port_info 0 /INPUT 1 "clk";
    .port_info 1 /INPUT 1 "rst";
    .port_info 2 /INPUT 1 "d";
    .port_info 3 /INPUT 1 "wren";
    .port_info 4 /INPUT 1 "rden1";
    .port_info 5 /INPUT 1 "rden2";
    .port_info 6 /INOUT 1 "bitline1";
    .port_info 7 /INOUT 1 "bitline2";
L_000001cbfd1fccc0 .functor BUFIF1 1, v000001cbfd1b33e0_0, L_000001cbfd43fdc0, C4<0>, C4<0>;
L_000001cbfd1fcf60 .functor BUFIF1 1, v000001cbfd1b33e0_0, L_000001cbfd4413a0, C4<0>, C4<0>;
v000001cbfd1b3840_0 .net8 "bitline1", 0 0, p000001cbfd245d98;  1 drivers, strength-aware
v000001cbfd1b28a0_0 .net8 "bitline2", 0 0, p000001cbfd245dc8;  1 drivers, strength-aware
v000001cbfd1b2ee0_0 .net "clk", 0 0, o000001cbfd243848;  alias, 0 drivers
v000001cbfd1b1360_0 .net "d", 0 0, L_000001cbfd434740;  1 drivers
v000001cbfd1b1400_0 .net "q", 0 0, v000001cbfd1b33e0_0;  1 drivers
v000001cbfd1b3020_0 .net "rden1", 0 0, L_000001cbfd43fdc0;  alias, 1 drivers
v000001cbfd1b1ae0_0 .net "rden2", 0 0, L_000001cbfd4413a0;  alias, 1 drivers
v000001cbfd1b19a0_0 .net "rst", 0 0, o000001cbfd2438d8;  alias, 0 drivers
v000001cbfd1b35c0_0 .net "wren", 0 0, L_000001cbfd43faa0;  alias, 1 drivers
S_000001cbfd2909c0 .scope module, "cell_dff" "dff" 5 19, 6 4 0, S_000001cbfd290830;
 .timescale 0 0;
    .port_info 0 /OUTPUT 1 "q";
    .port_info 1 /INPUT 1 "d";
    .port_info 2 /INPUT 1 "wen";
    .port_info 3 /INPUT 1 "clk";
    .port_info 4 /INPUT 1 "rst";
v000001cbfd17e700_0 .net "clk", 0 0, o000001cbfd243848;  alias, 0 drivers
v000001cbfd17c9a0_0 .net "d", 0 0, L_000001cbfd434740;  alias, 1 drivers
v000001cbfd1b33e0_0 .var "q", 0 0;
v000001cbfd1b2e40_0 .net "rst", 0 0, o000001cbfd2438d8;  alias, 0 drivers
v000001cbfd1b1ea0_0 .net "wen", 0 0, L_000001cbfd43faa0;  alias, 1 drivers
S_000001cbfd291c80 .scope module, "bitcells[12]" "bit_cell" 4 14, 5 4 0, S_000001cbfcbdc1c0;
 .timescale 0 0;
    .port_info 0 /INPUT 1 "clk";
    .port_info 1 /INPUT 1 "rst";
    .port_info 2 /INPUT 1 "d";
    .port_info 3 /INPUT 1 "wren";
    .port_info 4 /INPUT 1 "rden1";
    .port_info 5 /INPUT 1 "rden2";
    .port_info 6 /INOUT 1 "bitline1";
    .port_info 7 /INOUT 1 "bitline2";
L_000001cbfd1fafe0 .functor BUFIF1 1, v000001cbfd1b21c0_0, L_000001cbfd43fdc0, C4<0>, C4<0>;
L_000001cbfd1f9530 .functor BUFIF1 1, v000001cbfd1b21c0_0, L_000001cbfd4413a0, C4<0>, C4<0>;
v000001cbfd1b3d40_0 .net8 "bitline1", 0 0, p000001cbfd2460c8;  1 drivers, strength-aware
v000001cbfd1b3ca0_0 .net8 "bitline2", 0 0, p000001cbfd2460f8;  1 drivers, strength-aware
v000001cbfd1b4240_0 .net "clk", 0 0, o000001cbfd243848;  alias, 0 drivers
v000001cbfd1b4ec0_0 .net "d", 0 0, L_000001cbfd436720;  1 drivers
v000001cbfd1b4920_0 .net "q", 0 0, v000001cbfd1b21c0_0;  1 drivers
v000001cbfd1b3de0_0 .net "rden1", 0 0, L_000001cbfd43fdc0;  alias, 1 drivers
v000001cbfd1b4ce0_0 .net "rden2", 0 0, L_000001cbfd4413a0;  alias, 1 drivers
v000001cbfd1b4e20_0 .net "rst", 0 0, o000001cbfd2438d8;  alias, 0 drivers
v000001cbfd1b4f60_0 .net "wren", 0 0, L_000001cbfd43faa0;  alias, 1 drivers
S_000001cbfd291320 .scope module, "cell_dff" "dff" 5 19, 6 4 0, S_000001cbfd291c80;
 .timescale 0 0;
    .port_info 0 /OUTPUT 1 "q";
    .port_info 1 /INPUT 1 "d";
    .port_info 2 /INPUT 1 "wen";
    .port_info 3 /INPUT 1 "clk";
    .port_info 4 /INPUT 1 "rst";
v000001cbfd1b3200_0 .net "clk", 0 0, o000001cbfd243848;  alias, 0 drivers
v000001cbfd1b1b80_0 .net "d", 0 0, L_000001cbfd436720;  alias, 1 drivers
v000001cbfd1b21c0_0 .var "q", 0 0;
v000001cbfd1b24e0_0 .net "rst", 0 0, o000001cbfd2438d8;  alias, 0 drivers
v000001cbfd1b4b00_0 .net "wen", 0 0, L_000001cbfd43faa0;  alias, 1 drivers
S_000001cbfd2914b0 .scope module, "bitcells[13]" "bit_cell" 4 14, 5 4 0, S_000001cbfcbdc1c0;
 .timescale 0 0;
    .port_info 0 /INPUT 1 "clk";
    .port_info 1 /INPUT 1 "rst";
    .port_info 2 /INPUT 1 "d";
    .port_info 3 /INPUT 1 "wren";
    .port_info 4 /INPUT 1 "rden1";
    .port_info 5 /INPUT 1 "rden2";
    .port_info 6 /INOUT 1 "bitline1";
    .port_info 7 /INOUT 1 "bitline2";
L_000001cbfd1f9610 .functor BUFIF1 1, v000001cbfd18da00_0, L_000001cbfd43fdc0, C4<0>, C4<0>;
L_000001cbfd1fab10 .functor BUFIF1 1, v000001cbfd18da00_0, L_000001cbfd4413a0, C4<0>, C4<0>;
v000001cbfd18d500_0 .net8 "bitline1", 0 0, p000001cbfd2463f8;  1 drivers, strength-aware
v000001cbfd18d460_0 .net8 "bitline2", 0 0, p000001cbfd246428;  1 drivers, strength-aware
v000001cbfd18cf60_0 .net "clk", 0 0, o000001cbfd243848;  alias, 0 drivers
v000001cbfd18c4c0_0 .net "d", 0 0, L_000001cbfd437c60;  1 drivers
v000001cbfd18bb60_0 .net "q", 0 0, v000001cbfd18da00_0;  1 drivers
v000001cbfd189d60_0 .net "rden1", 0 0, L_000001cbfd43fdc0;  alias, 1 drivers
v000001cbfd189ea0_0 .net "rden2", 0 0, L_000001cbfd4413a0;  alias, 1 drivers
v000001cbfd18a440_0 .net "rst", 0 0, o000001cbfd2438d8;  alias, 0 drivers
v000001cbfd18b7a0_0 .net "wren", 0 0, L_000001cbfd43faa0;  alias, 1 drivers
S_000001cbfd290380 .scope module, "cell_dff" "dff" 5 19, 6 4 0, S_000001cbfd2914b0;
 .timescale 0 0;
    .port_info 0 /OUTPUT 1 "q";
    .port_info 1 /INPUT 1 "d";
    .port_info 2 /INPUT 1 "wen";
    .port_info 3 /INPUT 1 "clk";
    .port_info 4 /INPUT 1 "rst";
v000001cbfd1b3980_0 .net "clk", 0 0, o000001cbfd243848;  alias, 0 drivers
v000001cbfd18d3c0_0 .net "d", 0 0, L_000001cbfd437c60;  alias, 1 drivers
v000001cbfd18da00_0 .var "q", 0 0;
v000001cbfd18c880_0 .net "rst", 0 0, o000001cbfd2438d8;  alias, 0 drivers
v000001cbfd18daa0_0 .net "wen", 0 0, L_000001cbfd43faa0;  alias, 1 drivers
S_000001cbfd291190 .scope module, "bitcells[14]" "bit_cell" 4 14, 5 4 0, S_000001cbfcbdc1c0;
 .timescale 0 0;
    .port_info 0 /INPUT 1 "clk";
    .port_info 1 /INPUT 1 "rst";
    .port_info 2 /INPUT 1 "d";
    .port_info 3 /INPUT 1 "wren";
    .port_info 4 /INPUT 1 "rden1";
    .port_info 5 /INPUT 1 "rden2";
    .port_info 6 /INOUT 1 "bitline1";
    .port_info 7 /INOUT 1 "bitline2";
L_000001cbfd1fa410 .functor BUFIF1 1, v000001cbfd18a6c0_0, L_000001cbfd43fdc0, C4<0>, C4<0>;
L_000001cbfd1fa640 .functor BUFIF1 1, v000001cbfd18a6c0_0, L_000001cbfd4413a0, C4<0>, C4<0>;
v000001cbfd18bfc0_0 .net8 "bitline1", 0 0, p000001cbfd246728;  1 drivers, strength-aware
v000001cbfd18a080_0 .net8 "bitline2", 0 0, p000001cbfd246758;  1 drivers, strength-aware
v000001cbfd18b0c0_0 .net "clk", 0 0, o000001cbfd243848;  alias, 0 drivers
v000001cbfd18b200_0 .net "d", 0 0, L_000001cbfd4380c0;  1 drivers
v000001cbfd18b340_0 .net "q", 0 0, v000001cbfd18a6c0_0;  1 drivers
v000001cbfd18b480_0 .net "rden1", 0 0, L_000001cbfd43fdc0;  alias, 1 drivers
v000001cbfd19ff20_0 .net "rden2", 0 0, L_000001cbfd4413a0;  alias, 1 drivers
v000001cbfd19fd40_0 .net "rst", 0 0, o000001cbfd2438d8;  alias, 0 drivers
v000001cbfd19fac0_0 .net "wren", 0 0, L_000001cbfd43faa0;  alias, 1 drivers
S_000001cbfd291e10 .scope module, "cell_dff" "dff" 5 19, 6 4 0, S_000001cbfd291190;
 .timescale 0 0;
    .port_info 0 /OUTPUT 1 "q";
    .port_info 1 /INPUT 1 "d";
    .port_info 2 /INPUT 1 "wen";
    .port_info 3 /INPUT 1 "clk";
    .port_info 4 /INPUT 1 "rst";
v000001cbfd18bca0_0 .net "clk", 0 0, o000001cbfd243848;  alias, 0 drivers
v000001cbfd18a580_0 .net "d", 0 0, L_000001cbfd4380c0;  alias, 1 drivers
v000001cbfd18a6c0_0 .var "q", 0 0;
v000001cbfd18bde0_0 .net "rst", 0 0, o000001cbfd2438d8;  alias, 0 drivers
v000001cbfd18aee0_0 .net "wen", 0 0, L_000001cbfd43faa0;  alias, 1 drivers
S_000001cbfd2917d0 .scope module, "bitcells[15]" "bit_cell" 4 14, 5 4 0, S_000001cbfcbdc1c0;
 .timescale 0 0;
    .port_info 0 /INPUT 1 "clk";
    .port_info 1 /INPUT 1 "rst";
    .port_info 2 /INPUT 1 "d";
    .port_info 3 /INPUT 1 "wren";
    .port_info 4 /INPUT 1 "rden1";
    .port_info 5 /INPUT 1 "rden2";
    .port_info 6 /INOUT 1 "bitline1";
    .port_info 7 /INOUT 1 "bitline2";
L_000001cbfd1fb050 .functor BUFIF1 1, v000001cbfd19fde0_0, L_000001cbfd43fdc0, C4<0>, C4<0>;
L_000001cbfd1f9680 .functor BUFIF1 1, v000001cbfd19fde0_0, L_000001cbfd4413a0, C4<0>, C4<0>;
v000001cbfd19e1c0_0 .net8 "bitline1", 0 0, p000001cbfd246a58;  1 drivers, strength-aware
v000001cbfd19f0c0_0 .net8 "bitline2", 0 0, p000001cbfd246a88;  1 drivers, strength-aware
v000001cbfd19e4e0_0 .net "clk", 0 0, o000001cbfd243848;  alias, 0 drivers
v000001cbfd19e620_0 .net "d", 0 0, L_000001cbfd435f00;  1 drivers
v000001cbfd19e8a0_0 .net "q", 0 0, v000001cbfd19fde0_0;  1 drivers
v000001cbfd19d2c0_0 .net "rden1", 0 0, L_000001cbfd43fdc0;  alias, 1 drivers
v000001cbfd19ec60_0 .net "rden2", 0 0, L_000001cbfd4413a0;  alias, 1 drivers
v000001cbfd19d0e0_0 .net "rst", 0 0, o000001cbfd2438d8;  alias, 0 drivers
v000001cbfd19eda0_0 .net "wren", 0 0, L_000001cbfd43faa0;  alias, 1 drivers
S_000001cbfd290060 .scope module, "cell_dff" "dff" 5 19, 6 4 0, S_000001cbfd2917d0;
 .timescale 0 0;
    .port_info 0 /OUTPUT 1 "q";
    .port_info 1 /INPUT 1 "d";
    .port_info 2 /INPUT 1 "wen";
    .port_info 3 /INPUT 1 "clk";
    .port_info 4 /INPUT 1 "rst";
v000001cbfd19f520_0 .net "clk", 0 0, o000001cbfd243848;  alias, 0 drivers
v000001cbfd1a07e0_0 .net "d", 0 0, L_000001cbfd435f00;  alias, 1 drivers
v000001cbfd19fde0_0 .var "q", 0 0;
v000001cbfd19ffc0_0 .net "rst", 0 0, o000001cbfd2438d8;  alias, 0 drivers
v000001cbfd1a0060_0 .net "wen", 0 0, L_000001cbfd43faa0;  alias, 1 drivers
S_000001cbfd2901f0 .scope module, "registers[1]" "register" 2 36, 4 4 0, S_000001cbfcbd3120;
 .timescale 0 0;
    .port_info 0 /INPUT 1 "clk";
    .port_info 1 /INPUT 1 "rst";
    .port_info 2 /INPUT 16 "d";
    .port_info 3 /INPUT 1 "write_reg";
    .port_info 4 /INPUT 1 "rden1";
    .port_info 5 /INPUT 1 "rden2";
    .port_info 6 /INOUT 16 "bitline1";
    .port_info 7 /INOUT 16 "bitline2";
v000001cbfd29ec00_0 .net8 "bitline1", 15 0, p000001cbfd246c38;  alias, 0 drivers, strength-aware
v000001cbfd29eca0_0 .net8 "bitline2", 15 0, p000001cbfd246c68;  alias, 0 drivers, strength-aware
v000001cbfd2a0500_0 .net "clk", 0 0, o000001cbfd243848;  alias, 0 drivers
v000001cbfd29fa60_0 .net "d", 15 0, o000001cbfd246c98;  alias, 0 drivers
v000001cbfd29fe20_0 .net "rden1", 0 0, L_000001cbfd441080;  1 drivers
v000001cbfd2a05a0_0 .net "rden2", 0 0, L_000001cbfd43fe60;  1 drivers
v000001cbfd2a0640_0 .net "rst", 0 0, o000001cbfd2438d8;  alias, 0 drivers
v000001cbfd29dee0_0 .net "write_reg", 0 0, L_000001cbfd43ee20;  1 drivers
L_000001cbfd436400 .part o000001cbfd246c98, 0, 1;
L_000001cbfd437f80 .part o000001cbfd246c98, 1, 1;
L_000001cbfd435fa0 .part o000001cbfd246c98, 2, 1;
L_000001cbfd438020 .part o000001cbfd246c98, 3, 1;
L_000001cbfd437260 .part o000001cbfd246c98, 4, 1;
L_000001cbfd437d00 .part o000001cbfd246c98, 5, 1;
L_000001cbfd4367c0 .part o000001cbfd246c98, 6, 1;
L_000001cbfd437da0 .part o000001cbfd246c98, 7, 1;
L_000001cbfd4379e0 .part o000001cbfd246c98, 8, 1;
L_000001cbfd437ee0 .part o000001cbfd246c98, 9, 1;
L_000001cbfd438160 .part o000001cbfd246c98, 10, 1;
L_000001cbfd437bc0 .part o000001cbfd246c98, 11, 1;
L_000001cbfd436680 .part o000001cbfd246c98, 12, 1;
L_000001cbfd437120 .part o000001cbfd246c98, 13, 1;
L_000001cbfd437e40 .part o000001cbfd246c98, 14, 1;
L_000001cbfd436fe0 .part o000001cbfd246c98, 15, 1;
p000001cbfd246fc8 .port I000001cbfd121800, L_000001cbfd1f98b0;
 .tranvp 16 1 0, I000001cbfd121800, p000001cbfd246c38 p000001cbfd246fc8;
p000001cbfd247358 .port I000001cbfd121800, L_000001cbfd1f9920;
 .tranvp 16 1 1, I000001cbfd121800, p000001cbfd246c38 p000001cbfd247358;
p000001cbfd247688 .port I000001cbfd121800, L_000001cbfd1fab80;
 .tranvp 16 1 2, I000001cbfd121800, p000001cbfd246c38 p000001cbfd247688;
p000001cbfd2479b8 .port I000001cbfd121800, L_000001cbfd1f9a70;
 .tranvp 16 1 3, I000001cbfd121800, p000001cbfd246c38 p000001cbfd2479b8;
p000001cbfd247ce8 .port I000001cbfd121800, L_000001cbfd1fa800;
 .tranvp 16 1 4, I000001cbfd121800, p000001cbfd246c38 p000001cbfd247ce8;
p000001cbfd248018 .port I000001cbfd121800, L_000001cbfd1f9d10;
 .tranvp 16 1 5, I000001cbfd121800, p000001cbfd246c38 p000001cbfd248018;
p000001cbfd248348 .port I000001cbfd121800, L_000001cbfd1f9df0;
 .tranvp 16 1 6, I000001cbfd121800, p000001cbfd246c38 p000001cbfd248348;
p000001cbfd248678 .port I000001cbfd121800, L_000001cbfd1fc860;
 .tranvp 16 1 7, I000001cbfd121800, p000001cbfd246c38 p000001cbfd248678;
p000001cbfd2489a8 .port I000001cbfd121800, L_000001cbfd1fca90;
 .tranvp 16 1 8, I000001cbfd121800, p000001cbfd246c38 p000001cbfd2489a8;
p000001cbfd248cd8 .port I000001cbfd121800, L_000001cbfd1fb3d0;
 .tranvp 16 1 9, I000001cbfd121800, p000001cbfd246c38 p000001cbfd248cd8;
p000001cbfd249008 .port I000001cbfd121800, L_000001cbfd1fc8d0;
 .tranvp 16 1 10, I000001cbfd121800, p000001cbfd246c38 p000001cbfd249008;
p000001cbfd249338 .port I000001cbfd121800, L_000001cbfd1fb280;
 .tranvp 16 1 11, I000001cbfd121800, p000001cbfd246c38 p000001cbfd249338;
p000001cbfd249668 .port I000001cbfd121800, L_000001cbfd1fb590;
 .tranvp 16 1 12, I000001cbfd121800, p000001cbfd246c38 p000001cbfd249668;
p000001cbfd249998 .port I000001cbfd121800, L_000001cbfd1fb750;
 .tranvp 16 1 13, I000001cbfd121800, p000001cbfd246c38 p000001cbfd249998;
p000001cbfd249cc8 .port I000001cbfd121800, L_000001cbfd1fb830;
 .tranvp 16 1 14, I000001cbfd121800, p000001cbfd246c38 p000001cbfd249cc8;
p000001cbfd249ff8 .port I000001cbfd121800, L_000001cbfd1fbad0;
 .tranvp 16 1 15, I000001cbfd121800, p000001cbfd246c38 p000001cbfd249ff8;
p000001cbfd246ff8 .port I000001cbfd121380, L_000001cbfd1fa6b0;
 .tranvp 16 1 0, I000001cbfd121380, p000001cbfd246c68 p000001cbfd246ff8;
p000001cbfd247388 .port I000001cbfd121380, L_000001cbfd1faa30;
 .tranvp 16 1 1, I000001cbfd121380, p000001cbfd246c68 p000001cbfd247388;
p000001cbfd2476b8 .port I000001cbfd121380, L_000001cbfd1fac60;
 .tranvp 16 1 2, I000001cbfd121380, p000001cbfd246c68 p000001cbfd2476b8;
p000001cbfd2479e8 .port I000001cbfd121380, L_000001cbfd1fa100;
 .tranvp 16 1 3, I000001cbfd121380, p000001cbfd246c68 p000001cbfd2479e8;
p000001cbfd247d18 .port I000001cbfd121380, L_000001cbfd1fa720;
 .tranvp 16 1 4, I000001cbfd121380, p000001cbfd246c68 p000001cbfd247d18;
p000001cbfd248048 .port I000001cbfd121380, L_000001cbfd1f9d80;
 .tranvp 16 1 5, I000001cbfd121380, p000001cbfd246c68 p000001cbfd248048;
p000001cbfd248378 .port I000001cbfd121380, L_000001cbfd1fc240;
 .tranvp 16 1 6, I000001cbfd121380, p000001cbfd246c68 p000001cbfd248378;
p000001cbfd2486a8 .port I000001cbfd121380, L_000001cbfd1fc630;
 .tranvp 16 1 7, I000001cbfd121380, p000001cbfd246c68 p000001cbfd2486a8;
p000001cbfd2489d8 .port I000001cbfd121380, L_000001cbfd1fc400;
 .tranvp 16 1 8, I000001cbfd121380, p000001cbfd246c68 p000001cbfd2489d8;
p000001cbfd248d08 .port I000001cbfd121380, L_000001cbfd1fcb70;
 .tranvp 16 1 9, I000001cbfd121380, p000001cbfd246c68 p000001cbfd248d08;
p000001cbfd249038 .port I000001cbfd121380, L_000001cbfd1fb1a0;
 .tranvp 16 1 10, I000001cbfd121380, p000001cbfd246c68 p000001cbfd249038;
p000001cbfd249368 .port I000001cbfd121380, L_000001cbfd1fbd70;
 .tranvp 16 1 11, I000001cbfd121380, p000001cbfd246c68 p000001cbfd249368;
p000001cbfd249698 .port I000001cbfd121380, L_000001cbfd1fb670;
 .tranvp 16 1 12, I000001cbfd121380, p000001cbfd246c68 p000001cbfd249698;
p000001cbfd2499c8 .port I000001cbfd121380, L_000001cbfd1fb7c0;
 .tranvp 16 1 13, I000001cbfd121380, p000001cbfd246c68 p000001cbfd2499c8;
p000001cbfd249cf8 .port I000001cbfd121380, L_000001cbfd1fba60;
 .tranvp 16 1 14, I000001cbfd121380, p000001cbfd246c68 p000001cbfd249cf8;
p000001cbfd24a028 .port I000001cbfd121380, L_000001cbfd1fbc90;
 .tranvp 16 1 15, I000001cbfd121380, p000001cbfd246c68 p000001cbfd24a028;
S_000001cbfd290510 .scope module, "bitcells[0]" "bit_cell" 4 14, 5 4 0, S_000001cbfd2901f0;
 .timescale 0 0;
    .port_info 0 /INPUT 1 "clk";
    .port_info 1 /INPUT 1 "rst";
    .port_info 2 /INPUT 1 "d";
    .port_info 3 /INPUT 1 "wren";
    .port_info 4 /INPUT 1 "rden1";
    .port_info 5 /INPUT 1 "rden2";
    .port_info 6 /INOUT 1 "bitline1";
    .port_info 7 /INOUT 1 "bitline2";
L_000001cbfd1f98b0 .functor BUFIF1 1, v000001cbfd16bc40_0, L_000001cbfd441080, C4<0>, C4<0>;
L_000001cbfd1fa6b0 .functor BUFIF1 1, v000001cbfd16bc40_0, L_000001cbfd43fe60, C4<0>, C4<0>;
v000001cbfd16c320_0 .net8 "bitline1", 0 0, p000001cbfd246fc8;  1 drivers, strength-aware
v000001cbfd16a520_0 .net8 "bitline2", 0 0, p000001cbfd246ff8;  1 drivers, strength-aware
v000001cbfd16b100_0 .net "clk", 0 0, o000001cbfd243848;  alias, 0 drivers
v000001cbfd16b4c0_0 .net "d", 0 0, L_000001cbfd436400;  1 drivers
v000001cbfd1698a0_0 .net "q", 0 0, v000001cbfd16bc40_0;  1 drivers
v000001cbfd16b1a0_0 .net "rden1", 0 0, L_000001cbfd441080;  alias, 1 drivers
v000001cbfd16a700_0 .net "rden2", 0 0, L_000001cbfd43fe60;  alias, 1 drivers
v000001cbfd16a980_0 .net "rst", 0 0, o000001cbfd2438d8;  alias, 0 drivers
v000001cbfd169940_0 .net "wren", 0 0, L_000001cbfd43ee20;  alias, 1 drivers
S_000001cbfd291af0 .scope module, "cell_dff" "dff" 5 19, 6 4 0, S_000001cbfd290510;
 .timescale 0 0;
    .port_info 0 /OUTPUT 1 "q";
    .port_info 1 /INPUT 1 "d";
    .port_info 2 /INPUT 1 "wen";
    .port_info 3 /INPUT 1 "clk";
    .port_info 4 /INPUT 1 "rst";
v000001cbfd16cd20_0 .net "clk", 0 0, o000001cbfd243848;  alias, 0 drivers
v000001cbfd16c1e0_0 .net "d", 0 0, L_000001cbfd436400;  alias, 1 drivers
v000001cbfd16bc40_0 .var "q", 0 0;
v000001cbfd16bce0_0 .net "rst", 0 0, o000001cbfd2438d8;  alias, 0 drivers
v000001cbfd16bf60_0 .net "wen", 0 0, L_000001cbfd43ee20;  alias, 1 drivers
S_000001cbfd297e60 .scope module, "bitcells[1]" "bit_cell" 4 14, 5 4 0, S_000001cbfd2901f0;
 .timescale 0 0;
    .port_info 0 /INPUT 1 "clk";
    .port_info 1 /INPUT 1 "rst";
    .port_info 2 /INPUT 1 "d";
    .port_info 3 /INPUT 1 "wren";
    .port_info 4 /INPUT 1 "rden1";
    .port_info 5 /INPUT 1 "rden2";
    .port_info 6 /INOUT 1 "bitline1";
    .port_info 7 /INOUT 1 "bitline2";
L_000001cbfd1f9920 .functor BUFIF1 1, v000001cbfd16ad40_0, L_000001cbfd441080, C4<0>, C4<0>;
L_000001cbfd1faa30 .functor BUFIF1 1, v000001cbfd16ad40_0, L_000001cbfd43fe60, C4<0>, C4<0>;
v000001cbfd16ade0_0 .net8 "bitline1", 0 0, p000001cbfd247358;  1 drivers, strength-aware
v000001cbfd16afc0_0 .net8 "bitline2", 0 0, p000001cbfd247388;  1 drivers, strength-aware
v000001cbfd16b560_0 .net "clk", 0 0, o000001cbfd243848;  alias, 0 drivers
v000001cbfd14fa90_0 .net "d", 0 0, L_000001cbfd437f80;  1 drivers
v000001cbfd150e90_0 .net "q", 0 0, v000001cbfd16ad40_0;  1 drivers
v000001cbfd151070_0 .net "rden1", 0 0, L_000001cbfd441080;  alias, 1 drivers
v000001cbfd151110_0 .net "rden2", 0 0, L_000001cbfd43fe60;  alias, 1 drivers
v000001cbfd150170_0 .net "rst", 0 0, o000001cbfd2438d8;  alias, 0 drivers
v000001cbfd14f3b0_0 .net "wren", 0 0, L_000001cbfd43ee20;  alias, 1 drivers
S_000001cbfd298180 .scope module, "cell_dff" "dff" 5 19, 6 4 0, S_000001cbfd297e60;
 .timescale 0 0;
    .port_info 0 /OUTPUT 1 "q";
    .port_info 1 /INPUT 1 "d";
    .port_info 2 /INPUT 1 "wen";
    .port_info 3 /INPUT 1 "clk";
    .port_info 4 /INPUT 1 "rst";
v000001cbfd16a020_0 .net "clk", 0 0, o000001cbfd243848;  alias, 0 drivers
v000001cbfd169a80_0 .net "d", 0 0, L_000001cbfd437f80;  alias, 1 drivers
v000001cbfd16ad40_0 .var "q", 0 0;
v000001cbfd169c60_0 .net "rst", 0 0, o000001cbfd2438d8;  alias, 0 drivers
v000001cbfd16b380_0 .net "wen", 0 0, L_000001cbfd43ee20;  alias, 1 drivers
S_000001cbfd298c70 .scope module, "bitcells[2]" "bit_cell" 4 14, 5 4 0, S_000001cbfd2901f0;
 .timescale 0 0;
    .port_info 0 /INPUT 1 "clk";
    .port_info 1 /INPUT 1 "rst";
    .port_info 2 /INPUT 1 "d";
    .port_info 3 /INPUT 1 "wren";
    .port_info 4 /INPUT 1 "rden1";
    .port_info 5 /INPUT 1 "rden2";
    .port_info 6 /INOUT 1 "bitline1";
    .port_info 7 /INOUT 1 "bitline2";
L_000001cbfd1fab80 .functor BUFIF1 1, v000001cbfd150210_0, L_000001cbfd441080, C4<0>, C4<0>;
L_000001cbfd1fac60 .functor BUFIF1 1, v000001cbfd150210_0, L_000001cbfd43fe60, C4<0>, C4<0>;
v000001cbfd150490_0 .net8 "bitline1", 0 0, p000001cbfd247688;  1 drivers, strength-aware
v000001cbfd1507b0_0 .net8 "bitline2", 0 0, p000001cbfd2476b8;  1 drivers, strength-aware
v000001cbfd14f630_0 .net "clk", 0 0, o000001cbfd243848;  alias, 0 drivers
v000001cbfd159bb0_0 .net "d", 0 0, L_000001cbfd435fa0;  1 drivers
v000001cbfd15a150_0 .net "q", 0 0, v000001cbfd150210_0;  1 drivers
v000001cbfd158b70_0 .net "rden1", 0 0, L_000001cbfd441080;  alias, 1 drivers
v000001cbfd159750_0 .net "rden2", 0 0, L_000001cbfd43fe60;  alias, 1 drivers
v000001cbfd159250_0 .net "rst", 0 0, o000001cbfd2438d8;  alias, 0 drivers
v000001cbfd159e30_0 .net "wren", 0 0, L_000001cbfd43ee20;  alias, 1 drivers
S_000001cbfd2984a0 .scope module, "cell_dff" "dff" 5 19, 6 4 0, S_000001cbfd298c70;
 .timescale 0 0;
    .port_info 0 /OUTPUT 1 "q";
    .port_info 1 /INPUT 1 "d";
    .port_info 2 /INPUT 1 "wen";
    .port_info 3 /INPUT 1 "clk";
    .port_info 4 /INPUT 1 "rst";
v000001cbfd1511b0_0 .net "clk", 0 0, o000001cbfd243848;  alias, 0 drivers
v000001cbfd14f4f0_0 .net "d", 0 0, L_000001cbfd435fa0;  alias, 1 drivers
v000001cbfd150210_0 .var "q", 0 0;
v000001cbfd150350_0 .net "rst", 0 0, o000001cbfd2438d8;  alias, 0 drivers
v000001cbfd14f450_0 .net "wen", 0 0, L_000001cbfd43ee20;  alias, 1 drivers
S_000001cbfd298310 .scope module, "bitcells[3]" "bit_cell" 4 14, 5 4 0, S_000001cbfd2901f0;
 .timescale 0 0;
    .port_info 0 /INPUT 1 "clk";
    .port_info 1 /INPUT 1 "rst";
    .port_info 2 /INPUT 1 "d";
    .port_info 3 /INPUT 1 "wren";
    .port_info 4 /INPUT 1 "rden1";
    .port_info 5 /INPUT 1 "rden2";
    .port_info 6 /INOUT 1 "bitline1";
    .port_info 7 /INOUT 1 "bitline2";
L_000001cbfd1f9a70 .functor BUFIF1 1, v000001cbfd15a290_0, L_000001cbfd441080, C4<0>, C4<0>;
L_000001cbfd1fa100 .functor BUFIF1 1, v000001cbfd15a290_0, L_000001cbfd43fe60, C4<0>, C4<0>;
v000001cbfd158c10_0 .net8 "bitline1", 0 0, p000001cbfd2479b8;  1 drivers, strength-aware
v000001cbfd159070_0 .net8 "bitline2", 0 0, p000001cbfd2479e8;  1 drivers, strength-aware
v000001cbfd15a8d0_0 .net "clk", 0 0, o000001cbfd243848;  alias, 0 drivers
v000001cbfd144240_0 .net "d", 0 0, L_000001cbfd438020;  1 drivers
v000001cbfd29a100_0 .net "q", 0 0, v000001cbfd15a290_0;  1 drivers
v000001cbfd29a4c0_0 .net "rden1", 0 0, L_000001cbfd441080;  alias, 1 drivers
v000001cbfd2992a0_0 .net "rden2", 0 0, L_000001cbfd43fe60;  alias, 1 drivers
v000001cbfd299340_0 .net "rst", 0 0, o000001cbfd2438d8;  alias, 0 drivers
v000001cbfd2993e0_0 .net "wren", 0 0, L_000001cbfd43ee20;  alias, 1 drivers
S_000001cbfd297500 .scope module, "cell_dff" "dff" 5 19, 6 4 0, S_000001cbfd298310;
 .timescale 0 0;
    .port_info 0 /OUTPUT 1 "q";
    .port_info 1 /INPUT 1 "d";
    .port_info 2 /INPUT 1 "wen";
    .port_info 3 /INPUT 1 "clk";
    .port_info 4 /INPUT 1 "rst";
v000001cbfd159f70_0 .net "clk", 0 0, o000001cbfd243848;  alias, 0 drivers
v000001cbfd158f30_0 .net "d", 0 0, L_000001cbfd438020;  alias, 1 drivers
v000001cbfd15a290_0 .var "q", 0 0;
v000001cbfd15a010_0 .net "rst", 0 0, o000001cbfd2438d8;  alias, 0 drivers
v000001cbfd15a5b0_0 .net "wen", 0 0, L_000001cbfd43ee20;  alias, 1 drivers
S_000001cbfd298ae0 .scope module, "bitcells[4]" "bit_cell" 4 14, 5 4 0, S_000001cbfd2901f0;
 .timescale 0 0;
    .port_info 0 /INPUT 1 "clk";
    .port_info 1 /INPUT 1 "rst";
    .port_info 2 /INPUT 1 "d";
    .port_info 3 /INPUT 1 "wren";
    .port_info 4 /INPUT 1 "rden1";
    .port_info 5 /INPUT 1 "rden2";
    .port_info 6 /INOUT 1 "bitline1";
    .port_info 7 /INOUT 1 "bitline2";
L_000001cbfd1fa800 .functor BUFIF1 1, v000001cbfd29a880_0, L_000001cbfd441080, C4<0>, C4<0>;
L_000001cbfd1fa720 .functor BUFIF1 1, v000001cbfd29a880_0, L_000001cbfd43fe60, C4<0>, C4<0>;
v000001cbfd29b000_0 .net8 "bitline1", 0 0, p000001cbfd247ce8;  1 drivers, strength-aware
v000001cbfd299020_0 .net8 "bitline2", 0 0, p000001cbfd247d18;  1 drivers, strength-aware
v000001cbfd299840_0 .net "clk", 0 0, o000001cbfd243848;  alias, 0 drivers
v000001cbfd29a600_0 .net "d", 0 0, L_000001cbfd437260;  1 drivers
v000001cbfd29b3c0_0 .net "q", 0 0, v000001cbfd29a880_0;  1 drivers
v000001cbfd299d40_0 .net "rden1", 0 0, L_000001cbfd441080;  alias, 1 drivers
v000001cbfd29a6a0_0 .net "rden2", 0 0, L_000001cbfd43fe60;  alias, 1 drivers
v000001cbfd299a20_0 .net "rst", 0 0, o000001cbfd2438d8;  alias, 0 drivers
v000001cbfd299f20_0 .net "wren", 0 0, L_000001cbfd43ee20;  alias, 1 drivers
S_000001cbfd297690 .scope module, "cell_dff" "dff" 5 19, 6 4 0, S_000001cbfd298ae0;
 .timescale 0 0;
    .port_info 0 /OUTPUT 1 "q";
    .port_info 1 /INPUT 1 "d";
    .port_info 2 /INPUT 1 "wen";
    .port_info 3 /INPUT 1 "clk";
    .port_info 4 /INPUT 1 "rst";
v000001cbfd29b320_0 .net "clk", 0 0, o000001cbfd243848;  alias, 0 drivers
v000001cbfd29a2e0_0 .net "d", 0 0, L_000001cbfd437260;  alias, 1 drivers
v000001cbfd29a880_0 .var "q", 0 0;
v000001cbfd299480_0 .net "rst", 0 0, o000001cbfd2438d8;  alias, 0 drivers
v000001cbfd29b140_0 .net "wen", 0 0, L_000001cbfd43ee20;  alias, 1 drivers
S_000001cbfd297820 .scope module, "bitcells[5]" "bit_cell" 4 14, 5 4 0, S_000001cbfd2901f0;
 .timescale 0 0;
    .port_info 0 /INPUT 1 "clk";
    .port_info 1 /INPUT 1 "rst";
    .port_info 2 /INPUT 1 "d";
    .port_info 3 /INPUT 1 "wren";
    .port_info 4 /INPUT 1 "rden1";
    .port_info 5 /INPUT 1 "rden2";
    .port_info 6 /INOUT 1 "bitline1";
    .port_info 7 /INOUT 1 "bitline2";
L_000001cbfd1f9d10 .functor BUFIF1 1, v000001cbfd29b460_0, L_000001cbfd441080, C4<0>, C4<0>;
L_000001cbfd1f9d80 .functor BUFIF1 1, v000001cbfd29b460_0, L_000001cbfd43fe60, C4<0>, C4<0>;
v000001cbfd29a420_0 .net8 "bitline1", 0 0, p000001cbfd248018;  1 drivers, strength-aware
v000001cbfd29aba0_0 .net8 "bitline2", 0 0, p000001cbfd248048;  1 drivers, strength-aware
v000001cbfd299520_0 .net "clk", 0 0, o000001cbfd243848;  alias, 0 drivers
v000001cbfd29b500_0 .net "d", 0 0, L_000001cbfd437d00;  1 drivers
v000001cbfd29ac40_0 .net "q", 0 0, v000001cbfd29b460_0;  1 drivers
v000001cbfd29aa60_0 .net "rden1", 0 0, L_000001cbfd441080;  alias, 1 drivers
v000001cbfd29a7e0_0 .net "rden2", 0 0, L_000001cbfd43fe60;  alias, 1 drivers
v000001cbfd299200_0 .net "rst", 0 0, o000001cbfd2438d8;  alias, 0 drivers
v000001cbfd29a1a0_0 .net "wren", 0 0, L_000001cbfd43ee20;  alias, 1 drivers
S_000001cbfd2987c0 .scope module, "cell_dff" "dff" 5 19, 6 4 0, S_000001cbfd297820;
 .timescale 0 0;
    .port_info 0 /OUTPUT 1 "q";
    .port_info 1 /INPUT 1 "d";
    .port_info 2 /INPUT 1 "wen";
    .port_info 3 /INPUT 1 "clk";
    .port_info 4 /INPUT 1 "rst";
v000001cbfd29a380_0 .net "clk", 0 0, o000001cbfd243848;  alias, 0 drivers
v000001cbfd29a740_0 .net "d", 0 0, L_000001cbfd437d00;  alias, 1 drivers
v000001cbfd29b460_0 .var "q", 0 0;
v000001cbfd29ab00_0 .net "rst", 0 0, o000001cbfd2438d8;  alias, 0 drivers
v000001cbfd29b5a0_0 .net "wen", 0 0, L_000001cbfd43ee20;  alias, 1 drivers
S_000001cbfd298950 .scope module, "bitcells[6]" "bit_cell" 4 14, 5 4 0, S_000001cbfd2901f0;
 .timescale 0 0;
    .port_info 0 /INPUT 1 "clk";
    .port_info 1 /INPUT 1 "rst";
    .port_info 2 /INPUT 1 "d";
    .port_info 3 /INPUT 1 "wren";
    .port_info 4 /INPUT 1 "rden1";
    .port_info 5 /INPUT 1 "rden2";
    .port_info 6 /INOUT 1 "bitline1";
    .port_info 7 /INOUT 1 "bitline2";
L_000001cbfd1f9df0 .functor BUFIF1 1, v000001cbfd298ee0_0, L_000001cbfd441080, C4<0>, C4<0>;
L_000001cbfd1fc240 .functor BUFIF1 1, v000001cbfd298ee0_0, L_000001cbfd43fe60, C4<0>, C4<0>;
v000001cbfd2995c0_0 .net8 "bitline1", 0 0, p000001cbfd248348;  1 drivers, strength-aware
v000001cbfd29ae20_0 .net8 "bitline2", 0 0, p000001cbfd248378;  1 drivers, strength-aware
v000001cbfd29ad80_0 .net "clk", 0 0, o000001cbfd243848;  alias, 0 drivers
v000001cbfd29af60_0 .net "d", 0 0, L_000001cbfd4367c0;  1 drivers
v000001cbfd29a560_0 .net "q", 0 0, v000001cbfd298ee0_0;  1 drivers
v000001cbfd29b1e0_0 .net "rden1", 0 0, L_000001cbfd441080;  alias, 1 drivers
v000001cbfd29a240_0 .net "rden2", 0 0, L_000001cbfd43fe60;  alias, 1 drivers
v000001cbfd2998e0_0 .net "rst", 0 0, o000001cbfd2438d8;  alias, 0 drivers
v000001cbfd29b280_0 .net "wren", 0 0, L_000001cbfd43ee20;  alias, 1 drivers
S_000001cbfd298630 .scope module, "cell_dff" "dff" 5 19, 6 4 0, S_000001cbfd298950;
 .timescale 0 0;
    .port_info 0 /OUTPUT 1 "q";
    .port_info 1 /INPUT 1 "d";
    .port_info 2 /INPUT 1 "wen";
    .port_info 3 /INPUT 1 "clk";
    .port_info 4 /INPUT 1 "rst";
v000001cbfd29ace0_0 .net "clk", 0 0, o000001cbfd243848;  alias, 0 drivers
v000001cbfd2990c0_0 .net "d", 0 0, L_000001cbfd4367c0;  alias, 1 drivers
v000001cbfd298ee0_0 .var "q", 0 0;
v000001cbfd299980_0 .net "rst", 0 0, o000001cbfd2438d8;  alias, 0 drivers
v000001cbfd29b0a0_0 .net "wen", 0 0, L_000001cbfd43ee20;  alias, 1 drivers
S_000001cbfd2979b0 .scope module, "bitcells[7]" "bit_cell" 4 14, 5 4 0, S_000001cbfd2901f0;
 .timescale 0 0;
    .port_info 0 /INPUT 1 "clk";
    .port_info 1 /INPUT 1 "rst";
    .port_info 2 /INPUT 1 "d";
    .port_info 3 /INPUT 1 "wren";
    .port_info 4 /INPUT 1 "rden1";
    .port_info 5 /INPUT 1 "rden2";
    .port_info 6 /INOUT 1 "bitline1";
    .port_info 7 /INOUT 1 "bitline2";
L_000001cbfd1fc860 .functor BUFIF1 1, v000001cbfd298f80_0, L_000001cbfd441080, C4<0>, C4<0>;
L_000001cbfd1fc630 .functor BUFIF1 1, v000001cbfd298f80_0, L_000001cbfd43fe60, C4<0>, C4<0>;
v000001cbfd299ca0_0 .net8 "bitline1", 0 0, p000001cbfd248678;  1 drivers, strength-aware
v000001cbfd299700_0 .net8 "bitline2", 0 0, p000001cbfd2486a8;  1 drivers, strength-aware
v000001cbfd29aec0_0 .net "clk", 0 0, o000001cbfd243848;  alias, 0 drivers
v000001cbfd2997a0_0 .net "d", 0 0, L_000001cbfd437da0;  1 drivers
v000001cbfd299b60_0 .net "q", 0 0, v000001cbfd298f80_0;  1 drivers
v000001cbfd299c00_0 .net "rden1", 0 0, L_000001cbfd441080;  alias, 1 drivers
v000001cbfd299de0_0 .net "rden2", 0 0, L_000001cbfd43fe60;  alias, 1 drivers
v000001cbfd299e80_0 .net "rst", 0 0, o000001cbfd2438d8;  alias, 0 drivers
v000001cbfd299fc0_0 .net "wren", 0 0, L_000001cbfd43ee20;  alias, 1 drivers
S_000001cbfd296ec0 .scope module, "cell_dff" "dff" 5 19, 6 4 0, S_000001cbfd2979b0;
 .timescale 0 0;
    .port_info 0 /OUTPUT 1 "q";
    .port_info 1 /INPUT 1 "d";
    .port_info 2 /INPUT 1 "wen";
    .port_info 3 /INPUT 1 "clk";
    .port_info 4 /INPUT 1 "rst";
v000001cbfd29b640_0 .net "clk", 0 0, o000001cbfd243848;  alias, 0 drivers
v000001cbfd299160_0 .net "d", 0 0, L_000001cbfd437da0;  alias, 1 drivers
v000001cbfd298f80_0 .var "q", 0 0;
v000001cbfd299660_0 .net "rst", 0 0, o000001cbfd2438d8;  alias, 0 drivers
v000001cbfd299ac0_0 .net "wen", 0 0, L_000001cbfd43ee20;  alias, 1 drivers
S_000001cbfd297ff0 .scope module, "bitcells[8]" "bit_cell" 4 14, 5 4 0, S_000001cbfd2901f0;
 .timescale 0 0;
    .port_info 0 /INPUT 1 "clk";
    .port_info 1 /INPUT 1 "rst";
    .port_info 2 /INPUT 1 "d";
    .port_info 3 /INPUT 1 "wren";
    .port_info 4 /INPUT 1 "rden1";
    .port_info 5 /INPUT 1 "rden2";
    .port_info 6 /INOUT 1 "bitline1";
    .port_info 7 /INOUT 1 "bitline2";
L_000001cbfd1fca90 .functor BUFIF1 1, v000001cbfd29a9c0_0, L_000001cbfd441080, C4<0>, C4<0>;
L_000001cbfd1fc400 .functor BUFIF1 1, v000001cbfd29a9c0_0, L_000001cbfd43fe60, C4<0>, C4<0>;
v000001cbfd29ce00_0 .net8 "bitline1", 0 0, p000001cbfd2489a8;  1 drivers, strength-aware
v000001cbfd29cea0_0 .net8 "bitline2", 0 0, p000001cbfd2489d8;  1 drivers, strength-aware
v000001cbfd29d580_0 .net "clk", 0 0, o000001cbfd243848;  alias, 0 drivers
v000001cbfd29b8c0_0 .net "d", 0 0, L_000001cbfd4379e0;  1 drivers
v000001cbfd29d9e0_0 .net "q", 0 0, v000001cbfd29a9c0_0;  1 drivers
v000001cbfd29c7c0_0 .net "rden1", 0 0, L_000001cbfd441080;  alias, 1 drivers
v000001cbfd29bd20_0 .net "rden2", 0 0, L_000001cbfd43fe60;  alias, 1 drivers
v000001cbfd29d6c0_0 .net "rst", 0 0, o000001cbfd2438d8;  alias, 0 drivers
v000001cbfd29dbc0_0 .net "wren", 0 0, L_000001cbfd43ee20;  alias, 1 drivers
S_000001cbfd297b40 .scope module, "cell_dff" "dff" 5 19, 6 4 0, S_000001cbfd297ff0;
 .timescale 0 0;
    .port_info 0 /OUTPUT 1 "q";
    .port_info 1 /INPUT 1 "d";
    .port_info 2 /INPUT 1 "wen";
    .port_info 3 /INPUT 1 "clk";
    .port_info 4 /INPUT 1 "rst";
v000001cbfd29a060_0 .net "clk", 0 0, o000001cbfd243848;  alias, 0 drivers
v000001cbfd29a920_0 .net "d", 0 0, L_000001cbfd4379e0;  alias, 1 drivers
v000001cbfd29a9c0_0 .var "q", 0 0;
v000001cbfd29bfa0_0 .net "rst", 0 0, o000001cbfd2438d8;  alias, 0 drivers
v000001cbfd29d300_0 .net "wen", 0 0, L_000001cbfd43ee20;  alias, 1 drivers
S_000001cbfd297cd0 .scope module, "bitcells[9]" "bit_cell" 4 14, 5 4 0, S_000001cbfd2901f0;
 .timescale 0 0;
    .port_info 0 /INPUT 1 "clk";
    .port_info 1 /INPUT 1 "rst";
    .port_info 2 /INPUT 1 "d";
    .port_info 3 /INPUT 1 "wren";
    .port_info 4 /INPUT 1 "rden1";
    .port_info 5 /INPUT 1 "rden2";
    .port_info 6 /INOUT 1 "bitline1";
    .port_info 7 /INOUT 1 "bitline2";
L_000001cbfd1fb3d0 .functor BUFIF1 1, v000001cbfd29cf40_0, L_000001cbfd441080, C4<0>, C4<0>;
L_000001cbfd1fcb70 .functor BUFIF1 1, v000001cbfd29cf40_0, L_000001cbfd43fe60, C4<0>, C4<0>;
v000001cbfd29d8a0_0 .net8 "bitline1", 0 0, p000001cbfd248cd8;  1 drivers, strength-aware
v000001cbfd29d940_0 .net8 "bitline2", 0 0, p000001cbfd248d08;  1 drivers, strength-aware
v000001cbfd29baa0_0 .net "clk", 0 0, o000001cbfd243848;  alias, 0 drivers
v000001cbfd29c0e0_0 .net "d", 0 0, L_000001cbfd437ee0;  1 drivers
v000001cbfd29c900_0 .net "q", 0 0, v000001cbfd29cf40_0;  1 drivers
v000001cbfd29de40_0 .net "rden1", 0 0, L_000001cbfd441080;  alias, 1 drivers
v000001cbfd29c360_0 .net "rden2", 0 0, L_000001cbfd43fe60;  alias, 1 drivers
v000001cbfd29d760_0 .net "rst", 0 0, o000001cbfd2438d8;  alias, 0 drivers
v000001cbfd29d080_0 .net "wren", 0 0, L_000001cbfd43ee20;  alias, 1 drivers
S_000001cbfd297050 .scope module, "cell_dff" "dff" 5 19, 6 4 0, S_000001cbfd297cd0;
 .timescale 0 0;
    .port_info 0 /OUTPUT 1 "q";
    .port_info 1 /INPUT 1 "d";
    .port_info 2 /INPUT 1 "wen";
    .port_info 3 /INPUT 1 "clk";
    .port_info 4 /INPUT 1 "rst";
v000001cbfd29c400_0 .net "clk", 0 0, o000001cbfd243848;  alias, 0 drivers
v000001cbfd29cb80_0 .net "d", 0 0, L_000001cbfd437ee0;  alias, 1 drivers
v000001cbfd29cf40_0 .var "q", 0 0;
v000001cbfd29cfe0_0 .net "rst", 0 0, o000001cbfd2438d8;  alias, 0 drivers
v000001cbfd29b960_0 .net "wen", 0 0, L_000001cbfd43ee20;  alias, 1 drivers
S_000001cbfd2971e0 .scope module, "bitcells[10]" "bit_cell" 4 14, 5 4 0, S_000001cbfd2901f0;
 .timescale 0 0;
    .port_info 0 /INPUT 1 "clk";
    .port_info 1 /INPUT 1 "rst";
    .port_info 2 /INPUT 1 "d";
    .port_info 3 /INPUT 1 "wren";
    .port_info 4 /INPUT 1 "rden1";
    .port_info 5 /INPUT 1 "rden2";
    .port_info 6 /INOUT 1 "bitline1";
    .port_info 7 /INOUT 1 "bitline2";
L_000001cbfd1fc8d0 .functor BUFIF1 1, v000001cbfd29d440_0, L_000001cbfd441080, C4<0>, C4<0>;
L_000001cbfd1fb1a0 .functor BUFIF1 1, v000001cbfd29d440_0, L_000001cbfd43fe60, C4<0>, C4<0>;
v000001cbfd29d4e0_0 .net8 "bitline1", 0 0, p000001cbfd249008;  1 drivers, strength-aware
v000001cbfd29bbe0_0 .net8 "bitline2", 0 0, p000001cbfd249038;  1 drivers, strength-aware
v000001cbfd29c9a0_0 .net "clk", 0 0, o000001cbfd243848;  alias, 0 drivers
v000001cbfd29bb40_0 .net "d", 0 0, L_000001cbfd438160;  1 drivers
v000001cbfd29d260_0 .net "q", 0 0, v000001cbfd29d440_0;  1 drivers
v000001cbfd29c180_0 .net "rden1", 0 0, L_000001cbfd441080;  alias, 1 drivers
v000001cbfd29d120_0 .net "rden2", 0 0, L_000001cbfd43fe60;  alias, 1 drivers
v000001cbfd29da80_0 .net "rst", 0 0, o000001cbfd2438d8;  alias, 0 drivers
v000001cbfd29db20_0 .net "wren", 0 0, L_000001cbfd43ee20;  alias, 1 drivers
S_000001cbfd297370 .scope module, "cell_dff" "dff" 5 19, 6 4 0, S_000001cbfd2971e0;
 .timescale 0 0;
    .port_info 0 /OUTPUT 1 "q";
    .port_info 1 /INPUT 1 "d";
    .port_info 2 /INPUT 1 "wen";
    .port_info 3 /INPUT 1 "clk";
    .port_info 4 /INPUT 1 "rst";
v000001cbfd29d3a0_0 .net "clk", 0 0, o000001cbfd243848;  alias, 0 drivers
v000001cbfd29cc20_0 .net "d", 0 0, L_000001cbfd438160;  alias, 1 drivers
v000001cbfd29d440_0 .var "q", 0 0;
v000001cbfd29bdc0_0 .net "rst", 0 0, o000001cbfd2438d8;  alias, 0 drivers
v000001cbfd29dda0_0 .net "wen", 0 0, L_000001cbfd43ee20;  alias, 1 drivers
S_000001cbfd2a2010 .scope module, "bitcells[11]" "bit_cell" 4 14, 5 4 0, S_000001cbfd2901f0;
 .timescale 0 0;
    .port_info 0 /INPUT 1 "clk";
    .port_info 1 /INPUT 1 "rst";
    .port_info 2 /INPUT 1 "d";
    .port_info 3 /INPUT 1 "wren";
    .port_info 4 /INPUT 1 "rden1";
    .port_info 5 /INPUT 1 "rden2";
    .port_info 6 /INOUT 1 "bitline1";
    .port_info 7 /INOUT 1 "bitline2";
L_000001cbfd1fb280 .functor BUFIF1 1, v000001cbfd29dc60_0, L_000001cbfd441080, C4<0>, C4<0>;
L_000001cbfd1fbd70 .functor BUFIF1 1, v000001cbfd29dc60_0, L_000001cbfd43fe60, C4<0>, C4<0>;
v000001cbfd29c040_0 .net8 "bitline1", 0 0, p000001cbfd249338;  1 drivers, strength-aware
v000001cbfd29bf00_0 .net8 "bitline2", 0 0, p000001cbfd249368;  1 drivers, strength-aware
v000001cbfd29dd00_0 .net "clk", 0 0, o000001cbfd243848;  alias, 0 drivers
v000001cbfd29b6e0_0 .net "d", 0 0, L_000001cbfd437bc0;  1 drivers
v000001cbfd29b780_0 .net "q", 0 0, v000001cbfd29dc60_0;  1 drivers
v000001cbfd29be60_0 .net "rden1", 0 0, L_000001cbfd441080;  alias, 1 drivers
v000001cbfd29b820_0 .net "rden2", 0 0, L_000001cbfd43fe60;  alias, 1 drivers
v000001cbfd29cae0_0 .net "rst", 0 0, o000001cbfd2438d8;  alias, 0 drivers
v000001cbfd29ba00_0 .net "wren", 0 0, L_000001cbfd43ee20;  alias, 1 drivers
S_000001cbfd2a1cf0 .scope module, "cell_dff" "dff" 5 19, 6 4 0, S_000001cbfd2a2010;
 .timescale 0 0;
    .port_info 0 /OUTPUT 1 "q";
    .port_info 1 /INPUT 1 "d";
    .port_info 2 /INPUT 1 "wen";
    .port_info 3 /INPUT 1 "clk";
    .port_info 4 /INPUT 1 "rst";
v000001cbfd29bc80_0 .net "clk", 0 0, o000001cbfd243848;  alias, 0 drivers
v000001cbfd29d620_0 .net "d", 0 0, L_000001cbfd437bc0;  alias, 1 drivers
v000001cbfd29dc60_0 .var "q", 0 0;
v000001cbfd29d1c0_0 .net "rst", 0 0, o000001cbfd2438d8;  alias, 0 drivers
v000001cbfd29d800_0 .net "wen", 0 0, L_000001cbfd43ee20;  alias, 1 drivers
S_000001cbfd2a27e0 .scope module, "bitcells[12]" "bit_cell" 4 14, 5 4 0, S_000001cbfd2901f0;
 .timescale 0 0;
    .port_info 0 /INPUT 1 "clk";
    .port_info 1 /INPUT 1 "rst";
    .port_info 2 /INPUT 1 "d";
    .port_info 3 /INPUT 1 "wren";
    .port_info 4 /INPUT 1 "rden1";
    .port_info 5 /INPUT 1 "rden2";
    .port_info 6 /INOUT 1 "bitline1";
    .port_info 7 /INOUT 1 "bitline2";
L_000001cbfd1fb590 .functor BUFIF1 1, v000001cbfd29c4a0_0, L_000001cbfd441080, C4<0>, C4<0>;
L_000001cbfd1fb670 .functor BUFIF1 1, v000001cbfd29c4a0_0, L_000001cbfd43fe60, C4<0>, C4<0>;
v000001cbfd29c680_0 .net8 "bitline1", 0 0, p000001cbfd249668;  1 drivers, strength-aware
v000001cbfd29c720_0 .net8 "bitline2", 0 0, p000001cbfd249698;  1 drivers, strength-aware
v000001cbfd29c860_0 .net "clk", 0 0, o000001cbfd243848;  alias, 0 drivers
v000001cbfd29ca40_0 .net "d", 0 0, L_000001cbfd436680;  1 drivers
v000001cbfd29ccc0_0 .net "q", 0 0, v000001cbfd29c4a0_0;  1 drivers
v000001cbfd29cd60_0 .net "rden1", 0 0, L_000001cbfd441080;  alias, 1 drivers
v000001cbfd29e980_0 .net "rden2", 0 0, L_000001cbfd43fe60;  alias, 1 drivers
v000001cbfd29f1a0_0 .net "rst", 0 0, o000001cbfd2438d8;  alias, 0 drivers
v000001cbfd29e340_0 .net "wren", 0 0, L_000001cbfd43ee20;  alias, 1 drivers
S_000001cbfd2a21a0 .scope module, "cell_dff" "dff" 5 19, 6 4 0, S_000001cbfd2a27e0;
 .timescale 0 0;
    .port_info 0 /OUTPUT 1 "q";
    .port_info 1 /INPUT 1 "d";
    .port_info 2 /INPUT 1 "wen";
    .port_info 3 /INPUT 1 "clk";
    .port_info 4 /INPUT 1 "rst";
v000001cbfd29c220_0 .net "clk", 0 0, o000001cbfd243848;  alias, 0 drivers
v000001cbfd29c2c0_0 .net "d", 0 0, L_000001cbfd436680;  alias, 1 drivers
v000001cbfd29c4a0_0 .var "q", 0 0;
v000001cbfd29c540_0 .net "rst", 0 0, o000001cbfd2438d8;  alias, 0 drivers
v000001cbfd29c5e0_0 .net "wen", 0 0, L_000001cbfd43ee20;  alias, 1 drivers
S_000001cbfd2a0ee0 .scope module, "bitcells[13]" "bit_cell" 4 14, 5 4 0, S_000001cbfd2901f0;
 .timescale 0 0;
    .port_info 0 /INPUT 1 "clk";
    .port_info 1 /INPUT 1 "rst";
    .port_info 2 /INPUT 1 "d";
    .port_info 3 /INPUT 1 "wren";
    .port_info 4 /INPUT 1 "rden1";
    .port_info 5 /INPUT 1 "rden2";
    .port_info 6 /INOUT 1 "bitline1";
    .port_info 7 /INOUT 1 "bitline2";
L_000001cbfd1fb750 .functor BUFIF1 1, v000001cbfd2a01e0_0, L_000001cbfd441080, C4<0>, C4<0>;
L_000001cbfd1fb7c0 .functor BUFIF1 1, v000001cbfd2a01e0_0, L_000001cbfd43fe60, C4<0>, C4<0>;
v000001cbfd29ea20_0 .net8 "bitline1", 0 0, p000001cbfd249998;  1 drivers, strength-aware
v000001cbfd29f6a0_0 .net8 "bitline2", 0 0, p000001cbfd2499c8;  1 drivers, strength-aware
v000001cbfd29eac0_0 .net "clk", 0 0, o000001cbfd243848;  alias, 0 drivers
v000001cbfd29fd80_0 .net "d", 0 0, L_000001cbfd437120;  1 drivers
v000001cbfd29f100_0 .net "q", 0 0, v000001cbfd2a01e0_0;  1 drivers
v000001cbfd29fb00_0 .net "rden1", 0 0, L_000001cbfd441080;  alias, 1 drivers
v000001cbfd29e700_0 .net "rden2", 0 0, L_000001cbfd43fe60;  alias, 1 drivers
v000001cbfd29f420_0 .net "rst", 0 0, o000001cbfd2438d8;  alias, 0 drivers
v000001cbfd2a0320_0 .net "wren", 0 0, L_000001cbfd43ee20;  alias, 1 drivers
S_000001cbfd2a1390 .scope module, "cell_dff" "dff" 5 19, 6 4 0, S_000001cbfd2a0ee0;
 .timescale 0 0;
    .port_info 0 /OUTPUT 1 "q";
    .port_info 1 /INPUT 1 "d";
    .port_info 2 /INPUT 1 "wen";
    .port_info 3 /INPUT 1 "clk";
    .port_info 4 /INPUT 1 "rst";
v000001cbfd29f4c0_0 .net "clk", 0 0, o000001cbfd243848;  alias, 0 drivers
v000001cbfd29ff60_0 .net "d", 0 0, L_000001cbfd437120;  alias, 1 drivers
v000001cbfd2a01e0_0 .var "q", 0 0;
v000001cbfd29f920_0 .net "rst", 0 0, o000001cbfd2438d8;  alias, 0 drivers
v000001cbfd29e2a0_0 .net "wen", 0 0, L_000001cbfd43ee20;  alias, 1 drivers
S_000001cbfd2a2650 .scope module, "bitcells[14]" "bit_cell" 4 14, 5 4 0, S_000001cbfd2901f0;
 .timescale 0 0;
    .port_info 0 /INPUT 1 "clk";
    .port_info 1 /INPUT 1 "rst";
    .port_info 2 /INPUT 1 "d";
    .port_info 3 /INPUT 1 "wren";
    .port_info 4 /INPUT 1 "rden1";
    .port_info 5 /INPUT 1 "rden2";
    .port_info 6 /INOUT 1 "bitline1";
    .port_info 7 /INOUT 1 "bitline2";
L_000001cbfd1fb830 .functor BUFIF1 1, v000001cbfd29f600_0, L_000001cbfd441080, C4<0>, C4<0>;
L_000001cbfd1fba60 .functor BUFIF1 1, v000001cbfd29f600_0, L_000001cbfd43fe60, C4<0>, C4<0>;
v000001cbfd2a0140_0 .net8 "bitline1", 0 0, p000001cbfd249cc8;  1 drivers, strength-aware
v000001cbfd29eb60_0 .net8 "bitline2", 0 0, p000001cbfd249cf8;  1 drivers, strength-aware
v000001cbfd29e0c0_0 .net "clk", 0 0, o000001cbfd243848;  alias, 0 drivers
v000001cbfd29f880_0 .net "d", 0 0, L_000001cbfd437e40;  1 drivers
v000001cbfd29e480_0 .net "q", 0 0, v000001cbfd29f600_0;  1 drivers
v000001cbfd29f380_0 .net "rden1", 0 0, L_000001cbfd441080;  alias, 1 drivers
v000001cbfd2a0000_0 .net "rden2", 0 0, L_000001cbfd43fe60;  alias, 1 drivers
v000001cbfd29f740_0 .net "rst", 0 0, o000001cbfd2438d8;  alias, 0 drivers
v000001cbfd29f240_0 .net "wren", 0 0, L_000001cbfd43ee20;  alias, 1 drivers
S_000001cbfd2a24c0 .scope module, "cell_dff" "dff" 5 19, 6 4 0, S_000001cbfd2a2650;
 .timescale 0 0;
    .port_info 0 /OUTPUT 1 "q";
    .port_info 1 /INPUT 1 "d";
    .port_info 2 /INPUT 1 "wen";
    .port_info 3 /INPUT 1 "clk";
    .port_info 4 /INPUT 1 "rst";
v000001cbfd29e020_0 .net "clk", 0 0, o000001cbfd243848;  alias, 0 drivers
v000001cbfd29fec0_0 .net "d", 0 0, L_000001cbfd437e40;  alias, 1 drivers
v000001cbfd29f600_0 .var "q", 0 0;
v000001cbfd29e160_0 .net "rst", 0 0, o000001cbfd2438d8;  alias, 0 drivers
v000001cbfd29fba0_0 .net "wen", 0 0, L_000001cbfd43ee20;  alias, 1 drivers
S_000001cbfd2a2970 .scope module, "bitcells[15]" "bit_cell" 4 14, 5 4 0, S_000001cbfd2901f0;
 .timescale 0 0;
    .port_info 0 /INPUT 1 "clk";
    .port_info 1 /INPUT 1 "rst";
    .port_info 2 /INPUT 1 "d";
    .port_info 3 /INPUT 1 "wren";
    .port_info 4 /INPUT 1 "rden1";
    .port_info 5 /INPUT 1 "rden2";
    .port_info 6 /INOUT 1 "bitline1";
    .port_info 7 /INOUT 1 "bitline2";
L_000001cbfd1fbad0 .functor BUFIF1 1, v000001cbfd29e3e0_0, L_000001cbfd441080, C4<0>, C4<0>;
L_000001cbfd1fbc90 .functor BUFIF1 1, v000001cbfd29e3e0_0, L_000001cbfd43fe60, C4<0>, C4<0>;
v000001cbfd2a0280_0 .net8 "bitline1", 0 0, p000001cbfd249ff8;  1 drivers, strength-aware
v000001cbfd2a03c0_0 .net8 "bitline2", 0 0, p000001cbfd24a028;  1 drivers, strength-aware
v000001cbfd29efc0_0 .net "clk", 0 0, o000001cbfd243848;  alias, 0 drivers
v000001cbfd29e520_0 .net "d", 0 0, L_000001cbfd436fe0;  1 drivers
v000001cbfd2a00a0_0 .net "q", 0 0, v000001cbfd29e3e0_0;  1 drivers
v000001cbfd29e7a0_0 .net "rden1", 0 0, L_000001cbfd441080;  alias, 1 drivers
v000001cbfd29f9c0_0 .net "rden2", 0 0, L_000001cbfd43fe60;  alias, 1 drivers
v000001cbfd29f560_0 .net "rst", 0 0, o000001cbfd2438d8;  alias, 0 drivers
v000001cbfd2a0460_0 .net "wren", 0 0, L_000001cbfd43ee20;  alias, 1 drivers
S_000001cbfd2a2330 .scope module, "cell_dff" "dff" 5 19, 6 4 0, S_000001cbfd2a2970;
 .timescale 0 0;
    .port_info 0 /OUTPUT 1 "q";
    .port_info 1 /INPUT 1 "d";
    .port_info 2 /INPUT 1 "wen";
    .port_info 3 /INPUT 1 "clk";
    .port_info 4 /INPUT 1 "rst";
v000001cbfd29f7e0_0 .net "clk", 0 0, o000001cbfd243848;  alias, 0 drivers
v000001cbfd29fc40_0 .net "d", 0 0, L_000001cbfd436fe0;  alias, 1 drivers
v000001cbfd29e3e0_0 .var "q", 0 0;
v000001cbfd29ef20_0 .net "rst", 0 0, o000001cbfd2438d8;  alias, 0 drivers
v000001cbfd29fce0_0 .net "wen", 0 0, L_000001cbfd43ee20;  alias, 1 drivers
S_000001cbfd2a2b00 .scope module, "registers[2]" "register" 2 36, 4 4 0, S_000001cbfcbd3120;
 .timescale 0 0;
    .port_info 0 /INPUT 1 "clk";
    .port_info 1 /INPUT 1 "rst";
    .port_info 2 /INPUT 16 "d";
    .port_info 3 /INPUT 1 "write_reg";
    .port_info 4 /INPUT 1 "rden1";
    .port_info 5 /INPUT 1 "rden2";
    .port_info 6 /INOUT 16 "bitline1";
    .port_info 7 /INOUT 16 "bitline2";
v000001cbfd2bda50_0 .net8 "bitline1", 15 0, p000001cbfd246c38;  alias, 0 drivers, strength-aware
v000001cbfd2bb9d0_0 .net8 "bitline2", 15 0, p000001cbfd246c68;  alias, 0 drivers, strength-aware
v000001cbfd2bc150_0 .net "clk", 0 0, o000001cbfd243848;  alias, 0 drivers
v000001cbfd2bc970_0 .net "d", 15 0, o000001cbfd246c98;  alias, 0 drivers
v000001cbfd2bdeb0_0 .net "rden1", 0 0, L_000001cbfd441e40;  1 drivers
v000001cbfd2bd730_0 .net "rden2", 0 0, L_000001cbfd440e00;  1 drivers
v000001cbfd2bcf10_0 .net "rst", 0 0, o000001cbfd2438d8;  alias, 0 drivers
v000001cbfd2bd410_0 .net "write_reg", 0 0, L_000001cbfd43ef60;  1 drivers
L_000001cbfd436220 .part o000001cbfd246c98, 0, 1;
L_000001cbfd438200 .part o000001cbfd246c98, 1, 1;
L_000001cbfd4382a0 .part o000001cbfd246c98, 2, 1;
L_000001cbfd438340 .part o000001cbfd246c98, 3, 1;
L_000001cbfd4383e0 .part o000001cbfd246c98, 4, 1;
L_000001cbfd435e60 .part o000001cbfd246c98, 5, 1;
L_000001cbfd436860 .part o000001cbfd246c98, 6, 1;
L_000001cbfd436040 .part o000001cbfd246c98, 7, 1;
L_000001cbfd437080 .part o000001cbfd246c98, 8, 1;
L_000001cbfd436900 .part o000001cbfd246c98, 9, 1;
L_000001cbfd436d60 .part o000001cbfd246c98, 10, 1;
L_000001cbfd435dc0 .part o000001cbfd246c98, 11, 1;
L_000001cbfd438480 .part o000001cbfd246c98, 12, 1;
L_000001cbfd436a40 .part o000001cbfd246c98, 13, 1;
L_000001cbfd4365e0 .part o000001cbfd246c98, 14, 1;
L_000001cbfd4360e0 .part o000001cbfd246c98, 15, 1;
p000001cbfd24a4d8 .port I000001cbfd121800, L_000001cbfd1fbe50;
 .tranvp 16 1 0, I000001cbfd121800, p000001cbfd246c38 p000001cbfd24a4d8;
p000001cbfd24a868 .port I000001cbfd121800, L_000001cbfd1fbfa0;
 .tranvp 16 1 1, I000001cbfd121800, p000001cbfd246c38 p000001cbfd24a868;
p000001cbfd24ab98 .port I000001cbfd121800, L_000001cbfd1825b0;
 .tranvp 16 1 2, I000001cbfd121800, p000001cbfd246c38 p000001cbfd24ab98;
p000001cbfd24aec8 .port I000001cbfd121800, L_000001cbfd181190;
 .tranvp 16 1 3, I000001cbfd121800, p000001cbfd246c38 p000001cbfd24aec8;
p000001cbfd24b1f8 .port I000001cbfd121800, L_000001cbfd182150;
 .tranvp 16 1 4, I000001cbfd121800, p000001cbfd246c38 p000001cbfd24b1f8;
p000001cbfd24b528 .port I000001cbfd121800, L_000001cbfd1810b0;
 .tranvp 16 1 5, I000001cbfd121800, p000001cbfd246c38 p000001cbfd24b528;
p000001cbfd24b858 .port I000001cbfd121800, L_000001cbfd181ac0;
 .tranvp 16 1 6, I000001cbfd121800, p000001cbfd246c38 p000001cbfd24b858;
p000001cbfd24bb88 .port I000001cbfd121800, L_000001cbfd181c80;
 .tranvp 16 1 7, I000001cbfd121800, p000001cbfd246c38 p000001cbfd24bb88;
p000001cbfd24beb8 .port I000001cbfd121800, L_000001cbfd181eb0;
 .tranvp 16 1 8, I000001cbfd121800, p000001cbfd246c38 p000001cbfd24beb8;
p000001cbfd24c1e8 .port I000001cbfd121800, L_000001cbfd181f90;
 .tranvp 16 1 9, I000001cbfd121800, p000001cbfd246c38 p000001cbfd24c1e8;
p000001cbfd24c518 .port I000001cbfd121800, L_000001cbfd181200;
 .tranvp 16 1 10, I000001cbfd121800, p000001cbfd246c38 p000001cbfd24c518;
p000001cbfd24c848 .port I000001cbfd121800, L_000001cbfd180e10;
 .tranvp 16 1 11, I000001cbfd121800, p000001cbfd246c38 p000001cbfd24c848;
p000001cbfd24cb78 .port I000001cbfd121800, L_000001cbfd1814a0;
 .tranvp 16 1 12, I000001cbfd121800, p000001cbfd246c38 p000001cbfd24cb78;
p000001cbfd24cea8 .port I000001cbfd121800, L_000001cbfd181d60;
 .tranvp 16 1 13, I000001cbfd121800, p000001cbfd246c38 p000001cbfd24cea8;
p000001cbfd24d1d8 .port I000001cbfd121800, L_000001cbfd197940;
 .tranvp 16 1 14, I000001cbfd121800, p000001cbfd246c38 p000001cbfd24d1d8;
p000001cbfd24d508 .port I000001cbfd121800, L_000001cbfd196600;
 .tranvp 16 1 15, I000001cbfd121800, p000001cbfd246c38 p000001cbfd24d508;
p000001cbfd24a508 .port I000001cbfd121380, L_000001cbfd1fbf30;
 .tranvp 16 1 0, I000001cbfd121380, p000001cbfd246c68 p000001cbfd24a508;
p000001cbfd24a898 .port I000001cbfd121380, L_000001cbfd182770;
 .tranvp 16 1 1, I000001cbfd121380, p000001cbfd246c68 p000001cbfd24a898;
p000001cbfd24abc8 .port I000001cbfd121380, L_000001cbfd182620;
 .tranvp 16 1 2, I000001cbfd121380, p000001cbfd246c68 p000001cbfd24abc8;
p000001cbfd24aef8 .port I000001cbfd121380, L_000001cbfd181350;
 .tranvp 16 1 3, I000001cbfd121380, p000001cbfd246c68 p000001cbfd24aef8;
p000001cbfd24b228 .port I000001cbfd121380, L_000001cbfd181900;
 .tranvp 16 1 4, I000001cbfd121380, p000001cbfd246c68 p000001cbfd24b228;
p000001cbfd24b558 .port I000001cbfd121380, L_000001cbfd1822a0;
 .tranvp 16 1 5, I000001cbfd121380, p000001cbfd246c68 p000001cbfd24b558;
p000001cbfd24b888 .port I000001cbfd121380, L_000001cbfd1823f0;
 .tranvp 16 1 6, I000001cbfd121380, p000001cbfd246c68 p000001cbfd24b888;
p000001cbfd24bbb8 .port I000001cbfd121380, L_000001cbfd180860;
 .tranvp 16 1 7, I000001cbfd121380, p000001cbfd246c68 p000001cbfd24bbb8;
p000001cbfd24bee8 .port I000001cbfd121380, L_000001cbfd180c50;
 .tranvp 16 1 8, I000001cbfd121380, p000001cbfd246c68 p000001cbfd24bee8;
p000001cbfd24c218 .port I000001cbfd121380, L_000001cbfd181430;
 .tranvp 16 1 9, I000001cbfd121380, p000001cbfd246c68 p000001cbfd24c218;
p000001cbfd24c548 .port I000001cbfd121380, L_000001cbfd180da0;
 .tranvp 16 1 10, I000001cbfd121380, p000001cbfd246c68 p000001cbfd24c548;
p000001cbfd24c878 .port I000001cbfd121380, L_000001cbfd1813c0;
 .tranvp 16 1 11, I000001cbfd121380, p000001cbfd246c68 p000001cbfd24c878;
p000001cbfd24cba8 .port I000001cbfd121380, L_000001cbfd181cf0;
 .tranvp 16 1 12, I000001cbfd121380, p000001cbfd246c68 p000001cbfd24cba8;
p000001cbfd24ced8 .port I000001cbfd121380, L_000001cbfd197b70;
 .tranvp 16 1 13, I000001cbfd121380, p000001cbfd246c68 p000001cbfd24ced8;
p000001cbfd24d208 .port I000001cbfd121380, L_000001cbfd197a20;
 .tranvp 16 1 14, I000001cbfd121380, p000001cbfd246c68 p000001cbfd24d208;
p000001cbfd24d538 .port I000001cbfd121380, L_000001cbfd1974e0;
 .tranvp 16 1 15, I000001cbfd121380, p000001cbfd246c68 p000001cbfd24d538;
S_000001cbfd2a1e80 .scope module, "bitcells[0]" "bit_cell" 4 14, 5 4 0, S_000001cbfd2a2b00;
 .timescale 0 0;
    .port_info 0 /INPUT 1 "clk";
    .port_info 1 /INPUT 1 "rst";
    .port_info 2 /INPUT 1 "d";
    .port_info 3 /INPUT 1 "wren";
    .port_info 4 /INPUT 1 "rden1";
    .port_info 5 /INPUT 1 "rden2";
    .port_info 6 /INOUT 1 "bitline1";
    .port_info 7 /INOUT 1 "bitline2";
L_000001cbfd1fbe50 .functor BUFIF1 1, v000001cbfd29e5c0_0, L_000001cbfd441e40, C4<0>, C4<0>;
L_000001cbfd1fbf30 .functor BUFIF1 1, v000001cbfd29e5c0_0, L_000001cbfd440e00, C4<0>, C4<0>;
v000001cbfd29e840_0 .net8 "bitline1", 0 0, p000001cbfd24a4d8;  1 drivers, strength-aware
v000001cbfd29e8e0_0 .net8 "bitline2", 0 0, p000001cbfd24a508;  1 drivers, strength-aware
v000001cbfd29ed40_0 .net "clk", 0 0, o000001cbfd243848;  alias, 0 drivers
v000001cbfd29ede0_0 .net "d", 0 0, L_000001cbfd436220;  1 drivers
v000001cbfd29ee80_0 .net "q", 0 0, v000001cbfd29e5c0_0;  1 drivers
v000001cbfd29f2e0_0 .net "rden1", 0 0, L_000001cbfd441e40;  alias, 1 drivers
v000001cbfd2a0dc0_0 .net "rden2", 0 0, L_000001cbfd440e00;  alias, 1 drivers
v000001cbfd2a0780_0 .net "rst", 0 0, o000001cbfd2438d8;  alias, 0 drivers
v000001cbfd2a06e0_0 .net "wren", 0 0, L_000001cbfd43ef60;  alias, 1 drivers
S_000001cbfd2a2c90 .scope module, "cell_dff" "dff" 5 19, 6 4 0, S_000001cbfd2a1e80;
 .timescale 0 0;
    .port_info 0 /OUTPUT 1 "q";
    .port_info 1 /INPUT 1 "d";
    .port_info 2 /INPUT 1 "wen";
    .port_info 3 /INPUT 1 "clk";
    .port_info 4 /INPUT 1 "rst";
v000001cbfd29f060_0 .net "clk", 0 0, o000001cbfd243848;  alias, 0 drivers
v000001cbfd29e200_0 .net "d", 0 0, L_000001cbfd436220;  alias, 1 drivers
v000001cbfd29e5c0_0 .var "q", 0 0;
v000001cbfd29df80_0 .net "rst", 0 0, o000001cbfd2438d8;  alias, 0 drivers
v000001cbfd29e660_0 .net "wen", 0 0, L_000001cbfd43ef60;  alias, 1 drivers
S_000001cbfd2a1520 .scope module, "bitcells[1]" "bit_cell" 4 14, 5 4 0, S_000001cbfd2a2b00;
 .timescale 0 0;
    .port_info 0 /INPUT 1 "clk";
    .port_info 1 /INPUT 1 "rst";
    .port_info 2 /INPUT 1 "d";
    .port_info 3 /INPUT 1 "wren";
    .port_info 4 /INPUT 1 "rden1";
    .port_info 5 /INPUT 1 "rden2";
    .port_info 6 /INOUT 1 "bitline1";
    .port_info 7 /INOUT 1 "bitline2";
L_000001cbfd1fbfa0 .functor BUFIF1 1, v000001cbfd2a08c0_0, L_000001cbfd441e40, C4<0>, C4<0>;
L_000001cbfd182770 .functor BUFIF1 1, v000001cbfd2a08c0_0, L_000001cbfd440e00, C4<0>, C4<0>;
v000001cbfd2a0960_0 .net8 "bitline1", 0 0, p000001cbfd24a868;  1 drivers, strength-aware
v000001cbfd2a0aa0_0 .net8 "bitline2", 0 0, p000001cbfd24a898;  1 drivers, strength-aware
v000001cbfd2a0be0_0 .net "clk", 0 0, o000001cbfd243848;  alias, 0 drivers
v000001cbfd2a0b40_0 .net "d", 0 0, L_000001cbfd438200;  1 drivers
v000001cbfd2b6070_0 .net "q", 0 0, v000001cbfd2a08c0_0;  1 drivers
v000001cbfd2b5710_0 .net "rden1", 0 0, L_000001cbfd441e40;  alias, 1 drivers
v000001cbfd2b5b70_0 .net "rden2", 0 0, L_000001cbfd440e00;  alias, 1 drivers
v000001cbfd2b4a90_0 .net "rst", 0 0, o000001cbfd2438d8;  alias, 0 drivers
v000001cbfd2b4770_0 .net "wren", 0 0, L_000001cbfd43ef60;  alias, 1 drivers
S_000001cbfd2a1070 .scope module, "cell_dff" "dff" 5 19, 6 4 0, S_000001cbfd2a1520;
 .timescale 0 0;
    .port_info 0 /OUTPUT 1 "q";
    .port_info 1 /INPUT 1 "d";
    .port_info 2 /INPUT 1 "wen";
    .port_info 3 /INPUT 1 "clk";
    .port_info 4 /INPUT 1 "rst";
v000001cbfd2a0820_0 .net "clk", 0 0, o000001cbfd243848;  alias, 0 drivers
v000001cbfd2a0c80_0 .net "d", 0 0, L_000001cbfd438200;  alias, 1 drivers
v000001cbfd2a08c0_0 .var "q", 0 0;
v000001cbfd2a0a00_0 .net "rst", 0 0, o000001cbfd2438d8;  alias, 0 drivers
v000001cbfd2a0d20_0 .net "wen", 0 0, L_000001cbfd43ef60;  alias, 1 drivers
S_000001cbfd2a1200 .scope module, "bitcells[2]" "bit_cell" 4 14, 5 4 0, S_000001cbfd2a2b00;
 .timescale 0 0;
    .port_info 0 /INPUT 1 "clk";
    .port_info 1 /INPUT 1 "rst";
    .port_info 2 /INPUT 1 "d";
    .port_info 3 /INPUT 1 "wren";
    .port_info 4 /INPUT 1 "rden1";
    .port_info 5 /INPUT 1 "rden2";
    .port_info 6 /INOUT 1 "bitline1";
    .port_info 7 /INOUT 1 "bitline2";
L_000001cbfd1825b0 .functor BUFIF1 1, v000001cbfd2b6110_0, L_000001cbfd441e40, C4<0>, C4<0>;
L_000001cbfd182620 .functor BUFIF1 1, v000001cbfd2b6110_0, L_000001cbfd440e00, C4<0>, C4<0>;
v000001cbfd2b4db0_0 .net8 "bitline1", 0 0, p000001cbfd24ab98;  1 drivers, strength-aware
v000001cbfd2b43b0_0 .net8 "bitline2", 0 0, p000001cbfd24abc8;  1 drivers, strength-aware
v000001cbfd2b62f0_0 .net "clk", 0 0, o000001cbfd243848;  alias, 0 drivers
v000001cbfd2b3ff0_0 .net "d", 0 0, L_000001cbfd4382a0;  1 drivers
v000001cbfd2b4b30_0 .net "q", 0 0, v000001cbfd2b6110_0;  1 drivers
v000001cbfd2b4130_0 .net "rden1", 0 0, L_000001cbfd441e40;  alias, 1 drivers
v000001cbfd2b58f0_0 .net "rden2", 0 0, L_000001cbfd440e00;  alias, 1 drivers
v000001cbfd2b44f0_0 .net "rst", 0 0, o000001cbfd2438d8;  alias, 0 drivers
v000001cbfd2b5cb0_0 .net "wren", 0 0, L_000001cbfd43ef60;  alias, 1 drivers
S_000001cbfd2a19d0 .scope module, "cell_dff" "dff" 5 19, 6 4 0, S_000001cbfd2a1200;
 .timescale 0 0;
    .port_info 0 /OUTPUT 1 "q";
    .port_info 1 /INPUT 1 "d";
    .port_info 2 /INPUT 1 "wen";
    .port_info 3 /INPUT 1 "clk";
    .port_info 4 /INPUT 1 "rst";
v000001cbfd2b5fd0_0 .net "clk", 0 0, o000001cbfd243848;  alias, 0 drivers
v000001cbfd2b53f0_0 .net "d", 0 0, L_000001cbfd4382a0;  alias, 1 drivers
v000001cbfd2b6110_0 .var "q", 0 0;
v000001cbfd2b4090_0 .net "rst", 0 0, o000001cbfd2438d8;  alias, 0 drivers
v000001cbfd2b61b0_0 .net "wen", 0 0, L_000001cbfd43ef60;  alias, 1 drivers
S_000001cbfd2a16b0 .scope module, "bitcells[3]" "bit_cell" 4 14, 5 4 0, S_000001cbfd2a2b00;
 .timescale 0 0;
    .port_info 0 /INPUT 1 "clk";
    .port_info 1 /INPUT 1 "rst";
    .port_info 2 /INPUT 1 "d";
    .port_info 3 /INPUT 1 "wren";
    .port_info 4 /INPUT 1 "rden1";
    .port_info 5 /INPUT 1 "rden2";
    .port_info 6 /INOUT 1 "bitline1";
    .port_info 7 /INOUT 1 "bitline2";
L_000001cbfd181190 .functor BUFIF1 1, v000001cbfd2b5850_0, L_000001cbfd441e40, C4<0>, C4<0>;
L_000001cbfd181350 .functor BUFIF1 1, v000001cbfd2b5850_0, L_000001cbfd440e00, C4<0>, C4<0>;
v000001cbfd2b5ad0_0 .net8 "bitline1", 0 0, p000001cbfd24aec8;  1 drivers, strength-aware
v000001cbfd2b5210_0 .net8 "bitline2", 0 0, p000001cbfd24aef8;  1 drivers, strength-aware
v000001cbfd2b41d0_0 .net "clk", 0 0, o000001cbfd243848;  alias, 0 drivers
v000001cbfd2b6250_0 .net "d", 0 0, L_000001cbfd438340;  1 drivers
v000001cbfd2b5d50_0 .net "q", 0 0, v000001cbfd2b5850_0;  1 drivers
v000001cbfd2b4590_0 .net "rden1", 0 0, L_000001cbfd441e40;  alias, 1 drivers
v000001cbfd2b6390_0 .net "rden2", 0 0, L_000001cbfd440e00;  alias, 1 drivers
v000001cbfd2b5f30_0 .net "rst", 0 0, o000001cbfd2438d8;  alias, 0 drivers
v000001cbfd2b6430_0 .net "wren", 0 0, L_000001cbfd43ef60;  alias, 1 drivers
S_000001cbfd2a1840 .scope module, "cell_dff" "dff" 5 19, 6 4 0, S_000001cbfd2a16b0;
 .timescale 0 0;
    .port_info 0 /OUTPUT 1 "q";
    .port_info 1 /INPUT 1 "d";
    .port_info 2 /INPUT 1 "wen";
    .port_info 3 /INPUT 1 "clk";
    .port_info 4 /INPUT 1 "rst";
v000001cbfd2b5490_0 .net "clk", 0 0, o000001cbfd243848;  alias, 0 drivers
v000001cbfd2b48b0_0 .net "d", 0 0, L_000001cbfd438340;  alias, 1 drivers
v000001cbfd2b5850_0 .var "q", 0 0;
v000001cbfd2b5a30_0 .net "rst", 0 0, o000001cbfd2438d8;  alias, 0 drivers
v000001cbfd2b4810_0 .net "wen", 0 0, L_000001cbfd43ef60;  alias, 1 drivers
S_000001cbfd2a1b60 .scope module, "bitcells[4]" "bit_cell" 4 14, 5 4 0, S_000001cbfd2a2b00;
 .timescale 0 0;
    .port_info 0 /INPUT 1 "clk";
    .port_info 1 /INPUT 1 "rst";
    .port_info 2 /INPUT 1 "d";
    .port_info 3 /INPUT 1 "wren";
    .port_info 4 /INPUT 1 "rden1";
    .port_info 5 /INPUT 1 "rden2";
    .port_info 6 /INOUT 1 "bitline1";
    .port_info 7 /INOUT 1 "bitline2";
L_000001cbfd182150 .functor BUFIF1 1, v000001cbfd2b5e90_0, L_000001cbfd441e40, C4<0>, C4<0>;
L_000001cbfd181900 .functor BUFIF1 1, v000001cbfd2b5e90_0, L_000001cbfd440e00, C4<0>, C4<0>;
v000001cbfd2b64d0_0 .net8 "bitline1", 0 0, p000001cbfd24b1f8;  1 drivers, strength-aware
v000001cbfd2b4310_0 .net8 "bitline2", 0 0, p000001cbfd24b228;  1 drivers, strength-aware
v000001cbfd2b4950_0 .net "clk", 0 0, o000001cbfd243848;  alias, 0 drivers
v000001cbfd2b49f0_0 .net "d", 0 0, L_000001cbfd4383e0;  1 drivers
v000001cbfd2b66b0_0 .net "q", 0 0, v000001cbfd2b5e90_0;  1 drivers
v000001cbfd2b57b0_0 .net "rden1", 0 0, L_000001cbfd441e40;  alias, 1 drivers
v000001cbfd2b4bd0_0 .net "rden2", 0 0, L_000001cbfd440e00;  alias, 1 drivers
v000001cbfd2b6570_0 .net "rst", 0 0, o000001cbfd2438d8;  alias, 0 drivers
v000001cbfd2b4f90_0 .net "wren", 0 0, L_000001cbfd43ef60;  alias, 1 drivers
S_000001cbfd2c59c0 .scope module, "cell_dff" "dff" 5 19, 6 4 0, S_000001cbfd2a1b60;
 .timescale 0 0;
    .port_info 0 /OUTPUT 1 "q";
    .port_info 1 /INPUT 1 "d";
    .port_info 2 /INPUT 1 "wen";
    .port_info 3 /INPUT 1 "clk";
    .port_info 4 /INPUT 1 "rst";
v000001cbfd2b5530_0 .net "clk", 0 0, o000001cbfd243848;  alias, 0 drivers
v000001cbfd2b4450_0 .net "d", 0 0, L_000001cbfd4383e0;  alias, 1 drivers
v000001cbfd2b5e90_0 .var "q", 0 0;
v000001cbfd2b5c10_0 .net "rst", 0 0, o000001cbfd2438d8;  alias, 0 drivers
v000001cbfd2b55d0_0 .net "wen", 0 0, L_000001cbfd43ef60;  alias, 1 drivers
S_000001cbfd2c3f30 .scope module, "bitcells[5]" "bit_cell" 4 14, 5 4 0, S_000001cbfd2a2b00;
 .timescale 0 0;
    .port_info 0 /INPUT 1 "clk";
    .port_info 1 /INPUT 1 "rst";
    .port_info 2 /INPUT 1 "d";
    .port_info 3 /INPUT 1 "wren";
    .port_info 4 /INPUT 1 "rden1";
    .port_info 5 /INPUT 1 "rden2";
    .port_info 6 /INOUT 1 "bitline1";
    .port_info 7 /INOUT 1 "bitline2";
L_000001cbfd1810b0 .functor BUFIF1 1, v000001cbfd2b46d0_0, L_000001cbfd441e40, C4<0>, C4<0>;
L_000001cbfd1822a0 .functor BUFIF1 1, v000001cbfd2b46d0_0, L_000001cbfd440e00, C4<0>, C4<0>;
v000001cbfd2b5030_0 .net8 "bitline1", 0 0, p000001cbfd24b528;  1 drivers, strength-aware
v000001cbfd2b4c70_0 .net8 "bitline2", 0 0, p000001cbfd24b558;  1 drivers, strength-aware
v000001cbfd2b4d10_0 .net "clk", 0 0, o000001cbfd243848;  alias, 0 drivers
v000001cbfd2b5df0_0 .net "d", 0 0, L_000001cbfd435e60;  1 drivers
v000001cbfd2b5670_0 .net "q", 0 0, v000001cbfd2b46d0_0;  1 drivers
v000001cbfd2b4e50_0 .net "rden1", 0 0, L_000001cbfd441e40;  alias, 1 drivers
v000001cbfd2b4ef0_0 .net "rden2", 0 0, L_000001cbfd440e00;  alias, 1 drivers
v000001cbfd2b50d0_0 .net "rst", 0 0, o000001cbfd2438d8;  alias, 0 drivers
v000001cbfd2b5170_0 .net "wren", 0 0, L_000001cbfd43ef60;  alias, 1 drivers
S_000001cbfd2c40c0 .scope module, "cell_dff" "dff" 5 19, 6 4 0, S_000001cbfd2c3f30;
 .timescale 0 0;
    .port_info 0 /OUTPUT 1 "q";
    .port_info 1 /INPUT 1 "d";
    .port_info 2 /INPUT 1 "wen";
    .port_info 3 /INPUT 1 "clk";
    .port_info 4 /INPUT 1 "rst";
v000001cbfd2b4630_0 .net "clk", 0 0, o000001cbfd243848;  alias, 0 drivers
v000001cbfd2b6610_0 .net "d", 0 0, L_000001cbfd435e60;  alias, 1 drivers
v000001cbfd2b46d0_0 .var "q", 0 0;
v000001cbfd2b3f50_0 .net "rst", 0 0, o000001cbfd2438d8;  alias, 0 drivers
v000001cbfd2b4270_0 .net "wen", 0 0, L_000001cbfd43ef60;  alias, 1 drivers
S_000001cbfd2c4a20 .scope module, "bitcells[6]" "bit_cell" 4 14, 5 4 0, S_000001cbfd2a2b00;
 .timescale 0 0;
    .port_info 0 /INPUT 1 "clk";
    .port_info 1 /INPUT 1 "rst";
    .port_info 2 /INPUT 1 "d";
    .port_info 3 /INPUT 1 "wren";
    .port_info 4 /INPUT 1 "rden1";
    .port_info 5 /INPUT 1 "rden2";
    .port_info 6 /INOUT 1 "bitline1";
    .port_info 7 /INOUT 1 "bitline2";
L_000001cbfd181ac0 .functor BUFIF1 1, v000001cbfd2b5990_0, L_000001cbfd441e40, C4<0>, C4<0>;
L_000001cbfd1823f0 .functor BUFIF1 1, v000001cbfd2b5990_0, L_000001cbfd440e00, C4<0>, C4<0>;
v000001cbfd2b7c90_0 .net8 "bitline1", 0 0, p000001cbfd24b858;  1 drivers, strength-aware
v000001cbfd2b7a10_0 .net8 "bitline2", 0 0, p000001cbfd24b888;  1 drivers, strength-aware
v000001cbfd2b8730_0 .net "clk", 0 0, o000001cbfd243848;  alias, 0 drivers
v000001cbfd2b84b0_0 .net "d", 0 0, L_000001cbfd436860;  1 drivers
v000001cbfd2b7e70_0 .net "q", 0 0, v000001cbfd2b5990_0;  1 drivers
v000001cbfd2b8410_0 .net "rden1", 0 0, L_000001cbfd441e40;  alias, 1 drivers
v000001cbfd2b75b0_0 .net "rden2", 0 0, L_000001cbfd440e00;  alias, 1 drivers
v000001cbfd2b6bb0_0 .net "rst", 0 0, o000001cbfd2438d8;  alias, 0 drivers
v000001cbfd2b7f10_0 .net "wren", 0 0, L_000001cbfd43ef60;  alias, 1 drivers
S_000001cbfd2c4890 .scope module, "cell_dff" "dff" 5 19, 6 4 0, S_000001cbfd2c4a20;
 .timescale 0 0;
    .port_info 0 /OUTPUT 1 "q";
    .port_info 1 /INPUT 1 "d";
    .port_info 2 /INPUT 1 "wen";
    .port_info 3 /INPUT 1 "clk";
    .port_info 4 /INPUT 1 "rst";
v000001cbfd2b52b0_0 .net "clk", 0 0, o000001cbfd243848;  alias, 0 drivers
v000001cbfd2b5350_0 .net "d", 0 0, L_000001cbfd436860;  alias, 1 drivers
v000001cbfd2b5990_0 .var "q", 0 0;
v000001cbfd2b6b10_0 .net "rst", 0 0, o000001cbfd2438d8;  alias, 0 drivers
v000001cbfd2b89b0_0 .net "wen", 0 0, L_000001cbfd43ef60;  alias, 1 drivers
S_000001cbfd2c4250 .scope module, "bitcells[7]" "bit_cell" 4 14, 5 4 0, S_000001cbfd2a2b00;
 .timescale 0 0;
    .port_info 0 /INPUT 1 "clk";
    .port_info 1 /INPUT 1 "rst";
    .port_info 2 /INPUT 1 "d";
    .port_info 3 /INPUT 1 "wren";
    .port_info 4 /INPUT 1 "rden1";
    .port_info 5 /INPUT 1 "rden2";
    .port_info 6 /INOUT 1 "bitline1";
    .port_info 7 /INOUT 1 "bitline2";
L_000001cbfd181c80 .functor BUFIF1 1, v000001cbfd2b7fb0_0, L_000001cbfd441e40, C4<0>, C4<0>;
L_000001cbfd180860 .functor BUFIF1 1, v000001cbfd2b7fb0_0, L_000001cbfd440e00, C4<0>, C4<0>;
v000001cbfd2b7d30_0 .net8 "bitline1", 0 0, p000001cbfd24bb88;  1 drivers, strength-aware
v000001cbfd2b7bf0_0 .net8 "bitline2", 0 0, p000001cbfd24bbb8;  1 drivers, strength-aware
v000001cbfd2b8370_0 .net "clk", 0 0, o000001cbfd243848;  alias, 0 drivers
v000001cbfd2b6f70_0 .net "d", 0 0, L_000001cbfd436040;  1 drivers
v000001cbfd2b8550_0 .net "q", 0 0, v000001cbfd2b7fb0_0;  1 drivers
v000001cbfd2b85f0_0 .net "rden1", 0 0, L_000001cbfd441e40;  alias, 1 drivers
v000001cbfd2b8050_0 .net "rden2", 0 0, L_000001cbfd440e00;  alias, 1 drivers
v000001cbfd2b71f0_0 .net "rst", 0 0, o000001cbfd2438d8;  alias, 0 drivers
v000001cbfd2b82d0_0 .net "wren", 0 0, L_000001cbfd43ef60;  alias, 1 drivers
S_000001cbfd2c5b50 .scope module, "cell_dff" "dff" 5 19, 6 4 0, S_000001cbfd2c4250;
 .timescale 0 0;
    .port_info 0 /OUTPUT 1 "q";
    .port_info 1 /INPUT 1 "d";
    .port_info 2 /INPUT 1 "wen";
    .port_info 3 /INPUT 1 "clk";
    .port_info 4 /INPUT 1 "rst";
v000001cbfd2b7970_0 .net "clk", 0 0, o000001cbfd243848;  alias, 0 drivers
v000001cbfd2b7650_0 .net "d", 0 0, L_000001cbfd436040;  alias, 1 drivers
v000001cbfd2b7fb0_0 .var "q", 0 0;
v000001cbfd2b8c30_0 .net "rst", 0 0, o000001cbfd2438d8;  alias, 0 drivers
v000001cbfd2b7330_0 .net "wen", 0 0, L_000001cbfd43ef60;  alias, 1 drivers
S_000001cbfd2c5060 .scope module, "bitcells[8]" "bit_cell" 4 14, 5 4 0, S_000001cbfd2a2b00;
 .timescale 0 0;
    .port_info 0 /INPUT 1 "clk";
    .port_info 1 /INPUT 1 "rst";
    .port_info 2 /INPUT 1 "d";
    .port_info 3 /INPUT 1 "wren";
    .port_info 4 /INPUT 1 "rden1";
    .port_info 5 /INPUT 1 "rden2";
    .port_info 6 /INOUT 1 "bitline1";
    .port_info 7 /INOUT 1 "bitline2";
L_000001cbfd181eb0 .functor BUFIF1 1, v000001cbfd2b73d0_0, L_000001cbfd441e40, C4<0>, C4<0>;
L_000001cbfd180c50 .functor BUFIF1 1, v000001cbfd2b73d0_0, L_000001cbfd440e00, C4<0>, C4<0>;
v000001cbfd2b7dd0_0 .net8 "bitline1", 0 0, p000001cbfd24beb8;  1 drivers, strength-aware
v000001cbfd2b80f0_0 .net8 "bitline2", 0 0, p000001cbfd24bee8;  1 drivers, strength-aware
v000001cbfd2b8190_0 .net "clk", 0 0, o000001cbfd243848;  alias, 0 drivers
v000001cbfd2b8870_0 .net "d", 0 0, L_000001cbfd437080;  1 drivers
v000001cbfd2b8910_0 .net "q", 0 0, v000001cbfd2b73d0_0;  1 drivers
v000001cbfd2b6e30_0 .net "rden1", 0 0, L_000001cbfd441e40;  alias, 1 drivers
v000001cbfd2b8a50_0 .net "rden2", 0 0, L_000001cbfd440e00;  alias, 1 drivers
v000001cbfd2b70b0_0 .net "rst", 0 0, o000001cbfd2438d8;  alias, 0 drivers
v000001cbfd2b8af0_0 .net "wren", 0 0, L_000001cbfd43ef60;  alias, 1 drivers
S_000001cbfd2c4570 .scope module, "cell_dff" "dff" 5 19, 6 4 0, S_000001cbfd2c5060;
 .timescale 0 0;
    .port_info 0 /OUTPUT 1 "q";
    .port_info 1 /INPUT 1 "d";
    .port_info 2 /INPUT 1 "wen";
    .port_info 3 /INPUT 1 "clk";
    .port_info 4 /INPUT 1 "rst";
v000001cbfd2b78d0_0 .net "clk", 0 0, o000001cbfd243848;  alias, 0 drivers
v000001cbfd2b8690_0 .net "d", 0 0, L_000001cbfd437080;  alias, 1 drivers
v000001cbfd2b73d0_0 .var "q", 0 0;
v000001cbfd2b87d0_0 .net "rst", 0 0, o000001cbfd2438d8;  alias, 0 drivers
v000001cbfd2b7ab0_0 .net "wen", 0 0, L_000001cbfd43ef60;  alias, 1 drivers
S_000001cbfd2c4d40 .scope module, "bitcells[9]" "bit_cell" 4 14, 5 4 0, S_000001cbfd2a2b00;
 .timescale 0 0;
    .port_info 0 /INPUT 1 "clk";
    .port_info 1 /INPUT 1 "rst";
    .port_info 2 /INPUT 1 "d";
    .port_info 3 /INPUT 1 "wren";
    .port_info 4 /INPUT 1 "rden1";
    .port_info 5 /INPUT 1 "rden2";
    .port_info 6 /INOUT 1 "bitline1";
    .port_info 7 /INOUT 1 "bitline2";
L_000001cbfd181f90 .functor BUFIF1 1, v000001cbfd2b8cd0_0, L_000001cbfd441e40, C4<0>, C4<0>;
L_000001cbfd181430 .functor BUFIF1 1, v000001cbfd2b8cd0_0, L_000001cbfd440e00, C4<0>, C4<0>;
v000001cbfd2b7510_0 .net8 "bitline1", 0 0, p000001cbfd24c1e8;  1 drivers, strength-aware
v000001cbfd2b8d70_0 .net8 "bitline2", 0 0, p000001cbfd24c218;  1 drivers, strength-aware
v000001cbfd2b8e10_0 .net "clk", 0 0, o000001cbfd243848;  alias, 0 drivers
v000001cbfd2b8eb0_0 .net "d", 0 0, L_000001cbfd436900;  1 drivers
v000001cbfd2b6c50_0 .net "q", 0 0, v000001cbfd2b8cd0_0;  1 drivers
v000001cbfd2b67f0_0 .net "rden1", 0 0, L_000001cbfd441e40;  alias, 1 drivers
v000001cbfd2b6890_0 .net "rden2", 0 0, L_000001cbfd440e00;  alias, 1 drivers
v000001cbfd2b7290_0 .net "rst", 0 0, o000001cbfd2438d8;  alias, 0 drivers
v000001cbfd2b69d0_0 .net "wren", 0 0, L_000001cbfd43ef60;  alias, 1 drivers
S_000001cbfd2c5ce0 .scope module, "cell_dff" "dff" 5 19, 6 4 0, S_000001cbfd2c4d40;
 .timescale 0 0;
    .port_info 0 /OUTPUT 1 "q";
    .port_info 1 /INPUT 1 "d";
    .port_info 2 /INPUT 1 "wen";
    .port_info 3 /INPUT 1 "clk";
    .port_info 4 /INPUT 1 "rst";
v000001cbfd2b8b90_0 .net "clk", 0 0, o000001cbfd243848;  alias, 0 drivers
v000001cbfd2b6930_0 .net "d", 0 0, L_000001cbfd436900;  alias, 1 drivers
v000001cbfd2b8cd0_0 .var "q", 0 0;
v000001cbfd2b6750_0 .net "rst", 0 0, o000001cbfd2438d8;  alias, 0 drivers
v000001cbfd2b7150_0 .net "wen", 0 0, L_000001cbfd43ef60;  alias, 1 drivers
S_000001cbfd2c51f0 .scope module, "bitcells[10]" "bit_cell" 4 14, 5 4 0, S_000001cbfd2a2b00;
 .timescale 0 0;
    .port_info 0 /INPUT 1 "clk";
    .port_info 1 /INPUT 1 "rst";
    .port_info 2 /INPUT 1 "d";
    .port_info 3 /INPUT 1 "wren";
    .port_info 4 /INPUT 1 "rden1";
    .port_info 5 /INPUT 1 "rden2";
    .port_info 6 /INOUT 1 "bitline1";
    .port_info 7 /INOUT 1 "bitline2";
L_000001cbfd181200 .functor BUFIF1 1, v000001cbfd2b6a70_0, L_000001cbfd441e40, C4<0>, C4<0>;
L_000001cbfd180da0 .functor BUFIF1 1, v000001cbfd2b6a70_0, L_000001cbfd440e00, C4<0>, C4<0>;
v000001cbfd2b7470_0 .net8 "bitline1", 0 0, p000001cbfd24c518;  1 drivers, strength-aware
v000001cbfd2b6ed0_0 .net8 "bitline2", 0 0, p000001cbfd24c548;  1 drivers, strength-aware
v000001cbfd2b7010_0 .net "clk", 0 0, o000001cbfd243848;  alias, 0 drivers
v000001cbfd2b76f0_0 .net "d", 0 0, L_000001cbfd436d60;  1 drivers
v000001cbfd2b7790_0 .net "q", 0 0, v000001cbfd2b6a70_0;  1 drivers
v000001cbfd2b7830_0 .net "rden1", 0 0, L_000001cbfd441e40;  alias, 1 drivers
v000001cbfd2bab70_0 .net "rden2", 0 0, L_000001cbfd440e00;  alias, 1 drivers
v000001cbfd2baa30_0 .net "rst", 0 0, o000001cbfd2438d8;  alias, 0 drivers
v000001cbfd2b9770_0 .net "wren", 0 0, L_000001cbfd43ef60;  alias, 1 drivers
S_000001cbfd2c4bb0 .scope module, "cell_dff" "dff" 5 19, 6 4 0, S_000001cbfd2c51f0;
 .timescale 0 0;
    .port_info 0 /OUTPUT 1 "q";
    .port_info 1 /INPUT 1 "d";
    .port_info 2 /INPUT 1 "wen";
    .port_info 3 /INPUT 1 "clk";
    .port_info 4 /INPUT 1 "rst";
v000001cbfd2b8230_0 .net "clk", 0 0, o000001cbfd243848;  alias, 0 drivers
v000001cbfd2b6cf0_0 .net "d", 0 0, L_000001cbfd436d60;  alias, 1 drivers
v000001cbfd2b6a70_0 .var "q", 0 0;
v000001cbfd2b7b50_0 .net "rst", 0 0, o000001cbfd2438d8;  alias, 0 drivers
v000001cbfd2b6d90_0 .net "wen", 0 0, L_000001cbfd43ef60;  alias, 1 drivers
S_000001cbfd2c5380 .scope module, "bitcells[11]" "bit_cell" 4 14, 5 4 0, S_000001cbfd2a2b00;
 .timescale 0 0;
    .port_info 0 /INPUT 1 "clk";
    .port_info 1 /INPUT 1 "rst";
    .port_info 2 /INPUT 1 "d";
    .port_info 3 /INPUT 1 "wren";
    .port_info 4 /INPUT 1 "rden1";
    .port_info 5 /INPUT 1 "rden2";
    .port_info 6 /INOUT 1 "bitline1";
    .port_info 7 /INOUT 1 "bitline2";
L_000001cbfd180e10 .functor BUFIF1 1, v000001cbfd2b9810_0, L_000001cbfd441e40, C4<0>, C4<0>;
L_000001cbfd1813c0 .functor BUFIF1 1, v000001cbfd2b9810_0, L_000001cbfd440e00, C4<0>, C4<0>;
v000001cbfd2bafd0_0 .net8 "bitline1", 0 0, p000001cbfd24c848;  1 drivers, strength-aware
v000001cbfd2b9db0_0 .net8 "bitline2", 0 0, p000001cbfd24c878;  1 drivers, strength-aware
v000001cbfd2b9bd0_0 .net "clk", 0 0, o000001cbfd243848;  alias, 0 drivers
v000001cbfd2bb070_0 .net "d", 0 0, L_000001cbfd435dc0;  1 drivers
v000001cbfd2bb1b0_0 .net "q", 0 0, v000001cbfd2b9810_0;  1 drivers
v000001cbfd2bb250_0 .net "rden1", 0 0, L_000001cbfd441e40;  alias, 1 drivers
v000001cbfd2bae90_0 .net "rden2", 0 0, L_000001cbfd440e00;  alias, 1 drivers
v000001cbfd2ba850_0 .net "rst", 0 0, o000001cbfd2438d8;  alias, 0 drivers
v000001cbfd2b9130_0 .net "wren", 0 0, L_000001cbfd43ef60;  alias, 1 drivers
S_000001cbfd2c43e0 .scope module, "cell_dff" "dff" 5 19, 6 4 0, S_000001cbfd2c5380;
 .timescale 0 0;
    .port_info 0 /OUTPUT 1 "q";
    .port_info 1 /INPUT 1 "d";
    .port_info 2 /INPUT 1 "wen";
    .port_info 3 /INPUT 1 "clk";
    .port_info 4 /INPUT 1 "rst";
v000001cbfd2b9590_0 .net "clk", 0 0, o000001cbfd243848;  alias, 0 drivers
v000001cbfd2baf30_0 .net "d", 0 0, L_000001cbfd435dc0;  alias, 1 drivers
v000001cbfd2b9810_0 .var "q", 0 0;
v000001cbfd2bb110_0 .net "rst", 0 0, o000001cbfd2438d8;  alias, 0 drivers
v000001cbfd2ba0d0_0 .net "wen", 0 0, L_000001cbfd43ef60;  alias, 1 drivers
S_000001cbfd2c4700 .scope module, "bitcells[12]" "bit_cell" 4 14, 5 4 0, S_000001cbfd2a2b00;
 .timescale 0 0;
    .port_info 0 /INPUT 1 "clk";
    .port_info 1 /INPUT 1 "rst";
    .port_info 2 /INPUT 1 "d";
    .port_info 3 /INPUT 1 "wren";
    .port_info 4 /INPUT 1 "rden1";
    .port_info 5 /INPUT 1 "rden2";
    .port_info 6 /INOUT 1 "bitline1";
    .port_info 7 /INOUT 1 "bitline2";
L_000001cbfd1814a0 .functor BUFIF1 1, v000001cbfd2b98b0_0, L_000001cbfd441e40, C4<0>, C4<0>;
L_000001cbfd181cf0 .functor BUFIF1 1, v000001cbfd2b98b0_0, L_000001cbfd440e00, C4<0>, C4<0>;
v000001cbfd2b91d0_0 .net8 "bitline1", 0 0, p000001cbfd24cb78;  1 drivers, strength-aware
v000001cbfd2b99f0_0 .net8 "bitline2", 0 0, p000001cbfd24cba8;  1 drivers, strength-aware
v000001cbfd2bb610_0 .net "clk", 0 0, o000001cbfd243848;  alias, 0 drivers
v000001cbfd2b9e50_0 .net "d", 0 0, L_000001cbfd438480;  1 drivers
v000001cbfd2bac10_0 .net "q", 0 0, v000001cbfd2b98b0_0;  1 drivers
v000001cbfd2bb570_0 .net "rden1", 0 0, L_000001cbfd441e40;  alias, 1 drivers
v000001cbfd2bb430_0 .net "rden2", 0 0, L_000001cbfd440e00;  alias, 1 drivers
v000001cbfd2b9630_0 .net "rst", 0 0, o000001cbfd2438d8;  alias, 0 drivers
v000001cbfd2b8f50_0 .net "wren", 0 0, L_000001cbfd43ef60;  alias, 1 drivers
S_000001cbfd2c56a0 .scope module, "cell_dff" "dff" 5 19, 6 4 0, S_000001cbfd2c4700;
 .timescale 0 0;
    .port_info 0 /OUTPUT 1 "q";
    .port_info 1 /INPUT 1 "d";
    .port_info 2 /INPUT 1 "wen";
    .port_info 3 /INPUT 1 "clk";
    .port_info 4 /INPUT 1 "rst";
v000001cbfd2bb6b0_0 .net "clk", 0 0, o000001cbfd243848;  alias, 0 drivers
v000001cbfd2bb2f0_0 .net "d", 0 0, L_000001cbfd438480;  alias, 1 drivers
v000001cbfd2b98b0_0 .var "q", 0 0;
v000001cbfd2b9f90_0 .net "rst", 0 0, o000001cbfd2438d8;  alias, 0 drivers
v000001cbfd2b9950_0 .net "wen", 0 0, L_000001cbfd43ef60;  alias, 1 drivers
S_000001cbfd2c5510 .scope module, "bitcells[13]" "bit_cell" 4 14, 5 4 0, S_000001cbfd2a2b00;
 .timescale 0 0;
    .port_info 0 /INPUT 1 "clk";
    .port_info 1 /INPUT 1 "rst";
    .port_info 2 /INPUT 1 "d";
    .port_info 3 /INPUT 1 "wren";
    .port_info 4 /INPUT 1 "rden1";
    .port_info 5 /INPUT 1 "rden2";
    .port_info 6 /INOUT 1 "bitline1";
    .port_info 7 /INOUT 1 "bitline2";
L_000001cbfd181d60 .functor BUFIF1 1, v000001cbfd2b9270_0, L_000001cbfd441e40, C4<0>, C4<0>;
L_000001cbfd197b70 .functor BUFIF1 1, v000001cbfd2b9270_0, L_000001cbfd440e00, C4<0>, C4<0>;
v000001cbfd2bb4d0_0 .net8 "bitline1", 0 0, p000001cbfd24cea8;  1 drivers, strength-aware
v000001cbfd2b9090_0 .net8 "bitline2", 0 0, p000001cbfd24ced8;  1 drivers, strength-aware
v000001cbfd2ba990_0 .net "clk", 0 0, o000001cbfd243848;  alias, 0 drivers
v000001cbfd2b94f0_0 .net "d", 0 0, L_000001cbfd436a40;  1 drivers
v000001cbfd2b9b30_0 .net "q", 0 0, v000001cbfd2b9270_0;  1 drivers
v000001cbfd2baad0_0 .net "rden1", 0 0, L_000001cbfd441e40;  alias, 1 drivers
v000001cbfd2b9310_0 .net "rden2", 0 0, L_000001cbfd440e00;  alias, 1 drivers
v000001cbfd2b93b0_0 .net "rst", 0 0, o000001cbfd2438d8;  alias, 0 drivers
v000001cbfd2b9450_0 .net "wren", 0 0, L_000001cbfd43ef60;  alias, 1 drivers
S_000001cbfd2c5830 .scope module, "cell_dff" "dff" 5 19, 6 4 0, S_000001cbfd2c5510;
 .timescale 0 0;
    .port_info 0 /OUTPUT 1 "q";
    .port_info 1 /INPUT 1 "d";
    .port_info 2 /INPUT 1 "wen";
    .port_info 3 /INPUT 1 "clk";
    .port_info 4 /INPUT 1 "rst";
v000001cbfd2b9a90_0 .net "clk", 0 0, o000001cbfd243848;  alias, 0 drivers
v000001cbfd2bb390_0 .net "d", 0 0, L_000001cbfd436a40;  alias, 1 drivers
v000001cbfd2b9270_0 .var "q", 0 0;
v000001cbfd2b96d0_0 .net "rst", 0 0, o000001cbfd2438d8;  alias, 0 drivers
v000001cbfd2b8ff0_0 .net "wen", 0 0, L_000001cbfd43ef60;  alias, 1 drivers
S_000001cbfd2c4ed0 .scope module, "bitcells[14]" "bit_cell" 4 14, 5 4 0, S_000001cbfd2a2b00;
 .timescale 0 0;
    .port_info 0 /INPUT 1 "clk";
    .port_info 1 /INPUT 1 "rst";
    .port_info 2 /INPUT 1 "d";
    .port_info 3 /INPUT 1 "wren";
    .port_info 4 /INPUT 1 "rden1";
    .port_info 5 /INPUT 1 "rden2";
    .port_info 6 /INOUT 1 "bitline1";
    .port_info 7 /INOUT 1 "bitline2";
L_000001cbfd197940 .functor BUFIF1 1, v000001cbfd2ba350_0, L_000001cbfd441e40, C4<0>, C4<0>;
L_000001cbfd197a20 .functor BUFIF1 1, v000001cbfd2ba350_0, L_000001cbfd440e00, C4<0>, C4<0>;
v000001cbfd2b9d10_0 .net8 "bitline1", 0 0, p000001cbfd24d1d8;  1 drivers, strength-aware
v000001cbfd2b9ef0_0 .net8 "bitline2", 0 0, p000001cbfd24d208;  1 drivers, strength-aware
v000001cbfd2ba030_0 .net "clk", 0 0, o000001cbfd243848;  alias, 0 drivers
v000001cbfd2ba170_0 .net "d", 0 0, L_000001cbfd4365e0;  1 drivers
v000001cbfd2ba490_0 .net "q", 0 0, v000001cbfd2ba350_0;  1 drivers
v000001cbfd2ba210_0 .net "rden1", 0 0, L_000001cbfd441e40;  alias, 1 drivers
v000001cbfd2ba530_0 .net "rden2", 0 0, L_000001cbfd440e00;  alias, 1 drivers
v000001cbfd2bad50_0 .net "rst", 0 0, o000001cbfd2438d8;  alias, 0 drivers
v000001cbfd2ba2b0_0 .net "wren", 0 0, L_000001cbfd43ef60;  alias, 1 drivers
S_000001cbfd2c68a0 .scope module, "cell_dff" "dff" 5 19, 6 4 0, S_000001cbfd2c4ed0;
 .timescale 0 0;
    .port_info 0 /OUTPUT 1 "q";
    .port_info 1 /INPUT 1 "d";
    .port_info 2 /INPUT 1 "wen";
    .port_info 3 /INPUT 1 "clk";
    .port_info 4 /INPUT 1 "rst";
v000001cbfd2b9c70_0 .net "clk", 0 0, o000001cbfd243848;  alias, 0 drivers
v000001cbfd2ba8f0_0 .net "d", 0 0, L_000001cbfd4365e0;  alias, 1 drivers
v000001cbfd2ba350_0 .var "q", 0 0;
v000001cbfd2ba3f0_0 .net "rst", 0 0, o000001cbfd2438d8;  alias, 0 drivers
v000001cbfd2bacb0_0 .net "wen", 0 0, L_000001cbfd43ef60;  alias, 1 drivers
S_000001cbfd2c7390 .scope module, "bitcells[15]" "bit_cell" 4 14, 5 4 0, S_000001cbfd2a2b00;
 .timescale 0 0;
    .port_info 0 /INPUT 1 "clk";
    .port_info 1 /INPUT 1 "rst";
    .port_info 2 /INPUT 1 "d";
    .port_info 3 /INPUT 1 "wren";
    .port_info 4 /INPUT 1 "rden1";
    .port_info 5 /INPUT 1 "rden2";
    .port_info 6 /INOUT 1 "bitline1";
    .port_info 7 /INOUT 1 "bitline2";
L_000001cbfd196600 .functor BUFIF1 1, v000001cbfd2ba670_0, L_000001cbfd441e40, C4<0>, C4<0>;
L_000001cbfd1974e0 .functor BUFIF1 1, v000001cbfd2ba670_0, L_000001cbfd440e00, C4<0>, C4<0>;
v000001cbfd2bc3d0_0 .net8 "bitline1", 0 0, p000001cbfd24d508;  1 drivers, strength-aware
v000001cbfd2bd7d0_0 .net8 "bitline2", 0 0, p000001cbfd24d538;  1 drivers, strength-aware
v000001cbfd2bc5b0_0 .net "clk", 0 0, o000001cbfd243848;  alias, 0 drivers
v000001cbfd2bd9b0_0 .net "d", 0 0, L_000001cbfd4360e0;  1 drivers
v000001cbfd2bc470_0 .net "q", 0 0, v000001cbfd2ba670_0;  1 drivers
v000001cbfd2bd870_0 .net "rden1", 0 0, L_000001cbfd441e40;  alias, 1 drivers
v000001cbfd2bbc50_0 .net "rden2", 0 0, L_000001cbfd440e00;  alias, 1 drivers
v000001cbfd2bcfb0_0 .net "rst", 0 0, o000001cbfd2438d8;  alias, 0 drivers
v000001cbfd2bd910_0 .net "wren", 0 0, L_000001cbfd43ef60;  alias, 1 drivers
S_000001cbfd2c79d0 .scope module, "cell_dff" "dff" 5 19, 6 4 0, S_000001cbfd2c7390;
 .timescale 0 0;
    .port_info 0 /OUTPUT 1 "q";
    .port_info 1 /INPUT 1 "d";
    .port_info 2 /INPUT 1 "wen";
    .port_info 3 /INPUT 1 "clk";
    .port_info 4 /INPUT 1 "rst";
v000001cbfd2badf0_0 .net "clk", 0 0, o000001cbfd243848;  alias, 0 drivers
v000001cbfd2ba5d0_0 .net "d", 0 0, L_000001cbfd4360e0;  alias, 1 drivers
v000001cbfd2ba670_0 .var "q", 0 0;
v000001cbfd2ba710_0 .net "rst", 0 0, o000001cbfd2438d8;  alias, 0 drivers
v000001cbfd2ba7b0_0 .net "wen", 0 0, L_000001cbfd43ef60;  alias, 1 drivers
S_000001cbfd2c7520 .scope module, "registers[3]" "register" 2 36, 4 4 0, S_000001cbfcbd3120;
 .timescale 0 0;
    .port_info 0 /INPUT 1 "clk";
    .port_info 1 /INPUT 1 "rst";
    .port_info 2 /INPUT 16 "d";
    .port_info 3 /INPUT 1 "write_reg";
    .port_info 4 /INPUT 1 "rden1";
    .port_info 5 /INPUT 1 "rden2";
    .port_info 6 /INOUT 16 "bitline1";
    .port_info 7 /INOUT 16 "bitline2";
v000001cbfd2d2cc0_0 .net8 "bitline1", 15 0, p000001cbfd246c38;  alias, 0 drivers, strength-aware
v000001cbfd2d2ae0_0 .net8 "bitline2", 15 0, p000001cbfd246c68;  alias, 0 drivers, strength-aware
v000001cbfd2d3da0_0 .net "clk", 0 0, o000001cbfd243848;  alias, 0 drivers
v000001cbfd2d4660_0 .net "d", 15 0, o000001cbfd246c98;  alias, 0 drivers
v000001cbfd2d2ea0_0 .net "rden1", 0 0, L_000001cbfd4400e0;  1 drivers
v000001cbfd2d3e40_0 .net "rden2", 0 0, L_000001cbfd440680;  1 drivers
v000001cbfd2d2e00_0 .net "rst", 0 0, o000001cbfd2438d8;  alias, 0 drivers
v000001cbfd2d3ee0_0 .net "write_reg", 0 0, L_000001cbfd43f000;  1 drivers
L_000001cbfd436180 .part o000001cbfd246c98, 0, 1;
L_000001cbfd436f40 .part o000001cbfd246c98, 1, 1;
L_000001cbfd437940 .part o000001cbfd246c98, 2, 1;
L_000001cbfd435d20 .part o000001cbfd246c98, 3, 1;
L_000001cbfd4374e0 .part o000001cbfd246c98, 4, 1;
L_000001cbfd4362c0 .part o000001cbfd246c98, 5, 1;
L_000001cbfd436360 .part o000001cbfd246c98, 6, 1;
L_000001cbfd4364a0 .part o000001cbfd246c98, 7, 1;
L_000001cbfd436540 .part o000001cbfd246c98, 8, 1;
L_000001cbfd4369a0 .part o000001cbfd246c98, 9, 1;
L_000001cbfd436ae0 .part o000001cbfd246c98, 10, 1;
L_000001cbfd436b80 .part o000001cbfd246c98, 11, 1;
L_000001cbfd436c20 .part o000001cbfd246c98, 12, 1;
L_000001cbfd4371c0 .part o000001cbfd246c98, 13, 1;
L_000001cbfd436cc0 .part o000001cbfd246c98, 14, 1;
L_000001cbfd436e00 .part o000001cbfd246c98, 15, 1;
p000001cbfd24d9e8 .port I000001cbfd121800, L_000001cbfd195e90;
 .tranvp 16 1 0, I000001cbfd121800, p000001cbfd246c38 p000001cbfd24d9e8;
p000001cbfd24dd78 .port I000001cbfd121800, L_000001cbfd195cd0;
 .tranvp 16 1 1, I000001cbfd121800, p000001cbfd246c38 p000001cbfd24dd78;
p000001cbfd24e0a8 .port I000001cbfd121800, L_000001cbfd196bb0;
 .tranvp 16 1 2, I000001cbfd121800, p000001cbfd246c38 p000001cbfd24e0a8;
p000001cbfd24e3d8 .port I000001cbfd121800, L_000001cbfd196c90;
 .tranvp 16 1 3, I000001cbfd121800, p000001cbfd246c38 p000001cbfd24e3d8;
p000001cbfd24e708 .port I000001cbfd121800, L_000001cbfd197710;
 .tranvp 16 1 4, I000001cbfd121800, p000001cbfd246c38 p000001cbfd24e708;
p000001cbfd24ea38 .port I000001cbfd121800, L_000001cbfd195f00;
 .tranvp 16 1 5, I000001cbfd121800, p000001cbfd246c38 p000001cbfd24ea38;
p000001cbfd24ed68 .port I000001cbfd121800, L_000001cbfd1977f0;
 .tranvp 16 1 6, I000001cbfd121800, p000001cbfd246c38 p000001cbfd24ed68;
p000001cbfd24f098 .port I000001cbfd121800, L_000001cbfd196050;
 .tranvp 16 1 7, I000001cbfd121800, p000001cbfd246c38 p000001cbfd24f098;
p000001cbfd24f3c8 .port I000001cbfd121800, L_000001cbfd196910;
 .tranvp 16 1 8, I000001cbfd121800, p000001cbfd246c38 p000001cbfd24f3c8;
p000001cbfd24f6f8 .port I000001cbfd121800, L_000001cbfd196280;
 .tranvp 16 1 9, I000001cbfd121800, p000001cbfd246c38 p000001cbfd24f6f8;
p000001cbfd24fa28 .port I000001cbfd121800, L_000001cbfd1a4bd0;
 .tranvp 16 1 10, I000001cbfd121800, p000001cbfd246c38 p000001cbfd24fa28;
p000001cbfd24fd58 .port I000001cbfd121800, L_000001cbfd1a3a50;
 .tranvp 16 1 11, I000001cbfd121800, p000001cbfd246c38 p000001cbfd24fd58;
p000001cbfd250088 .port I000001cbfd121800, L_000001cbfd1a37b0;
 .tranvp 16 1 12, I000001cbfd121800, p000001cbfd246c38 p000001cbfd250088;
p000001cbfd2503b8 .port I000001cbfd121800, L_000001cbfd1a3270;
 .tranvp 16 1 13, I000001cbfd121800, p000001cbfd246c38 p000001cbfd2503b8;
p000001cbfd2506e8 .port I000001cbfd121800, L_000001cbfd1a3510;
 .tranvp 16 1 14, I000001cbfd121800, p000001cbfd246c38 p000001cbfd2506e8;
p000001cbfd250a18 .port I000001cbfd121800, L_000001cbfd1a44d0;
 .tranvp 16 1 15, I000001cbfd121800, p000001cbfd246c38 p000001cbfd250a18;
p000001cbfd24da18 .port I000001cbfd121380, L_000001cbfd1962f0;
 .tranvp 16 1 0, I000001cbfd121380, p000001cbfd246c68 p000001cbfd24da18;
p000001cbfd24dda8 .port I000001cbfd121380, L_000001cbfd196830;
 .tranvp 16 1 1, I000001cbfd121380, p000001cbfd246c68 p000001cbfd24dda8;
p000001cbfd24e0d8 .port I000001cbfd121380, L_000001cbfd195f70;
 .tranvp 16 1 2, I000001cbfd121380, p000001cbfd246c68 p000001cbfd24e0d8;
p000001cbfd24e408 .port I000001cbfd121380, L_000001cbfd196de0;
 .tranvp 16 1 3, I000001cbfd121380, p000001cbfd246c68 p000001cbfd24e408;
p000001cbfd24e738 .port I000001cbfd121380, L_000001cbfd195d40;
 .tranvp 16 1 4, I000001cbfd121380, p000001cbfd246c68 p000001cbfd24e738;
p000001cbfd24ea68 .port I000001cbfd121380, L_000001cbfd197630;
 .tranvp 16 1 5, I000001cbfd121380, p000001cbfd246c68 p000001cbfd24ea68;
p000001cbfd24ed98 .port I000001cbfd121380, L_000001cbfd197860;
 .tranvp 16 1 6, I000001cbfd121380, p000001cbfd246c68 p000001cbfd24ed98;
p000001cbfd24f0c8 .port I000001cbfd121380, L_000001cbfd1960c0;
 .tranvp 16 1 7, I000001cbfd121380, p000001cbfd246c68 p000001cbfd24f0c8;
p000001cbfd24f3f8 .port I000001cbfd121380, L_000001cbfd1961a0;
 .tranvp 16 1 8, I000001cbfd121380, p000001cbfd246c68 p000001cbfd24f3f8;
p000001cbfd24f728 .port I000001cbfd121380, L_000001cbfd1a49a0;
 .tranvp 16 1 9, I000001cbfd121380, p000001cbfd246c68 p000001cbfd24f728;
p000001cbfd24fa58 .port I000001cbfd121380, L_000001cbfd1a4b60;
 .tranvp 16 1 10, I000001cbfd121380, p000001cbfd246c68 p000001cbfd24fa58;
p000001cbfd24fd88 .port I000001cbfd121380, L_000001cbfd1a4850;
 .tranvp 16 1 11, I000001cbfd121380, p000001cbfd246c68 p000001cbfd24fd88;
p000001cbfd2500b8 .port I000001cbfd121380, L_000001cbfd1a4150;
 .tranvp 16 1 12, I000001cbfd121380, p000001cbfd246c68 p000001cbfd2500b8;
p000001cbfd2503e8 .port I000001cbfd121380, L_000001cbfd1a3f20;
 .tranvp 16 1 13, I000001cbfd121380, p000001cbfd246c68 p000001cbfd2503e8;
p000001cbfd250718 .port I000001cbfd121380, L_000001cbfd1a3ba0;
 .tranvp 16 1 14, I000001cbfd121380, p000001cbfd246c68 p000001cbfd250718;
p000001cbfd250a48 .port I000001cbfd121380, L_000001cbfd1a3ac0;
 .tranvp 16 1 15, I000001cbfd121380, p000001cbfd246c68 p000001cbfd250a48;
S_000001cbfd2c6580 .scope module, "bitcells[0]" "bit_cell" 4 14, 5 4 0, S_000001cbfd2c7520;
 .timescale 0 0;
    .port_info 0 /INPUT 1 "clk";
    .port_info 1 /INPUT 1 "rst";
    .port_info 2 /INPUT 1 "d";
    .port_info 3 /INPUT 1 "wren";
    .port_info 4 /INPUT 1 "rden1";
    .port_info 5 /INPUT 1 "rden2";
    .port_info 6 /INOUT 1 "bitline1";
    .port_info 7 /INOUT 1 "bitline2";
L_000001cbfd195e90 .functor BUFIF1 1, v000001cbfd2bd370_0, L_000001cbfd4400e0, C4<0>, C4<0>;
L_000001cbfd1962f0 .functor BUFIF1 1, v000001cbfd2bd370_0, L_000001cbfd440680, C4<0>, C4<0>;
v000001cbfd2bbbb0_0 .net8 "bitline1", 0 0, p000001cbfd24d9e8;  1 drivers, strength-aware
v000001cbfd2bdb90_0 .net8 "bitline2", 0 0, p000001cbfd24da18;  1 drivers, strength-aware
v000001cbfd2bd050_0 .net "clk", 0 0, o000001cbfd243848;  alias, 0 drivers
v000001cbfd2bdcd0_0 .net "d", 0 0, L_000001cbfd436180;  1 drivers
v000001cbfd2bb930_0 .net "q", 0 0, v000001cbfd2bd370_0;  1 drivers
v000001cbfd2bbd90_0 .net "rden1", 0 0, L_000001cbfd4400e0;  alias, 1 drivers
v000001cbfd2bbe30_0 .net "rden2", 0 0, L_000001cbfd440680;  alias, 1 drivers
v000001cbfd2bc650_0 .net "rst", 0 0, o000001cbfd2438d8;  alias, 0 drivers
v000001cbfd2bb890_0 .net "wren", 0 0, L_000001cbfd43f000;  alias, 1 drivers
S_000001cbfd2c6ee0 .scope module, "cell_dff" "dff" 5 19, 6 4 0, S_000001cbfd2c6580;
 .timescale 0 0;
    .port_info 0 /OUTPUT 1 "q";
    .port_info 1 /INPUT 1 "d";
    .port_info 2 /INPUT 1 "wen";
    .port_info 3 /INPUT 1 "clk";
    .port_info 4 /INPUT 1 "rst";
v000001cbfd2bdc30_0 .net "clk", 0 0, o000001cbfd243848;  alias, 0 drivers
v000001cbfd2bde10_0 .net "d", 0 0, L_000001cbfd436180;  alias, 1 drivers
v000001cbfd2bd370_0 .var "q", 0 0;
v000001cbfd2bdaf0_0 .net "rst", 0 0, o000001cbfd2438d8;  alias, 0 drivers
v000001cbfd2bbcf0_0 .net "wen", 0 0, L_000001cbfd43f000;  alias, 1 drivers
S_000001cbfd2c6260 .scope module, "bitcells[1]" "bit_cell" 4 14, 5 4 0, S_000001cbfd2c7520;
 .timescale 0 0;
    .port_info 0 /INPUT 1 "clk";
    .port_info 1 /INPUT 1 "rst";
    .port_info 2 /INPUT 1 "d";
    .port_info 3 /INPUT 1 "wren";
    .port_info 4 /INPUT 1 "rden1";
    .port_info 5 /INPUT 1 "rden2";
    .port_info 6 /INOUT 1 "bitline1";
    .port_info 7 /INOUT 1 "bitline2";
L_000001cbfd195cd0 .functor BUFIF1 1, v000001cbfd2bb750_0, L_000001cbfd4400e0, C4<0>, C4<0>;
L_000001cbfd196830 .functor BUFIF1 1, v000001cbfd2bb750_0, L_000001cbfd440680, C4<0>, C4<0>;
v000001cbfd2bdd70_0 .net8 "bitline1", 0 0, p000001cbfd24dd78;  1 drivers, strength-aware
v000001cbfd2bd0f0_0 .net8 "bitline2", 0 0, p000001cbfd24dda8;  1 drivers, strength-aware
v000001cbfd2bcb50_0 .net "clk", 0 0, o000001cbfd243848;  alias, 0 drivers
v000001cbfd2bc6f0_0 .net "d", 0 0, L_000001cbfd436f40;  1 drivers
v000001cbfd2bd190_0 .net "q", 0 0, v000001cbfd2bb750_0;  1 drivers
v000001cbfd2bbed0_0 .net "rden1", 0 0, L_000001cbfd4400e0;  alias, 1 drivers
v000001cbfd2bba70_0 .net "rden2", 0 0, L_000001cbfd440680;  alias, 1 drivers
v000001cbfd2bb7f0_0 .net "rst", 0 0, o000001cbfd2438d8;  alias, 0 drivers
v000001cbfd2bc0b0_0 .net "wren", 0 0, L_000001cbfd43f000;  alias, 1 drivers
S_000001cbfd2c7840 .scope module, "cell_dff" "dff" 5 19, 6 4 0, S_000001cbfd2c6260;
 .timescale 0 0;
    .port_info 0 /OUTPUT 1 "q";
    .port_info 1 /INPUT 1 "d";
    .port_info 2 /INPUT 1 "wen";
    .port_info 3 /INPUT 1 "clk";
    .port_info 4 /INPUT 1 "rst";
v000001cbfd2bd4b0_0 .net "clk", 0 0, o000001cbfd243848;  alias, 0 drivers
v000001cbfd2bc290_0 .net "d", 0 0, L_000001cbfd436f40;  alias, 1 drivers
v000001cbfd2bb750_0 .var "q", 0 0;
v000001cbfd2bc8d0_0 .net "rst", 0 0, o000001cbfd2438d8;  alias, 0 drivers
v000001cbfd2bd550_0 .net "wen", 0 0, L_000001cbfd43f000;  alias, 1 drivers
S_000001cbfd2c6710 .scope module, "bitcells[2]" "bit_cell" 4 14, 5 4 0, S_000001cbfd2c7520;
 .timescale 0 0;
    .port_info 0 /INPUT 1 "clk";
    .port_info 1 /INPUT 1 "rst";
    .port_info 2 /INPUT 1 "d";
    .port_info 3 /INPUT 1 "wren";
    .port_info 4 /INPUT 1 "rden1";
    .port_info 5 /INPUT 1 "rden2";
    .port_info 6 /INOUT 1 "bitline1";
    .port_info 7 /INOUT 1 "bitline2";
L_000001cbfd196bb0 .functor BUFIF1 1, v000001cbfd2bcbf0_0, L_000001cbfd4400e0, C4<0>, C4<0>;
L_000001cbfd195f70 .functor BUFIF1 1, v000001cbfd2bcbf0_0, L_000001cbfd440680, C4<0>, C4<0>;
v000001cbfd2bc010_0 .net8 "bitline1", 0 0, p000001cbfd24e0a8;  1 drivers, strength-aware
v000001cbfd2bc1f0_0 .net8 "bitline2", 0 0, p000001cbfd24e0d8;  1 drivers, strength-aware
v000001cbfd2bc330_0 .net "clk", 0 0, o000001cbfd243848;  alias, 0 drivers
v000001cbfd2bd2d0_0 .net "d", 0 0, L_000001cbfd437940;  1 drivers
v000001cbfd2bc510_0 .net "q", 0 0, v000001cbfd2bcbf0_0;  1 drivers
v000001cbfd2bc790_0 .net "rden1", 0 0, L_000001cbfd4400e0;  alias, 1 drivers
v000001cbfd2bd690_0 .net "rden2", 0 0, L_000001cbfd440680;  alias, 1 drivers
v000001cbfd2bc830_0 .net "rst", 0 0, o000001cbfd2438d8;  alias, 0 drivers
v000001cbfd2bcab0_0 .net "wren", 0 0, L_000001cbfd43f000;  alias, 1 drivers
S_000001cbfd2c6a30 .scope module, "cell_dff" "dff" 5 19, 6 4 0, S_000001cbfd2c6710;
 .timescale 0 0;
    .port_info 0 /OUTPUT 1 "q";
    .port_info 1 /INPUT 1 "d";
    .port_info 2 /INPUT 1 "wen";
    .port_info 3 /INPUT 1 "clk";
    .port_info 4 /INPUT 1 "rst";
v000001cbfd2bd230_0 .net "clk", 0 0, o000001cbfd243848;  alias, 0 drivers
v000001cbfd2bbf70_0 .net "d", 0 0, L_000001cbfd437940;  alias, 1 drivers
v000001cbfd2bcbf0_0 .var "q", 0 0;
v000001cbfd2bca10_0 .net "rst", 0 0, o000001cbfd2438d8;  alias, 0 drivers
v000001cbfd2bbb10_0 .net "wen", 0 0, L_000001cbfd43f000;  alias, 1 drivers
S_000001cbfd2c6bc0 .scope module, "bitcells[3]" "bit_cell" 4 14, 5 4 0, S_000001cbfd2c7520;
 .timescale 0 0;
    .port_info 0 /INPUT 1 "clk";
    .port_info 1 /INPUT 1 "rst";
    .port_info 2 /INPUT 1 "d";
    .port_info 3 /INPUT 1 "wren";
    .port_info 4 /INPUT 1 "rden1";
    .port_info 5 /INPUT 1 "rden2";
    .port_info 6 /INOUT 1 "bitline1";
    .port_info 7 /INOUT 1 "bitline2";
L_000001cbfd196c90 .functor BUFIF1 1, v000001cbfd2bcdd0_0, L_000001cbfd4400e0, C4<0>, C4<0>;
L_000001cbfd196de0 .functor BUFIF1 1, v000001cbfd2bcdd0_0, L_000001cbfd440680, C4<0>, C4<0>;
v000001cbfd2bffd0_0 .net8 "bitline1", 0 0, p000001cbfd24e3d8;  1 drivers, strength-aware
v000001cbfd2bfcb0_0 .net8 "bitline2", 0 0, p000001cbfd24e408;  1 drivers, strength-aware
v000001cbfd2c0390_0 .net "clk", 0 0, o000001cbfd243848;  alias, 0 drivers
v000001cbfd2bfc10_0 .net "d", 0 0, L_000001cbfd435d20;  1 drivers
v000001cbfd2be3b0_0 .net "q", 0 0, v000001cbfd2bcdd0_0;  1 drivers
v000001cbfd2bea90_0 .net "rden1", 0 0, L_000001cbfd4400e0;  alias, 1 drivers
v000001cbfd2bef90_0 .net "rden2", 0 0, L_000001cbfd440680;  alias, 1 drivers
v000001cbfd2c02f0_0 .net "rst", 0 0, o000001cbfd2438d8;  alias, 0 drivers
v000001cbfd2c01b0_0 .net "wren", 0 0, L_000001cbfd43f000;  alias, 1 drivers
S_000001cbfd2c7b60 .scope module, "cell_dff" "dff" 5 19, 6 4 0, S_000001cbfd2c6bc0;
 .timescale 0 0;
    .port_info 0 /OUTPUT 1 "q";
    .port_info 1 /INPUT 1 "d";
    .port_info 2 /INPUT 1 "wen";
    .port_info 3 /INPUT 1 "clk";
    .port_info 4 /INPUT 1 "rst";
v000001cbfd2bcc90_0 .net "clk", 0 0, o000001cbfd243848;  alias, 0 drivers
v000001cbfd2bcd30_0 .net "d", 0 0, L_000001cbfd435d20;  alias, 1 drivers
v000001cbfd2bcdd0_0 .var "q", 0 0;
v000001cbfd2bce70_0 .net "rst", 0 0, o000001cbfd2438d8;  alias, 0 drivers
v000001cbfd2bd5f0_0 .net "wen", 0 0, L_000001cbfd43f000;  alias, 1 drivers
S_000001cbfd2c76b0 .scope module, "bitcells[4]" "bit_cell" 4 14, 5 4 0, S_000001cbfd2c7520;
 .timescale 0 0;
    .port_info 0 /INPUT 1 "clk";
    .port_info 1 /INPUT 1 "rst";
    .port_info 2 /INPUT 1 "d";
    .port_info 3 /INPUT 1 "wren";
    .port_info 4 /INPUT 1 "rden1";
    .port_info 5 /INPUT 1 "rden2";
    .port_info 6 /INOUT 1 "bitline1";
    .port_info 7 /INOUT 1 "bitline2";
L_000001cbfd197710 .functor BUFIF1 1, v000001cbfd2bfb70_0, L_000001cbfd4400e0, C4<0>, C4<0>;
L_000001cbfd195d40 .functor BUFIF1 1, v000001cbfd2bfb70_0, L_000001cbfd440680, C4<0>, C4<0>;
v000001cbfd2bfa30_0 .net8 "bitline1", 0 0, p000001cbfd24e708;  1 drivers, strength-aware
v000001cbfd2bfd50_0 .net8 "bitline2", 0 0, p000001cbfd24e738;  1 drivers, strength-aware
v000001cbfd2bfdf0_0 .net "clk", 0 0, o000001cbfd243848;  alias, 0 drivers
v000001cbfd2be9f0_0 .net "d", 0 0, L_000001cbfd4374e0;  1 drivers
v000001cbfd2bf710_0 .net "q", 0 0, v000001cbfd2bfb70_0;  1 drivers
v000001cbfd2bfe90_0 .net "rden1", 0 0, L_000001cbfd4400e0;  alias, 1 drivers
v000001cbfd2be130_0 .net "rden2", 0 0, L_000001cbfd440680;  alias, 1 drivers
v000001cbfd2c0250_0 .net "rst", 0 0, o000001cbfd2438d8;  alias, 0 drivers
v000001cbfd2bebd0_0 .net "wren", 0 0, L_000001cbfd43f000;  alias, 1 drivers
S_000001cbfd2c5f40 .scope module, "cell_dff" "dff" 5 19, 6 4 0, S_000001cbfd2c76b0;
 .timescale 0 0;
    .port_info 0 /OUTPUT 1 "q";
    .port_info 1 /INPUT 1 "d";
    .port_info 2 /INPUT 1 "wen";
    .port_info 3 /INPUT 1 "clk";
    .port_info 4 /INPUT 1 "rst";
v000001cbfd2be090_0 .net "clk", 0 0, o000001cbfd243848;  alias, 0 drivers
v000001cbfd2c0430_0 .net "d", 0 0, L_000001cbfd4374e0;  alias, 1 drivers
v000001cbfd2bfb70_0 .var "q", 0 0;
v000001cbfd2beef0_0 .net "rst", 0 0, o000001cbfd2438d8;  alias, 0 drivers
v000001cbfd2be770_0 .net "wen", 0 0, L_000001cbfd43f000;  alias, 1 drivers
S_000001cbfd2c7200 .scope module, "bitcells[5]" "bit_cell" 4 14, 5 4 0, S_000001cbfd2c7520;
 .timescale 0 0;
    .port_info 0 /INPUT 1 "clk";
    .port_info 1 /INPUT 1 "rst";
    .port_info 2 /INPUT 1 "d";
    .port_info 3 /INPUT 1 "wren";
    .port_info 4 /INPUT 1 "rden1";
    .port_info 5 /INPUT 1 "rden2";
    .port_info 6 /INOUT 1 "bitline1";
    .port_info 7 /INOUT 1 "bitline2";
L_000001cbfd195f00 .functor BUFIF1 1, v000001cbfd2c04d0_0, L_000001cbfd4400e0, C4<0>, C4<0>;
L_000001cbfd197630 .functor BUFIF1 1, v000001cbfd2c04d0_0, L_000001cbfd440680, C4<0>, C4<0>;
v000001cbfd2bff30_0 .net8 "bitline1", 0 0, p000001cbfd24ea38;  1 drivers, strength-aware
v000001cbfd2bee50_0 .net8 "bitline2", 0 0, p000001cbfd24ea68;  1 drivers, strength-aware
v000001cbfd2c0570_0 .net "clk", 0 0, o000001cbfd243848;  alias, 0 drivers
v000001cbfd2bf210_0 .net "d", 0 0, L_000001cbfd4362c0;  1 drivers
v000001cbfd2c0610_0 .net "q", 0 0, v000001cbfd2c04d0_0;  1 drivers
v000001cbfd2be310_0 .net "rden1", 0 0, L_000001cbfd4400e0;  alias, 1 drivers
v000001cbfd2c06b0_0 .net "rden2", 0 0, L_000001cbfd440680;  alias, 1 drivers
v000001cbfd2be950_0 .net "rst", 0 0, o000001cbfd2438d8;  alias, 0 drivers
v000001cbfd2beb30_0 .net "wren", 0 0, L_000001cbfd43f000;  alias, 1 drivers
S_000001cbfd2c6d50 .scope module, "cell_dff" "dff" 5 19, 6 4 0, S_000001cbfd2c7200;
 .timescale 0 0;
    .port_info 0 /OUTPUT 1 "q";
    .port_info 1 /INPUT 1 "d";
    .port_info 2 /INPUT 1 "wen";
    .port_info 3 /INPUT 1 "clk";
    .port_info 4 /INPUT 1 "rst";
v000001cbfd2c0070_0 .net "clk", 0 0, o000001cbfd243848;  alias, 0 drivers
v000001cbfd2bf7b0_0 .net "d", 0 0, L_000001cbfd4362c0;  alias, 1 drivers
v000001cbfd2c04d0_0 .var "q", 0 0;
v000001cbfd2c0110_0 .net "rst", 0 0, o000001cbfd2438d8;  alias, 0 drivers
v000001cbfd2bf3f0_0 .net "wen", 0 0, L_000001cbfd43f000;  alias, 1 drivers
S_000001cbfd2c7cf0 .scope module, "bitcells[6]" "bit_cell" 4 14, 5 4 0, S_000001cbfd2c7520;
 .timescale 0 0;
    .port_info 0 /INPUT 1 "clk";
    .port_info 1 /INPUT 1 "rst";
    .port_info 2 /INPUT 1 "d";
    .port_info 3 /INPUT 1 "wren";
    .port_info 4 /INPUT 1 "rden1";
    .port_info 5 /INPUT 1 "rden2";
    .port_info 6 /INOUT 1 "bitline1";
    .port_info 7 /INOUT 1 "bitline2";
L_000001cbfd1977f0 .functor BUFIF1 1, v000001cbfd2bdff0_0, L_000001cbfd4400e0, C4<0>, C4<0>;
L_000001cbfd197860 .functor BUFIF1 1, v000001cbfd2bdff0_0, L_000001cbfd440680, C4<0>, C4<0>;
v000001cbfd2be270_0 .net8 "bitline1", 0 0, p000001cbfd24ed68;  1 drivers, strength-aware
v000001cbfd2be8b0_0 .net8 "bitline2", 0 0, p000001cbfd24ed98;  1 drivers, strength-aware
v000001cbfd2be4f0_0 .net "clk", 0 0, o000001cbfd243848;  alias, 0 drivers
v000001cbfd2be450_0 .net "d", 0 0, L_000001cbfd436360;  1 drivers
v000001cbfd2be590_0 .net "q", 0 0, v000001cbfd2bdff0_0;  1 drivers
v000001cbfd2bf2b0_0 .net "rden1", 0 0, L_000001cbfd4400e0;  alias, 1 drivers
v000001cbfd2be630_0 .net "rden2", 0 0, L_000001cbfd440680;  alias, 1 drivers
v000001cbfd2be6d0_0 .net "rst", 0 0, o000001cbfd2438d8;  alias, 0 drivers
v000001cbfd2be810_0 .net "wren", 0 0, L_000001cbfd43f000;  alias, 1 drivers
S_000001cbfd2c63f0 .scope module, "cell_dff" "dff" 5 19, 6 4 0, S_000001cbfd2c7cf0;
 .timescale 0 0;
    .port_info 0 /OUTPUT 1 "q";
    .port_info 1 /INPUT 1 "d";
    .port_info 2 /INPUT 1 "wen";
    .port_info 3 /INPUT 1 "clk";
    .port_info 4 /INPUT 1 "rst";
v000001cbfd2be1d0_0 .net "clk", 0 0, o000001cbfd243848;  alias, 0 drivers
v000001cbfd2bdf50_0 .net "d", 0 0, L_000001cbfd436360;  alias, 1 drivers
v000001cbfd2bdff0_0 .var "q", 0 0;
v000001cbfd2bf030_0 .net "rst", 0 0, o000001cbfd2438d8;  alias, 0 drivers
v000001cbfd2bf490_0 .net "wen", 0 0, L_000001cbfd43f000;  alias, 1 drivers
S_000001cbfd2c60d0 .scope module, "bitcells[7]" "bit_cell" 4 14, 5 4 0, S_000001cbfd2c7520;
 .timescale 0 0;
    .port_info 0 /INPUT 1 "clk";
    .port_info 1 /INPUT 1 "rst";
    .port_info 2 /INPUT 1 "d";
    .port_info 3 /INPUT 1 "wren";
    .port_info 4 /INPUT 1 "rden1";
    .port_info 5 /INPUT 1 "rden2";
    .port_info 6 /INOUT 1 "bitline1";
    .port_info 7 /INOUT 1 "bitline2";
L_000001cbfd196050 .functor BUFIF1 1, v000001cbfd2bedb0_0, L_000001cbfd4400e0, C4<0>, C4<0>;
L_000001cbfd1960c0 .functor BUFIF1 1, v000001cbfd2bedb0_0, L_000001cbfd440680, C4<0>, C4<0>;
v000001cbfd2bf0d0_0 .net8 "bitline1", 0 0, p000001cbfd24f098;  1 drivers, strength-aware
v000001cbfd2bf5d0_0 .net8 "bitline2", 0 0, p000001cbfd24f0c8;  1 drivers, strength-aware
v000001cbfd2bf8f0_0 .net "clk", 0 0, o000001cbfd243848;  alias, 0 drivers
v000001cbfd2bed10_0 .net "d", 0 0, L_000001cbfd4364a0;  1 drivers
v000001cbfd2bfad0_0 .net "q", 0 0, v000001cbfd2bedb0_0;  1 drivers
v000001cbfd2bf170_0 .net "rden1", 0 0, L_000001cbfd4400e0;  alias, 1 drivers
v000001cbfd2bf350_0 .net "rden2", 0 0, L_000001cbfd440680;  alias, 1 drivers
v000001cbfd2bf990_0 .net "rst", 0 0, o000001cbfd2438d8;  alias, 0 drivers
v000001cbfd2c24b0_0 .net "wren", 0 0, L_000001cbfd43f000;  alias, 1 drivers
S_000001cbfd2c7070 .scope module, "cell_dff" "dff" 5 19, 6 4 0, S_000001cbfd2c60d0;
 .timescale 0 0;
    .port_info 0 /OUTPUT 1 "q";
    .port_info 1 /INPUT 1 "d";
    .port_info 2 /INPUT 1 "wen";
    .port_info 3 /INPUT 1 "clk";
    .port_info 4 /INPUT 1 "rst";
v000001cbfd2bf530_0 .net "clk", 0 0, o000001cbfd243848;  alias, 0 drivers
v000001cbfd2bf670_0 .net "d", 0 0, L_000001cbfd4364a0;  alias, 1 drivers
v000001cbfd2bedb0_0 .var "q", 0 0;
v000001cbfd2bf850_0 .net "rst", 0 0, o000001cbfd2438d8;  alias, 0 drivers
v000001cbfd2bec70_0 .net "wen", 0 0, L_000001cbfd43f000;  alias, 1 drivers
S_000001cbfd2c8bd0 .scope module, "bitcells[8]" "bit_cell" 4 14, 5 4 0, S_000001cbfd2c7520;
 .timescale 0 0;
    .port_info 0 /INPUT 1 "clk";
    .port_info 1 /INPUT 1 "rst";
    .port_info 2 /INPUT 1 "d";
    .port_info 3 /INPUT 1 "wren";
    .port_info 4 /INPUT 1 "rden1";
    .port_info 5 /INPUT 1 "rden2";
    .port_info 6 /INOUT 1 "bitline1";
    .port_info 7 /INOUT 1 "bitline2";
L_000001cbfd196910 .functor BUFIF1 1, v000001cbfd2c1970_0, L_000001cbfd4400e0, C4<0>, C4<0>;
L_000001cbfd1961a0 .functor BUFIF1 1, v000001cbfd2c1970_0, L_000001cbfd440680, C4<0>, C4<0>;
v000001cbfd2c1470_0 .net8 "bitline1", 0 0, p000001cbfd24f3c8;  1 drivers, strength-aware
v000001cbfd2c2870_0 .net8 "bitline2", 0 0, p000001cbfd24f3f8;  1 drivers, strength-aware
v000001cbfd2c2910_0 .net "clk", 0 0, o000001cbfd243848;  alias, 0 drivers
v000001cbfd2c2050_0 .net "d", 0 0, L_000001cbfd436540;  1 drivers
v000001cbfd2c2410_0 .net "q", 0 0, v000001cbfd2c1970_0;  1 drivers
v000001cbfd2c1650_0 .net "rden1", 0 0, L_000001cbfd4400e0;  alias, 1 drivers
v000001cbfd2c0e30_0 .net "rden2", 0 0, L_000001cbfd440680;  alias, 1 drivers
v000001cbfd2c29b0_0 .net "rst", 0 0, o000001cbfd2438d8;  alias, 0 drivers
v000001cbfd2c1a10_0 .net "wren", 0 0, L_000001cbfd43f000;  alias, 1 drivers
S_000001cbfd2c9850 .scope module, "cell_dff" "dff" 5 19, 6 4 0, S_000001cbfd2c8bd0;
 .timescale 0 0;
    .port_info 0 /OUTPUT 1 "q";
    .port_info 1 /INPUT 1 "d";
    .port_info 2 /INPUT 1 "wen";
    .port_info 3 /INPUT 1 "clk";
    .port_info 4 /INPUT 1 "rst";
v000001cbfd2c1dd0_0 .net "clk", 0 0, o000001cbfd243848;  alias, 0 drivers
v000001cbfd2c18d0_0 .net "d", 0 0, L_000001cbfd436540;  alias, 1 drivers
v000001cbfd2c1970_0 .var "q", 0 0;
v000001cbfd2c1330_0 .net "rst", 0 0, o000001cbfd2438d8;  alias, 0 drivers
v000001cbfd2c2c30_0 .net "wen", 0 0, L_000001cbfd43f000;  alias, 1 drivers
S_000001cbfd2c99e0 .scope module, "bitcells[9]" "bit_cell" 4 14, 5 4 0, S_000001cbfd2c7520;
 .timescale 0 0;
    .port_info 0 /INPUT 1 "clk";
    .port_info 1 /INPUT 1 "rst";
    .port_info 2 /INPUT 1 "d";
    .port_info 3 /INPUT 1 "wren";
    .port_info 4 /INPUT 1 "rden1";
    .port_info 5 /INPUT 1 "rden2";
    .port_info 6 /INOUT 1 "bitline1";
    .port_info 7 /INOUT 1 "bitline2";
L_000001cbfd196280 .functor BUFIF1 1, v000001cbfd2c22d0_0, L_000001cbfd4400e0, C4<0>, C4<0>;
L_000001cbfd1a49a0 .functor BUFIF1 1, v000001cbfd2c22d0_0, L_000001cbfd440680, C4<0>, C4<0>;
v000001cbfd2c1c90_0 .net8 "bitline1", 0 0, p000001cbfd24f6f8;  1 drivers, strength-aware
v000001cbfd2c2550_0 .net8 "bitline2", 0 0, p000001cbfd24f728;  1 drivers, strength-aware
v000001cbfd2c0d90_0 .net "clk", 0 0, o000001cbfd243848;  alias, 0 drivers
v000001cbfd2c25f0_0 .net "d", 0 0, L_000001cbfd4369a0;  1 drivers
v000001cbfd2c2370_0 .net "q", 0 0, v000001cbfd2c22d0_0;  1 drivers
v000001cbfd2c2af0_0 .net "rden1", 0 0, L_000001cbfd4400e0;  alias, 1 drivers
v000001cbfd2c0cf0_0 .net "rden2", 0 0, L_000001cbfd440680;  alias, 1 drivers
v000001cbfd2c2690_0 .net "rst", 0 0, o000001cbfd2438d8;  alias, 0 drivers
v000001cbfd2c2730_0 .net "wren", 0 0, L_000001cbfd43f000;  alias, 1 drivers
S_000001cbfd2c9530 .scope module, "cell_dff" "dff" 5 19, 6 4 0, S_000001cbfd2c99e0;
 .timescale 0 0;
    .port_info 0 /OUTPUT 1 "q";
    .port_info 1 /INPUT 1 "d";
    .port_info 2 /INPUT 1 "wen";
    .port_info 3 /INPUT 1 "clk";
    .port_info 4 /INPUT 1 "rst";
v000001cbfd2c10b0_0 .net "clk", 0 0, o000001cbfd243848;  alias, 0 drivers
v000001cbfd2c2a50_0 .net "d", 0 0, L_000001cbfd4369a0;  alias, 1 drivers
v000001cbfd2c22d0_0 .var "q", 0 0;
v000001cbfd2c09d0_0 .net "rst", 0 0, o000001cbfd2438d8;  alias, 0 drivers
v000001cbfd2c11f0_0 .net "wen", 0 0, L_000001cbfd43f000;  alias, 1 drivers
S_000001cbfd2c8400 .scope module, "bitcells[10]" "bit_cell" 4 14, 5 4 0, S_000001cbfd2c7520;
 .timescale 0 0;
    .port_info 0 /INPUT 1 "clk";
    .port_info 1 /INPUT 1 "rst";
    .port_info 2 /INPUT 1 "d";
    .port_info 3 /INPUT 1 "wren";
    .port_info 4 /INPUT 1 "rden1";
    .port_info 5 /INPUT 1 "rden2";
    .port_info 6 /INOUT 1 "bitline1";
    .port_info 7 /INOUT 1 "bitline2";
L_000001cbfd1a4bd0 .functor BUFIF1 1, v000001cbfd2c0ed0_0, L_000001cbfd4400e0, C4<0>, C4<0>;
L_000001cbfd1a4b60 .functor BUFIF1 1, v000001cbfd2c0ed0_0, L_000001cbfd440680, C4<0>, C4<0>;
v000001cbfd2c1150_0 .net8 "bitline1", 0 0, p000001cbfd24fa28;  1 drivers, strength-aware
v000001cbfd2c2b90_0 .net8 "bitline2", 0 0, p000001cbfd24fa58;  1 drivers, strength-aware
v000001cbfd2c2d70_0 .net "clk", 0 0, o000001cbfd243848;  alias, 0 drivers
v000001cbfd2c1f10_0 .net "d", 0 0, L_000001cbfd436ae0;  1 drivers
v000001cbfd2c2cd0_0 .net "q", 0 0, v000001cbfd2c0ed0_0;  1 drivers
v000001cbfd2c2e10_0 .net "rden1", 0 0, L_000001cbfd4400e0;  alias, 1 drivers
v000001cbfd2c07f0_0 .net "rden2", 0 0, L_000001cbfd440680;  alias, 1 drivers
v000001cbfd2c1ab0_0 .net "rst", 0 0, o000001cbfd2438d8;  alias, 0 drivers
v000001cbfd2c1290_0 .net "wren", 0 0, L_000001cbfd43f000;  alias, 1 drivers
S_000001cbfd2c8ef0 .scope module, "cell_dff" "dff" 5 19, 6 4 0, S_000001cbfd2c8400;
 .timescale 0 0;
    .port_info 0 /OUTPUT 1 "q";
    .port_info 1 /INPUT 1 "d";
    .port_info 2 /INPUT 1 "wen";
    .port_info 3 /INPUT 1 "clk";
    .port_info 4 /INPUT 1 "rst";
v000001cbfd2c0750_0 .net "clk", 0 0, o000001cbfd243848;  alias, 0 drivers
v000001cbfd2c1830_0 .net "d", 0 0, L_000001cbfd436ae0;  alias, 1 drivers
v000001cbfd2c0ed0_0 .var "q", 0 0;
v000001cbfd2c27d0_0 .net "rst", 0 0, o000001cbfd2438d8;  alias, 0 drivers
v000001cbfd2c0c50_0 .net "wen", 0 0, L_000001cbfd43f000;  alias, 1 drivers
S_000001cbfd2c9b70 .scope module, "bitcells[11]" "bit_cell" 4 14, 5 4 0, S_000001cbfd2c7520;
 .timescale 0 0;
    .port_info 0 /INPUT 1 "clk";
    .port_info 1 /INPUT 1 "rst";
    .port_info 2 /INPUT 1 "d";
    .port_info 3 /INPUT 1 "wren";
    .port_info 4 /INPUT 1 "rden1";
    .port_info 5 /INPUT 1 "rden2";
    .port_info 6 /INOUT 1 "bitline1";
    .port_info 7 /INOUT 1 "bitline2";
L_000001cbfd1a3a50 .functor BUFIF1 1, v000001cbfd2c0890_0, L_000001cbfd4400e0, C4<0>, C4<0>;
L_000001cbfd1a4850 .functor BUFIF1 1, v000001cbfd2c0890_0, L_000001cbfd440680, C4<0>, C4<0>;
v000001cbfd2c1fb0_0 .net8 "bitline1", 0 0, p000001cbfd24fd58;  1 drivers, strength-aware
v000001cbfd2c1790_0 .net8 "bitline2", 0 0, p000001cbfd24fd88;  1 drivers, strength-aware
v000001cbfd2c0a70_0 .net "clk", 0 0, o000001cbfd243848;  alias, 0 drivers
v000001cbfd2c1510_0 .net "d", 0 0, L_000001cbfd436b80;  1 drivers
v000001cbfd2c0b10_0 .net "q", 0 0, v000001cbfd2c0890_0;  1 drivers
v000001cbfd2c0f70_0 .net "rden1", 0 0, L_000001cbfd4400e0;  alias, 1 drivers
v000001cbfd2c0bb0_0 .net "rden2", 0 0, L_000001cbfd440680;  alias, 1 drivers
v000001cbfd2c1010_0 .net "rst", 0 0, o000001cbfd2438d8;  alias, 0 drivers
v000001cbfd2c15b0_0 .net "wren", 0 0, L_000001cbfd43f000;  alias, 1 drivers
S_000001cbfd2c96c0 .scope module, "cell_dff" "dff" 5 19, 6 4 0, S_000001cbfd2c9b70;
 .timescale 0 0;
    .port_info 0 /OUTPUT 1 "q";
    .port_info 1 /INPUT 1 "d";
    .port_info 2 /INPUT 1 "wen";
    .port_info 3 /INPUT 1 "clk";
    .port_info 4 /INPUT 1 "rst";
v000001cbfd2c2190_0 .net "clk", 0 0, o000001cbfd243848;  alias, 0 drivers
v000001cbfd2c2eb0_0 .net "d", 0 0, L_000001cbfd436b80;  alias, 1 drivers
v000001cbfd2c0890_0 .var "q", 0 0;
v000001cbfd2c13d0_0 .net "rst", 0 0, o000001cbfd2438d8;  alias, 0 drivers
v000001cbfd2c0930_0 .net "wen", 0 0, L_000001cbfd43f000;  alias, 1 drivers
S_000001cbfd2c9d00 .scope module, "bitcells[12]" "bit_cell" 4 14, 5 4 0, S_000001cbfd2c7520;
 .timescale 0 0;
    .port_info 0 /INPUT 1 "clk";
    .port_info 1 /INPUT 1 "rst";
    .port_info 2 /INPUT 1 "d";
    .port_info 3 /INPUT 1 "wren";
    .port_info 4 /INPUT 1 "rden1";
    .port_info 5 /INPUT 1 "rden2";
    .port_info 6 /INOUT 1 "bitline1";
    .port_info 7 /INOUT 1 "bitline2";
L_000001cbfd1a37b0 .functor BUFIF1 1, v000001cbfd2c1bf0_0, L_000001cbfd4400e0, C4<0>, C4<0>;
L_000001cbfd1a4150 .functor BUFIF1 1, v000001cbfd2c1bf0_0, L_000001cbfd440680, C4<0>, C4<0>;
v000001cbfd2c20f0_0 .net8 "bitline1", 0 0, p000001cbfd250088;  1 drivers, strength-aware
v000001cbfd2c2230_0 .net8 "bitline2", 0 0, p000001cbfd2500b8;  1 drivers, strength-aware
v000001cbfd2c3bd0_0 .net "clk", 0 0, o000001cbfd243848;  alias, 0 drivers
v000001cbfd2c3d10_0 .net "d", 0 0, L_000001cbfd436c20;  1 drivers
v000001cbfd2c3810_0 .net "q", 0 0, v000001cbfd2c1bf0_0;  1 drivers
v000001cbfd2c3310_0 .net "rden1", 0 0, L_000001cbfd4400e0;  alias, 1 drivers
v000001cbfd2c31d0_0 .net "rden2", 0 0, L_000001cbfd440680;  alias, 1 drivers
v000001cbfd2c3a90_0 .net "rst", 0 0, o000001cbfd2438d8;  alias, 0 drivers
v000001cbfd2c2f50_0 .net "wren", 0 0, L_000001cbfd43f000;  alias, 1 drivers
S_000001cbfd2c7f50 .scope module, "cell_dff" "dff" 5 19, 6 4 0, S_000001cbfd2c9d00;
 .timescale 0 0;
    .port_info 0 /OUTPUT 1 "q";
    .port_info 1 /INPUT 1 "d";
    .port_info 2 /INPUT 1 "wen";
    .port_info 3 /INPUT 1 "clk";
    .port_info 4 /INPUT 1 "rst";
v000001cbfd2c16f0_0 .net "clk", 0 0, o000001cbfd243848;  alias, 0 drivers
v000001cbfd2c1b50_0 .net "d", 0 0, L_000001cbfd436c20;  alias, 1 drivers
v000001cbfd2c1bf0_0 .var "q", 0 0;
v000001cbfd2c1d30_0 .net "rst", 0 0, o000001cbfd2438d8;  alias, 0 drivers
v000001cbfd2c1e70_0 .net "wen", 0 0, L_000001cbfd43f000;  alias, 1 drivers
S_000001cbfd2c80e0 .scope module, "bitcells[13]" "bit_cell" 4 14, 5 4 0, S_000001cbfd2c7520;
 .timescale 0 0;
    .port_info 0 /INPUT 1 "clk";
    .port_info 1 /INPUT 1 "rst";
    .port_info 2 /INPUT 1 "d";
    .port_info 3 /INPUT 1 "wren";
    .port_info 4 /INPUT 1 "rden1";
    .port_info 5 /INPUT 1 "rden2";
    .port_info 6 /INOUT 1 "bitline1";
    .port_info 7 /INOUT 1 "bitline2";
L_000001cbfd1a3270 .functor BUFIF1 1, v000001cbfd2c3270_0, L_000001cbfd4400e0, C4<0>, C4<0>;
L_000001cbfd1a3f20 .functor BUFIF1 1, v000001cbfd2c3270_0, L_000001cbfd440680, C4<0>, C4<0>;
v000001cbfd2c3590_0 .net8 "bitline1", 0 0, p000001cbfd2503b8;  1 drivers, strength-aware
v000001cbfd2c3130_0 .net8 "bitline2", 0 0, p000001cbfd2503e8;  1 drivers, strength-aware
v000001cbfd2c2ff0_0 .net "clk", 0 0, o000001cbfd243848;  alias, 0 drivers
v000001cbfd2c3090_0 .net "d", 0 0, L_000001cbfd4371c0;  1 drivers
v000001cbfd2c3770_0 .net "q", 0 0, v000001cbfd2c3270_0;  1 drivers
v000001cbfd2c3450_0 .net "rden1", 0 0, L_000001cbfd4400e0;  alias, 1 drivers
v000001cbfd2c3630_0 .net "rden2", 0 0, L_000001cbfd440680;  alias, 1 drivers
v000001cbfd2c33b0_0 .net "rst", 0 0, o000001cbfd2438d8;  alias, 0 drivers
v000001cbfd2c3b30_0 .net "wren", 0 0, L_000001cbfd43f000;  alias, 1 drivers
S_000001cbfd2c8270 .scope module, "cell_dff" "dff" 5 19, 6 4 0, S_000001cbfd2c80e0;
 .timescale 0 0;
    .port_info 0 /OUTPUT 1 "q";
    .port_info 1 /INPUT 1 "d";
    .port_info 2 /INPUT 1 "wen";
    .port_info 3 /INPUT 1 "clk";
    .port_info 4 /INPUT 1 "rst";
v000001cbfd2c34f0_0 .net "clk", 0 0, o000001cbfd243848;  alias, 0 drivers
v000001cbfd2c3950_0 .net "d", 0 0, L_000001cbfd4371c0;  alias, 1 drivers
v000001cbfd2c3270_0 .var "q", 0 0;
v000001cbfd2c3c70_0 .net "rst", 0 0, o000001cbfd2438d8;  alias, 0 drivers
v000001cbfd2c3db0_0 .net "wen", 0 0, L_000001cbfd43f000;  alias, 1 drivers
S_000001cbfd2c8590 .scope module, "bitcells[14]" "bit_cell" 4 14, 5 4 0, S_000001cbfd2c7520;
 .timescale 0 0;
    .port_info 0 /INPUT 1 "clk";
    .port_info 1 /INPUT 1 "rst";
    .port_info 2 /INPUT 1 "d";
    .port_info 3 /INPUT 1 "wren";
    .port_info 4 /INPUT 1 "rden1";
    .port_info 5 /INPUT 1 "rden2";
    .port_info 6 /INOUT 1 "bitline1";
    .port_info 7 /INOUT 1 "bitline2";
L_000001cbfd1a3510 .functor BUFIF1 1, v000001cbfd2c39f0_0, L_000001cbfd4400e0, C4<0>, C4<0>;
L_000001cbfd1a3ba0 .functor BUFIF1 1, v000001cbfd2c39f0_0, L_000001cbfd440680, C4<0>, C4<0>;
v000001cbfd2d2a40_0 .net8 "bitline1", 0 0, p000001cbfd2506e8;  1 drivers, strength-aware
v000001cbfd2d22c0_0 .net8 "bitline2", 0 0, p000001cbfd250718;  1 drivers, strength-aware
v000001cbfd2d2540_0 .net "clk", 0 0, o000001cbfd243848;  alias, 0 drivers
v000001cbfd2d2400_0 .net "d", 0 0, L_000001cbfd436cc0;  1 drivers
v000001cbfd2d31c0_0 .net "q", 0 0, v000001cbfd2c39f0_0;  1 drivers
v000001cbfd2d2d60_0 .net "rden1", 0 0, L_000001cbfd4400e0;  alias, 1 drivers
v000001cbfd2d25e0_0 .net "rden2", 0 0, L_000001cbfd440680;  alias, 1 drivers
v000001cbfd2d4020_0 .net "rst", 0 0, o000001cbfd2438d8;  alias, 0 drivers
v000001cbfd2d3bc0_0 .net "wren", 0 0, L_000001cbfd43f000;  alias, 1 drivers
S_000001cbfd2c9080 .scope module, "cell_dff" "dff" 5 19, 6 4 0, S_000001cbfd2c8590;
 .timescale 0 0;
    .port_info 0 /OUTPUT 1 "q";
    .port_info 1 /INPUT 1 "d";
    .port_info 2 /INPUT 1 "wen";
    .port_info 3 /INPUT 1 "clk";
    .port_info 4 /INPUT 1 "rst";
v000001cbfd2c36d0_0 .net "clk", 0 0, o000001cbfd243848;  alias, 0 drivers
v000001cbfd2c38b0_0 .net "d", 0 0, L_000001cbfd436cc0;  alias, 1 drivers
v000001cbfd2c39f0_0 .var "q", 0 0;
v000001cbfd2d3120_0 .net "rst", 0 0, o000001cbfd2438d8;  alias, 0 drivers
v000001cbfd2d24a0_0 .net "wen", 0 0, L_000001cbfd43f000;  alias, 1 drivers
S_000001cbfd2c9210 .scope module, "bitcells[15]" "bit_cell" 4 14, 5 4 0, S_000001cbfd2c7520;
 .timescale 0 0;
    .port_info 0 /INPUT 1 "clk";
    .port_info 1 /INPUT 1 "rst";
    .port_info 2 /INPUT 1 "d";
    .port_info 3 /INPUT 1 "wren";
    .port_info 4 /INPUT 1 "rden1";
    .port_info 5 /INPUT 1 "rden2";
    .port_info 6 /INOUT 1 "bitline1";
    .port_info 7 /INOUT 1 "bitline2";
L_000001cbfd1a44d0 .functor BUFIF1 1, v000001cbfd2d4200_0, L_000001cbfd4400e0, C4<0>, C4<0>;
L_000001cbfd1a3ac0 .functor BUFIF1 1, v000001cbfd2d4200_0, L_000001cbfd440680, C4<0>, C4<0>;
v000001cbfd2d3260_0 .net8 "bitline1", 0 0, p000001cbfd250a18;  1 drivers, strength-aware
v000001cbfd2d2220_0 .net8 "bitline2", 0 0, p000001cbfd250a48;  1 drivers, strength-aware
v000001cbfd2d42a0_0 .net "clk", 0 0, o000001cbfd243848;  alias, 0 drivers
v000001cbfd2d29a0_0 .net "d", 0 0, L_000001cbfd436e00;  1 drivers
v000001cbfd2d27c0_0 .net "q", 0 0, v000001cbfd2d4200_0;  1 drivers
v000001cbfd2d2c20_0 .net "rden1", 0 0, L_000001cbfd4400e0;  alias, 1 drivers
v000001cbfd2d3f80_0 .net "rden2", 0 0, L_000001cbfd440680;  alias, 1 drivers
v000001cbfd2d3760_0 .net "rst", 0 0, o000001cbfd2438d8;  alias, 0 drivers
v000001cbfd2d3d00_0 .net "wren", 0 0, L_000001cbfd43f000;  alias, 1 drivers
S_000001cbfd2c93a0 .scope module, "cell_dff" "dff" 5 19, 6 4 0, S_000001cbfd2c9210;
 .timescale 0 0;
    .port_info 0 /OUTPUT 1 "q";
    .port_info 1 /INPUT 1 "d";
    .port_info 2 /INPUT 1 "wen";
    .port_info 3 /INPUT 1 "clk";
    .port_info 4 /INPUT 1 "rst";
v000001cbfd2d40c0_0 .net "clk", 0 0, o000001cbfd243848;  alias, 0 drivers
v000001cbfd2d4160_0 .net "d", 0 0, L_000001cbfd436e00;  alias, 1 drivers
v000001cbfd2d4200_0 .var "q", 0 0;
v000001cbfd2d2180_0 .net "rst", 0 0, o000001cbfd2438d8;  alias, 0 drivers
v000001cbfd2d3c60_0 .net "wen", 0 0, L_000001cbfd43f000;  alias, 1 drivers
S_000001cbfd2c8720 .scope module, "registers[4]" "register" 2 36, 4 4 0, S_000001cbfcbd3120;
 .timescale 0 0;
    .port_info 0 /INPUT 1 "clk";
    .port_info 1 /INPUT 1 "rst";
    .port_info 2 /INPUT 16 "d";
    .port_info 3 /INPUT 1 "write_reg";
    .port_info 4 /INPUT 1 "rden1";
    .port_info 5 /INPUT 1 "rden2";
    .port_info 6 /INOUT 16 "bitline1";
    .port_info 7 /INOUT 16 "bitline2";
v000001cbfd2de5c0_0 .net8 "bitline1", 15 0, p000001cbfd246c38;  alias, 0 drivers, strength-aware
v000001cbfd2dd8a0_0 .net8 "bitline2", 15 0, p000001cbfd246c68;  alias, 0 drivers, strength-aware
v000001cbfd2dd260_0 .net "clk", 0 0, o000001cbfd243848;  alias, 0 drivers
v000001cbfd2dc900_0 .net "d", 15 0, o000001cbfd246c98;  alias, 0 drivers
v000001cbfd2dc7c0_0 .net "rden1", 0 0, L_000001cbfd440720;  1 drivers
v000001cbfd2de3e0_0 .net "rden2", 0 0, L_000001cbfd4407c0;  1 drivers
v000001cbfd2ddb20_0 .net "rst", 0 0, o000001cbfd2438d8;  alias, 0 drivers
v000001cbfd2dcb80_0 .net "write_reg", 0 0, L_000001cbfd43e100;  1 drivers
L_000001cbfd4378a0 .part o000001cbfd246c98, 0, 1;
L_000001cbfd436ea0 .part o000001cbfd246c98, 1, 1;
L_000001cbfd437300 .part o000001cbfd246c98, 2, 1;
L_000001cbfd4373a0 .part o000001cbfd246c98, 3, 1;
L_000001cbfd437a80 .part o000001cbfd246c98, 4, 1;
L_000001cbfd437440 .part o000001cbfd246c98, 5, 1;
L_000001cbfd437580 .part o000001cbfd246c98, 6, 1;
L_000001cbfd437620 .part o000001cbfd246c98, 7, 1;
L_000001cbfd437b20 .part o000001cbfd246c98, 8, 1;
L_000001cbfd4376c0 .part o000001cbfd246c98, 9, 1;
L_000001cbfd437760 .part o000001cbfd246c98, 10, 1;
L_000001cbfd437800 .part o000001cbfd246c98, 11, 1;
L_000001cbfd439600 .part o000001cbfd246c98, 12, 1;
L_000001cbfd43ab40 .part o000001cbfd246c98, 13, 1;
L_000001cbfd438de0 .part o000001cbfd246c98, 14, 1;
L_000001cbfd43a1e0 .part o000001cbfd246c98, 15, 1;
p000001cbfd250ef8 .port I000001cbfd121800, L_000001cbfd1a3f90;
 .tranvp 16 1 0, I000001cbfd121800, p000001cbfd246c38 p000001cbfd250ef8;
p000001cbfd251288 .port I000001cbfd121800, L_000001cbfd1a4230;
 .tranvp 16 1 1, I000001cbfd121800, p000001cbfd246c38 p000001cbfd251288;
p000001cbfd2515b8 .port I000001cbfd121800, L_000001cbfd1a3970;
 .tranvp 16 1 2, I000001cbfd121800, p000001cbfd246c38 p000001cbfd2515b8;
p000001cbfd2518e8 .port I000001cbfd121800, L_000001cbfd1a2ef0;
 .tranvp 16 1 3, I000001cbfd121800, p000001cbfd246c38 p000001cbfd2518e8;
p000001cbfd251c18 .port I000001cbfd121800, L_000001cbfd1a45b0;
 .tranvp 16 1 4, I000001cbfd121800, p000001cbfd246c38 p000001cbfd251c18;
p000001cbfd251f48 .port I000001cbfd121800, L_000001cbfd1a3040;
 .tranvp 16 1 5, I000001cbfd121800, p000001cbfd246c38 p000001cbfd251f48;
p000001cbfd252278 .port I000001cbfd121800, L_000001cbfd1bf040;
 .tranvp 16 1 6, I000001cbfd121800, p000001cbfd246c38 p000001cbfd252278;
p000001cbfd2525a8 .port I000001cbfd121800, L_000001cbfd1be550;
 .tranvp 16 1 7, I000001cbfd121800, p000001cbfd246c38 p000001cbfd2525a8;
p000001cbfd2528d8 .port I000001cbfd121800, L_000001cbfd1bd440;
 .tranvp 16 1 8, I000001cbfd121800, p000001cbfd246c38 p000001cbfd2528d8;
p000001cbfd252c08 .port I000001cbfd121800, L_000001cbfd1be860;
 .tranvp 16 1 9, I000001cbfd121800, p000001cbfd246c38 p000001cbfd252c08;
p000001cbfd252f38 .port I000001cbfd121800, L_000001cbfd1bdb40;
 .tranvp 16 1 10, I000001cbfd121800, p000001cbfd246c38 p000001cbfd252f38;
p000001cbfd253268 .port I000001cbfd121800, L_000001cbfd1be6a0;
 .tranvp 16 1 11, I000001cbfd121800, p000001cbfd246c38 p000001cbfd253268;
p000001cbfd253598 .port I000001cbfd121800, L_000001cbfd1be160;
 .tranvp 16 1 12, I000001cbfd121800, p000001cbfd246c38 p000001cbfd253598;
p000001cbfd2538c8 .port I000001cbfd121800, L_000001cbfd1bd520;
 .tranvp 16 1 13, I000001cbfd121800, p000001cbfd246c38 p000001cbfd2538c8;
p000001cbfd253bf8 .port I000001cbfd121800, L_000001cbfd1be400;
 .tranvp 16 1 14, I000001cbfd121800, p000001cbfd246c38 p000001cbfd253bf8;
p000001cbfd253f28 .port I000001cbfd121800, L_000001cbfd1bd670;
 .tranvp 16 1 15, I000001cbfd121800, p000001cbfd246c38 p000001cbfd253f28;
p000001cbfd250f28 .port I000001cbfd121380, L_000001cbfd1a3900;
 .tranvp 16 1 0, I000001cbfd121380, p000001cbfd246c68 p000001cbfd250f28;
p000001cbfd2512b8 .port I000001cbfd121380, L_000001cbfd1a2e80;
 .tranvp 16 1 1, I000001cbfd121380, p000001cbfd246c68 p000001cbfd2512b8;
p000001cbfd2515e8 .port I000001cbfd121380, L_000001cbfd1a2e10;
 .tranvp 16 1 2, I000001cbfd121380, p000001cbfd246c68 p000001cbfd2515e8;
p000001cbfd251918 .port I000001cbfd121380, L_000001cbfd1a4540;
 .tranvp 16 1 3, I000001cbfd121380, p000001cbfd246c68 p000001cbfd251918;
p000001cbfd251c48 .port I000001cbfd121380, L_000001cbfd1a48c0;
 .tranvp 16 1 4, I000001cbfd121380, p000001cbfd246c68 p000001cbfd251c48;
p000001cbfd251f78 .port I000001cbfd121380, L_000001cbfd1bee10;
 .tranvp 16 1 5, I000001cbfd121380, p000001cbfd246c68 p000001cbfd251f78;
p000001cbfd2522a8 .port I000001cbfd121380, L_000001cbfd1befd0;
 .tranvp 16 1 6, I000001cbfd121380, p000001cbfd246c68 p000001cbfd2522a8;
p000001cbfd2525d8 .port I000001cbfd121380, L_000001cbfd1beb70;
 .tranvp 16 1 7, I000001cbfd121380, p000001cbfd246c68 p000001cbfd2525d8;
p000001cbfd252908 .port I000001cbfd121380, L_000001cbfd1bd280;
 .tranvp 16 1 8, I000001cbfd121380, p000001cbfd246c68 p000001cbfd252908;
p000001cbfd252c38 .port I000001cbfd121380, L_000001cbfd1bd360;
 .tranvp 16 1 9, I000001cbfd121380, p000001cbfd246c68 p000001cbfd252c38;
p000001cbfd252f68 .port I000001cbfd121380, L_000001cbfd1bde50;
 .tranvp 16 1 10, I000001cbfd121380, p000001cbfd246c68 p000001cbfd252f68;
p000001cbfd253298 .port I000001cbfd121380, L_000001cbfd1bdc20;
 .tranvp 16 1 11, I000001cbfd121380, p000001cbfd246c68 p000001cbfd253298;
p000001cbfd2535c8 .port I000001cbfd121380, L_000001cbfd1bd4b0;
 .tranvp 16 1 12, I000001cbfd121380, p000001cbfd246c68 p000001cbfd2535c8;
p000001cbfd2538f8 .port I000001cbfd121380, L_000001cbfd1be1d0;
 .tranvp 16 1 13, I000001cbfd121380, p000001cbfd246c68 p000001cbfd2538f8;
p000001cbfd253c28 .port I000001cbfd121380, L_000001cbfd1be470;
 .tranvp 16 1 14, I000001cbfd121380, p000001cbfd246c68 p000001cbfd253c28;
p000001cbfd253f58 .port I000001cbfd121380, L_000001cbfd1bd590;
 .tranvp 16 1 15, I000001cbfd121380, p000001cbfd246c68 p000001cbfd253f58;
S_000001cbfd2c8d60 .scope module, "bitcells[0]" "bit_cell" 4 14, 5 4 0, S_000001cbfd2c8720;
 .timescale 0 0;
    .port_info 0 /INPUT 1 "clk";
    .port_info 1 /INPUT 1 "rst";
    .port_info 2 /INPUT 1 "d";
    .port_info 3 /INPUT 1 "wren";
    .port_info 4 /INPUT 1 "rden1";
    .port_info 5 /INPUT 1 "rden2";
    .port_info 6 /INOUT 1 "bitline1";
    .port_info 7 /INOUT 1 "bitline2";
L_000001cbfd1a3f90 .functor BUFIF1 1, v000001cbfd2d2f40_0, L_000001cbfd440720, C4<0>, C4<0>;
L_000001cbfd1a3900 .functor BUFIF1 1, v000001cbfd2d2f40_0, L_000001cbfd4407c0, C4<0>, C4<0>;
v000001cbfd2d3b20_0 .net8 "bitline1", 0 0, p000001cbfd250ef8;  1 drivers, strength-aware
v000001cbfd2d2360_0 .net8 "bitline2", 0 0, p000001cbfd250f28;  1 drivers, strength-aware
v000001cbfd2d2fe0_0 .net "clk", 0 0, o000001cbfd243848;  alias, 0 drivers
v000001cbfd2d4700_0 .net "d", 0 0, L_000001cbfd4378a0;  1 drivers
v000001cbfd2d43e0_0 .net "q", 0 0, v000001cbfd2d2f40_0;  1 drivers
v000001cbfd2d4480_0 .net "rden1", 0 0, L_000001cbfd440720;  alias, 1 drivers
v000001cbfd2d4520_0 .net "rden2", 0 0, L_000001cbfd4407c0;  alias, 1 drivers
v000001cbfd2d45c0_0 .net "rst", 0 0, o000001cbfd2438d8;  alias, 0 drivers
v000001cbfd2d2680_0 .net "wren", 0 0, L_000001cbfd43e100;  alias, 1 drivers
S_000001cbfd2c8a40 .scope module, "cell_dff" "dff" 5 19, 6 4 0, S_000001cbfd2c8d60;
 .timescale 0 0;
    .port_info 0 /OUTPUT 1 "q";
    .port_info 1 /INPUT 1 "d";
    .port_info 2 /INPUT 1 "wen";
    .port_info 3 /INPUT 1 "clk";
    .port_info 4 /INPUT 1 "rst";
v000001cbfd2d2b80_0 .net "clk", 0 0, o000001cbfd243848;  alias, 0 drivers
v000001cbfd2d2860_0 .net "d", 0 0, L_000001cbfd4378a0;  alias, 1 drivers
v000001cbfd2d2f40_0 .var "q", 0 0;
v000001cbfd2d4340_0 .net "rst", 0 0, o000001cbfd2438d8;  alias, 0 drivers
v000001cbfd2d2900_0 .net "wen", 0 0, L_000001cbfd43e100;  alias, 1 drivers
S_000001cbfd2c88b0 .scope module, "bitcells[1]" "bit_cell" 4 14, 5 4 0, S_000001cbfd2c8720;
 .timescale 0 0;
    .port_info 0 /INPUT 1 "clk";
    .port_info 1 /INPUT 1 "rst";
    .port_info 2 /INPUT 1 "d";
    .port_info 3 /INPUT 1 "wren";
    .port_info 4 /INPUT 1 "rden1";
    .port_info 5 /INPUT 1 "rden2";
    .port_info 6 /INOUT 1 "bitline1";
    .port_info 7 /INOUT 1 "bitline2";
L_000001cbfd1a4230 .functor BUFIF1 1, v000001cbfd2d2040_0, L_000001cbfd440720, C4<0>, C4<0>;
L_000001cbfd1a2e80 .functor BUFIF1 1, v000001cbfd2d2040_0, L_000001cbfd4407c0, C4<0>, C4<0>;
v000001cbfd2d20e0_0 .net8 "bitline1", 0 0, p000001cbfd251288;  1 drivers, strength-aware
v000001cbfd2d38a0_0 .net8 "bitline2", 0 0, p000001cbfd2512b8;  1 drivers, strength-aware
v000001cbfd2d3300_0 .net "clk", 0 0, o000001cbfd243848;  alias, 0 drivers
v000001cbfd2d3440_0 .net "d", 0 0, L_000001cbfd436ea0;  1 drivers
v000001cbfd2d34e0_0 .net "q", 0 0, v000001cbfd2d2040_0;  1 drivers
v000001cbfd2d3580_0 .net "rden1", 0 0, L_000001cbfd440720;  alias, 1 drivers
v000001cbfd2d3800_0 .net "rden2", 0 0, L_000001cbfd4407c0;  alias, 1 drivers
v000001cbfd2d3620_0 .net "rst", 0 0, o000001cbfd2438d8;  alias, 0 drivers
v000001cbfd2d36c0_0 .net "wren", 0 0, L_000001cbfd43e100;  alias, 1 drivers
S_000001cbfd2f3890 .scope module, "cell_dff" "dff" 5 19, 6 4 0, S_000001cbfd2c88b0;
 .timescale 0 0;
    .port_info 0 /OUTPUT 1 "q";
    .port_info 1 /INPUT 1 "d";
    .port_info 2 /INPUT 1 "wen";
    .port_info 3 /INPUT 1 "clk";
    .port_info 4 /INPUT 1 "rst";
v000001cbfd2d1fa0_0 .net "clk", 0 0, o000001cbfd243848;  alias, 0 drivers
v000001cbfd2d33a0_0 .net "d", 0 0, L_000001cbfd436ea0;  alias, 1 drivers
v000001cbfd2d2040_0 .var "q", 0 0;
v000001cbfd2d2720_0 .net "rst", 0 0, o000001cbfd2438d8;  alias, 0 drivers
v000001cbfd2d3080_0 .net "wen", 0 0, L_000001cbfd43e100;  alias, 1 drivers
S_000001cbfd2f28f0 .scope module, "bitcells[2]" "bit_cell" 4 14, 5 4 0, S_000001cbfd2c8720;
 .timescale 0 0;
    .port_info 0 /INPUT 1 "clk";
    .port_info 1 /INPUT 1 "rst";
    .port_info 2 /INPUT 1 "d";
    .port_info 3 /INPUT 1 "wren";
    .port_info 4 /INPUT 1 "rden1";
    .port_info 5 /INPUT 1 "rden2";
    .port_info 6 /INOUT 1 "bitline1";
    .port_info 7 /INOUT 1 "bitline2";
L_000001cbfd1a3970 .functor BUFIF1 1, v000001cbfd2d3a80_0, L_000001cbfd440720, C4<0>, C4<0>;
L_000001cbfd1a2e10 .functor BUFIF1 1, v000001cbfd2d3a80_0, L_000001cbfd4407c0, C4<0>, C4<0>;
v000001cbfd2d5600_0 .net8 "bitline1", 0 0, p000001cbfd2515b8;  1 drivers, strength-aware
v000001cbfd2d4c00_0 .net8 "bitline2", 0 0, p000001cbfd2515e8;  1 drivers, strength-aware
v000001cbfd2d6b40_0 .net "clk", 0 0, o000001cbfd243848;  alias, 0 drivers
v000001cbfd2d4840_0 .net "d", 0 0, L_000001cbfd437300;  1 drivers
v000001cbfd2d52e0_0 .net "q", 0 0, v000001cbfd2d3a80_0;  1 drivers
v000001cbfd2d4980_0 .net "rden1", 0 0, L_000001cbfd440720;  alias, 1 drivers
v000001cbfd2d6140_0 .net "rden2", 0 0, L_000001cbfd4407c0;  alias, 1 drivers
v000001cbfd2d4d40_0 .net "rst", 0 0, o000001cbfd2438d8;  alias, 0 drivers
v000001cbfd2d6500_0 .net "wren", 0 0, L_000001cbfd43e100;  alias, 1 drivers
S_000001cbfd2f22b0 .scope module, "cell_dff" "dff" 5 19, 6 4 0, S_000001cbfd2f28f0;
 .timescale 0 0;
    .port_info 0 /OUTPUT 1 "q";
    .port_info 1 /INPUT 1 "d";
    .port_info 2 /INPUT 1 "wen";
    .port_info 3 /INPUT 1 "clk";
    .port_info 4 /INPUT 1 "rst";
v000001cbfd2d3940_0 .net "clk", 0 0, o000001cbfd243848;  alias, 0 drivers
v000001cbfd2d39e0_0 .net "d", 0 0, L_000001cbfd437300;  alias, 1 drivers
v000001cbfd2d3a80_0 .var "q", 0 0;
v000001cbfd2d48e0_0 .net "rst", 0 0, o000001cbfd2438d8;  alias, 0 drivers
v000001cbfd2d6820_0 .net "wen", 0 0, L_000001cbfd43e100;  alias, 1 drivers
S_000001cbfd2f1f90 .scope module, "bitcells[3]" "bit_cell" 4 14, 5 4 0, S_000001cbfd2c8720;
 .timescale 0 0;
    .port_info 0 /INPUT 1 "clk";
    .port_info 1 /INPUT 1 "rst";
    .port_info 2 /INPUT 1 "d";
    .port_info 3 /INPUT 1 "wren";
    .port_info 4 /INPUT 1 "rden1";
    .port_info 5 /INPUT 1 "rden2";
    .port_info 6 /INOUT 1 "bitline1";
    .port_info 7 /INOUT 1 "bitline2";
L_000001cbfd1a2ef0 .functor BUFIF1 1, v000001cbfd2d6320_0, L_000001cbfd440720, C4<0>, C4<0>;
L_000001cbfd1a4540 .functor BUFIF1 1, v000001cbfd2d6320_0, L_000001cbfd4407c0, C4<0>, C4<0>;
v000001cbfd2d63c0_0 .net8 "bitline1", 0 0, p000001cbfd2518e8;  1 drivers, strength-aware
v000001cbfd2d56a0_0 .net8 "bitline2", 0 0, p000001cbfd251918;  1 drivers, strength-aware
v000001cbfd2d5a60_0 .net "clk", 0 0, o000001cbfd243848;  alias, 0 drivers
v000001cbfd2d5060_0 .net "d", 0 0, L_000001cbfd4373a0;  1 drivers
v000001cbfd2d6be0_0 .net "q", 0 0, v000001cbfd2d6320_0;  1 drivers
v000001cbfd2d4a20_0 .net "rden1", 0 0, L_000001cbfd440720;  alias, 1 drivers
v000001cbfd2d5b00_0 .net "rden2", 0 0, L_000001cbfd4407c0;  alias, 1 drivers
v000001cbfd2d4ac0_0 .net "rst", 0 0, o000001cbfd2438d8;  alias, 0 drivers
v000001cbfd2d6960_0 .net "wren", 0 0, L_000001cbfd43e100;  alias, 1 drivers
S_000001cbfd2f3700 .scope module, "cell_dff" "dff" 5 19, 6 4 0, S_000001cbfd2f1f90;
 .timescale 0 0;
    .port_info 0 /OUTPUT 1 "q";
    .port_info 1 /INPUT 1 "d";
    .port_info 2 /INPUT 1 "wen";
    .port_info 3 /INPUT 1 "clk";
    .port_info 4 /INPUT 1 "rst";
v000001cbfd2d5c40_0 .net "clk", 0 0, o000001cbfd243848;  alias, 0 drivers
v000001cbfd2d5100_0 .net "d", 0 0, L_000001cbfd4373a0;  alias, 1 drivers
v000001cbfd2d6320_0 .var "q", 0 0;
v000001cbfd2d4ca0_0 .net "rst", 0 0, o000001cbfd2438d8;  alias, 0 drivers
v000001cbfd2d5880_0 .net "wen", 0 0, L_000001cbfd43e100;  alias, 1 drivers
S_000001cbfd2f2a80 .scope module, "bitcells[4]" "bit_cell" 4 14, 5 4 0, S_000001cbfd2c8720;
 .timescale 0 0;
    .port_info 0 /INPUT 1 "clk";
    .port_info 1 /INPUT 1 "rst";
    .port_info 2 /INPUT 1 "d";
    .port_info 3 /INPUT 1 "wren";
    .port_info 4 /INPUT 1 "rden1";
    .port_info 5 /INPUT 1 "rden2";
    .port_info 6 /INOUT 1 "bitline1";
    .port_info 7 /INOUT 1 "bitline2";
L_000001cbfd1a45b0 .functor BUFIF1 1, v000001cbfd2d6aa0_0, L_000001cbfd440720, C4<0>, C4<0>;
L_000001cbfd1a48c0 .functor BUFIF1 1, v000001cbfd2d6aa0_0, L_000001cbfd4407c0, C4<0>, C4<0>;
v000001cbfd2d5d80_0 .net8 "bitline1", 0 0, p000001cbfd251c18;  1 drivers, strength-aware
v000001cbfd2d6c80_0 .net8 "bitline2", 0 0, p000001cbfd251c48;  1 drivers, strength-aware
v000001cbfd2d5e20_0 .net "clk", 0 0, o000001cbfd243848;  alias, 0 drivers
v000001cbfd2d60a0_0 .net "d", 0 0, L_000001cbfd437a80;  1 drivers
v000001cbfd2d5380_0 .net "q", 0 0, v000001cbfd2d6aa0_0;  1 drivers
v000001cbfd2d66e0_0 .net "rden1", 0 0, L_000001cbfd440720;  alias, 1 drivers
v000001cbfd2d65a0_0 .net "rden2", 0 0, L_000001cbfd4407c0;  alias, 1 drivers
v000001cbfd2d6d20_0 .net "rst", 0 0, o000001cbfd2438d8;  alias, 0 drivers
v000001cbfd2d6dc0_0 .net "wren", 0 0, L_000001cbfd43e100;  alias, 1 drivers
S_000001cbfd2f2c10 .scope module, "cell_dff" "dff" 5 19, 6 4 0, S_000001cbfd2f2a80;
 .timescale 0 0;
    .port_info 0 /OUTPUT 1 "q";
    .port_info 1 /INPUT 1 "d";
    .port_info 2 /INPUT 1 "wen";
    .port_info 3 /INPUT 1 "clk";
    .port_info 4 /INPUT 1 "rst";
v000001cbfd2d68c0_0 .net "clk", 0 0, o000001cbfd243848;  alias, 0 drivers
v000001cbfd2d6a00_0 .net "d", 0 0, L_000001cbfd437a80;  alias, 1 drivers
v000001cbfd2d6aa0_0 .var "q", 0 0;
v000001cbfd2d4b60_0 .net "rst", 0 0, o000001cbfd2438d8;  alias, 0 drivers
v000001cbfd2d6460_0 .net "wen", 0 0, L_000001cbfd43e100;  alias, 1 drivers
S_000001cbfd2f2da0 .scope module, "bitcells[5]" "bit_cell" 4 14, 5 4 0, S_000001cbfd2c8720;
 .timescale 0 0;
    .port_info 0 /INPUT 1 "clk";
    .port_info 1 /INPUT 1 "rst";
    .port_info 2 /INPUT 1 "d";
    .port_info 3 /INPUT 1 "wren";
    .port_info 4 /INPUT 1 "rden1";
    .port_info 5 /INPUT 1 "rden2";
    .port_info 6 /INOUT 1 "bitline1";
    .port_info 7 /INOUT 1 "bitline2";
L_000001cbfd1a3040 .functor BUFIF1 1, v000001cbfd2d6640_0, L_000001cbfd440720, C4<0>, C4<0>;
L_000001cbfd1bee10 .functor BUFIF1 1, v000001cbfd2d6640_0, L_000001cbfd4407c0, C4<0>, C4<0>;
v000001cbfd2d6e60_0 .net8 "bitline1", 0 0, p000001cbfd251f48;  1 drivers, strength-aware
v000001cbfd2d5ec0_0 .net8 "bitline2", 0 0, p000001cbfd251f78;  1 drivers, strength-aware
v000001cbfd2d4e80_0 .net "clk", 0 0, o000001cbfd243848;  alias, 0 drivers
v000001cbfd2d57e0_0 .net "d", 0 0, L_000001cbfd437440;  1 drivers
v000001cbfd2d5f60_0 .net "q", 0 0, v000001cbfd2d6640_0;  1 drivers
v000001cbfd2d5920_0 .net "rden1", 0 0, L_000001cbfd440720;  alias, 1 drivers
v000001cbfd2d6f00_0 .net "rden2", 0 0, L_000001cbfd4407c0;  alias, 1 drivers
v000001cbfd2d47a0_0 .net "rst", 0 0, o000001cbfd2438d8;  alias, 0 drivers
v000001cbfd2d4f20_0 .net "wren", 0 0, L_000001cbfd43e100;  alias, 1 drivers
S_000001cbfd2f3570 .scope module, "cell_dff" "dff" 5 19, 6 4 0, S_000001cbfd2f2da0;
 .timescale 0 0;
    .port_info 0 /OUTPUT 1 "q";
    .port_info 1 /INPUT 1 "d";
    .port_info 2 /INPUT 1 "wen";
    .port_info 3 /INPUT 1 "clk";
    .port_info 4 /INPUT 1 "rst";
v000001cbfd2d6780_0 .net "clk", 0 0, o000001cbfd243848;  alias, 0 drivers
v000001cbfd2d4de0_0 .net "d", 0 0, L_000001cbfd437440;  alias, 1 drivers
v000001cbfd2d6640_0 .var "q", 0 0;
v000001cbfd2d5740_0 .net "rst", 0 0, o000001cbfd2438d8;  alias, 0 drivers
v000001cbfd2d5ce0_0 .net "wen", 0 0, L_000001cbfd43e100;  alias, 1 drivers
S_000001cbfd2f30c0 .scope module, "bitcells[6]" "bit_cell" 4 14, 5 4 0, S_000001cbfd2c8720;
 .timescale 0 0;
    .port_info 0 /INPUT 1 "clk";
    .port_info 1 /INPUT 1 "rst";
    .port_info 2 /INPUT 1 "d";
    .port_info 3 /INPUT 1 "wren";
    .port_info 4 /INPUT 1 "rden1";
    .port_info 5 /INPUT 1 "rden2";
    .port_info 6 /INOUT 1 "bitline1";
    .port_info 7 /INOUT 1 "bitline2";
L_000001cbfd1bf040 .functor BUFIF1 1, v000001cbfd2d5240_0, L_000001cbfd440720, C4<0>, C4<0>;
L_000001cbfd1befd0 .functor BUFIF1 1, v000001cbfd2d5240_0, L_000001cbfd4407c0, C4<0>, C4<0>;
v000001cbfd2d5ba0_0 .net8 "bitline1", 0 0, p000001cbfd252278;  1 drivers, strength-aware
v000001cbfd2d54c0_0 .net8 "bitline2", 0 0, p000001cbfd2522a8;  1 drivers, strength-aware
v000001cbfd2d6000_0 .net "clk", 0 0, o000001cbfd243848;  alias, 0 drivers
v000001cbfd2d61e0_0 .net "d", 0 0, L_000001cbfd437580;  1 drivers
v000001cbfd2d5560_0 .net "q", 0 0, v000001cbfd2d5240_0;  1 drivers
v000001cbfd2d6280_0 .net "rden1", 0 0, L_000001cbfd440720;  alias, 1 drivers
v000001cbfd2d7720_0 .net "rden2", 0 0, L_000001cbfd4407c0;  alias, 1 drivers
v000001cbfd2d74a0_0 .net "rst", 0 0, o000001cbfd2438d8;  alias, 0 drivers
v000001cbfd2d8260_0 .net "wren", 0 0, L_000001cbfd43e100;  alias, 1 drivers
S_000001cbfd2f2120 .scope module, "cell_dff" "dff" 5 19, 6 4 0, S_000001cbfd2f30c0;
 .timescale 0 0;
    .port_info 0 /OUTPUT 1 "q";
    .port_info 1 /INPUT 1 "d";
    .port_info 2 /INPUT 1 "wen";
    .port_info 3 /INPUT 1 "clk";
    .port_info 4 /INPUT 1 "rst";
v000001cbfd2d4fc0_0 .net "clk", 0 0, o000001cbfd243848;  alias, 0 drivers
v000001cbfd2d51a0_0 .net "d", 0 0, L_000001cbfd437580;  alias, 1 drivers
v000001cbfd2d5240_0 .var "q", 0 0;
v000001cbfd2d59c0_0 .net "rst", 0 0, o000001cbfd2438d8;  alias, 0 drivers
v000001cbfd2d5420_0 .net "wen", 0 0, L_000001cbfd43e100;  alias, 1 drivers
S_000001cbfd2f3a20 .scope module, "bitcells[7]" "bit_cell" 4 14, 5 4 0, S_000001cbfd2c8720;
 .timescale 0 0;
    .port_info 0 /INPUT 1 "clk";
    .port_info 1 /INPUT 1 "rst";
    .port_info 2 /INPUT 1 "d";
    .port_info 3 /INPUT 1 "wren";
    .port_info 4 /INPUT 1 "rden1";
    .port_info 5 /INPUT 1 "rden2";
    .port_info 6 /INOUT 1 "bitline1";
    .port_info 7 /INOUT 1 "bitline2";
L_000001cbfd1be550 .functor BUFIF1 1, v000001cbfd2d8760_0, L_000001cbfd440720, C4<0>, C4<0>;
L_000001cbfd1beb70 .functor BUFIF1 1, v000001cbfd2d8760_0, L_000001cbfd4407c0, C4<0>, C4<0>;
v000001cbfd2d8ee0_0 .net8 "bitline1", 0 0, p000001cbfd2525a8;  1 drivers, strength-aware
v000001cbfd2d8c60_0 .net8 "bitline2", 0 0, p000001cbfd2525d8;  1 drivers, strength-aware
v000001cbfd2d7ea0_0 .net "clk", 0 0, o000001cbfd243848;  alias, 0 drivers
v000001cbfd2d7680_0 .net "d", 0 0, L_000001cbfd437620;  1 drivers
v000001cbfd2d9160_0 .net "q", 0 0, v000001cbfd2d8760_0;  1 drivers
v000001cbfd2d92a0_0 .net "rden1", 0 0, L_000001cbfd440720;  alias, 1 drivers
v000001cbfd2d7220_0 .net "rden2", 0 0, L_000001cbfd4407c0;  alias, 1 drivers
v000001cbfd2d9340_0 .net "rst", 0 0, o000001cbfd2438d8;  alias, 0 drivers
v000001cbfd2d7360_0 .net "wren", 0 0, L_000001cbfd43e100;  alias, 1 drivers
S_000001cbfd2f3250 .scope module, "cell_dff" "dff" 5 19, 6 4 0, S_000001cbfd2f3a20;
 .timescale 0 0;
    .port_info 0 /OUTPUT 1 "q";
    .port_info 1 /INPUT 1 "d";
    .port_info 2 /INPUT 1 "wen";
    .port_info 3 /INPUT 1 "clk";
    .port_info 4 /INPUT 1 "rst";
v000001cbfd2d7c20_0 .net "clk", 0 0, o000001cbfd243848;  alias, 0 drivers
v000001cbfd2d9480_0 .net "d", 0 0, L_000001cbfd437620;  alias, 1 drivers
v000001cbfd2d8760_0 .var "q", 0 0;
v000001cbfd2d9200_0 .net "rst", 0 0, o000001cbfd2438d8;  alias, 0 drivers
v000001cbfd2d7cc0_0 .net "wen", 0 0, L_000001cbfd43e100;  alias, 1 drivers
S_000001cbfd2f3bb0 .scope module, "bitcells[8]" "bit_cell" 4 14, 5 4 0, S_000001cbfd2c8720;
 .timescale 0 0;
    .port_info 0 /INPUT 1 "clk";
    .port_info 1 /INPUT 1 "rst";
    .port_info 2 /INPUT 1 "d";
    .port_info 3 /INPUT 1 "wren";
    .port_info 4 /INPUT 1 "rden1";
    .port_info 5 /INPUT 1 "rden2";
    .port_info 6 /INOUT 1 "bitline1";
    .port_info 7 /INOUT 1 "bitline2";
L_000001cbfd1bd440 .functor BUFIF1 1, v000001cbfd2d7900_0, L_000001cbfd440720, C4<0>, C4<0>;
L_000001cbfd1bd280 .functor BUFIF1 1, v000001cbfd2d7900_0, L_000001cbfd4407c0, C4<0>, C4<0>;
v000001cbfd2d75e0_0 .net8 "bitline1", 0 0, p000001cbfd2528d8;  1 drivers, strength-aware
v000001cbfd2d70e0_0 .net8 "bitline2", 0 0, p000001cbfd252908;  1 drivers, strength-aware
v000001cbfd2d7540_0 .net "clk", 0 0, o000001cbfd243848;  alias, 0 drivers
v000001cbfd2d77c0_0 .net "d", 0 0, L_000001cbfd437b20;  1 drivers
v000001cbfd2d8f80_0 .net "q", 0 0, v000001cbfd2d7900_0;  1 drivers
v000001cbfd2d7860_0 .net "rden1", 0 0, L_000001cbfd440720;  alias, 1 drivers
v000001cbfd2d8300_0 .net "rden2", 0 0, L_000001cbfd4407c0;  alias, 1 drivers
v000001cbfd2d83a0_0 .net "rst", 0 0, o000001cbfd2438d8;  alias, 0 drivers
v000001cbfd2d7e00_0 .net "wren", 0 0, L_000001cbfd43e100;  alias, 1 drivers
S_000001cbfd2f25d0 .scope module, "cell_dff" "dff" 5 19, 6 4 0, S_000001cbfd2f3bb0;
 .timescale 0 0;
    .port_info 0 /OUTPUT 1 "q";
    .port_info 1 /INPUT 1 "d";
    .port_info 2 /INPUT 1 "wen";
    .port_info 3 /INPUT 1 "clk";
    .port_info 4 /INPUT 1 "rst";
v000001cbfd2d7d60_0 .net "clk", 0 0, o000001cbfd243848;  alias, 0 drivers
v000001cbfd2d72c0_0 .net "d", 0 0, L_000001cbfd437b20;  alias, 1 drivers
v000001cbfd2d7900_0 .var "q", 0 0;
v000001cbfd2d9660_0 .net "rst", 0 0, o000001cbfd2438d8;  alias, 0 drivers
v000001cbfd2d8d00_0 .net "wen", 0 0, L_000001cbfd43e100;  alias, 1 drivers
S_000001cbfd2f3d40 .scope module, "bitcells[9]" "bit_cell" 4 14, 5 4 0, S_000001cbfd2c8720;
 .timescale 0 0;
    .port_info 0 /INPUT 1 "clk";
    .port_info 1 /INPUT 1 "rst";
    .port_info 2 /INPUT 1 "d";
    .port_info 3 /INPUT 1 "wren";
    .port_info 4 /INPUT 1 "rden1";
    .port_info 5 /INPUT 1 "rden2";
    .port_info 6 /INOUT 1 "bitline1";
    .port_info 7 /INOUT 1 "bitline2";
L_000001cbfd1be860 .functor BUFIF1 1, v000001cbfd2d6fa0_0, L_000001cbfd440720, C4<0>, C4<0>;
L_000001cbfd1bd360 .functor BUFIF1 1, v000001cbfd2d6fa0_0, L_000001cbfd4407c0, C4<0>, C4<0>;
v000001cbfd2d9520_0 .net8 "bitline1", 0 0, p000001cbfd252c08;  1 drivers, strength-aware
v000001cbfd2d8e40_0 .net8 "bitline2", 0 0, p000001cbfd252c38;  1 drivers, strength-aware
v000001cbfd2d79a0_0 .net "clk", 0 0, o000001cbfd243848;  alias, 0 drivers
v000001cbfd2d95c0_0 .net "d", 0 0, L_000001cbfd4376c0;  1 drivers
v000001cbfd2d8da0_0 .net "q", 0 0, v000001cbfd2d6fa0_0;  1 drivers
v000001cbfd2d7a40_0 .net "rden1", 0 0, L_000001cbfd440720;  alias, 1 drivers
v000001cbfd2d7ae0_0 .net "rden2", 0 0, L_000001cbfd4407c0;  alias, 1 drivers
v000001cbfd2d7b80_0 .net "rst", 0 0, o000001cbfd2438d8;  alias, 0 drivers
v000001cbfd2d8440_0 .net "wren", 0 0, L_000001cbfd43e100;  alias, 1 drivers
S_000001cbfd2f2f30 .scope module, "cell_dff" "dff" 5 19, 6 4 0, S_000001cbfd2f3d40;
 .timescale 0 0;
    .port_info 0 /OUTPUT 1 "q";
    .port_info 1 /INPUT 1 "d";
    .port_info 2 /INPUT 1 "wen";
    .port_info 3 /INPUT 1 "clk";
    .port_info 4 /INPUT 1 "rst";
v000001cbfd2d8b20_0 .net "clk", 0 0, o000001cbfd243848;  alias, 0 drivers
v000001cbfd2d93e0_0 .net "d", 0 0, L_000001cbfd4376c0;  alias, 1 drivers
v000001cbfd2d6fa0_0 .var "q", 0 0;
v000001cbfd2d9700_0 .net "rst", 0 0, o000001cbfd2438d8;  alias, 0 drivers
v000001cbfd2d7040_0 .net "wen", 0 0, L_000001cbfd43e100;  alias, 1 drivers
S_000001cbfd2f33e0 .scope module, "bitcells[10]" "bit_cell" 4 14, 5 4 0, S_000001cbfd2c8720;
 .timescale 0 0;
    .port_info 0 /INPUT 1 "clk";
    .port_info 1 /INPUT 1 "rst";
    .port_info 2 /INPUT 1 "d";
    .port_info 3 /INPUT 1 "wren";
    .port_info 4 /INPUT 1 "rden1";
    .port_info 5 /INPUT 1 "rden2";
    .port_info 6 /INOUT 1 "bitline1";
    .port_info 7 /INOUT 1 "bitline2";
L_000001cbfd1bdb40 .functor BUFIF1 1, v000001cbfd2d8bc0_0, L_000001cbfd440720, C4<0>, C4<0>;
L_000001cbfd1bde50 .functor BUFIF1 1, v000001cbfd2d8bc0_0, L_000001cbfd4407c0, C4<0>, C4<0>;
v000001cbfd2d90c0_0 .net8 "bitline1", 0 0, p000001cbfd252f38;  1 drivers, strength-aware
v000001cbfd2d81c0_0 .net8 "bitline2", 0 0, p000001cbfd252f68;  1 drivers, strength-aware
v000001cbfd2d8940_0 .net "clk", 0 0, o000001cbfd243848;  alias, 0 drivers
v000001cbfd2d8800_0 .net "d", 0 0, L_000001cbfd437760;  1 drivers
v000001cbfd2d84e0_0 .net "q", 0 0, v000001cbfd2d8bc0_0;  1 drivers
v000001cbfd2d8120_0 .net "rden1", 0 0, L_000001cbfd440720;  alias, 1 drivers
v000001cbfd2d9020_0 .net "rden2", 0 0, L_000001cbfd4407c0;  alias, 1 drivers
v000001cbfd2d8080_0 .net "rst", 0 0, o000001cbfd2438d8;  alias, 0 drivers
v000001cbfd2d8580_0 .net "wren", 0 0, L_000001cbfd43e100;  alias, 1 drivers
S_000001cbfd2f2440 .scope module, "cell_dff" "dff" 5 19, 6 4 0, S_000001cbfd2f33e0;
 .timescale 0 0;
    .port_info 0 /OUTPUT 1 "q";
    .port_info 1 /INPUT 1 "d";
    .port_info 2 /INPUT 1 "wen";
    .port_info 3 /INPUT 1 "clk";
    .port_info 4 /INPUT 1 "rst";
v000001cbfd2d7f40_0 .net "clk", 0 0, o000001cbfd243848;  alias, 0 drivers
v000001cbfd2d7fe0_0 .net "d", 0 0, L_000001cbfd437760;  alias, 1 drivers
v000001cbfd2d8bc0_0 .var "q", 0 0;
v000001cbfd2d8a80_0 .net "rst", 0 0, o000001cbfd2438d8;  alias, 0 drivers
v000001cbfd2d88a0_0 .net "wen", 0 0, L_000001cbfd43e100;  alias, 1 drivers
S_000001cbfd2f2760 .scope module, "bitcells[11]" "bit_cell" 4 14, 5 4 0, S_000001cbfd2c8720;
 .timescale 0 0;
    .port_info 0 /INPUT 1 "clk";
    .port_info 1 /INPUT 1 "rst";
    .port_info 2 /INPUT 1 "d";
    .port_info 3 /INPUT 1 "wren";
    .port_info 4 /INPUT 1 "rden1";
    .port_info 5 /INPUT 1 "rden2";
    .port_info 6 /INOUT 1 "bitline1";
    .port_info 7 /INOUT 1 "bitline2";
L_000001cbfd1be6a0 .functor BUFIF1 1, v000001cbfd2d86c0_0, L_000001cbfd440720, C4<0>, C4<0>;
L_000001cbfd1bdc20 .functor BUFIF1 1, v000001cbfd2d86c0_0, L_000001cbfd4407c0, C4<0>, C4<0>;
v000001cbfd2dba00_0 .net8 "bitline1", 0 0, p000001cbfd253268;  1 drivers, strength-aware
v000001cbfd2da2e0_0 .net8 "bitline2", 0 0, p000001cbfd253298;  1 drivers, strength-aware
v000001cbfd2d9980_0 .net "clk", 0 0, o000001cbfd243848;  alias, 0 drivers
v000001cbfd2db140_0 .net "d", 0 0, L_000001cbfd437800;  1 drivers
v000001cbfd2d9d40_0 .net "q", 0 0, v000001cbfd2d86c0_0;  1 drivers
v000001cbfd2dac40_0 .net "rden1", 0 0, L_000001cbfd440720;  alias, 1 drivers
v000001cbfd2db780_0 .net "rden2", 0 0, L_000001cbfd4407c0;  alias, 1 drivers
v000001cbfd2daec0_0 .net "rst", 0 0, o000001cbfd2438d8;  alias, 0 drivers
v000001cbfd2da9c0_0 .net "wren", 0 0, L_000001cbfd43e100;  alias, 1 drivers
S_000001cbfd2f8910 .scope module, "cell_dff" "dff" 5 19, 6 4 0, S_000001cbfd2f2760;
 .timescale 0 0;
    .port_info 0 /OUTPUT 1 "q";
    .port_info 1 /INPUT 1 "d";
    .port_info 2 /INPUT 1 "wen";
    .port_info 3 /INPUT 1 "clk";
    .port_info 4 /INPUT 1 "rst";
v000001cbfd2d7180_0 .net "clk", 0 0, o000001cbfd243848;  alias, 0 drivers
v000001cbfd2d7400_0 .net "d", 0 0, L_000001cbfd437800;  alias, 1 drivers
v000001cbfd2d86c0_0 .var "q", 0 0;
v000001cbfd2d8620_0 .net "rst", 0 0, o000001cbfd2438d8;  alias, 0 drivers
v000001cbfd2d89e0_0 .net "wen", 0 0, L_000001cbfd43e100;  alias, 1 drivers
S_000001cbfd2f9590 .scope module, "bitcells[12]" "bit_cell" 4 14, 5 4 0, S_000001cbfd2c8720;
 .timescale 0 0;
    .port_info 0 /INPUT 1 "clk";
    .port_info 1 /INPUT 1 "rst";
    .port_info 2 /INPUT 1 "d";
    .port_info 3 /INPUT 1 "wren";
    .port_info 4 /INPUT 1 "rden1";
    .port_info 5 /INPUT 1 "rden2";
    .port_info 6 /INOUT 1 "bitline1";
    .port_info 7 /INOUT 1 "bitline2";
L_000001cbfd1be160 .functor BUFIF1 1, v000001cbfd2d9840_0, L_000001cbfd440720, C4<0>, C4<0>;
L_000001cbfd1bd4b0 .functor BUFIF1 1, v000001cbfd2d9840_0, L_000001cbfd4407c0, C4<0>, C4<0>;
v000001cbfd2d9ca0_0 .net8 "bitline1", 0 0, p000001cbfd253598;  1 drivers, strength-aware
v000001cbfd2da060_0 .net8 "bitline2", 0 0, p000001cbfd2535c8;  1 drivers, strength-aware
v000001cbfd2dbdc0_0 .net "clk", 0 0, o000001cbfd243848;  alias, 0 drivers
v000001cbfd2d98e0_0 .net "d", 0 0, L_000001cbfd439600;  1 drivers
v000001cbfd2d9a20_0 .net "q", 0 0, v000001cbfd2d9840_0;  1 drivers
v000001cbfd2db6e0_0 .net "rden1", 0 0, L_000001cbfd440720;  alias, 1 drivers
v000001cbfd2daf60_0 .net "rden2", 0 0, L_000001cbfd4407c0;  alias, 1 drivers
v000001cbfd2dae20_0 .net "rst", 0 0, o000001cbfd2438d8;  alias, 0 drivers
v000001cbfd2db960_0 .net "wren", 0 0, L_000001cbfd43e100;  alias, 1 drivers
S_000001cbfd2f8f50 .scope module, "cell_dff" "dff" 5 19, 6 4 0, S_000001cbfd2f9590;
 .timescale 0 0;
    .port_info 0 /OUTPUT 1 "q";
    .port_info 1 /INPUT 1 "d";
    .port_info 2 /INPUT 1 "wen";
    .port_info 3 /INPUT 1 "clk";
    .port_info 4 /INPUT 1 "rst";
v000001cbfd2db320_0 .net "clk", 0 0, o000001cbfd243848;  alias, 0 drivers
v000001cbfd2da920_0 .net "d", 0 0, L_000001cbfd439600;  alias, 1 drivers
v000001cbfd2d9840_0 .var "q", 0 0;
v000001cbfd2da7e0_0 .net "rst", 0 0, o000001cbfd2438d8;  alias, 0 drivers
v000001cbfd2db500_0 .net "wen", 0 0, L_000001cbfd43e100;  alias, 1 drivers
S_000001cbfd2f90e0 .scope module, "bitcells[13]" "bit_cell" 4 14, 5 4 0, S_000001cbfd2c8720;
 .timescale 0 0;
    .port_info 0 /INPUT 1 "clk";
    .port_info 1 /INPUT 1 "rst";
    .port_info 2 /INPUT 1 "d";
    .port_info 3 /INPUT 1 "wren";
    .port_info 4 /INPUT 1 "rden1";
    .port_info 5 /INPUT 1 "rden2";
    .port_info 6 /INOUT 1 "bitline1";
    .port_info 7 /INOUT 1 "bitline2";
L_000001cbfd1bd520 .functor BUFIF1 1, v000001cbfd2db460_0, L_000001cbfd440720, C4<0>, C4<0>;
L_000001cbfd1be1d0 .functor BUFIF1 1, v000001cbfd2db460_0, L_000001cbfd4407c0, C4<0>, C4<0>;
v000001cbfd2dbaa0_0 .net8 "bitline1", 0 0, p000001cbfd2538c8;  1 drivers, strength-aware
v000001cbfd2da1a0_0 .net8 "bitline2", 0 0, p000001cbfd2538f8;  1 drivers, strength-aware
v000001cbfd2daa60_0 .net "clk", 0 0, o000001cbfd243848;  alias, 0 drivers
v000001cbfd2da420_0 .net "d", 0 0, L_000001cbfd43ab40;  1 drivers
v000001cbfd2dbc80_0 .net "q", 0 0, v000001cbfd2db460_0;  1 drivers
v000001cbfd2db0a0_0 .net "rden1", 0 0, L_000001cbfd440720;  alias, 1 drivers
v000001cbfd2da600_0 .net "rden2", 0 0, L_000001cbfd4407c0;  alias, 1 drivers
v000001cbfd2dbb40_0 .net "rst", 0 0, o000001cbfd2438d8;  alias, 0 drivers
v000001cbfd2dbbe0_0 .net "wren", 0 0, L_000001cbfd43e100;  alias, 1 drivers
S_000001cbfd2f8aa0 .scope module, "cell_dff" "dff" 5 19, 6 4 0, S_000001cbfd2f90e0;
 .timescale 0 0;
    .port_info 0 /OUTPUT 1 "q";
    .port_info 1 /INPUT 1 "d";
    .port_info 2 /INPUT 1 "wen";
    .port_info 3 /INPUT 1 "clk";
    .port_info 4 /INPUT 1 "rst";
v000001cbfd2db000_0 .net "clk", 0 0, o000001cbfd243848;  alias, 0 drivers
v000001cbfd2db820_0 .net "d", 0 0, L_000001cbfd43ab40;  alias, 1 drivers
v000001cbfd2db460_0 .var "q", 0 0;
v000001cbfd2da6a0_0 .net "rst", 0 0, o000001cbfd2438d8;  alias, 0 drivers
v000001cbfd2dad80_0 .net "wen", 0 0, L_000001cbfd43e100;  alias, 1 drivers
S_000001cbfd2f7fb0 .scope module, "bitcells[14]" "bit_cell" 4 14, 5 4 0, S_000001cbfd2c8720;
 .timescale 0 0;
    .port_info 0 /INPUT 1 "clk";
    .port_info 1 /INPUT 1 "rst";
    .port_info 2 /INPUT 1 "d";
    .port_info 3 /INPUT 1 "wren";
    .port_info 4 /INPUT 1 "rden1";
    .port_info 5 /INPUT 1 "rden2";
    .port_info 6 /INOUT 1 "bitline1";
    .port_info 7 /INOUT 1 "bitline2";
L_000001cbfd1be400 .functor BUFIF1 1, v000001cbfd2db8c0_0, L_000001cbfd440720, C4<0>, C4<0>;
L_000001cbfd1be470 .functor BUFIF1 1, v000001cbfd2db8c0_0, L_000001cbfd4407c0, C4<0>, C4<0>;
v000001cbfd2db3c0_0 .net8 "bitline1", 0 0, p000001cbfd253bf8;  1 drivers, strength-aware
v000001cbfd2da240_0 .net8 "bitline2", 0 0, p000001cbfd253c28;  1 drivers, strength-aware
v000001cbfd2d9c00_0 .net "clk", 0 0, o000001cbfd243848;  alias, 0 drivers
v000001cbfd2db5a0_0 .net "d", 0 0, L_000001cbfd438de0;  1 drivers
v000001cbfd2dbd20_0 .net "q", 0 0, v000001cbfd2db8c0_0;  1 drivers
v000001cbfd2d97a0_0 .net "rden1", 0 0, L_000001cbfd440720;  alias, 1 drivers
v000001cbfd2da380_0 .net "rden2", 0 0, L_000001cbfd4407c0;  alias, 1 drivers
v000001cbfd2db640_0 .net "rst", 0 0, o000001cbfd2438d8;  alias, 0 drivers
v000001cbfd2dbf00_0 .net "wren", 0 0, L_000001cbfd43e100;  alias, 1 drivers
S_000001cbfd2f9270 .scope module, "cell_dff" "dff" 5 19, 6 4 0, S_000001cbfd2f7fb0;
 .timescale 0 0;
    .port_info 0 /OUTPUT 1 "q";
    .port_info 1 /INPUT 1 "d";
    .port_info 2 /INPUT 1 "wen";
    .port_info 3 /INPUT 1 "clk";
    .port_info 4 /INPUT 1 "rst";
v000001cbfd2da100_0 .net "clk", 0 0, o000001cbfd243848;  alias, 0 drivers
v000001cbfd2d9ac0_0 .net "d", 0 0, L_000001cbfd438de0;  alias, 1 drivers
v000001cbfd2db8c0_0 .var "q", 0 0;
v000001cbfd2dab00_0 .net "rst", 0 0, o000001cbfd2438d8;  alias, 0 drivers
v000001cbfd2d9fc0_0 .net "wen", 0 0, L_000001cbfd43e100;  alias, 1 drivers
S_000001cbfd2f8140 .scope module, "bitcells[15]" "bit_cell" 4 14, 5 4 0, S_000001cbfd2c8720;
 .timescale 0 0;
    .port_info 0 /INPUT 1 "clk";
    .port_info 1 /INPUT 1 "rst";
    .port_info 2 /INPUT 1 "d";
    .port_info 3 /INPUT 1 "wren";
    .port_info 4 /INPUT 1 "rden1";
    .port_info 5 /INPUT 1 "rden2";
    .port_info 6 /INOUT 1 "bitline1";
    .port_info 7 /INOUT 1 "bitline2";
L_000001cbfd1bd670 .functor BUFIF1 1, v000001cbfd2da4c0_0, L_000001cbfd440720, C4<0>, C4<0>;
L_000001cbfd1bd590 .functor BUFIF1 1, v000001cbfd2da4c0_0, L_000001cbfd4407c0, C4<0>, C4<0>;
v000001cbfd2d9f20_0 .net8 "bitline1", 0 0, p000001cbfd253f28;  1 drivers, strength-aware
v000001cbfd2da560_0 .net8 "bitline2", 0 0, p000001cbfd253f58;  1 drivers, strength-aware
v000001cbfd2da740_0 .net "clk", 0 0, o000001cbfd243848;  alias, 0 drivers
v000001cbfd2da880_0 .net "d", 0 0, L_000001cbfd43a1e0;  1 drivers
v000001cbfd2daba0_0 .net "q", 0 0, v000001cbfd2da4c0_0;  1 drivers
v000001cbfd2dace0_0 .net "rden1", 0 0, L_000001cbfd440720;  alias, 1 drivers
v000001cbfd2db1e0_0 .net "rden2", 0 0, L_000001cbfd4407c0;  alias, 1 drivers
v000001cbfd2db280_0 .net "rst", 0 0, o000001cbfd2438d8;  alias, 0 drivers
v000001cbfd2dda80_0 .net "wren", 0 0, L_000001cbfd43e100;  alias, 1 drivers
S_000001cbfd2f85f0 .scope module, "cell_dff" "dff" 5 19, 6 4 0, S_000001cbfd2f8140;
 .timescale 0 0;
    .port_info 0 /OUTPUT 1 "q";
    .port_info 1 /INPUT 1 "d";
    .port_info 2 /INPUT 1 "wen";
    .port_info 3 /INPUT 1 "clk";
    .port_info 4 /INPUT 1 "rst";
v000001cbfd2d9b60_0 .net "clk", 0 0, o000001cbfd243848;  alias, 0 drivers
v000001cbfd2d9de0_0 .net "d", 0 0, L_000001cbfd43a1e0;  alias, 1 drivers
v000001cbfd2da4c0_0 .var "q", 0 0;
v000001cbfd2dbe60_0 .net "rst", 0 0, o000001cbfd2438d8;  alias, 0 drivers
v000001cbfd2d9e80_0 .net "wen", 0 0, L_000001cbfd43e100;  alias, 1 drivers
S_000001cbfd2f82d0 .scope module, "registers[5]" "register" 2 36, 4 4 0, S_000001cbfcbd3120;
 .timescale 0 0;
    .port_info 0 /INPUT 1 "clk";
    .port_info 1 /INPUT 1 "rst";
    .port_info 2 /INPUT 16 "d";
    .port_info 3 /INPUT 1 "write_reg";
    .port_info 4 /INPUT 1 "rden1";
    .port_info 5 /INPUT 1 "rden2";
    .port_info 6 /INOUT 16 "bitline1";
    .port_info 7 /INOUT 16 "bitline2";
v000001cbfd302e00_0 .net8 "bitline1", 15 0, p000001cbfd246c38;  alias, 0 drivers, strength-aware
v000001cbfd302fe0_0 .net8 "bitline2", 15 0, p000001cbfd246c68;  alias, 0 drivers, strength-aware
v000001cbfd301640_0 .net "clk", 0 0, o000001cbfd243848;  alias, 0 drivers
v000001cbfd3016e0_0 .net "d", 15 0, o000001cbfd246c98;  alias, 0 drivers
v000001cbfd302b80_0 .net "rden1", 0 0, L_000001cbfd440f40;  1 drivers
v000001cbfd3033a0_0 .net "rden2", 0 0, L_000001cbfd441c60;  1 drivers
v000001cbfd301280_0 .net "rst", 0 0, o000001cbfd2438d8;  alias, 0 drivers
v000001cbfd301aa0_0 .net "write_reg", 0 0, L_000001cbfd43e1a0;  1 drivers
L_000001cbfd439240 .part o000001cbfd246c98, 0, 1;
L_000001cbfd4392e0 .part o000001cbfd246c98, 1, 1;
L_000001cbfd439e20 .part o000001cbfd246c98, 2, 1;
L_000001cbfd438b60 .part o000001cbfd246c98, 3, 1;
L_000001cbfd438660 .part o000001cbfd246c98, 4, 1;
L_000001cbfd438a20 .part o000001cbfd246c98, 5, 1;
L_000001cbfd439380 .part o000001cbfd246c98, 6, 1;
L_000001cbfd439a60 .part o000001cbfd246c98, 7, 1;
L_000001cbfd439420 .part o000001cbfd246c98, 8, 1;
L_000001cbfd439880 .part o000001cbfd246c98, 9, 1;
L_000001cbfd439060 .part o000001cbfd246c98, 10, 1;
L_000001cbfd43a6e0 .part o000001cbfd246c98, 11, 1;
L_000001cbfd438700 .part o000001cbfd246c98, 12, 1;
L_000001cbfd438c00 .part o000001cbfd246c98, 13, 1;
L_000001cbfd4396a0 .part o000001cbfd246c98, 14, 1;
L_000001cbfd438ca0 .part o000001cbfd246c98, 15, 1;
p000001cbfd254408 .port I000001cbfd121800, L_000001cbfd1bd600;
 .tranvp 16 1 0, I000001cbfd121800, p000001cbfd246c38 p000001cbfd254408;
p000001cbfd254798 .port I000001cbfd121800, L_000001cbfd1bd910;
 .tranvp 16 1 1, I000001cbfd121800, p000001cbfd246c38 p000001cbfd254798;
p000001cbfd254ac8 .port I000001cbfd121800, L_000001cbfd156dc0;
 .tranvp 16 1 2, I000001cbfd121800, p000001cbfd246c38 p000001cbfd254ac8;
p000001cbfd254df8 .port I000001cbfd121800, L_000001cbfd157060;
 .tranvp 16 1 3, I000001cbfd121800, p000001cbfd246c38 p000001cbfd254df8;
p000001cbfd255128 .port I000001cbfd121800, L_000001cbfd156420;
 .tranvp 16 1 4, I000001cbfd121800, p000001cbfd246c38 p000001cbfd255128;
p000001cbfd255458 .port I000001cbfd121800, L_000001cbfd1571b0;
 .tranvp 16 1 5, I000001cbfd121800, p000001cbfd246c38 p000001cbfd255458;
p000001cbfd255788 .port I000001cbfd121800, L_000001cbfd156650;
 .tranvp 16 1 6, I000001cbfd121800, p000001cbfd246c38 p000001cbfd255788;
p000001cbfd255ab8 .port I000001cbfd121800, L_000001cbfd156810;
 .tranvp 16 1 7, I000001cbfd121800, p000001cbfd246c38 p000001cbfd255ab8;
p000001cbfd255de8 .port I000001cbfd121800, L_000001cbfd1714c0;
 .tranvp 16 1 8, I000001cbfd121800, p000001cbfd246c38 p000001cbfd255de8;
p000001cbfd256118 .port I000001cbfd121800, L_000001cbfd170960;
 .tranvp 16 1 9, I000001cbfd121800, p000001cbfd246c38 p000001cbfd256118;
p000001cbfd256448 .port I000001cbfd121800, L_000001cbfd170f80;
 .tranvp 16 1 10, I000001cbfd121800, p000001cbfd246c38 p000001cbfd256448;
p000001cbfd256778 .port I000001cbfd121800, L_000001cbfd170ff0;
 .tranvp 16 1 11, I000001cbfd121800, p000001cbfd246c38 p000001cbfd256778;
p000001cbfd256aa8 .port I000001cbfd121800, L_000001cbfd170ce0;
 .tranvp 16 1 12, I000001cbfd121800, p000001cbfd246c38 p000001cbfd256aa8;
p000001cbfd256dd8 .port I000001cbfd121800, L_000001cbfd1710d0;
 .tranvp 16 1 13, I000001cbfd121800, p000001cbfd246c38 p000001cbfd256dd8;
p000001cbfd257108 .port I000001cbfd121800, L_000001cbfd174550;
 .tranvp 16 1 14, I000001cbfd121800, p000001cbfd246c38 p000001cbfd257108;
p000001cbfd257438 .port I000001cbfd121800, L_000001cbfd173f30;
 .tranvp 16 1 15, I000001cbfd121800, p000001cbfd246c38 p000001cbfd257438;
p000001cbfd254438 .port I000001cbfd121380, L_000001cbfd1bd6e0;
 .tranvp 16 1 0, I000001cbfd121380, p000001cbfd246c68 p000001cbfd254438;
p000001cbfd2547c8 .port I000001cbfd121380, L_000001cbfd156a40;
 .tranvp 16 1 1, I000001cbfd121380, p000001cbfd246c68 p000001cbfd2547c8;
p000001cbfd254af8 .port I000001cbfd121380, L_000001cbfd156f80;
 .tranvp 16 1 2, I000001cbfd121380, p000001cbfd246c68 p000001cbfd254af8;
p000001cbfd254e28 .port I000001cbfd121380, L_000001cbfd1570d0;
 .tranvp 16 1 3, I000001cbfd121380, p000001cbfd246c68 p000001cbfd254e28;
p000001cbfd255158 .port I000001cbfd121380, L_000001cbfd157140;
 .tranvp 16 1 4, I000001cbfd121380, p000001cbfd246c68 p000001cbfd255158;
p000001cbfd255488 .port I000001cbfd121380, L_000001cbfd1565e0;
 .tranvp 16 1 5, I000001cbfd121380, p000001cbfd246c68 p000001cbfd255488;
p000001cbfd2557b8 .port I000001cbfd121380, L_000001cbfd1569d0;
 .tranvp 16 1 6, I000001cbfd121380, p000001cbfd246c68 p000001cbfd2557b8;
p000001cbfd255ae8 .port I000001cbfd121380, L_000001cbfd1711b0;
 .tranvp 16 1 7, I000001cbfd121380, p000001cbfd246c68 p000001cbfd255ae8;
p000001cbfd255e18 .port I000001cbfd121380, L_000001cbfd171610;
 .tranvp 16 1 8, I000001cbfd121380, p000001cbfd246c68 p000001cbfd255e18;
p000001cbfd256148 .port I000001cbfd121380, L_000001cbfd170ab0;
 .tranvp 16 1 9, I000001cbfd121380, p000001cbfd246c68 p000001cbfd256148;
p000001cbfd256478 .port I000001cbfd121380, L_000001cbfd170b90;
 .tranvp 16 1 10, I000001cbfd121380, p000001cbfd246c68 p000001cbfd256478;
p000001cbfd2567a8 .port I000001cbfd121380, L_000001cbfd170c70;
 .tranvp 16 1 11, I000001cbfd121380, p000001cbfd246c68 p000001cbfd2567a8;
p000001cbfd256ad8 .port I000001cbfd121380, L_000001cbfd170ea0;
 .tranvp 16 1 12, I000001cbfd121380, p000001cbfd246c68 p000001cbfd256ad8;
p000001cbfd256e08 .port I000001cbfd121380, L_000001cbfd173910;
 .tranvp 16 1 13, I000001cbfd121380, p000001cbfd246c68 p000001cbfd256e08;
p000001cbfd257138 .port I000001cbfd121380, L_000001cbfd1745c0;
 .tranvp 16 1 14, I000001cbfd121380, p000001cbfd246c68 p000001cbfd257138;
p000001cbfd257468 .port I000001cbfd121380, L_000001cbfd173d70;
 .tranvp 16 1 15, I000001cbfd121380, p000001cbfd246c68 p000001cbfd257468;
S_000001cbfd2f9400 .scope module, "bitcells[0]" "bit_cell" 4 14, 5 4 0, S_000001cbfd2f82d0;
 .timescale 0 0;
    .port_info 0 /INPUT 1 "clk";
    .port_info 1 /INPUT 1 "rst";
    .port_info 2 /INPUT 1 "d";
    .port_info 3 /INPUT 1 "wren";
    .port_info 4 /INPUT 1 "rden1";
    .port_info 5 /INPUT 1 "rden2";
    .port_info 6 /INOUT 1 "bitline1";
    .port_info 7 /INOUT 1 "bitline2";
L_000001cbfd1bd600 .functor BUFIF1 1, v000001cbfd2dd760_0, L_000001cbfd440f40, C4<0>, C4<0>;
L_000001cbfd1bd6e0 .functor BUFIF1 1, v000001cbfd2dd760_0, L_000001cbfd441c60, C4<0>, C4<0>;
v000001cbfd2dd940_0 .net8 "bitline1", 0 0, p000001cbfd254408;  1 drivers, strength-aware
v000001cbfd2ddd00_0 .net8 "bitline2", 0 0, p000001cbfd254438;  1 drivers, strength-aware
v000001cbfd2ddf80_0 .net "clk", 0 0, o000001cbfd243848;  alias, 0 drivers
v000001cbfd2dd1c0_0 .net "d", 0 0, L_000001cbfd439240;  1 drivers
v000001cbfd2dce00_0 .net "q", 0 0, v000001cbfd2dd760_0;  1 drivers
v000001cbfd2dd6c0_0 .net "rden1", 0 0, L_000001cbfd440f40;  alias, 1 drivers
v000001cbfd2dd800_0 .net "rden2", 0 0, L_000001cbfd441c60;  alias, 1 drivers
v000001cbfd2dcc20_0 .net "rst", 0 0, o000001cbfd2438d8;  alias, 0 drivers
v000001cbfd2de520_0 .net "wren", 0 0, L_000001cbfd43e1a0;  alias, 1 drivers
S_000001cbfd2f9d60 .scope module, "cell_dff" "dff" 5 19, 6 4 0, S_000001cbfd2f9400;
 .timescale 0 0;
    .port_info 0 /OUTPUT 1 "q";
    .port_info 1 /INPUT 1 "d";
    .port_info 2 /INPUT 1 "wen";
    .port_info 3 /INPUT 1 "clk";
    .port_info 4 /INPUT 1 "rst";
v000001cbfd2de480_0 .net "clk", 0 0, o000001cbfd243848;  alias, 0 drivers
v000001cbfd2ddc60_0 .net "d", 0 0, L_000001cbfd439240;  alias, 1 drivers
v000001cbfd2dd760_0 .var "q", 0 0;
v000001cbfd2dcfe0_0 .net "rst", 0 0, o000001cbfd2438d8;  alias, 0 drivers
v000001cbfd2de340_0 .net "wen", 0 0, L_000001cbfd43e1a0;  alias, 1 drivers
S_000001cbfd2f9720 .scope module, "bitcells[1]" "bit_cell" 4 14, 5 4 0, S_000001cbfd2f82d0;
 .timescale 0 0;
    .port_info 0 /INPUT 1 "clk";
    .port_info 1 /INPUT 1 "rst";
    .port_info 2 /INPUT 1 "d";
    .port_info 3 /INPUT 1 "wren";
    .port_info 4 /INPUT 1 "rden1";
    .port_info 5 /INPUT 1 "rden2";
    .port_info 6 /INOUT 1 "bitline1";
    .port_info 7 /INOUT 1 "bitline2";
L_000001cbfd1bd910 .functor BUFIF1 1, v000001cbfd2dc4a0_0, L_000001cbfd440f40, C4<0>, C4<0>;
L_000001cbfd156a40 .functor BUFIF1 1, v000001cbfd2dc4a0_0, L_000001cbfd441c60, C4<0>, C4<0>;
v000001cbfd2ddee0_0 .net8 "bitline1", 0 0, p000001cbfd254798;  1 drivers, strength-aware
v000001cbfd2de160_0 .net8 "bitline2", 0 0, p000001cbfd2547c8;  1 drivers, strength-aware
v000001cbfd2ddda0_0 .net "clk", 0 0, o000001cbfd243848;  alias, 0 drivers
v000001cbfd2dccc0_0 .net "d", 0 0, L_000001cbfd4392e0;  1 drivers
v000001cbfd2de0c0_0 .net "q", 0 0, v000001cbfd2dc4a0_0;  1 drivers
v000001cbfd2dc0e0_0 .net "rden1", 0 0, L_000001cbfd440f40;  alias, 1 drivers
v000001cbfd2de020_0 .net "rden2", 0 0, L_000001cbfd441c60;  alias, 1 drivers
v000001cbfd2dde40_0 .net "rst", 0 0, o000001cbfd2438d8;  alias, 0 drivers
v000001cbfd2dd9e0_0 .net "wren", 0 0, L_000001cbfd43e1a0;  alias, 1 drivers
S_000001cbfd2f8460 .scope module, "cell_dff" "dff" 5 19, 6 4 0, S_000001cbfd2f9720;
 .timescale 0 0;
    .port_info 0 /OUTPUT 1 "q";
    .port_info 1 /INPUT 1 "d";
    .port_info 2 /INPUT 1 "wen";
    .port_info 3 /INPUT 1 "clk";
    .port_info 4 /INPUT 1 "rst";
v000001cbfd2ddbc0_0 .net "clk", 0 0, o000001cbfd243848;  alias, 0 drivers
v000001cbfd2dc2c0_0 .net "d", 0 0, L_000001cbfd4392e0;  alias, 1 drivers
v000001cbfd2dc4a0_0 .var "q", 0 0;
v000001cbfd2dc860_0 .net "rst", 0 0, o000001cbfd2438d8;  alias, 0 drivers
v000001cbfd2dd120_0 .net "wen", 0 0, L_000001cbfd43e1a0;  alias, 1 drivers
S_000001cbfd2f8780 .scope module, "bitcells[2]" "bit_cell" 4 14, 5 4 0, S_000001cbfd2f82d0;
 .timescale 0 0;
    .port_info 0 /INPUT 1 "clk";
    .port_info 1 /INPUT 1 "rst";
    .port_info 2 /INPUT 1 "d";
    .port_info 3 /INPUT 1 "wren";
    .port_info 4 /INPUT 1 "rden1";
    .port_info 5 /INPUT 1 "rden2";
    .port_info 6 /INOUT 1 "bitline1";
    .port_info 7 /INOUT 1 "bitline2";
L_000001cbfd156dc0 .functor BUFIF1 1, v000001cbfd2de200_0, L_000001cbfd440f40, C4<0>, C4<0>;
L_000001cbfd156f80 .functor BUFIF1 1, v000001cbfd2de200_0, L_000001cbfd441c60, C4<0>, C4<0>;
v000001cbfd2de660_0 .net8 "bitline1", 0 0, p000001cbfd254ac8;  1 drivers, strength-aware
v000001cbfd2dc9a0_0 .net8 "bitline2", 0 0, p000001cbfd254af8;  1 drivers, strength-aware
v000001cbfd2dca40_0 .net "clk", 0 0, o000001cbfd243848;  alias, 0 drivers
v000001cbfd2dcd60_0 .net "d", 0 0, L_000001cbfd439e20;  1 drivers
v000001cbfd2de2a0_0 .net "q", 0 0, v000001cbfd2de200_0;  1 drivers
v000001cbfd2dd080_0 .net "rden1", 0 0, L_000001cbfd440f40;  alias, 1 drivers
v000001cbfd2dc220_0 .net "rden2", 0 0, L_000001cbfd441c60;  alias, 1 drivers
v000001cbfd2dd300_0 .net "rst", 0 0, o000001cbfd2438d8;  alias, 0 drivers
v000001cbfd2de700_0 .net "wren", 0 0, L_000001cbfd43e1a0;  alias, 1 drivers
S_000001cbfd2f8c30 .scope module, "cell_dff" "dff" 5 19, 6 4 0, S_000001cbfd2f8780;
 .timescale 0 0;
    .port_info 0 /OUTPUT 1 "q";
    .port_info 1 /INPUT 1 "d";
    .port_info 2 /INPUT 1 "wen";
    .port_info 3 /INPUT 1 "clk";
    .port_info 4 /INPUT 1 "rst";
v000001cbfd2dc540_0 .net "clk", 0 0, o000001cbfd243848;  alias, 0 drivers
v000001cbfd2dd440_0 .net "d", 0 0, L_000001cbfd439e20;  alias, 1 drivers
v000001cbfd2de200_0 .var "q", 0 0;
v000001cbfd2dcea0_0 .net "rst", 0 0, o000001cbfd2438d8;  alias, 0 drivers
v000001cbfd2dd3a0_0 .net "wen", 0 0, L_000001cbfd43e1a0;  alias, 1 drivers
S_000001cbfd2f98b0 .scope module, "bitcells[3]" "bit_cell" 4 14, 5 4 0, S_000001cbfd2f82d0;
 .timescale 0 0;
    .port_info 0 /INPUT 1 "clk";
    .port_info 1 /INPUT 1 "rst";
    .port_info 2 /INPUT 1 "d";
    .port_info 3 /INPUT 1 "wren";
    .port_info 4 /INPUT 1 "rden1";
    .port_info 5 /INPUT 1 "rden2";
    .port_info 6 /INOUT 1 "bitline1";
    .port_info 7 /INOUT 1 "bitline2";
L_000001cbfd157060 .functor BUFIF1 1, v000001cbfd2dd580_0, L_000001cbfd440f40, C4<0>, C4<0>;
L_000001cbfd1570d0 .functor BUFIF1 1, v000001cbfd2dd580_0, L_000001cbfd441c60, C4<0>, C4<0>;
v000001cbfd2dc040_0 .net8 "bitline1", 0 0, p000001cbfd254df8;  1 drivers, strength-aware
v000001cbfd2dc360_0 .net8 "bitline2", 0 0, p000001cbfd254e28;  1 drivers, strength-aware
v000001cbfd2dc5e0_0 .net "clk", 0 0, o000001cbfd243848;  alias, 0 drivers
v000001cbfd2dc400_0 .net "d", 0 0, L_000001cbfd438b60;  1 drivers
v000001cbfd2dc680_0 .net "q", 0 0, v000001cbfd2dd580_0;  1 drivers
v000001cbfd2dd4e0_0 .net "rden1", 0 0, L_000001cbfd440f40;  alias, 1 drivers
v000001cbfd2dc720_0 .net "rden2", 0 0, L_000001cbfd441c60;  alias, 1 drivers
v000001cbfd2dcae0_0 .net "rst", 0 0, o000001cbfd2438d8;  alias, 0 drivers
v000001cbfd2dfd80_0 .net "wren", 0 0, L_000001cbfd43e1a0;  alias, 1 drivers
S_000001cbfd2f8dc0 .scope module, "cell_dff" "dff" 5 19, 6 4 0, S_000001cbfd2f98b0;
 .timescale 0 0;
    .port_info 0 /OUTPUT 1 "q";
    .port_info 1 /INPUT 1 "d";
    .port_info 2 /INPUT 1 "wen";
    .port_info 3 /INPUT 1 "clk";
    .port_info 4 /INPUT 1 "rst";
v000001cbfd2dbfa0_0 .net "clk", 0 0, o000001cbfd243848;  alias, 0 drivers
v000001cbfd2dd620_0 .net "d", 0 0, L_000001cbfd438b60;  alias, 1 drivers
v000001cbfd2dd580_0 .var "q", 0 0;
v000001cbfd2dc180_0 .net "rst", 0 0, o000001cbfd2438d8;  alias, 0 drivers
v000001cbfd2dcf40_0 .net "wen", 0 0, L_000001cbfd43e1a0;  alias, 1 drivers
S_000001cbfd2f9a40 .scope module, "bitcells[4]" "bit_cell" 4 14, 5 4 0, S_000001cbfd2f82d0;
 .timescale 0 0;
    .port_info 0 /INPUT 1 "clk";
    .port_info 1 /INPUT 1 "rst";
    .port_info 2 /INPUT 1 "d";
    .port_info 3 /INPUT 1 "wren";
    .port_info 4 /INPUT 1 "rden1";
    .port_info 5 /INPUT 1 "rden2";
    .port_info 6 /INOUT 1 "bitline1";
    .port_info 7 /INOUT 1 "bitline2";
L_000001cbfd156420 .functor BUFIF1 1, v000001cbfd2e08c0_0, L_000001cbfd440f40, C4<0>, C4<0>;
L_000001cbfd157140 .functor BUFIF1 1, v000001cbfd2e08c0_0, L_000001cbfd441c60, C4<0>, C4<0>;
v000001cbfd2e0460_0 .net8 "bitline1", 0 0, p000001cbfd255128;  1 drivers, strength-aware
v000001cbfd2e0500_0 .net8 "bitline2", 0 0, p000001cbfd255158;  1 drivers, strength-aware
v000001cbfd2e0dc0_0 .net "clk", 0 0, o000001cbfd243848;  alias, 0 drivers
v000001cbfd2dede0_0 .net "d", 0 0, L_000001cbfd438660;  1 drivers
v000001cbfd2e0640_0 .net "q", 0 0, v000001cbfd2e08c0_0;  1 drivers
v000001cbfd2df100_0 .net "rden1", 0 0, L_000001cbfd440f40;  alias, 1 drivers
v000001cbfd2e0b40_0 .net "rden2", 0 0, L_000001cbfd441c60;  alias, 1 drivers
v000001cbfd2e05a0_0 .net "rst", 0 0, o000001cbfd2438d8;  alias, 0 drivers
v000001cbfd2e06e0_0 .net "wren", 0 0, L_000001cbfd43e1a0;  alias, 1 drivers
S_000001cbfd2f9bd0 .scope module, "cell_dff" "dff" 5 19, 6 4 0, S_000001cbfd2f9a40;
 .timescale 0 0;
    .port_info 0 /OUTPUT 1 "q";
    .port_info 1 /INPUT 1 "d";
    .port_info 2 /INPUT 1 "wen";
    .port_info 3 /INPUT 1 "clk";
    .port_info 4 /INPUT 1 "rst";
v000001cbfd2e03c0_0 .net "clk", 0 0, o000001cbfd243848;  alias, 0 drivers
v000001cbfd2df7e0_0 .net "d", 0 0, L_000001cbfd438660;  alias, 1 drivers
v000001cbfd2e08c0_0 .var "q", 0 0;
v000001cbfd2e0320_0 .net "rst", 0 0, o000001cbfd2438d8;  alias, 0 drivers
v000001cbfd2df4c0_0 .net "wen", 0 0, L_000001cbfd43e1a0;  alias, 1 drivers
S_000001cbfd2fa150 .scope module, "bitcells[5]" "bit_cell" 4 14, 5 4 0, S_000001cbfd2f82d0;
 .timescale 0 0;
    .port_info 0 /INPUT 1 "clk";
    .port_info 1 /INPUT 1 "rst";
    .port_info 2 /INPUT 1 "d";
    .port_info 3 /INPUT 1 "wren";
    .port_info 4 /INPUT 1 "rden1";
    .port_info 5 /INPUT 1 "rden2";
    .port_info 6 /INOUT 1 "bitline1";
    .port_info 7 /INOUT 1 "bitline2";
L_000001cbfd1571b0 .functor BUFIF1 1, v000001cbfd2dfe20_0, L_000001cbfd440f40, C4<0>, C4<0>;
L_000001cbfd1565e0 .functor BUFIF1 1, v000001cbfd2dfe20_0, L_000001cbfd441c60, C4<0>, C4<0>;
v000001cbfd2df1a0_0 .net8 "bitline1", 0 0, p000001cbfd255458;  1 drivers, strength-aware
v000001cbfd2e0820_0 .net8 "bitline2", 0 0, p000001cbfd255488;  1 drivers, strength-aware
v000001cbfd2e0e60_0 .net "clk", 0 0, o000001cbfd243848;  alias, 0 drivers
v000001cbfd2de8e0_0 .net "d", 0 0, L_000001cbfd438a20;  1 drivers
v000001cbfd2e00a0_0 .net "q", 0 0, v000001cbfd2dfe20_0;  1 drivers
v000001cbfd2e0a00_0 .net "rden1", 0 0, L_000001cbfd440f40;  alias, 1 drivers
v000001cbfd2dfa60_0 .net "rden2", 0 0, L_000001cbfd441c60;  alias, 1 drivers
v000001cbfd2df9c0_0 .net "rst", 0 0, o000001cbfd2438d8;  alias, 0 drivers
v000001cbfd2df240_0 .net "wren", 0 0, L_000001cbfd43e1a0;  alias, 1 drivers
S_000001cbfd2f9fc0 .scope module, "cell_dff" "dff" 5 19, 6 4 0, S_000001cbfd2fa150;
 .timescale 0 0;
    .port_info 0 /OUTPUT 1 "q";
    .port_info 1 /INPUT 1 "d";
    .port_info 2 /INPUT 1 "wen";
    .port_info 3 /INPUT 1 "clk";
    .port_info 4 /INPUT 1 "rst";
v000001cbfd2ded40_0 .net "clk", 0 0, o000001cbfd243848;  alias, 0 drivers
v000001cbfd2df6a0_0 .net "d", 0 0, L_000001cbfd438a20;  alias, 1 drivers
v000001cbfd2dfe20_0 .var "q", 0 0;
v000001cbfd2e0960_0 .net "rst", 0 0, o000001cbfd2438d8;  alias, 0 drivers
v000001cbfd2e0780_0 .net "wen", 0 0, L_000001cbfd43e1a0;  alias, 1 drivers
S_000001cbfd2fbbe0 .scope module, "bitcells[6]" "bit_cell" 4 14, 5 4 0, S_000001cbfd2f82d0;
 .timescale 0 0;
    .port_info 0 /INPUT 1 "clk";
    .port_info 1 /INPUT 1 "rst";
    .port_info 2 /INPUT 1 "d";
    .port_info 3 /INPUT 1 "wren";
    .port_info 4 /INPUT 1 "rden1";
    .port_info 5 /INPUT 1 "rden2";
    .port_info 6 /INOUT 1 "bitline1";
    .port_info 7 /INOUT 1 "bitline2";
L_000001cbfd156650 .functor BUFIF1 1, v000001cbfd2e0be0_0, L_000001cbfd440f40, C4<0>, C4<0>;
L_000001cbfd1569d0 .functor BUFIF1 1, v000001cbfd2e0be0_0, L_000001cbfd441c60, C4<0>, C4<0>;
v000001cbfd2e0d20_0 .net8 "bitline1", 0 0, p000001cbfd255788;  1 drivers, strength-aware
v000001cbfd2e0f00_0 .net8 "bitline2", 0 0, p000001cbfd2557b8;  1 drivers, strength-aware
v000001cbfd2de840_0 .net "clk", 0 0, o000001cbfd243848;  alias, 0 drivers
v000001cbfd2deca0_0 .net "d", 0 0, L_000001cbfd439380;  1 drivers
v000001cbfd2df2e0_0 .net "q", 0 0, v000001cbfd2e0be0_0;  1 drivers
v000001cbfd2e0140_0 .net "rden1", 0 0, L_000001cbfd440f40;  alias, 1 drivers
v000001cbfd2dff60_0 .net "rden2", 0 0, L_000001cbfd441c60;  alias, 1 drivers
v000001cbfd2df880_0 .net "rst", 0 0, o000001cbfd2438d8;  alias, 0 drivers
v000001cbfd2df380_0 .net "wren", 0 0, L_000001cbfd43e1a0;  alias, 1 drivers
S_000001cbfd2fa2e0 .scope module, "cell_dff" "dff" 5 19, 6 4 0, S_000001cbfd2fbbe0;
 .timescale 0 0;
    .port_info 0 /OUTPUT 1 "q";
    .port_info 1 /INPUT 1 "d";
    .port_info 2 /INPUT 1 "wen";
    .port_info 3 /INPUT 1 "clk";
    .port_info 4 /INPUT 1 "rst";
v000001cbfd2de7a0_0 .net "clk", 0 0, o000001cbfd243848;  alias, 0 drivers
v000001cbfd2e0aa0_0 .net "d", 0 0, L_000001cbfd439380;  alias, 1 drivers
v000001cbfd2e0be0_0 .var "q", 0 0;
v000001cbfd2e0c80_0 .net "rst", 0 0, o000001cbfd2438d8;  alias, 0 drivers
v000001cbfd2df560_0 .net "wen", 0 0, L_000001cbfd43e1a0;  alias, 1 drivers
S_000001cbfd2fa470 .scope module, "bitcells[7]" "bit_cell" 4 14, 5 4 0, S_000001cbfd2f82d0;
 .timescale 0 0;
    .port_info 0 /INPUT 1 "clk";
    .port_info 1 /INPUT 1 "rst";
    .port_info 2 /INPUT 1 "d";
    .port_info 3 /INPUT 1 "wren";
    .port_info 4 /INPUT 1 "rden1";
    .port_info 5 /INPUT 1 "rden2";
    .port_info 6 /INOUT 1 "bitline1";
    .port_info 7 /INOUT 1 "bitline2";
L_000001cbfd156810 .functor BUFIF1 1, v000001cbfd2dee80_0, L_000001cbfd440f40, C4<0>, C4<0>;
L_000001cbfd1711b0 .functor BUFIF1 1, v000001cbfd2dee80_0, L_000001cbfd441c60, C4<0>, C4<0>;
v000001cbfd2deac0_0 .net8 "bitline1", 0 0, p000001cbfd255ab8;  1 drivers, strength-aware
v000001cbfd2e0000_0 .net8 "bitline2", 0 0, p000001cbfd255ae8;  1 drivers, strength-aware
v000001cbfd2dfb00_0 .net "clk", 0 0, o000001cbfd243848;  alias, 0 drivers
v000001cbfd2df920_0 .net "d", 0 0, L_000001cbfd439a60;  1 drivers
v000001cbfd2defc0_0 .net "q", 0 0, v000001cbfd2dee80_0;  1 drivers
v000001cbfd2e0280_0 .net "rden1", 0 0, L_000001cbfd440f40;  alias, 1 drivers
v000001cbfd2df600_0 .net "rden2", 0 0, L_000001cbfd441c60;  alias, 1 drivers
v000001cbfd2deb60_0 .net "rst", 0 0, o000001cbfd2438d8;  alias, 0 drivers
v000001cbfd2dec00_0 .net "wren", 0 0, L_000001cbfd43e1a0;  alias, 1 drivers
S_000001cbfd2faab0 .scope module, "cell_dff" "dff" 5 19, 6 4 0, S_000001cbfd2fa470;
 .timescale 0 0;
    .port_info 0 /OUTPUT 1 "q";
    .port_info 1 /INPUT 1 "d";
    .port_info 2 /INPUT 1 "wen";
    .port_info 3 /INPUT 1 "clk";
    .port_info 4 /INPUT 1 "rst";
v000001cbfd2de980_0 .net "clk", 0 0, o000001cbfd243848;  alias, 0 drivers
v000001cbfd2dfec0_0 .net "d", 0 0, L_000001cbfd439a60;  alias, 1 drivers
v000001cbfd2dee80_0 .var "q", 0 0;
v000001cbfd2df420_0 .net "rst", 0 0, o000001cbfd2438d8;  alias, 0 drivers
v000001cbfd2dea20_0 .net "wen", 0 0, L_000001cbfd43e1a0;  alias, 1 drivers
S_000001cbfd2fb5a0 .scope module, "bitcells[8]" "bit_cell" 4 14, 5 4 0, S_000001cbfd2f82d0;
 .timescale 0 0;
    .port_info 0 /INPUT 1 "clk";
    .port_info 1 /INPUT 1 "rst";
    .port_info 2 /INPUT 1 "d";
    .port_info 3 /INPUT 1 "wren";
    .port_info 4 /INPUT 1 "rden1";
    .port_info 5 /INPUT 1 "rden2";
    .port_info 6 /INOUT 1 "bitline1";
    .port_info 7 /INOUT 1 "bitline2";
L_000001cbfd1714c0 .functor BUFIF1 1, v000001cbfd2df740_0, L_000001cbfd440f40, C4<0>, C4<0>;
L_000001cbfd171610 .functor BUFIF1 1, v000001cbfd2df740_0, L_000001cbfd441c60, C4<0>, C4<0>;
v000001cbfd2dfc40_0 .net8 "bitline1", 0 0, p000001cbfd255de8;  1 drivers, strength-aware
v000001cbfd2dfce0_0 .net8 "bitline2", 0 0, p000001cbfd255e18;  1 drivers, strength-aware
v000001cbfd2e1a40_0 .net "clk", 0 0, o000001cbfd243848;  alias, 0 drivers
v000001cbfd2e1720_0 .net "d", 0 0, L_000001cbfd439420;  1 drivers
v000001cbfd2e17c0_0 .net "q", 0 0, v000001cbfd2df740_0;  1 drivers
v000001cbfd2e14a0_0 .net "rden1", 0 0, L_000001cbfd440f40;  alias, 1 drivers
v000001cbfd2e1b80_0 .net "rden2", 0 0, L_000001cbfd441c60;  alias, 1 drivers
v000001cbfd2e0fa0_0 .net "rst", 0 0, o000001cbfd2438d8;  alias, 0 drivers
v000001cbfd2e1900_0 .net "wren", 0 0, L_000001cbfd43e1a0;  alias, 1 drivers
S_000001cbfd2fa600 .scope module, "cell_dff" "dff" 5 19, 6 4 0, S_000001cbfd2fb5a0;
 .timescale 0 0;
    .port_info 0 /OUTPUT 1 "q";
    .port_info 1 /INPUT 1 "d";
    .port_info 2 /INPUT 1 "wen";
    .port_info 3 /INPUT 1 "clk";
    .port_info 4 /INPUT 1 "rst";
v000001cbfd2e01e0_0 .net "clk", 0 0, o000001cbfd243848;  alias, 0 drivers
v000001cbfd2def20_0 .net "d", 0 0, L_000001cbfd439420;  alias, 1 drivers
v000001cbfd2df740_0 .var "q", 0 0;
v000001cbfd2df060_0 .net "rst", 0 0, o000001cbfd2438d8;  alias, 0 drivers
v000001cbfd2dfba0_0 .net "wen", 0 0, L_000001cbfd43e1a0;  alias, 1 drivers
S_000001cbfd2fadd0 .scope module, "bitcells[9]" "bit_cell" 4 14, 5 4 0, S_000001cbfd2f82d0;
 .timescale 0 0;
    .port_info 0 /INPUT 1 "clk";
    .port_info 1 /INPUT 1 "rst";
    .port_info 2 /INPUT 1 "d";
    .port_info 3 /INPUT 1 "wren";
    .port_info 4 /INPUT 1 "rden1";
    .port_info 5 /INPUT 1 "rden2";
    .port_info 6 /INOUT 1 "bitline1";
    .port_info 7 /INOUT 1 "bitline2";
L_000001cbfd170960 .functor BUFIF1 1, v000001cbfd2e1c20_0, L_000001cbfd440f40, C4<0>, C4<0>;
L_000001cbfd170ab0 .functor BUFIF1 1, v000001cbfd2e1c20_0, L_000001cbfd441c60, C4<0>, C4<0>;
v000001cbfd2e1360_0 .net8 "bitline1", 0 0, p000001cbfd256118;  1 drivers, strength-aware
v000001cbfd2e1040_0 .net8 "bitline2", 0 0, p000001cbfd256148;  1 drivers, strength-aware
v000001cbfd2e1cc0_0 .net "clk", 0 0, o000001cbfd243848;  alias, 0 drivers
v000001cbfd2e19a0_0 .net "d", 0 0, L_000001cbfd439880;  1 drivers
v000001cbfd2e1860_0 .net "q", 0 0, v000001cbfd2e1c20_0;  1 drivers
v000001cbfd2e1e00_0 .net "rden1", 0 0, L_000001cbfd440f40;  alias, 1 drivers
v000001cbfd2e1180_0 .net "rden2", 0 0, L_000001cbfd441c60;  alias, 1 drivers
v000001cbfd2e15e0_0 .net "rst", 0 0, o000001cbfd2438d8;  alias, 0 drivers
v000001cbfd2e1680_0 .net "wren", 0 0, L_000001cbfd43e1a0;  alias, 1 drivers
S_000001cbfd2fb410 .scope module, "cell_dff" "dff" 5 19, 6 4 0, S_000001cbfd2fadd0;
 .timescale 0 0;
    .port_info 0 /OUTPUT 1 "q";
    .port_info 1 /INPUT 1 "d";
    .port_info 2 /INPUT 1 "wen";
    .port_info 3 /INPUT 1 "clk";
    .port_info 4 /INPUT 1 "rst";
v000001cbfd2e1d60_0 .net "clk", 0 0, o000001cbfd243848;  alias, 0 drivers
v000001cbfd2e1ae0_0 .net "d", 0 0, L_000001cbfd439880;  alias, 1 drivers
v000001cbfd2e1c20_0 .var "q", 0 0;
v000001cbfd2e1540_0 .net "rst", 0 0, o000001cbfd2438d8;  alias, 0 drivers
v000001cbfd2e12c0_0 .net "wen", 0 0, L_000001cbfd43e1a0;  alias, 1 drivers
S_000001cbfd2fb730 .scope module, "bitcells[10]" "bit_cell" 4 14, 5 4 0, S_000001cbfd2f82d0;
 .timescale 0 0;
    .port_info 0 /INPUT 1 "clk";
    .port_info 1 /INPUT 1 "rst";
    .port_info 2 /INPUT 1 "d";
    .port_info 3 /INPUT 1 "wren";
    .port_info 4 /INPUT 1 "rden1";
    .port_info 5 /INPUT 1 "rden2";
    .port_info 6 /INOUT 1 "bitline1";
    .port_info 7 /INOUT 1 "bitline2";
L_000001cbfd170f80 .functor BUFIF1 1, v000001cbfd2e1400_0, L_000001cbfd440f40, C4<0>, C4<0>;
L_000001cbfd170b90 .functor BUFIF1 1, v000001cbfd2e1400_0, L_000001cbfd441c60, C4<0>, C4<0>;
v000001cbfd300f60_0 .net8 "bitline1", 0 0, p000001cbfd256448;  1 drivers, strength-aware
v000001cbfd2fffc0_0 .net8 "bitline2", 0 0, p000001cbfd256478;  1 drivers, strength-aware
v000001cbfd300420_0 .net "clk", 0 0, o000001cbfd243848;  alias, 0 drivers
v000001cbfd2ff840_0 .net "d", 0 0, L_000001cbfd439060;  1 drivers
v000001cbfd2febc0_0 .net "q", 0 0, v000001cbfd2e1400_0;  1 drivers
v000001cbfd2fe9e0_0 .net "rden1", 0 0, L_000001cbfd440f40;  alias, 1 drivers
v000001cbfd300380_0 .net "rden2", 0 0, L_000001cbfd441c60;  alias, 1 drivers
v000001cbfd2ff520_0 .net "rst", 0 0, o000001cbfd2438d8;  alias, 0 drivers
v000001cbfd300ba0_0 .net "wren", 0 0, L_000001cbfd43e1a0;  alias, 1 drivers
S_000001cbfd2fa790 .scope module, "cell_dff" "dff" 5 19, 6 4 0, S_000001cbfd2fb730;
 .timescale 0 0;
    .port_info 0 /OUTPUT 1 "q";
    .port_info 1 /INPUT 1 "d";
    .port_info 2 /INPUT 1 "wen";
    .port_info 3 /INPUT 1 "clk";
    .port_info 4 /INPUT 1 "rst";
v000001cbfd2e10e0_0 .net "clk", 0 0, o000001cbfd243848;  alias, 0 drivers
v000001cbfd2e1220_0 .net "d", 0 0, L_000001cbfd439060;  alias, 1 drivers
v000001cbfd2e1400_0 .var "q", 0 0;
v000001cbfd2feb20_0 .net "rst", 0 0, o000001cbfd2438d8;  alias, 0 drivers
v000001cbfd300a60_0 .net "wen", 0 0, L_000001cbfd43e1a0;  alias, 1 drivers
S_000001cbfd2fb280 .scope module, "bitcells[11]" "bit_cell" 4 14, 5 4 0, S_000001cbfd2f82d0;
 .timescale 0 0;
    .port_info 0 /INPUT 1 "clk";
    .port_info 1 /INPUT 1 "rst";
    .port_info 2 /INPUT 1 "d";
    .port_info 3 /INPUT 1 "wren";
    .port_info 4 /INPUT 1 "rden1";
    .port_info 5 /INPUT 1 "rden2";
    .port_info 6 /INOUT 1 "bitline1";
    .port_info 7 /INOUT 1 "bitline2";
L_000001cbfd170ff0 .functor BUFIF1 1, v000001cbfd300c40_0, L_000001cbfd440f40, C4<0>, C4<0>;
L_000001cbfd170c70 .functor BUFIF1 1, v000001cbfd300c40_0, L_000001cbfd441c60, C4<0>, C4<0>;
v000001cbfd2ff5c0_0 .net8 "bitline1", 0 0, p000001cbfd256778;  1 drivers, strength-aware
v000001cbfd300ce0_0 .net8 "bitline2", 0 0, p000001cbfd2567a8;  1 drivers, strength-aware
v000001cbfd3006a0_0 .net "clk", 0 0, o000001cbfd243848;  alias, 0 drivers
v000001cbfd3004c0_0 .net "d", 0 0, L_000001cbfd43a6e0;  1 drivers
v000001cbfd2fed00_0 .net "q", 0 0, v000001cbfd300c40_0;  1 drivers
v000001cbfd300600_0 .net "rden1", 0 0, L_000001cbfd440f40;  alias, 1 drivers
v000001cbfd300740_0 .net "rden2", 0 0, L_000001cbfd441c60;  alias, 1 drivers
v000001cbfd2fe940_0 .net "rst", 0 0, o000001cbfd2438d8;  alias, 0 drivers
v000001cbfd2feda0_0 .net "wren", 0 0, L_000001cbfd43e1a0;  alias, 1 drivers
S_000001cbfd2fa920 .scope module, "cell_dff" "dff" 5 19, 6 4 0, S_000001cbfd2fb280;
 .timescale 0 0;
    .port_info 0 /OUTPUT 1 "q";
    .port_info 1 /INPUT 1 "d";
    .port_info 2 /INPUT 1 "wen";
    .port_info 3 /INPUT 1 "clk";
    .port_info 4 /INPUT 1 "rst";
v000001cbfd300920_0 .net "clk", 0 0, o000001cbfd243848;  alias, 0 drivers
v000001cbfd2fea80_0 .net "d", 0 0, L_000001cbfd43a6e0;  alias, 1 drivers
v000001cbfd300c40_0 .var "q", 0 0;
v000001cbfd2fe800_0 .net "rst", 0 0, o000001cbfd2438d8;  alias, 0 drivers
v000001cbfd2ff160_0 .net "wen", 0 0, L_000001cbfd43e1a0;  alias, 1 drivers
S_000001cbfd2fac40 .scope module, "bitcells[12]" "bit_cell" 4 14, 5 4 0, S_000001cbfd2f82d0;
 .timescale 0 0;
    .port_info 0 /INPUT 1 "clk";
    .port_info 1 /INPUT 1 "rst";
    .port_info 2 /INPUT 1 "d";
    .port_info 3 /INPUT 1 "wren";
    .port_info 4 /INPUT 1 "rden1";
    .port_info 5 /INPUT 1 "rden2";
    .port_info 6 /INOUT 1 "bitline1";
    .port_info 7 /INOUT 1 "bitline2";
L_000001cbfd170ce0 .functor BUFIF1 1, v000001cbfd2ff700_0, L_000001cbfd440f40, C4<0>, C4<0>;
L_000001cbfd170ea0 .functor BUFIF1 1, v000001cbfd2ff700_0, L_000001cbfd441c60, C4<0>, C4<0>;
v000001cbfd300880_0 .net8 "bitline1", 0 0, p000001cbfd256aa8;  1 drivers, strength-aware
v000001cbfd3009c0_0 .net8 "bitline2", 0 0, p000001cbfd256ad8;  1 drivers, strength-aware
v000001cbfd2ffa20_0 .net "clk", 0 0, o000001cbfd243848;  alias, 0 drivers
v000001cbfd300b00_0 .net "d", 0 0, L_000001cbfd438700;  1 drivers
v000001cbfd2fe8a0_0 .net "q", 0 0, v000001cbfd2ff700_0;  1 drivers
v000001cbfd2ffac0_0 .net "rden1", 0 0, L_000001cbfd440f40;  alias, 1 drivers
v000001cbfd2ffb60_0 .net "rden2", 0 0, L_000001cbfd441c60;  alias, 1 drivers
v000001cbfd2ff200_0 .net "rst", 0 0, o000001cbfd2438d8;  alias, 0 drivers
v000001cbfd2ff980_0 .net "wren", 0 0, L_000001cbfd43e1a0;  alias, 1 drivers
S_000001cbfd2faf60 .scope module, "cell_dff" "dff" 5 19, 6 4 0, S_000001cbfd2fac40;
 .timescale 0 0;
    .port_info 0 /OUTPUT 1 "q";
    .port_info 1 /INPUT 1 "d";
    .port_info 2 /INPUT 1 "wen";
    .port_info 3 /INPUT 1 "clk";
    .port_info 4 /INPUT 1 "rst";
v000001cbfd2ff8e0_0 .net "clk", 0 0, o000001cbfd243848;  alias, 0 drivers
v000001cbfd2fec60_0 .net "d", 0 0, L_000001cbfd438700;  alias, 1 drivers
v000001cbfd2ff700_0 .var "q", 0 0;
v000001cbfd300560_0 .net "rst", 0 0, o000001cbfd2438d8;  alias, 0 drivers
v000001cbfd3007e0_0 .net "wen", 0 0, L_000001cbfd43e1a0;  alias, 1 drivers
S_000001cbfd2fb0f0 .scope module, "bitcells[13]" "bit_cell" 4 14, 5 4 0, S_000001cbfd2f82d0;
 .timescale 0 0;
    .port_info 0 /INPUT 1 "clk";
    .port_info 1 /INPUT 1 "rst";
    .port_info 2 /INPUT 1 "d";
    .port_info 3 /INPUT 1 "wren";
    .port_info 4 /INPUT 1 "rden1";
    .port_info 5 /INPUT 1 "rden2";
    .port_info 6 /INOUT 1 "bitline1";
    .port_info 7 /INOUT 1 "bitline2";
L_000001cbfd1710d0 .functor BUFIF1 1, v000001cbfd300d80_0, L_000001cbfd440f40, C4<0>, C4<0>;
L_000001cbfd173910 .functor BUFIF1 1, v000001cbfd300d80_0, L_000001cbfd441c60, C4<0>, C4<0>;
v000001cbfd2feee0_0 .net8 "bitline1", 0 0, p000001cbfd256dd8;  1 drivers, strength-aware
v000001cbfd300ec0_0 .net8 "bitline2", 0 0, p000001cbfd256e08;  1 drivers, strength-aware
v000001cbfd2fef80_0 .net "clk", 0 0, o000001cbfd243848;  alias, 0 drivers
v000001cbfd2ff020_0 .net "d", 0 0, L_000001cbfd438c00;  1 drivers
v000001cbfd2ff0c0_0 .net "q", 0 0, v000001cbfd300d80_0;  1 drivers
v000001cbfd2ff2a0_0 .net "rden1", 0 0, L_000001cbfd440f40;  alias, 1 drivers
v000001cbfd2ff340_0 .net "rden2", 0 0, L_000001cbfd441c60;  alias, 1 drivers
v000001cbfd2ff3e0_0 .net "rst", 0 0, o000001cbfd2438d8;  alias, 0 drivers
v000001cbfd2ffca0_0 .net "wren", 0 0, L_000001cbfd43e1a0;  alias, 1 drivers
S_000001cbfd2fb8c0 .scope module, "cell_dff" "dff" 5 19, 6 4 0, S_000001cbfd2fb0f0;
 .timescale 0 0;
    .port_info 0 /OUTPUT 1 "q";
    .port_info 1 /INPUT 1 "d";
    .port_info 2 /INPUT 1 "wen";
    .port_info 3 /INPUT 1 "clk";
    .port_info 4 /INPUT 1 "rst";
v000001cbfd2ffc00_0 .net "clk", 0 0, o000001cbfd243848;  alias, 0 drivers
v000001cbfd2fee40_0 .net "d", 0 0, L_000001cbfd438c00;  alias, 1 drivers
v000001cbfd300d80_0 .var "q", 0 0;
v000001cbfd300e20_0 .net "rst", 0 0, o000001cbfd2438d8;  alias, 0 drivers
v000001cbfd2fff20_0 .net "wen", 0 0, L_000001cbfd43e1a0;  alias, 1 drivers
S_000001cbfd2fba50 .scope module, "bitcells[14]" "bit_cell" 4 14, 5 4 0, S_000001cbfd2f82d0;
 .timescale 0 0;
    .port_info 0 /INPUT 1 "clk";
    .port_info 1 /INPUT 1 "rst";
    .port_info 2 /INPUT 1 "d";
    .port_info 3 /INPUT 1 "wren";
    .port_info 4 /INPUT 1 "rden1";
    .port_info 5 /INPUT 1 "rden2";
    .port_info 6 /INOUT 1 "bitline1";
    .port_info 7 /INOUT 1 "bitline2";
L_000001cbfd174550 .functor BUFIF1 1, v000001cbfd3001a0_0, L_000001cbfd440f40, C4<0>, C4<0>;
L_000001cbfd1745c0 .functor BUFIF1 1, v000001cbfd3001a0_0, L_000001cbfd441c60, C4<0>, C4<0>;
v000001cbfd300060_0 .net8 "bitline1", 0 0, p000001cbfd257108;  1 drivers, strength-aware
v000001cbfd2ff7a0_0 .net8 "bitline2", 0 0, p000001cbfd257138;  1 drivers, strength-aware
v000001cbfd2ffe80_0 .net "clk", 0 0, o000001cbfd243848;  alias, 0 drivers
v000001cbfd300100_0 .net "d", 0 0, L_000001cbfd4396a0;  1 drivers
v000001cbfd300240_0 .net "q", 0 0, v000001cbfd3001a0_0;  1 drivers
v000001cbfd3002e0_0 .net "rden1", 0 0, L_000001cbfd440f40;  alias, 1 drivers
v000001cbfd301140_0 .net "rden2", 0 0, L_000001cbfd441c60;  alias, 1 drivers
v000001cbfd3031c0_0 .net "rst", 0 0, o000001cbfd2438d8;  alias, 0 drivers
v000001cbfd302c20_0 .net "wren", 0 0, L_000001cbfd43e1a0;  alias, 1 drivers
S_000001cbfd2fbd70 .scope module, "cell_dff" "dff" 5 19, 6 4 0, S_000001cbfd2fba50;
 .timescale 0 0;
    .port_info 0 /OUTPUT 1 "q";
    .port_info 1 /INPUT 1 "d";
    .port_info 2 /INPUT 1 "wen";
    .port_info 3 /INPUT 1 "clk";
    .port_info 4 /INPUT 1 "rst";
v000001cbfd2ffd40_0 .net "clk", 0 0, o000001cbfd243848;  alias, 0 drivers
v000001cbfd2ff480_0 .net "d", 0 0, L_000001cbfd4396a0;  alias, 1 drivers
v000001cbfd3001a0_0 .var "q", 0 0;
v000001cbfd2ffde0_0 .net "rst", 0 0, o000001cbfd2438d8;  alias, 0 drivers
v000001cbfd2ff660_0 .net "wen", 0 0, L_000001cbfd43e1a0;  alias, 1 drivers
S_000001cbfd30c170 .scope module, "bitcells[15]" "bit_cell" 4 14, 5 4 0, S_000001cbfd2f82d0;
 .timescale 0 0;
    .port_info 0 /INPUT 1 "clk";
    .port_info 1 /INPUT 1 "rst";
    .port_info 2 /INPUT 1 "d";
    .port_info 3 /INPUT 1 "wren";
    .port_info 4 /INPUT 1 "rden1";
    .port_info 5 /INPUT 1 "rden2";
    .port_info 6 /INOUT 1 "bitline1";
    .port_info 7 /INOUT 1 "bitline2";
L_000001cbfd173f30 .functor BUFIF1 1, v000001cbfd302f40_0, L_000001cbfd440f40, C4<0>, C4<0>;
L_000001cbfd173d70 .functor BUFIF1 1, v000001cbfd302f40_0, L_000001cbfd441c60, C4<0>, C4<0>;
v000001cbfd302720_0 .net8 "bitline1", 0 0, p000001cbfd257438;  1 drivers, strength-aware
v000001cbfd302d60_0 .net8 "bitline2", 0 0, p000001cbfd257468;  1 drivers, strength-aware
v000001cbfd301f00_0 .net "clk", 0 0, o000001cbfd243848;  alias, 0 drivers
v000001cbfd3015a0_0 .net "d", 0 0, L_000001cbfd438ca0;  1 drivers
v000001cbfd301320_0 .net "q", 0 0, v000001cbfd302f40_0;  1 drivers
v000001cbfd301960_0 .net "rden1", 0 0, L_000001cbfd440f40;  alias, 1 drivers
v000001cbfd3013c0_0 .net "rden2", 0 0, L_000001cbfd441c60;  alias, 1 drivers
v000001cbfd303260_0 .net "rst", 0 0, o000001cbfd2438d8;  alias, 0 drivers
v000001cbfd301460_0 .net "wren", 0 0, L_000001cbfd43e1a0;  alias, 1 drivers
S_000001cbfd30f690 .scope module, "cell_dff" "dff" 5 19, 6 4 0, S_000001cbfd30c170;
 .timescale 0 0;
    .port_info 0 /OUTPUT 1 "q";
    .port_info 1 /INPUT 1 "d";
    .port_info 2 /INPUT 1 "wen";
    .port_info 3 /INPUT 1 "clk";
    .port_info 4 /INPUT 1 "rst";
v000001cbfd3024a0_0 .net "clk", 0 0, o000001cbfd243848;  alias, 0 drivers
v000001cbfd301500_0 .net "d", 0 0, L_000001cbfd438ca0;  alias, 1 drivers
v000001cbfd302f40_0 .var "q", 0 0;
v000001cbfd302cc0_0 .net "rst", 0 0, o000001cbfd2438d8;  alias, 0 drivers
v000001cbfd302540_0 .net "wen", 0 0, L_000001cbfd43e1a0;  alias, 1 drivers
S_000001cbfd30d430 .scope module, "registers[6]" "register" 2 36, 4 4 0, S_000001cbfcbd3120;
 .timescale 0 0;
    .port_info 0 /INPUT 1 "clk";
    .port_info 1 /INPUT 1 "rst";
    .port_info 2 /INPUT 16 "d";
    .port_info 3 /INPUT 1 "write_reg";
    .port_info 4 /INPUT 1 "rden1";
    .port_info 5 /INPUT 1 "rden2";
    .port_info 6 /INOUT 16 "bitline1";
    .port_info 7 /INOUT 16 "bitline2";
v000001cbfd309ca0_0 .net8 "bitline1", 15 0, p000001cbfd246c38;  alias, 0 drivers, strength-aware
v000001cbfd309200_0 .net8 "bitline2", 15 0, p000001cbfd246c68;  alias, 0 drivers, strength-aware
v000001cbfd30a6a0_0 .net "clk", 0 0, o000001cbfd243848;  alias, 0 drivers
v000001cbfd30a740_0 .net "d", 15 0, o000001cbfd246c98;  alias, 0 drivers
v000001cbfd30a7e0_0 .net "rden1", 0 0, L_000001cbfd441120;  1 drivers
v000001cbfd30a880_0 .net "rden2", 0 0, L_000001cbfd441d00;  1 drivers
v000001cbfd30a920_0 .net "rst", 0 0, o000001cbfd2438d8;  alias, 0 drivers
v000001cbfd30b3c0_0 .net "write_reg", 0 0, L_000001cbfd43e240;  1 drivers
L_000001cbfd43a3c0 .part o000001cbfd246c98, 0, 1;
L_000001cbfd439ba0 .part o000001cbfd246c98, 1, 1;
L_000001cbfd439b00 .part o000001cbfd246c98, 2, 1;
L_000001cbfd4387a0 .part o000001cbfd246c98, 3, 1;
L_000001cbfd43a960 .part o000001cbfd246c98, 4, 1;
L_000001cbfd439740 .part o000001cbfd246c98, 5, 1;
L_000001cbfd438d40 .part o000001cbfd246c98, 6, 1;
L_000001cbfd43a280 .part o000001cbfd246c98, 7, 1;
L_000001cbfd438e80 .part o000001cbfd246c98, 8, 1;
L_000001cbfd43a320 .part o000001cbfd246c98, 9, 1;
L_000001cbfd4397e0 .part o000001cbfd246c98, 10, 1;
L_000001cbfd438840 .part o000001cbfd246c98, 11, 1;
L_000001cbfd4385c0 .part o000001cbfd246c98, 12, 1;
L_000001cbfd438980 .part o000001cbfd246c98, 13, 1;
L_000001cbfd43a780 .part o000001cbfd246c98, 14, 1;
L_000001cbfd438f20 .part o000001cbfd246c98, 15, 1;
p000001cbfd257918 .port I000001cbfd121800, L_000001cbfd174630;
 .tranvp 16 1 0, I000001cbfd121800, p000001cbfd246c38 p000001cbfd257918;
p000001cbfd257ca8 .port I000001cbfd121800, L_000001cbfd174160;
 .tranvp 16 1 1, I000001cbfd121800, p000001cbfd246c38 p000001cbfd257ca8;
p000001cbfd257fd8 .port I000001cbfd121800, L_000001cbfd173bb0;
 .tranvp 16 1 2, I000001cbfd121800, p000001cbfd246c38 p000001cbfd257fd8;
p000001cbfd258308 .port I000001cbfd121800, L_000001cbfd173e50;
 .tranvp 16 1 3, I000001cbfd121800, p000001cbfd246c38 p000001cbfd258308;
p000001cbfd258638 .port I000001cbfd121800, L_000001cbfd168ce0;
 .tranvp 16 1 4, I000001cbfd121800, p000001cbfd246c38 p000001cbfd258638;
p000001cbfd258968 .port I000001cbfd121800, L_000001cbfd168730;
 .tranvp 16 1 5, I000001cbfd121800, p000001cbfd246c38 p000001cbfd258968;
p000001cbfd258c98 .port I000001cbfd121800, L_000001cbfd1689d0;
 .tranvp 16 1 6, I000001cbfd121800, p000001cbfd246c38 p000001cbfd258c98;
p000001cbfd258fc8 .port I000001cbfd121800, L_000001cbfd168b90;
 .tranvp 16 1 7, I000001cbfd121800, p000001cbfd246c38 p000001cbfd258fc8;
p000001cbfd2592f8 .port I000001cbfd121800, L_000001cbfd168d50;
 .tranvp 16 1 8, I000001cbfd121800, p000001cbfd246c38 p000001cbfd2592f8;
p000001cbfd259628 .port I000001cbfd121800, L_000001cbfd14e2b0;
 .tranvp 16 1 9, I000001cbfd121800, p000001cbfd246c38 p000001cbfd259628;
p000001cbfd259958 .port I000001cbfd121800, L_000001cbfd14eda0;
 .tranvp 16 1 10, I000001cbfd121800, p000001cbfd246c38 p000001cbfd259958;
p000001cbfd259c88 .port I000001cbfd121800, L_000001cbfd14ecc0;
 .tranvp 16 1 11, I000001cbfd121800, p000001cbfd246c38 p000001cbfd259c88;
p000001cbfd259fb8 .port I000001cbfd121800, L_000001cbfd14e400;
 .tranvp 16 1 12, I000001cbfd121800, p000001cbfd246c38 p000001cbfd259fb8;
p000001cbfd25a2e8 .port I000001cbfd121800, L_000001cbfd158980;
 .tranvp 16 1 13, I000001cbfd121800, p000001cbfd246c38 p000001cbfd25a2e8;
p000001cbfd25a618 .port I000001cbfd121800, L_000001cbfd158360;
 .tranvp 16 1 14, I000001cbfd121800, p000001cbfd246c38 p000001cbfd25a618;
p000001cbfd25a948 .port I000001cbfd121800, L_000001cbfd158600;
 .tranvp 16 1 15, I000001cbfd121800, p000001cbfd246c38 p000001cbfd25a948;
p000001cbfd257948 .port I000001cbfd121380, L_000001cbfd174010;
 .tranvp 16 1 0, I000001cbfd121380, p000001cbfd246c68 p000001cbfd257948;
p000001cbfd257cd8 .port I000001cbfd121380, L_000001cbfd173a60;
 .tranvp 16 1 1, I000001cbfd121380, p000001cbfd246c68 p000001cbfd257cd8;
p000001cbfd258008 .port I000001cbfd121380, L_000001cbfd173d00;
 .tranvp 16 1 2, I000001cbfd121380, p000001cbfd246c68 p000001cbfd258008;
p000001cbfd258338 .port I000001cbfd121380, L_000001cbfd168960;
 .tranvp 16 1 3, I000001cbfd121380, p000001cbfd246c68 p000001cbfd258338;
p000001cbfd258668 .port I000001cbfd121380, L_000001cbfd1683b0;
 .tranvp 16 1 4, I000001cbfd121380, p000001cbfd246c68 p000001cbfd258668;
p000001cbfd258998 .port I000001cbfd121380, L_000001cbfd168810;
 .tranvp 16 1 5, I000001cbfd121380, p000001cbfd246c68 p000001cbfd258998;
p000001cbfd258cc8 .port I000001cbfd121380, L_000001cbfd168b20;
 .tranvp 16 1 6, I000001cbfd121380, p000001cbfd246c68 p000001cbfd258cc8;
p000001cbfd258ff8 .port I000001cbfd121380, L_000001cbfd168c00;
 .tranvp 16 1 7, I000001cbfd121380, p000001cbfd246c68 p000001cbfd258ff8;
p000001cbfd259328 .port I000001cbfd121380, L_000001cbfd1680a0;
 .tranvp 16 1 8, I000001cbfd121380, p000001cbfd246c68 p000001cbfd259328;
p000001cbfd259658 .port I000001cbfd121380, L_000001cbfd14eb70;
 .tranvp 16 1 9, I000001cbfd121380, p000001cbfd246c68 p000001cbfd259658;
p000001cbfd259988 .port I000001cbfd121380, L_000001cbfd14ebe0;
 .tranvp 16 1 10, I000001cbfd121380, p000001cbfd246c68 p000001cbfd259988;
p000001cbfd259cb8 .port I000001cbfd121380, L_000001cbfd14e390;
 .tranvp 16 1 11, I000001cbfd121380, p000001cbfd246c68 p000001cbfd259cb8;
p000001cbfd259fe8 .port I000001cbfd121380, L_000001cbfd1586e0;
 .tranvp 16 1 12, I000001cbfd121380, p000001cbfd246c68 p000001cbfd259fe8;
p000001cbfd25a318 .port I000001cbfd121380, L_000001cbfd1587c0;
 .tranvp 16 1 13, I000001cbfd121380, p000001cbfd246c68 p000001cbfd25a318;
p000001cbfd25a648 .port I000001cbfd121380, L_000001cbfd158520;
 .tranvp 16 1 14, I000001cbfd121380, p000001cbfd246c68 p000001cbfd25a648;
p000001cbfd25a978 .port I000001cbfd121380, L_000001cbfd4bc7a0;
 .tranvp 16 1 15, I000001cbfd121380, p000001cbfd246c68 p000001cbfd25a978;
S_000001cbfd30fb40 .scope module, "bitcells[0]" "bit_cell" 4 14, 5 4 0, S_000001cbfd30d430;
 .timescale 0 0;
    .port_info 0 /INPUT 1 "clk";
    .port_info 1 /INPUT 1 "rst";
    .port_info 2 /INPUT 1 "d";
    .port_info 3 /INPUT 1 "wren";
    .port_info 4 /INPUT 1 "rden1";
    .port_info 5 /INPUT 1 "rden2";
    .port_info 6 /INOUT 1 "bitline1";
    .port_info 7 /INOUT 1 "bitline2";
L_000001cbfd174630 .functor BUFIF1 1, v000001cbfd3029a0_0, L_000001cbfd441120, C4<0>, C4<0>;
L_000001cbfd174010 .functor BUFIF1 1, v000001cbfd3029a0_0, L_000001cbfd441d00, C4<0>, C4<0>;
v000001cbfd301820_0 .net8 "bitline1", 0 0, p000001cbfd257918;  1 drivers, strength-aware
v000001cbfd3020e0_0 .net8 "bitline2", 0 0, p000001cbfd257948;  1 drivers, strength-aware
v000001cbfd3018c0_0 .net "clk", 0 0, o000001cbfd243848;  alias, 0 drivers
v000001cbfd301fa0_0 .net "d", 0 0, L_000001cbfd43a3c0;  1 drivers
v000001cbfd303300_0 .net "q", 0 0, v000001cbfd3029a0_0;  1 drivers
v000001cbfd3025e0_0 .net "rden1", 0 0, L_000001cbfd441120;  alias, 1 drivers
v000001cbfd302900_0 .net "rden2", 0 0, L_000001cbfd441d00;  alias, 1 drivers
v000001cbfd301c80_0 .net "rst", 0 0, o000001cbfd2438d8;  alias, 0 drivers
v000001cbfd301a00_0 .net "wren", 0 0, L_000001cbfd43e240;  alias, 1 drivers
S_000001cbfd30f820 .scope module, "cell_dff" "dff" 5 19, 6 4 0, S_000001cbfd30fb40;
 .timescale 0 0;
    .port_info 0 /OUTPUT 1 "q";
    .port_info 1 /INPUT 1 "d";
    .port_info 2 /INPUT 1 "wen";
    .port_info 3 /INPUT 1 "clk";
    .port_info 4 /INPUT 1 "rst";
v000001cbfd301780_0 .net "clk", 0 0, o000001cbfd243848;  alias, 0 drivers
v000001cbfd301b40_0 .net "d", 0 0, L_000001cbfd43a3c0;  alias, 1 drivers
v000001cbfd3029a0_0 .var "q", 0 0;
v000001cbfd301be0_0 .net "rst", 0 0, o000001cbfd2438d8;  alias, 0 drivers
v000001cbfd303120_0 .net "wen", 0 0, L_000001cbfd43e240;  alias, 1 drivers
S_000001cbfd30bfe0 .scope module, "bitcells[1]" "bit_cell" 4 14, 5 4 0, S_000001cbfd30d430;
 .timescale 0 0;
    .port_info 0 /INPUT 1 "clk";
    .port_info 1 /INPUT 1 "rst";
    .port_info 2 /INPUT 1 "d";
    .port_info 3 /INPUT 1 "wren";
    .port_info 4 /INPUT 1 "rden1";
    .port_info 5 /INPUT 1 "rden2";
    .port_info 6 /INOUT 1 "bitline1";
    .port_info 7 /INOUT 1 "bitline2";
L_000001cbfd174160 .functor BUFIF1 1, v000001cbfd303080_0, L_000001cbfd441120, C4<0>, C4<0>;
L_000001cbfd173a60 .functor BUFIF1 1, v000001cbfd303080_0, L_000001cbfd441d00, C4<0>, C4<0>;
v000001cbfd301d20_0 .net8 "bitline1", 0 0, p000001cbfd257ca8;  1 drivers, strength-aware
v000001cbfd3034e0_0 .net8 "bitline2", 0 0, p000001cbfd257cd8;  1 drivers, strength-aware
v000001cbfd302ea0_0 .net "clk", 0 0, o000001cbfd243848;  alias, 0 drivers
v000001cbfd3027c0_0 .net "d", 0 0, L_000001cbfd439ba0;  1 drivers
v000001cbfd301dc0_0 .net "q", 0 0, v000001cbfd303080_0;  1 drivers
v000001cbfd301e60_0 .net "rden1", 0 0, L_000001cbfd441120;  alias, 1 drivers
v000001cbfd302040_0 .net "rden2", 0 0, L_000001cbfd441d00;  alias, 1 drivers
v000001cbfd302180_0 .net "rst", 0 0, o000001cbfd2438d8;  alias, 0 drivers
v000001cbfd303580_0 .net "wren", 0 0, L_000001cbfd43e240;  alias, 1 drivers
S_000001cbfd30dd90 .scope module, "cell_dff" "dff" 5 19, 6 4 0, S_000001cbfd30bfe0;
 .timescale 0 0;
    .port_info 0 /OUTPUT 1 "q";
    .port_info 1 /INPUT 1 "d";
    .port_info 2 /INPUT 1 "wen";
    .port_info 3 /INPUT 1 "clk";
    .port_info 4 /INPUT 1 "rst";
v000001cbfd302ae0_0 .net "clk", 0 0, o000001cbfd243848;  alias, 0 drivers
v000001cbfd3010a0_0 .net "d", 0 0, L_000001cbfd439ba0;  alias, 1 drivers
v000001cbfd303080_0 .var "q", 0 0;
v000001cbfd302a40_0 .net "rst", 0 0, o000001cbfd2438d8;  alias, 0 drivers
v000001cbfd303440_0 .net "wen", 0 0, L_000001cbfd43e240;  alias, 1 drivers
S_000001cbfd30cad0 .scope module, "bitcells[2]" "bit_cell" 4 14, 5 4 0, S_000001cbfd30d430;
 .timescale 0 0;
    .port_info 0 /INPUT 1 "clk";
    .port_info 1 /INPUT 1 "rst";
    .port_info 2 /INPUT 1 "d";
    .port_info 3 /INPUT 1 "wren";
    .port_info 4 /INPUT 1 "rden1";
    .port_info 5 /INPUT 1 "rden2";
    .port_info 6 /INOUT 1 "bitline1";
    .port_info 7 /INOUT 1 "bitline2";
L_000001cbfd173bb0 .functor BUFIF1 1, v000001cbfd3036c0_0, L_000001cbfd441120, C4<0>, C4<0>;
L_000001cbfd173d00 .functor BUFIF1 1, v000001cbfd3036c0_0, L_000001cbfd441d00, C4<0>, C4<0>;
v000001cbfd3022c0_0 .net8 "bitline1", 0 0, p000001cbfd257fd8;  1 drivers, strength-aware
v000001cbfd3011e0_0 .net8 "bitline2", 0 0, p000001cbfd258008;  1 drivers, strength-aware
v000001cbfd302360_0 .net "clk", 0 0, o000001cbfd243848;  alias, 0 drivers
v000001cbfd301000_0 .net "d", 0 0, L_000001cbfd439b00;  1 drivers
v000001cbfd302400_0 .net "q", 0 0, v000001cbfd3036c0_0;  1 drivers
v000001cbfd302680_0 .net "rden1", 0 0, L_000001cbfd441120;  alias, 1 drivers
v000001cbfd303d00_0 .net "rden2", 0 0, L_000001cbfd441d00;  alias, 1 drivers
v000001cbfd303c60_0 .net "rst", 0 0, o000001cbfd2438d8;  alias, 0 drivers
v000001cbfd3040c0_0 .net "wren", 0 0, L_000001cbfd43e240;  alias, 1 drivers
S_000001cbfd30df20 .scope module, "cell_dff" "dff" 5 19, 6 4 0, S_000001cbfd30cad0;
 .timescale 0 0;
    .port_info 0 /OUTPUT 1 "q";
    .port_info 1 /INPUT 1 "d";
    .port_info 2 /INPUT 1 "wen";
    .port_info 3 /INPUT 1 "clk";
    .port_info 4 /INPUT 1 "rst";
v000001cbfd302860_0 .net "clk", 0 0, o000001cbfd243848;  alias, 0 drivers
v000001cbfd303620_0 .net "d", 0 0, L_000001cbfd439b00;  alias, 1 drivers
v000001cbfd3036c0_0 .var "q", 0 0;
v000001cbfd303760_0 .net "rst", 0 0, o000001cbfd2438d8;  alias, 0 drivers
v000001cbfd302220_0 .net "wen", 0 0, L_000001cbfd43e240;  alias, 1 drivers
S_000001cbfd30e880 .scope module, "bitcells[3]" "bit_cell" 4 14, 5 4 0, S_000001cbfd30d430;
 .timescale 0 0;
    .port_info 0 /INPUT 1 "clk";
    .port_info 1 /INPUT 1 "rst";
    .port_info 2 /INPUT 1 "d";
    .port_info 3 /INPUT 1 "wren";
    .port_info 4 /INPUT 1 "rden1";
    .port_info 5 /INPUT 1 "rden2";
    .port_info 6 /INOUT 1 "bitline1";
    .port_info 7 /INOUT 1 "bitline2";
L_000001cbfd173e50 .functor BUFIF1 1, v000001cbfd305ba0_0, L_000001cbfd441120, C4<0>, C4<0>;
L_000001cbfd168960 .functor BUFIF1 1, v000001cbfd305ba0_0, L_000001cbfd441d00, C4<0>, C4<0>;
v000001cbfd3039e0_0 .net8 "bitline1", 0 0, p000001cbfd258308;  1 drivers, strength-aware
v000001cbfd305420_0 .net8 "bitline2", 0 0, p000001cbfd258338;  1 drivers, strength-aware
v000001cbfd3054c0_0 .net "clk", 0 0, o000001cbfd243848;  alias, 0 drivers
v000001cbfd304d40_0 .net "d", 0 0, L_000001cbfd4387a0;  1 drivers
v000001cbfd3045c0_0 .net "q", 0 0, v000001cbfd305ba0_0;  1 drivers
v000001cbfd305ce0_0 .net "rden1", 0 0, L_000001cbfd441120;  alias, 1 drivers
v000001cbfd303e40_0 .net "rden2", 0 0, L_000001cbfd441d00;  alias, 1 drivers
v000001cbfd305ec0_0 .net "rst", 0 0, o000001cbfd2438d8;  alias, 0 drivers
v000001cbfd3056a0_0 .net "wren", 0 0, L_000001cbfd43e240;  alias, 1 drivers
S_000001cbfd30f050 .scope module, "cell_dff" "dff" 5 19, 6 4 0, S_000001cbfd30e880;
 .timescale 0 0;
    .port_info 0 /OUTPUT 1 "q";
    .port_info 1 /INPUT 1 "d";
    .port_info 2 /INPUT 1 "wen";
    .port_info 3 /INPUT 1 "clk";
    .port_info 4 /INPUT 1 "rst";
v000001cbfd303940_0 .net "clk", 0 0, o000001cbfd243848;  alias, 0 drivers
v000001cbfd304ac0_0 .net "d", 0 0, L_000001cbfd4387a0;  alias, 1 drivers
v000001cbfd305ba0_0 .var "q", 0 0;
v000001cbfd304520_0 .net "rst", 0 0, o000001cbfd2438d8;  alias, 0 drivers
v000001cbfd305880_0 .net "wen", 0 0, L_000001cbfd43e240;  alias, 1 drivers
S_000001cbfd30cc60 .scope module, "bitcells[4]" "bit_cell" 4 14, 5 4 0, S_000001cbfd30d430;
 .timescale 0 0;
    .port_info 0 /INPUT 1 "clk";
    .port_info 1 /INPUT 1 "rst";
    .port_info 2 /INPUT 1 "d";
    .port_info 3 /INPUT 1 "wren";
    .port_info 4 /INPUT 1 "rden1";
    .port_info 5 /INPUT 1 "rden2";
    .port_info 6 /INOUT 1 "bitline1";
    .port_info 7 /INOUT 1 "bitline2";
L_000001cbfd168ce0 .functor BUFIF1 1, v000001cbfd305e20_0, L_000001cbfd441120, C4<0>, C4<0>;
L_000001cbfd1683b0 .functor BUFIF1 1, v000001cbfd305e20_0, L_000001cbfd441d00, C4<0>, C4<0>;
v000001cbfd305740_0 .net8 "bitline1", 0 0, p000001cbfd258638;  1 drivers, strength-aware
v000001cbfd305100_0 .net8 "bitline2", 0 0, p000001cbfd258668;  1 drivers, strength-aware
v000001cbfd304200_0 .net "clk", 0 0, o000001cbfd243848;  alias, 0 drivers
v000001cbfd3057e0_0 .net "d", 0 0, L_000001cbfd43a960;  1 drivers
v000001cbfd305380_0 .net "q", 0 0, v000001cbfd305e20_0;  1 drivers
v000001cbfd305f60_0 .net "rden1", 0 0, L_000001cbfd441120;  alias, 1 drivers
v000001cbfd303a80_0 .net "rden2", 0 0, L_000001cbfd441d00;  alias, 1 drivers
v000001cbfd3051a0_0 .net "rst", 0 0, o000001cbfd2438d8;  alias, 0 drivers
v000001cbfd3038a0_0 .net "wren", 0 0, L_000001cbfd43e240;  alias, 1 drivers
S_000001cbfd30dc00 .scope module, "cell_dff" "dff" 5 19, 6 4 0, S_000001cbfd30cc60;
 .timescale 0 0;
    .port_info 0 /OUTPUT 1 "q";
    .port_info 1 /INPUT 1 "d";
    .port_info 2 /INPUT 1 "wen";
    .port_info 3 /INPUT 1 "clk";
    .port_info 4 /INPUT 1 "rst";
v000001cbfd3059c0_0 .net "clk", 0 0, o000001cbfd243848;  alias, 0 drivers
v000001cbfd304c00_0 .net "d", 0 0, L_000001cbfd43a960;  alias, 1 drivers
v000001cbfd305e20_0 .var "q", 0 0;
v000001cbfd303da0_0 .net "rst", 0 0, o000001cbfd2438d8;  alias, 0 drivers
v000001cbfd3048e0_0 .net "wen", 0 0, L_000001cbfd43e240;  alias, 1 drivers
S_000001cbfd30eba0 .scope module, "bitcells[5]" "bit_cell" 4 14, 5 4 0, S_000001cbfd30d430;
 .timescale 0 0;
    .port_info 0 /INPUT 1 "clk";
    .port_info 1 /INPUT 1 "rst";
    .port_info 2 /INPUT 1 "d";
    .port_info 3 /INPUT 1 "wren";
    .port_info 4 /INPUT 1 "rden1";
    .port_info 5 /INPUT 1 "rden2";
    .port_info 6 /INOUT 1 "bitline1";
    .port_info 7 /INOUT 1 "bitline2";
L_000001cbfd168730 .functor BUFIF1 1, v000001cbfd3043e0_0, L_000001cbfd441120, C4<0>, C4<0>;
L_000001cbfd168810 .functor BUFIF1 1, v000001cbfd3043e0_0, L_000001cbfd441d00, C4<0>, C4<0>;
v000001cbfd305c40_0 .net8 "bitline1", 0 0, p000001cbfd258968;  1 drivers, strength-aware
v000001cbfd304660_0 .net8 "bitline2", 0 0, p000001cbfd258998;  1 drivers, strength-aware
v000001cbfd303f80_0 .net "clk", 0 0, o000001cbfd243848;  alias, 0 drivers
v000001cbfd304840_0 .net "d", 0 0, L_000001cbfd439740;  1 drivers
v000001cbfd305a60_0 .net "q", 0 0, v000001cbfd3043e0_0;  1 drivers
v000001cbfd304340_0 .net "rden1", 0 0, L_000001cbfd441120;  alias, 1 drivers
v000001cbfd303bc0_0 .net "rden2", 0 0, L_000001cbfd441d00;  alias, 1 drivers
v000001cbfd303b20_0 .net "rst", 0 0, o000001cbfd2438d8;  alias, 0 drivers
v000001cbfd304020_0 .net "wren", 0 0, L_000001cbfd43e240;  alias, 1 drivers
S_000001cbfd30f500 .scope module, "cell_dff" "dff" 5 19, 6 4 0, S_000001cbfd30eba0;
 .timescale 0 0;
    .port_info 0 /OUTPUT 1 "q";
    .port_info 1 /INPUT 1 "d";
    .port_info 2 /INPUT 1 "wen";
    .port_info 3 /INPUT 1 "clk";
    .port_info 4 /INPUT 1 "rst";
v000001cbfd303800_0 .net "clk", 0 0, o000001cbfd243848;  alias, 0 drivers
v000001cbfd305600_0 .net "d", 0 0, L_000001cbfd439740;  alias, 1 drivers
v000001cbfd3043e0_0 .var "q", 0 0;
v000001cbfd303ee0_0 .net "rst", 0 0, o000001cbfd2438d8;  alias, 0 drivers
v000001cbfd304b60_0 .net "wen", 0 0, L_000001cbfd43e240;  alias, 1 drivers
S_000001cbfd30c490 .scope module, "bitcells[6]" "bit_cell" 4 14, 5 4 0, S_000001cbfd30d430;
 .timescale 0 0;
    .port_info 0 /INPUT 1 "clk";
    .port_info 1 /INPUT 1 "rst";
    .port_info 2 /INPUT 1 "d";
    .port_info 3 /INPUT 1 "wren";
    .port_info 4 /INPUT 1 "rden1";
    .port_info 5 /INPUT 1 "rden2";
    .port_info 6 /INOUT 1 "bitline1";
    .port_info 7 /INOUT 1 "bitline2";
L_000001cbfd1689d0 .functor BUFIF1 1, v000001cbfd304ca0_0, L_000001cbfd441120, C4<0>, C4<0>;
L_000001cbfd168b20 .functor BUFIF1 1, v000001cbfd304ca0_0, L_000001cbfd441d00, C4<0>, C4<0>;
v000001cbfd305d80_0 .net8 "bitline1", 0 0, p000001cbfd258c98;  1 drivers, strength-aware
v000001cbfd304f20_0 .net8 "bitline2", 0 0, p000001cbfd258cc8;  1 drivers, strength-aware
v000001cbfd304fc0_0 .net "clk", 0 0, o000001cbfd243848;  alias, 0 drivers
v000001cbfd304700_0 .net "d", 0 0, L_000001cbfd438d40;  1 drivers
v000001cbfd3042a0_0 .net "q", 0 0, v000001cbfd304ca0_0;  1 drivers
v000001cbfd3047a0_0 .net "rden1", 0 0, L_000001cbfd441120;  alias, 1 drivers
v000001cbfd304980_0 .net "rden2", 0 0, L_000001cbfd441d00;  alias, 1 drivers
v000001cbfd304a20_0 .net "rst", 0 0, o000001cbfd2438d8;  alias, 0 drivers
v000001cbfd304de0_0 .net "wren", 0 0, L_000001cbfd43e240;  alias, 1 drivers
S_000001cbfd30c620 .scope module, "cell_dff" "dff" 5 19, 6 4 0, S_000001cbfd30c490;
 .timescale 0 0;
    .port_info 0 /OUTPUT 1 "q";
    .port_info 1 /INPUT 1 "d";
    .port_info 2 /INPUT 1 "wen";
    .port_info 3 /INPUT 1 "clk";
    .port_info 4 /INPUT 1 "rst";
v000001cbfd305560_0 .net "clk", 0 0, o000001cbfd243848;  alias, 0 drivers
v000001cbfd305240_0 .net "d", 0 0, L_000001cbfd438d40;  alias, 1 drivers
v000001cbfd304ca0_0 .var "q", 0 0;
v000001cbfd304160_0 .net "rst", 0 0, o000001cbfd2438d8;  alias, 0 drivers
v000001cbfd304480_0 .net "wen", 0 0, L_000001cbfd43e240;  alias, 1 drivers
S_000001cbfd30e0b0 .scope module, "bitcells[7]" "bit_cell" 4 14, 5 4 0, S_000001cbfd30d430;
 .timescale 0 0;
    .port_info 0 /INPUT 1 "clk";
    .port_info 1 /INPUT 1 "rst";
    .port_info 2 /INPUT 1 "d";
    .port_info 3 /INPUT 1 "wren";
    .port_info 4 /INPUT 1 "rden1";
    .port_info 5 /INPUT 1 "rden2";
    .port_info 6 /INOUT 1 "bitline1";
    .port_info 7 /INOUT 1 "bitline2";
L_000001cbfd168b90 .functor BUFIF1 1, v000001cbfd3052e0_0, L_000001cbfd441120, C4<0>, C4<0>;
L_000001cbfd168c00 .functor BUFIF1 1, v000001cbfd3052e0_0, L_000001cbfd441d00, C4<0>, C4<0>;
v000001cbfd308080_0 .net8 "bitline1", 0 0, p000001cbfd258fc8;  1 drivers, strength-aware
v000001cbfd306500_0 .net8 "bitline2", 0 0, p000001cbfd258ff8;  1 drivers, strength-aware
v000001cbfd3074a0_0 .net "clk", 0 0, o000001cbfd243848;  alias, 0 drivers
v000001cbfd306960_0 .net "d", 0 0, L_000001cbfd43a280;  1 drivers
v000001cbfd308260_0 .net "q", 0 0, v000001cbfd3052e0_0;  1 drivers
v000001cbfd306a00_0 .net "rden1", 0 0, L_000001cbfd441120;  alias, 1 drivers
v000001cbfd306aa0_0 .net "rden2", 0 0, L_000001cbfd441d00;  alias, 1 drivers
v000001cbfd307220_0 .net "rst", 0 0, o000001cbfd2438d8;  alias, 0 drivers
v000001cbfd306820_0 .net "wren", 0 0, L_000001cbfd43e240;  alias, 1 drivers
S_000001cbfd30cdf0 .scope module, "cell_dff" "dff" 5 19, 6 4 0, S_000001cbfd30e0b0;
 .timescale 0 0;
    .port_info 0 /OUTPUT 1 "q";
    .port_info 1 /INPUT 1 "d";
    .port_info 2 /INPUT 1 "wen";
    .port_info 3 /INPUT 1 "clk";
    .port_info 4 /INPUT 1 "rst";
v000001cbfd304e80_0 .net "clk", 0 0, o000001cbfd243848;  alias, 0 drivers
v000001cbfd305060_0 .net "d", 0 0, L_000001cbfd43a280;  alias, 1 drivers
v000001cbfd3052e0_0 .var "q", 0 0;
v000001cbfd305920_0 .net "rst", 0 0, o000001cbfd2438d8;  alias, 0 drivers
v000001cbfd305b00_0 .net "wen", 0 0, L_000001cbfd43e240;  alias, 1 drivers
S_000001cbfd30d110 .scope module, "bitcells[8]" "bit_cell" 4 14, 5 4 0, S_000001cbfd30d430;
 .timescale 0 0;
    .port_info 0 /INPUT 1 "clk";
    .port_info 1 /INPUT 1 "rst";
    .port_info 2 /INPUT 1 "d";
    .port_info 3 /INPUT 1 "wren";
    .port_info 4 /INPUT 1 "rden1";
    .port_info 5 /INPUT 1 "rden2";
    .port_info 6 /INOUT 1 "bitline1";
    .port_info 7 /INOUT 1 "bitline2";
L_000001cbfd168d50 .functor BUFIF1 1, v000001cbfd306d20_0, L_000001cbfd441120, C4<0>, C4<0>;
L_000001cbfd1680a0 .functor BUFIF1 1, v000001cbfd306d20_0, L_000001cbfd441d00, C4<0>, C4<0>;
v000001cbfd307900_0 .net8 "bitline1", 0 0, p000001cbfd2592f8;  1 drivers, strength-aware
v000001cbfd306320_0 .net8 "bitline2", 0 0, p000001cbfd259328;  1 drivers, strength-aware
v000001cbfd306b40_0 .net "clk", 0 0, o000001cbfd243848;  alias, 0 drivers
v000001cbfd308300_0 .net "d", 0 0, L_000001cbfd438e80;  1 drivers
v000001cbfd3081c0_0 .net "q", 0 0, v000001cbfd306d20_0;  1 drivers
v000001cbfd3072c0_0 .net "rden1", 0 0, L_000001cbfd441120;  alias, 1 drivers
v000001cbfd308440_0 .net "rden2", 0 0, L_000001cbfd441d00;  alias, 1 drivers
v000001cbfd306c80_0 .net "rst", 0 0, o000001cbfd2438d8;  alias, 0 drivers
v000001cbfd307fe0_0 .net "wren", 0 0, L_000001cbfd43e240;  alias, 1 drivers
S_000001cbfd30d750 .scope module, "cell_dff" "dff" 5 19, 6 4 0, S_000001cbfd30d110;
 .timescale 0 0;
    .port_info 0 /OUTPUT 1 "q";
    .port_info 1 /INPUT 1 "d";
    .port_info 2 /INPUT 1 "wen";
    .port_info 3 /INPUT 1 "clk";
    .port_info 4 /INPUT 1 "rst";
v000001cbfd307680_0 .net "clk", 0 0, o000001cbfd243848;  alias, 0 drivers
v000001cbfd3083a0_0 .net "d", 0 0, L_000001cbfd438e80;  alias, 1 drivers
v000001cbfd306d20_0 .var "q", 0 0;
v000001cbfd308120_0 .net "rst", 0 0, o000001cbfd2438d8;  alias, 0 drivers
v000001cbfd3065a0_0 .net "wen", 0 0, L_000001cbfd43e240;  alias, 1 drivers
S_000001cbfd30c7b0 .scope module, "bitcells[9]" "bit_cell" 4 14, 5 4 0, S_000001cbfd30d430;
 .timescale 0 0;
    .port_info 0 /INPUT 1 "clk";
    .port_info 1 /INPUT 1 "rst";
    .port_info 2 /INPUT 1 "d";
    .port_info 3 /INPUT 1 "wren";
    .port_info 4 /INPUT 1 "rden1";
    .port_info 5 /INPUT 1 "rden2";
    .port_info 6 /INOUT 1 "bitline1";
    .port_info 7 /INOUT 1 "bitline2";
L_000001cbfd14e2b0 .functor BUFIF1 1, v000001cbfd306dc0_0, L_000001cbfd441120, C4<0>, C4<0>;
L_000001cbfd14eb70 .functor BUFIF1 1, v000001cbfd306dc0_0, L_000001cbfd441d00, C4<0>, C4<0>;
v000001cbfd3066e0_0 .net8 "bitline1", 0 0, p000001cbfd259628;  1 drivers, strength-aware
v000001cbfd306140_0 .net8 "bitline2", 0 0, p000001cbfd259658;  1 drivers, strength-aware
v000001cbfd306be0_0 .net "clk", 0 0, o000001cbfd243848;  alias, 0 drivers
v000001cbfd306e60_0 .net "d", 0 0, L_000001cbfd43a320;  1 drivers
v000001cbfd3077c0_0 .net "q", 0 0, v000001cbfd306dc0_0;  1 drivers
v000001cbfd308580_0 .net "rden1", 0 0, L_000001cbfd441120;  alias, 1 drivers
v000001cbfd3063c0_0 .net "rden2", 0 0, L_000001cbfd441d00;  alias, 1 drivers
v000001cbfd308620_0 .net "rst", 0 0, o000001cbfd2438d8;  alias, 0 drivers
v000001cbfd308760_0 .net "wren", 0 0, L_000001cbfd43e240;  alias, 1 drivers
S_000001cbfd30d2a0 .scope module, "cell_dff" "dff" 5 19, 6 4 0, S_000001cbfd30c7b0;
 .timescale 0 0;
    .port_info 0 /OUTPUT 1 "q";
    .port_info 1 /INPUT 1 "d";
    .port_info 2 /INPUT 1 "wen";
    .port_info 3 /INPUT 1 "clk";
    .port_info 4 /INPUT 1 "rst";
v000001cbfd3086c0_0 .net "clk", 0 0, o000001cbfd243848;  alias, 0 drivers
v000001cbfd306f00_0 .net "d", 0 0, L_000001cbfd43a320;  alias, 1 drivers
v000001cbfd306dc0_0 .var "q", 0 0;
v000001cbfd3084e0_0 .net "rst", 0 0, o000001cbfd2438d8;  alias, 0 drivers
v000001cbfd306640_0 .net "wen", 0 0, L_000001cbfd43e240;  alias, 1 drivers
S_000001cbfd30c940 .scope module, "bitcells[10]" "bit_cell" 4 14, 5 4 0, S_000001cbfd30d430;
 .timescale 0 0;
    .port_info 0 /INPUT 1 "clk";
    .port_info 1 /INPUT 1 "rst";
    .port_info 2 /INPUT 1 "d";
    .port_info 3 /INPUT 1 "wren";
    .port_info 4 /INPUT 1 "rden1";
    .port_info 5 /INPUT 1 "rden2";
    .port_info 6 /INOUT 1 "bitline1";
    .port_info 7 /INOUT 1 "bitline2";
L_000001cbfd14eda0 .functor BUFIF1 1, v000001cbfd307f40_0, L_000001cbfd441120, C4<0>, C4<0>;
L_000001cbfd14ebe0 .functor BUFIF1 1, v000001cbfd307f40_0, L_000001cbfd441d00, C4<0>, C4<0>;
v000001cbfd307cc0_0 .net8 "bitline1", 0 0, p000001cbfd259958;  1 drivers, strength-aware
v000001cbfd307040_0 .net8 "bitline2", 0 0, p000001cbfd259988;  1 drivers, strength-aware
v000001cbfd3068c0_0 .net "clk", 0 0, o000001cbfd243848;  alias, 0 drivers
v000001cbfd3061e0_0 .net "d", 0 0, L_000001cbfd4397e0;  1 drivers
v000001cbfd3070e0_0 .net "q", 0 0, v000001cbfd307f40_0;  1 drivers
v000001cbfd307180_0 .net "rden1", 0 0, L_000001cbfd441120;  alias, 1 drivers
v000001cbfd306280_0 .net "rden2", 0 0, L_000001cbfd441d00;  alias, 1 drivers
v000001cbfd306460_0 .net "rst", 0 0, o000001cbfd2438d8;  alias, 0 drivers
v000001cbfd306780_0 .net "wren", 0 0, L_000001cbfd43e240;  alias, 1 drivers
S_000001cbfd30f9b0 .scope module, "cell_dff" "dff" 5 19, 6 4 0, S_000001cbfd30c940;
 .timescale 0 0;
    .port_info 0 /OUTPUT 1 "q";
    .port_info 1 /INPUT 1 "d";
    .port_info 2 /INPUT 1 "wen";
    .port_info 3 /INPUT 1 "clk";
    .port_info 4 /INPUT 1 "rst";
v000001cbfd3079a0_0 .net "clk", 0 0, o000001cbfd243848;  alias, 0 drivers
v000001cbfd306fa0_0 .net "d", 0 0, L_000001cbfd4397e0;  alias, 1 drivers
v000001cbfd307f40_0 .var "q", 0 0;
v000001cbfd306000_0 .net "rst", 0 0, o000001cbfd2438d8;  alias, 0 drivers
v000001cbfd3060a0_0 .net "wen", 0 0, L_000001cbfd43e240;  alias, 1 drivers
S_000001cbfd30cf80 .scope module, "bitcells[11]" "bit_cell" 4 14, 5 4 0, S_000001cbfd30d430;
 .timescale 0 0;
    .port_info 0 /INPUT 1 "clk";
    .port_info 1 /INPUT 1 "rst";
    .port_info 2 /INPUT 1 "d";
    .port_info 3 /INPUT 1 "wren";
    .port_info 4 /INPUT 1 "rden1";
    .port_info 5 /INPUT 1 "rden2";
    .port_info 6 /INOUT 1 "bitline1";
    .port_info 7 /INOUT 1 "bitline2";
L_000001cbfd14ecc0 .functor BUFIF1 1, v000001cbfd307540_0, L_000001cbfd441120, C4<0>, C4<0>;
L_000001cbfd14e390 .functor BUFIF1 1, v000001cbfd307540_0, L_000001cbfd441d00, C4<0>, C4<0>;
v000001cbfd307a40_0 .net8 "bitline1", 0 0, p000001cbfd259c88;  1 drivers, strength-aware
v000001cbfd307d60_0 .net8 "bitline2", 0 0, p000001cbfd259cb8;  1 drivers, strength-aware
v000001cbfd307860_0 .net "clk", 0 0, o000001cbfd243848;  alias, 0 drivers
v000001cbfd307ae0_0 .net "d", 0 0, L_000001cbfd438840;  1 drivers
v000001cbfd307b80_0 .net "q", 0 0, v000001cbfd307540_0;  1 drivers
v000001cbfd307c20_0 .net "rden1", 0 0, L_000001cbfd441120;  alias, 1 drivers
v000001cbfd307e00_0 .net "rden2", 0 0, L_000001cbfd441d00;  alias, 1 drivers
v000001cbfd307ea0_0 .net "rst", 0 0, o000001cbfd2438d8;  alias, 0 drivers
v000001cbfd30ace0_0 .net "wren", 0 0, L_000001cbfd43e240;  alias, 1 drivers
S_000001cbfd30d5c0 .scope module, "cell_dff" "dff" 5 19, 6 4 0, S_000001cbfd30cf80;
 .timescale 0 0;
    .port_info 0 /OUTPUT 1 "q";
    .port_info 1 /INPUT 1 "d";
    .port_info 2 /INPUT 1 "wen";
    .port_info 3 /INPUT 1 "clk";
    .port_info 4 /INPUT 1 "rst";
v000001cbfd307360_0 .net "clk", 0 0, o000001cbfd243848;  alias, 0 drivers
v000001cbfd307400_0 .net "d", 0 0, L_000001cbfd438840;  alias, 1 drivers
v000001cbfd307540_0 .var "q", 0 0;
v000001cbfd3075e0_0 .net "rst", 0 0, o000001cbfd2438d8;  alias, 0 drivers
v000001cbfd307720_0 .net "wen", 0 0, L_000001cbfd43e240;  alias, 1 drivers
S_000001cbfd30d8e0 .scope module, "bitcells[12]" "bit_cell" 4 14, 5 4 0, S_000001cbfd30d430;
 .timescale 0 0;
    .port_info 0 /INPUT 1 "clk";
    .port_info 1 /INPUT 1 "rst";
    .port_info 2 /INPUT 1 "d";
    .port_info 3 /INPUT 1 "wren";
    .port_info 4 /INPUT 1 "rden1";
    .port_info 5 /INPUT 1 "rden2";
    .port_info 6 /INOUT 1 "bitline1";
    .port_info 7 /INOUT 1 "bitline2";
L_000001cbfd14e400 .functor BUFIF1 1, v000001cbfd309fc0_0, L_000001cbfd441120, C4<0>, C4<0>;
L_000001cbfd1586e0 .functor BUFIF1 1, v000001cbfd309fc0_0, L_000001cbfd441d00, C4<0>, C4<0>;
v000001cbfd308940_0 .net8 "bitline1", 0 0, p000001cbfd259fb8;  1 drivers, strength-aware
v000001cbfd30a9c0_0 .net8 "bitline2", 0 0, p000001cbfd259fe8;  1 drivers, strength-aware
v000001cbfd30a060_0 .net "clk", 0 0, o000001cbfd243848;  alias, 0 drivers
v000001cbfd30aa60_0 .net "d", 0 0, L_000001cbfd4385c0;  1 drivers
v000001cbfd309de0_0 .net "q", 0 0, v000001cbfd309fc0_0;  1 drivers
v000001cbfd3089e0_0 .net "rden1", 0 0, L_000001cbfd441120;  alias, 1 drivers
v000001cbfd308da0_0 .net "rden2", 0 0, L_000001cbfd441d00;  alias, 1 drivers
v000001cbfd3092a0_0 .net "rst", 0 0, o000001cbfd2438d8;  alias, 0 drivers
v000001cbfd308a80_0 .net "wren", 0 0, L_000001cbfd43e240;  alias, 1 drivers
S_000001cbfd30da70 .scope module, "cell_dff" "dff" 5 19, 6 4 0, S_000001cbfd30d8e0;
 .timescale 0 0;
    .port_info 0 /OUTPUT 1 "q";
    .port_info 1 /INPUT 1 "d";
    .port_info 2 /INPUT 1 "wen";
    .port_info 3 /INPUT 1 "clk";
    .port_info 4 /INPUT 1 "rst";
v000001cbfd309840_0 .net "clk", 0 0, o000001cbfd243848;  alias, 0 drivers
v000001cbfd309f20_0 .net "d", 0 0, L_000001cbfd4385c0;  alias, 1 drivers
v000001cbfd309fc0_0 .var "q", 0 0;
v000001cbfd308f80_0 .net "rst", 0 0, o000001cbfd2438d8;  alias, 0 drivers
v000001cbfd308d00_0 .net "wen", 0 0, L_000001cbfd43e240;  alias, 1 drivers
S_000001cbfd30f1e0 .scope module, "bitcells[13]" "bit_cell" 4 14, 5 4 0, S_000001cbfd30d430;
 .timescale 0 0;
    .port_info 0 /INPUT 1 "clk";
    .port_info 1 /INPUT 1 "rst";
    .port_info 2 /INPUT 1 "d";
    .port_info 3 /INPUT 1 "wren";
    .port_info 4 /INPUT 1 "rden1";
    .port_info 5 /INPUT 1 "rden2";
    .port_info 6 /INOUT 1 "bitline1";
    .port_info 7 /INOUT 1 "bitline2";
L_000001cbfd158980 .functor BUFIF1 1, v000001cbfd308b20_0, L_000001cbfd441120, C4<0>, C4<0>;
L_000001cbfd1587c0 .functor BUFIF1 1, v000001cbfd308b20_0, L_000001cbfd441d00, C4<0>, C4<0>;
v000001cbfd309d40_0 .net8 "bitline1", 0 0, p000001cbfd25a2e8;  1 drivers, strength-aware
v000001cbfd3093e0_0 .net8 "bitline2", 0 0, p000001cbfd25a318;  1 drivers, strength-aware
v000001cbfd309660_0 .net "clk", 0 0, o000001cbfd243848;  alias, 0 drivers
v000001cbfd30ab00_0 .net "d", 0 0, L_000001cbfd438980;  1 drivers
v000001cbfd30a1a0_0 .net "q", 0 0, v000001cbfd308b20_0;  1 drivers
v000001cbfd308800_0 .net "rden1", 0 0, L_000001cbfd441120;  alias, 1 drivers
v000001cbfd30a600_0 .net "rden2", 0 0, L_000001cbfd441d00;  alias, 1 drivers
v000001cbfd309ac0_0 .net "rst", 0 0, o000001cbfd2438d8;  alias, 0 drivers
v000001cbfd309c00_0 .net "wren", 0 0, L_000001cbfd43e240;  alias, 1 drivers
S_000001cbfd30e240 .scope module, "cell_dff" "dff" 5 19, 6 4 0, S_000001cbfd30f1e0;
 .timescale 0 0;
    .port_info 0 /OUTPUT 1 "q";
    .port_info 1 /INPUT 1 "d";
    .port_info 2 /INPUT 1 "wen";
    .port_info 3 /INPUT 1 "clk";
    .port_info 4 /INPUT 1 "rst";
v000001cbfd30a380_0 .net "clk", 0 0, o000001cbfd243848;  alias, 0 drivers
v000001cbfd30aba0_0 .net "d", 0 0, L_000001cbfd438980;  alias, 1 drivers
v000001cbfd308b20_0 .var "q", 0 0;
v000001cbfd3088a0_0 .net "rst", 0 0, o000001cbfd2438d8;  alias, 0 drivers
v000001cbfd30a100_0 .net "wen", 0 0, L_000001cbfd43e240;  alias, 1 drivers
S_000001cbfd30e6f0 .scope module, "bitcells[14]" "bit_cell" 4 14, 5 4 0, S_000001cbfd30d430;
 .timescale 0 0;
    .port_info 0 /INPUT 1 "clk";
    .port_info 1 /INPUT 1 "rst";
    .port_info 2 /INPUT 1 "d";
    .port_info 3 /INPUT 1 "wren";
    .port_info 4 /INPUT 1 "rden1";
    .port_info 5 /INPUT 1 "rden2";
    .port_info 6 /INOUT 1 "bitline1";
    .port_info 7 /INOUT 1 "bitline2";
L_000001cbfd158360 .functor BUFIF1 1, v000001cbfd309340_0, L_000001cbfd441120, C4<0>, C4<0>;
L_000001cbfd158520 .functor BUFIF1 1, v000001cbfd309340_0, L_000001cbfd441d00, C4<0>, C4<0>;
v000001cbfd30a240_0 .net8 "bitline1", 0 0, p000001cbfd25a618;  1 drivers, strength-aware
v000001cbfd309700_0 .net8 "bitline2", 0 0, p000001cbfd25a648;  1 drivers, strength-aware
v000001cbfd30a2e0_0 .net "clk", 0 0, o000001cbfd243848;  alias, 0 drivers
v000001cbfd30a420_0 .net "d", 0 0, L_000001cbfd43a780;  1 drivers
v000001cbfd309480_0 .net "q", 0 0, v000001cbfd309340_0;  1 drivers
v000001cbfd30aec0_0 .net "rden1", 0 0, L_000001cbfd441120;  alias, 1 drivers
v000001cbfd30a4c0_0 .net "rden2", 0 0, L_000001cbfd441d00;  alias, 1 drivers
v000001cbfd3097a0_0 .net "rst", 0 0, o000001cbfd2438d8;  alias, 0 drivers
v000001cbfd309020_0 .net "wren", 0 0, L_000001cbfd43e240;  alias, 1 drivers
S_000001cbfd30e3d0 .scope module, "cell_dff" "dff" 5 19, 6 4 0, S_000001cbfd30e6f0;
 .timescale 0 0;
    .port_info 0 /OUTPUT 1 "q";
    .port_info 1 /INPUT 1 "d";
    .port_info 2 /INPUT 1 "wen";
    .port_info 3 /INPUT 1 "clk";
    .port_info 4 /INPUT 1 "rst";
v000001cbfd3098e0_0 .net "clk", 0 0, o000001cbfd243848;  alias, 0 drivers
v000001cbfd30ac40_0 .net "d", 0 0, L_000001cbfd43a780;  alias, 1 drivers
v000001cbfd309340_0 .var "q", 0 0;
v000001cbfd308bc0_0 .net "rst", 0 0, o000001cbfd2438d8;  alias, 0 drivers
v000001cbfd308e40_0 .net "wen", 0 0, L_000001cbfd43e240;  alias, 1 drivers
S_000001cbfd30c300 .scope module, "bitcells[15]" "bit_cell" 4 14, 5 4 0, S_000001cbfd30d430;
 .timescale 0 0;
    .port_info 0 /INPUT 1 "clk";
    .port_info 1 /INPUT 1 "rst";
    .port_info 2 /INPUT 1 "d";
    .port_info 3 /INPUT 1 "wren";
    .port_info 4 /INPUT 1 "rden1";
    .port_info 5 /INPUT 1 "rden2";
    .port_info 6 /INOUT 1 "bitline1";
    .port_info 7 /INOUT 1 "bitline2";
L_000001cbfd158600 .functor BUFIF1 1, v000001cbfd3090c0_0, L_000001cbfd441120, C4<0>, C4<0>;
L_000001cbfd4bc7a0 .functor BUFIF1 1, v000001cbfd3090c0_0, L_000001cbfd441d00, C4<0>, C4<0>;
v000001cbfd309e80_0 .net8 "bitline1", 0 0, p000001cbfd25a948;  1 drivers, strength-aware
v000001cbfd30a560_0 .net8 "bitline2", 0 0, p000001cbfd25a978;  1 drivers, strength-aware
v000001cbfd308c60_0 .net "clk", 0 0, o000001cbfd243848;  alias, 0 drivers
v000001cbfd309520_0 .net "d", 0 0, L_000001cbfd438f20;  1 drivers
v000001cbfd3095c0_0 .net "q", 0 0, v000001cbfd3090c0_0;  1 drivers
v000001cbfd309a20_0 .net "rden1", 0 0, L_000001cbfd441120;  alias, 1 drivers
v000001cbfd30ad80_0 .net "rden2", 0 0, L_000001cbfd441d00;  alias, 1 drivers
v000001cbfd30af60_0 .net "rst", 0 0, o000001cbfd2438d8;  alias, 0 drivers
v000001cbfd309b60_0 .net "wren", 0 0, L_000001cbfd43e240;  alias, 1 drivers
S_000001cbfd30e560 .scope module, "cell_dff" "dff" 5 19, 6 4 0, S_000001cbfd30c300;
 .timescale 0 0;
    .port_info 0 /OUTPUT 1 "q";
    .port_info 1 /INPUT 1 "d";
    .port_info 2 /INPUT 1 "wen";
    .port_info 3 /INPUT 1 "clk";
    .port_info 4 /INPUT 1 "rst";
v000001cbfd309980_0 .net "clk", 0 0, o000001cbfd243848;  alias, 0 drivers
v000001cbfd308ee0_0 .net "d", 0 0, L_000001cbfd438f20;  alias, 1 drivers
v000001cbfd3090c0_0 .var "q", 0 0;
v000001cbfd30ae20_0 .net "rst", 0 0, o000001cbfd2438d8;  alias, 0 drivers
v000001cbfd309160_0 .net "wen", 0 0, L_000001cbfd43e240;  alias, 1 drivers
S_000001cbfd30ea10 .scope module, "registers[7]" "register" 2 36, 4 4 0, S_000001cbfcbd3120;
 .timescale 0 0;
    .port_info 0 /INPUT 1 "clk";
    .port_info 1 /INPUT 1 "rst";
    .port_info 2 /INPUT 16 "d";
    .port_info 3 /INPUT 1 "write_reg";
    .port_info 4 /INPUT 1 "rden1";
    .port_info 5 /INPUT 1 "rden2";
    .port_info 6 /INOUT 16 "bitline1";
    .port_info 7 /INOUT 16 "bitline2";
v000001cbfd322df0_0 .net8 "bitline1", 15 0, p000001cbfd246c38;  alias, 0 drivers, strength-aware
v000001cbfd324010_0 .net8 "bitline2", 15 0, p000001cbfd246c68;  alias, 0 drivers, strength-aware
v000001cbfd322ad0_0 .net "clk", 0 0, o000001cbfd243848;  alias, 0 drivers
v000001cbfd322530_0 .net "d", 15 0, o000001cbfd246c98;  alias, 0 drivers
v000001cbfd3248d0_0 .net "rden1", 0 0, L_000001cbfd4414e0;  1 drivers
v000001cbfd323d90_0 .net "rden2", 0 0, L_000001cbfd440a40;  1 drivers
v000001cbfd3240b0_0 .net "rst", 0 0, o000001cbfd2438d8;  alias, 0 drivers
v000001cbfd323e30_0 .net "write_reg", 0 0, L_000001cbfd43e600;  1 drivers
L_000001cbfd4388e0 .part o000001cbfd246c98, 0, 1;
L_000001cbfd438fc0 .part o000001cbfd246c98, 1, 1;
L_000001cbfd438ac0 .part o000001cbfd246c98, 2, 1;
L_000001cbfd43a5a0 .part o000001cbfd246c98, 3, 1;
L_000001cbfd43a460 .part o000001cbfd246c98, 4, 1;
L_000001cbfd439920 .part o000001cbfd246c98, 5, 1;
L_000001cbfd439100 .part o000001cbfd246c98, 6, 1;
L_000001cbfd4391a0 .part o000001cbfd246c98, 7, 1;
L_000001cbfd43a8c0 .part o000001cbfd246c98, 8, 1;
L_000001cbfd43a500 .part o000001cbfd246c98, 9, 1;
L_000001cbfd4399c0 .part o000001cbfd246c98, 10, 1;
L_000001cbfd4394c0 .part o000001cbfd246c98, 11, 1;
L_000001cbfd439560 .part o000001cbfd246c98, 12, 1;
L_000001cbfd439c40 .part o000001cbfd246c98, 13, 1;
L_000001cbfd439ce0 .part o000001cbfd246c98, 14, 1;
L_000001cbfd43a640 .part o000001cbfd246c98, 15, 1;
p000001cbfd25ae28 .port I000001cbfd121800, L_000001cbfd4bdbc0;
 .tranvp 16 1 0, I000001cbfd121800, p000001cbfd246c38 p000001cbfd25ae28;
p000001cbfd25b1b8 .port I000001cbfd121800, L_000001cbfd4bcc00;
 .tranvp 16 1 1, I000001cbfd121800, p000001cbfd246c38 p000001cbfd25b1b8;
p000001cbfd25b4e8 .port I000001cbfd121800, L_000001cbfd4bc650;
 .tranvp 16 1 2, I000001cbfd121800, p000001cbfd246c38 p000001cbfd25b4e8;
p000001cbfd25b818 .port I000001cbfd121800, L_000001cbfd4bcc70;
 .tranvp 16 1 3, I000001cbfd121800, p000001cbfd246c38 p000001cbfd25b818;
p000001cbfd25bb48 .port I000001cbfd121800, L_000001cbfd4bdd10;
 .tranvp 16 1 4, I000001cbfd121800, p000001cbfd246c38 p000001cbfd25bb48;
p000001cbfd25be78 .port I000001cbfd121800, L_000001cbfd4bd450;
 .tranvp 16 1 5, I000001cbfd121800, p000001cbfd246c38 p000001cbfd25be78;
p000001cbfd25c1a8 .port I000001cbfd121800, L_000001cbfd4bdb50;
 .tranvp 16 1 6, I000001cbfd121800, p000001cbfd246c38 p000001cbfd25c1a8;
p000001cbfd25c4d8 .port I000001cbfd121800, L_000001cbfd4bdd80;
 .tranvp 16 1 7, I000001cbfd121800, p000001cbfd246c38 p000001cbfd25c4d8;
p000001cbfd25c808 .port I000001cbfd121800, L_000001cbfd4bd370;
 .tranvp 16 1 8, I000001cbfd121800, p000001cbfd246c38 p000001cbfd25c808;
p000001cbfd25cb38 .port I000001cbfd121800, L_000001cbfd4bc730;
 .tranvp 16 1 9, I000001cbfd121800, p000001cbfd246c38 p000001cbfd25cb38;
p000001cbfd25ce68 .port I000001cbfd121800, L_000001cbfd4bd4c0;
 .tranvp 16 1 10, I000001cbfd121800, p000001cbfd246c38 p000001cbfd25ce68;
p000001cbfd25d198 .port I000001cbfd121800, L_000001cbfd4bc5e0;
 .tranvp 16 1 11, I000001cbfd121800, p000001cbfd246c38 p000001cbfd25d198;
p000001cbfd25d4c8 .port I000001cbfd121800, L_000001cbfd4bc8f0;
 .tranvp 16 1 12, I000001cbfd121800, p000001cbfd246c38 p000001cbfd25d4c8;
p000001cbfd25d7f8 .port I000001cbfd121800, L_000001cbfd4bddf0;
 .tranvp 16 1 13, I000001cbfd121800, p000001cbfd246c38 p000001cbfd25d7f8;
p000001cbfd25db28 .port I000001cbfd121800, L_000001cbfd4bcea0;
 .tranvp 16 1 14, I000001cbfd121800, p000001cbfd246c38 p000001cbfd25db28;
p000001cbfd25de58 .port I000001cbfd121800, L_000001cbfd4bcf80;
 .tranvp 16 1 15, I000001cbfd121800, p000001cbfd246c38 p000001cbfd25de58;
p000001cbfd25ae58 .port I000001cbfd121380, L_000001cbfd4bc880;
 .tranvp 16 1 0, I000001cbfd121380, p000001cbfd246c68 p000001cbfd25ae58;
p000001cbfd25b1e8 .port I000001cbfd121380, L_000001cbfd4bdc30;
 .tranvp 16 1 1, I000001cbfd121380, p000001cbfd246c68 p000001cbfd25b1e8;
p000001cbfd25b518 .port I000001cbfd121380, L_000001cbfd4bdca0;
 .tranvp 16 1 2, I000001cbfd121380, p000001cbfd246c68 p000001cbfd25b518;
p000001cbfd25b848 .port I000001cbfd121380, L_000001cbfd4bd300;
 .tranvp 16 1 3, I000001cbfd121380, p000001cbfd246c68 p000001cbfd25b848;
p000001cbfd25bb78 .port I000001cbfd121380, L_000001cbfd4bd3e0;
 .tranvp 16 1 4, I000001cbfd121380, p000001cbfd246c68 p000001cbfd25bb78;
p000001cbfd25bea8 .port I000001cbfd121380, L_000001cbfd4bcb20;
 .tranvp 16 1 5, I000001cbfd121380, p000001cbfd246c68 p000001cbfd25bea8;
p000001cbfd25c1d8 .port I000001cbfd121380, L_000001cbfd4bde60;
 .tranvp 16 1 6, I000001cbfd121380, p000001cbfd246c68 p000001cbfd25c1d8;
p000001cbfd25c508 .port I000001cbfd121380, L_000001cbfd4bd8b0;
 .tranvp 16 1 7, I000001cbfd121380, p000001cbfd246c68 p000001cbfd25c508;
p000001cbfd25c838 .port I000001cbfd121380, L_000001cbfd4bcab0;
 .tranvp 16 1 8, I000001cbfd121380, p000001cbfd246c68 p000001cbfd25c838;
p000001cbfd25cb68 .port I000001cbfd121380, L_000001cbfd4bd920;
 .tranvp 16 1 9, I000001cbfd121380, p000001cbfd246c68 p000001cbfd25cb68;
p000001cbfd25ce98 .port I000001cbfd121380, L_000001cbfd4bc500;
 .tranvp 16 1 10, I000001cbfd121380, p000001cbfd246c68 p000001cbfd25ce98;
p000001cbfd25d1c8 .port I000001cbfd121380, L_000001cbfd4bd530;
 .tranvp 16 1 11, I000001cbfd121380, p000001cbfd246c68 p000001cbfd25d1c8;
p000001cbfd25d4f8 .port I000001cbfd121380, L_000001cbfd4bcce0;
 .tranvp 16 1 12, I000001cbfd121380, p000001cbfd246c68 p000001cbfd25d4f8;
p000001cbfd25d828 .port I000001cbfd121380, L_000001cbfd4bcf10;
 .tranvp 16 1 13, I000001cbfd121380, p000001cbfd246c68 p000001cbfd25d828;
p000001cbfd25db58 .port I000001cbfd121380, L_000001cbfd4bca40;
 .tranvp 16 1 14, I000001cbfd121380, p000001cbfd246c68 p000001cbfd25db58;
p000001cbfd25de88 .port I000001cbfd121380, L_000001cbfd4bded0;
 .tranvp 16 1 15, I000001cbfd121380, p000001cbfd246c68 p000001cbfd25de88;
S_000001cbfd30f370 .scope module, "bitcells[0]" "bit_cell" 4 14, 5 4 0, S_000001cbfd30ea10;
 .timescale 0 0;
    .port_info 0 /INPUT 1 "clk";
    .port_info 1 /INPUT 1 "rst";
    .port_info 2 /INPUT 1 "d";
    .port_info 3 /INPUT 1 "wren";
    .port_info 4 /INPUT 1 "rden1";
    .port_info 5 /INPUT 1 "rden2";
    .port_info 6 /INOUT 1 "bitline1";
    .port_info 7 /INOUT 1 "bitline2";
L_000001cbfd4bdbc0 .functor BUFIF1 1, v000001cbfd30b500_0, L_000001cbfd4414e0, C4<0>, C4<0>;
L_000001cbfd4bc880 .functor BUFIF1 1, v000001cbfd30b500_0, L_000001cbfd440a40, C4<0>, C4<0>;
v000001cbfd30bb40_0 .net8 "bitline1", 0 0, p000001cbfd25ae28;  1 drivers, strength-aware
v000001cbfd30b280_0 .net8 "bitline2", 0 0, p000001cbfd25ae58;  1 drivers, strength-aware
v000001cbfd30b6e0_0 .net "clk", 0 0, o000001cbfd243848;  alias, 0 drivers
v000001cbfd30b960_0 .net "d", 0 0, L_000001cbfd4388e0;  1 drivers
v000001cbfd30b640_0 .net "q", 0 0, v000001cbfd30b500_0;  1 drivers
v000001cbfd30b140_0 .net "rden1", 0 0, L_000001cbfd4414e0;  alias, 1 drivers
v000001cbfd30bc80_0 .net "rden2", 0 0, L_000001cbfd440a40;  alias, 1 drivers
v000001cbfd30b780_0 .net "rst", 0 0, o000001cbfd2438d8;  alias, 0 drivers
v000001cbfd30b0a0_0 .net "wren", 0 0, L_000001cbfd43e600;  alias, 1 drivers
S_000001cbfd30fcd0 .scope module, "cell_dff" "dff" 5 19, 6 4 0, S_000001cbfd30f370;
 .timescale 0 0;
    .port_info 0 /OUTPUT 1 "q";
    .port_info 1 /INPUT 1 "d";
    .port_info 2 /INPUT 1 "wen";
    .port_info 3 /INPUT 1 "clk";
    .port_info 4 /INPUT 1 "rst";
v000001cbfd30be60_0 .net "clk", 0 0, o000001cbfd243848;  alias, 0 drivers
v000001cbfd30b5a0_0 .net "d", 0 0, L_000001cbfd4388e0;  alias, 1 drivers
v000001cbfd30b500_0 .var "q", 0 0;
v000001cbfd30bdc0_0 .net "rst", 0 0, o000001cbfd2438d8;  alias, 0 drivers
v000001cbfd30b1e0_0 .net "wen", 0 0, L_000001cbfd43e600;  alias, 1 drivers
S_000001cbfd30ed30 .scope module, "bitcells[1]" "bit_cell" 4 14, 5 4 0, S_000001cbfd30ea10;
 .timescale 0 0;
    .port_info 0 /INPUT 1 "clk";
    .port_info 1 /INPUT 1 "rst";
    .port_info 2 /INPUT 1 "d";
    .port_info 3 /INPUT 1 "wren";
    .port_info 4 /INPUT 1 "rden1";
    .port_info 5 /INPUT 1 "rden2";
    .port_info 6 /INOUT 1 "bitline1";
    .port_info 7 /INOUT 1 "bitline2";
L_000001cbfd4bcc00 .functor BUFIF1 1, v000001cbfd30b8c0_0, L_000001cbfd4414e0, C4<0>, C4<0>;
L_000001cbfd4bdc30 .functor BUFIF1 1, v000001cbfd30b8c0_0, L_000001cbfd440a40, C4<0>, C4<0>;
v000001cbfd30baa0_0 .net8 "bitline1", 0 0, p000001cbfd25b1b8;  1 drivers, strength-aware
v000001cbfd30b460_0 .net8 "bitline2", 0 0, p000001cbfd25b1e8;  1 drivers, strength-aware
v000001cbfd30b320_0 .net "clk", 0 0, o000001cbfd243848;  alias, 0 drivers
v000001cbfd30ba00_0 .net "d", 0 0, L_000001cbfd438fc0;  1 drivers
v000001cbfd2fc0a0_0 .net "q", 0 0, v000001cbfd30b8c0_0;  1 drivers
v000001cbfd2fd040_0 .net "rden1", 0 0, L_000001cbfd4414e0;  alias, 1 drivers
v000001cbfd2fd720_0 .net "rden2", 0 0, L_000001cbfd440a40;  alias, 1 drivers
v000001cbfd2fdb80_0 .net "rst", 0 0, o000001cbfd2438d8;  alias, 0 drivers
v000001cbfd2fd7c0_0 .net "wren", 0 0, L_000001cbfd43e600;  alias, 1 drivers
S_000001cbfd30eec0 .scope module, "cell_dff" "dff" 5 19, 6 4 0, S_000001cbfd30ed30;
 .timescale 0 0;
    .port_info 0 /OUTPUT 1 "q";
    .port_info 1 /INPUT 1 "d";
    .port_info 2 /INPUT 1 "wen";
    .port_info 3 /INPUT 1 "clk";
    .port_info 4 /INPUT 1 "rst";
v000001cbfd30bbe0_0 .net "clk", 0 0, o000001cbfd243848;  alias, 0 drivers
v000001cbfd30b820_0 .net "d", 0 0, L_000001cbfd438fc0;  alias, 1 drivers
v000001cbfd30b8c0_0 .var "q", 0 0;
v000001cbfd30b000_0 .net "rst", 0 0, o000001cbfd2438d8;  alias, 0 drivers
v000001cbfd30bd20_0 .net "wen", 0 0, L_000001cbfd43e600;  alias, 1 drivers
S_000001cbfd315670 .scope module, "bitcells[2]" "bit_cell" 4 14, 5 4 0, S_000001cbfd30ea10;
 .timescale 0 0;
    .port_info 0 /INPUT 1 "clk";
    .port_info 1 /INPUT 1 "rst";
    .port_info 2 /INPUT 1 "d";
    .port_info 3 /INPUT 1 "wren";
    .port_info 4 /INPUT 1 "rden1";
    .port_info 5 /INPUT 1 "rden2";
    .port_info 6 /INOUT 1 "bitline1";
    .port_info 7 /INOUT 1 "bitline2";
L_000001cbfd4bc650 .functor BUFIF1 1, v000001cbfd2fc140_0, L_000001cbfd4414e0, C4<0>, C4<0>;
L_000001cbfd4bdca0 .functor BUFIF1 1, v000001cbfd2fc140_0, L_000001cbfd440a40, C4<0>, C4<0>;
v000001cbfd2fd860_0 .net8 "bitline1", 0 0, p000001cbfd25b4e8;  1 drivers, strength-aware
v000001cbfd2fdcc0_0 .net8 "bitline2", 0 0, p000001cbfd25b518;  1 drivers, strength-aware
v000001cbfd2fd900_0 .net "clk", 0 0, o000001cbfd243848;  alias, 0 drivers
v000001cbfd2fc280_0 .net "d", 0 0, L_000001cbfd438ac0;  1 drivers
v000001cbfd2fc500_0 .net "q", 0 0, v000001cbfd2fc140_0;  1 drivers
v000001cbfd2fd4a0_0 .net "rden1", 0 0, L_000001cbfd4414e0;  alias, 1 drivers
v000001cbfd2fc960_0 .net "rden2", 0 0, L_000001cbfd440a40;  alias, 1 drivers
v000001cbfd2fe260_0 .net "rst", 0 0, o000001cbfd2438d8;  alias, 0 drivers
v000001cbfd2fc3c0_0 .net "wren", 0 0, L_000001cbfd43e600;  alias, 1 drivers
S_000001cbfd3151c0 .scope module, "cell_dff" "dff" 5 19, 6 4 0, S_000001cbfd315670;
 .timescale 0 0;
    .port_info 0 /OUTPUT 1 "q";
    .port_info 1 /INPUT 1 "d";
    .port_info 2 /INPUT 1 "wen";
    .port_info 3 /INPUT 1 "clk";
    .port_info 4 /INPUT 1 "rst";
v000001cbfd2fdd60_0 .net "clk", 0 0, o000001cbfd243848;  alias, 0 drivers
v000001cbfd2fc1e0_0 .net "d", 0 0, L_000001cbfd438ac0;  alias, 1 drivers
v000001cbfd2fc140_0 .var "q", 0 0;
v000001cbfd2fd680_0 .net "rst", 0 0, o000001cbfd2438d8;  alias, 0 drivers
v000001cbfd2fcaa0_0 .net "wen", 0 0, L_000001cbfd43e600;  alias, 1 drivers
S_000001cbfd315800 .scope module, "bitcells[3]" "bit_cell" 4 14, 5 4 0, S_000001cbfd30ea10;
 .timescale 0 0;
    .port_info 0 /INPUT 1 "clk";
    .port_info 1 /INPUT 1 "rst";
    .port_info 2 /INPUT 1 "d";
    .port_info 3 /INPUT 1 "wren";
    .port_info 4 /INPUT 1 "rden1";
    .port_info 5 /INPUT 1 "rden2";
    .port_info 6 /INOUT 1 "bitline1";
    .port_info 7 /INOUT 1 "bitline2";
L_000001cbfd4bcc70 .functor BUFIF1 1, v000001cbfd2fc000_0, L_000001cbfd4414e0, C4<0>, C4<0>;
L_000001cbfd4bd300 .functor BUFIF1 1, v000001cbfd2fc000_0, L_000001cbfd440a40, C4<0>, C4<0>;
v000001cbfd2fe4e0_0 .net8 "bitline1", 0 0, p000001cbfd25b818;  1 drivers, strength-aware
v000001cbfd2fdea0_0 .net8 "bitline2", 0 0, p000001cbfd25b848;  1 drivers, strength-aware
v000001cbfd2fca00_0 .net "clk", 0 0, o000001cbfd243848;  alias, 0 drivers
v000001cbfd2fe440_0 .net "d", 0 0, L_000001cbfd43a5a0;  1 drivers
v000001cbfd2fde00_0 .net "q", 0 0, v000001cbfd2fc000_0;  1 drivers
v000001cbfd2fc5a0_0 .net "rden1", 0 0, L_000001cbfd4414e0;  alias, 1 drivers
v000001cbfd2fc640_0 .net "rden2", 0 0, L_000001cbfd440a40;  alias, 1 drivers
v000001cbfd2fcb40_0 .net "rst", 0 0, o000001cbfd2438d8;  alias, 0 drivers
v000001cbfd2fd2c0_0 .net "wren", 0 0, L_000001cbfd43e600;  alias, 1 drivers
S_000001cbfd313a50 .scope module, "cell_dff" "dff" 5 19, 6 4 0, S_000001cbfd315800;
 .timescale 0 0;
    .port_info 0 /OUTPUT 1 "q";
    .port_info 1 /INPUT 1 "d";
    .port_info 2 /INPUT 1 "wen";
    .port_info 3 /INPUT 1 "clk";
    .port_info 4 /INPUT 1 "rst";
v000001cbfd2fdc20_0 .net "clk", 0 0, o000001cbfd243848;  alias, 0 drivers
v000001cbfd2fe3a0_0 .net "d", 0 0, L_000001cbfd43a5a0;  alias, 1 drivers
v000001cbfd2fc000_0 .var "q", 0 0;
v000001cbfd2fe760_0 .net "rst", 0 0, o000001cbfd2438d8;  alias, 0 drivers
v000001cbfd2fe6c0_0 .net "wen", 0 0, L_000001cbfd43e600;  alias, 1 drivers
S_000001cbfd314b80 .scope module, "bitcells[4]" "bit_cell" 4 14, 5 4 0, S_000001cbfd30ea10;
 .timescale 0 0;
    .port_info 0 /INPUT 1 "clk";
    .port_info 1 /INPUT 1 "rst";
    .port_info 2 /INPUT 1 "d";
    .port_info 3 /INPUT 1 "wren";
    .port_info 4 /INPUT 1 "rden1";
    .port_info 5 /INPUT 1 "rden2";
    .port_info 6 /INOUT 1 "bitline1";
    .port_info 7 /INOUT 1 "bitline2";
L_000001cbfd4bdd10 .functor BUFIF1 1, v000001cbfd2fdf40_0, L_000001cbfd4414e0, C4<0>, C4<0>;
L_000001cbfd4bd3e0 .functor BUFIF1 1, v000001cbfd2fdf40_0, L_000001cbfd440a40, C4<0>, C4<0>;
v000001cbfd2fe620_0 .net8 "bitline1", 0 0, p000001cbfd25bb48;  1 drivers, strength-aware
v000001cbfd2fdfe0_0 .net8 "bitline2", 0 0, p000001cbfd25bb78;  1 drivers, strength-aware
v000001cbfd2fda40_0 .net "clk", 0 0, o000001cbfd243848;  alias, 0 drivers
v000001cbfd2fd360_0 .net "d", 0 0, L_000001cbfd43a460;  1 drivers
v000001cbfd2fcbe0_0 .net "q", 0 0, v000001cbfd2fdf40_0;  1 drivers
v000001cbfd2fc820_0 .net "rden1", 0 0, L_000001cbfd4414e0;  alias, 1 drivers
v000001cbfd2fe580_0 .net "rden2", 0 0, L_000001cbfd440a40;  alias, 1 drivers
v000001cbfd2fcc80_0 .net "rst", 0 0, o000001cbfd2438d8;  alias, 0 drivers
v000001cbfd2fcd20_0 .net "wren", 0 0, L_000001cbfd43e600;  alias, 1 drivers
S_000001cbfd313410 .scope module, "cell_dff" "dff" 5 19, 6 4 0, S_000001cbfd314b80;
 .timescale 0 0;
    .port_info 0 /OUTPUT 1 "q";
    .port_info 1 /INPUT 1 "d";
    .port_info 2 /INPUT 1 "wen";
    .port_info 3 /INPUT 1 "clk";
    .port_info 4 /INPUT 1 "rst";
v000001cbfd2fd5e0_0 .net "clk", 0 0, o000001cbfd243848;  alias, 0 drivers
v000001cbfd2fe080_0 .net "d", 0 0, L_000001cbfd43a460;  alias, 1 drivers
v000001cbfd2fdf40_0 .var "q", 0 0;
v000001cbfd2fd9a0_0 .net "rst", 0 0, o000001cbfd2438d8;  alias, 0 drivers
v000001cbfd2fc6e0_0 .net "wen", 0 0, L_000001cbfd43e600;  alias, 1 drivers
S_000001cbfd314d10 .scope module, "bitcells[5]" "bit_cell" 4 14, 5 4 0, S_000001cbfd30ea10;
 .timescale 0 0;
    .port_info 0 /INPUT 1 "clk";
    .port_info 1 /INPUT 1 "rst";
    .port_info 2 /INPUT 1 "d";
    .port_info 3 /INPUT 1 "wren";
    .port_info 4 /INPUT 1 "rden1";
    .port_info 5 /INPUT 1 "rden2";
    .port_info 6 /INOUT 1 "bitline1";
    .port_info 7 /INOUT 1 "bitline2";
L_000001cbfd4bd450 .functor BUFIF1 1, v000001cbfd2fe1c0_0, L_000001cbfd4414e0, C4<0>, C4<0>;
L_000001cbfd4bcb20 .functor BUFIF1 1, v000001cbfd2fe1c0_0, L_000001cbfd440a40, C4<0>, C4<0>;
v000001cbfd2fcdc0_0 .net8 "bitline1", 0 0, p000001cbfd25be78;  1 drivers, strength-aware
v000001cbfd2fce60_0 .net8 "bitline2", 0 0, p000001cbfd25bea8;  1 drivers, strength-aware
v000001cbfd2fd540_0 .net "clk", 0 0, o000001cbfd243848;  alias, 0 drivers
v000001cbfd2fc780_0 .net "d", 0 0, L_000001cbfd439920;  1 drivers
v000001cbfd2fc8c0_0 .net "q", 0 0, v000001cbfd2fe1c0_0;  1 drivers
v000001cbfd2fc320_0 .net "rden1", 0 0, L_000001cbfd4414e0;  alias, 1 drivers
v000001cbfd2fd220_0 .net "rden2", 0 0, L_000001cbfd440a40;  alias, 1 drivers
v000001cbfd2fcf00_0 .net "rst", 0 0, o000001cbfd2438d8;  alias, 0 drivers
v000001cbfd2fcfa0_0 .net "wren", 0 0, L_000001cbfd43e600;  alias, 1 drivers
S_000001cbfd314860 .scope module, "cell_dff" "dff" 5 19, 6 4 0, S_000001cbfd314d10;
 .timescale 0 0;
    .port_info 0 /OUTPUT 1 "q";
    .port_info 1 /INPUT 1 "d";
    .port_info 2 /INPUT 1 "wen";
    .port_info 3 /INPUT 1 "clk";
    .port_info 4 /INPUT 1 "rst";
v000001cbfd2fe120_0 .net "clk", 0 0, o000001cbfd243848;  alias, 0 drivers
v000001cbfd2fdae0_0 .net "d", 0 0, L_000001cbfd439920;  alias, 1 drivers
v000001cbfd2fe1c0_0 .var "q", 0 0;
v000001cbfd2fe300_0 .net "rst", 0 0, o000001cbfd2438d8;  alias, 0 drivers
v000001cbfd2fc460_0 .net "wen", 0 0, L_000001cbfd43e600;  alias, 1 drivers
S_000001cbfd313280 .scope module, "bitcells[6]" "bit_cell" 4 14, 5 4 0, S_000001cbfd30ea10;
 .timescale 0 0;
    .port_info 0 /INPUT 1 "clk";
    .port_info 1 /INPUT 1 "rst";
    .port_info 2 /INPUT 1 "d";
    .port_info 3 /INPUT 1 "wren";
    .port_info 4 /INPUT 1 "rden1";
    .port_info 5 /INPUT 1 "rden2";
    .port_info 6 /INOUT 1 "bitline1";
    .port_info 7 /INOUT 1 "bitline2";
L_000001cbfd4bdb50 .functor BUFIF1 1, v000001cbfd2fd400_0, L_000001cbfd4414e0, C4<0>, C4<0>;
L_000001cbfd4bde60 .functor BUFIF1 1, v000001cbfd2fd400_0, L_000001cbfd440a40, C4<0>, C4<0>;
v000001cbfd31f0b0_0 .net8 "bitline1", 0 0, p000001cbfd25c1a8;  1 drivers, strength-aware
v000001cbfd31f150_0 .net8 "bitline2", 0 0, p000001cbfd25c1d8;  1 drivers, strength-aware
v000001cbfd31f1f0_0 .net "clk", 0 0, o000001cbfd243848;  alias, 0 drivers
v000001cbfd31f290_0 .net "d", 0 0, L_000001cbfd439100;  1 drivers
v000001cbfd31f970_0 .net "q", 0 0, v000001cbfd2fd400_0;  1 drivers
v000001cbfd31f330_0 .net "rden1", 0 0, L_000001cbfd4414e0;  alias, 1 drivers
v000001cbfd31d5d0_0 .net "rden2", 0 0, L_000001cbfd440a40;  alias, 1 drivers
v000001cbfd31f3d0_0 .net "rst", 0 0, o000001cbfd2438d8;  alias, 0 drivers
v000001cbfd31ddf0_0 .net "wren", 0 0, L_000001cbfd43e600;  alias, 1 drivers
S_000001cbfd3138c0 .scope module, "cell_dff" "dff" 5 19, 6 4 0, S_000001cbfd313280;
 .timescale 0 0;
    .port_info 0 /OUTPUT 1 "q";
    .port_info 1 /INPUT 1 "d";
    .port_info 2 /INPUT 1 "wen";
    .port_info 3 /INPUT 1 "clk";
    .port_info 4 /INPUT 1 "rst";
v000001cbfd2fd0e0_0 .net "clk", 0 0, o000001cbfd243848;  alias, 0 drivers
v000001cbfd2fd180_0 .net "d", 0 0, L_000001cbfd439100;  alias, 1 drivers
v000001cbfd2fd400_0 .var "q", 0 0;
v000001cbfd31ef70_0 .net "rst", 0 0, o000001cbfd2438d8;  alias, 0 drivers
v000001cbfd31f5b0_0 .net "wen", 0 0, L_000001cbfd43e600;  alias, 1 drivers
S_000001cbfd314090 .scope module, "bitcells[7]" "bit_cell" 4 14, 5 4 0, S_000001cbfd30ea10;
 .timescale 0 0;
    .port_info 0 /INPUT 1 "clk";
    .port_info 1 /INPUT 1 "rst";
    .port_info 2 /INPUT 1 "d";
    .port_info 3 /INPUT 1 "wren";
    .port_info 4 /INPUT 1 "rden1";
    .port_info 5 /INPUT 1 "rden2";
    .port_info 6 /INOUT 1 "bitline1";
    .port_info 7 /INOUT 1 "bitline2";
L_000001cbfd4bdd80 .functor BUFIF1 1, v000001cbfd31d490_0, L_000001cbfd4414e0, C4<0>, C4<0>;
L_000001cbfd4bd8b0 .functor BUFIF1 1, v000001cbfd31d490_0, L_000001cbfd440a40, C4<0>, C4<0>;
v000001cbfd31ea70_0 .net8 "bitline1", 0 0, p000001cbfd25c4d8;  1 drivers, strength-aware
v000001cbfd31db70_0 .net8 "bitline2", 0 0, p000001cbfd25c508;  1 drivers, strength-aware
v000001cbfd31de90_0 .net "clk", 0 0, o000001cbfd243848;  alias, 0 drivers
v000001cbfd31f510_0 .net "d", 0 0, L_000001cbfd4391a0;  1 drivers
v000001cbfd31f650_0 .net "q", 0 0, v000001cbfd31d490_0;  1 drivers
v000001cbfd31e6b0_0 .net "rden1", 0 0, L_000001cbfd4414e0;  alias, 1 drivers
v000001cbfd31d710_0 .net "rden2", 0 0, L_000001cbfd440a40;  alias, 1 drivers
v000001cbfd31f6f0_0 .net "rst", 0 0, o000001cbfd2438d8;  alias, 0 drivers
v000001cbfd31ed90_0 .net "wren", 0 0, L_000001cbfd43e600;  alias, 1 drivers
S_000001cbfd315fd0 .scope module, "cell_dff" "dff" 5 19, 6 4 0, S_000001cbfd314090;
 .timescale 0 0;
    .port_info 0 /OUTPUT 1 "q";
    .port_info 1 /INPUT 1 "d";
    .port_info 2 /INPUT 1 "wen";
    .port_info 3 /INPUT 1 "clk";
    .port_info 4 /INPUT 1 "rst";
v000001cbfd31e890_0 .net "clk", 0 0, o000001cbfd243848;  alias, 0 drivers
v000001cbfd31f470_0 .net "d", 0 0, L_000001cbfd4391a0;  alias, 1 drivers
v000001cbfd31d490_0 .var "q", 0 0;
v000001cbfd31e390_0 .net "rst", 0 0, o000001cbfd2438d8;  alias, 0 drivers
v000001cbfd31d670_0 .net "wen", 0 0, L_000001cbfd43e600;  alias, 1 drivers
S_000001cbfd316480 .scope module, "bitcells[8]" "bit_cell" 4 14, 5 4 0, S_000001cbfd30ea10;
 .timescale 0 0;
    .port_info 0 /INPUT 1 "clk";
    .port_info 1 /INPUT 1 "rst";
    .port_info 2 /INPUT 1 "d";
    .port_info 3 /INPUT 1 "wren";
    .port_info 4 /INPUT 1 "rden1";
    .port_info 5 /INPUT 1 "rden2";
    .port_info 6 /INOUT 1 "bitline1";
    .port_info 7 /INOUT 1 "bitline2";
L_000001cbfd4bd370 .functor BUFIF1 1, v000001cbfd31e070_0, L_000001cbfd4414e0, C4<0>, C4<0>;
L_000001cbfd4bcab0 .functor BUFIF1 1, v000001cbfd31e070_0, L_000001cbfd440a40, C4<0>, C4<0>;
v000001cbfd31d7b0_0 .net8 "bitline1", 0 0, p000001cbfd25c808;  1 drivers, strength-aware
v000001cbfd31d8f0_0 .net8 "bitline2", 0 0, p000001cbfd25c838;  1 drivers, strength-aware
v000001cbfd31dfd0_0 .net "clk", 0 0, o000001cbfd243848;  alias, 0 drivers
v000001cbfd31f830_0 .net "d", 0 0, L_000001cbfd43a8c0;  1 drivers
v000001cbfd31d530_0 .net "q", 0 0, v000001cbfd31e070_0;  1 drivers
v000001cbfd31d850_0 .net "rden1", 0 0, L_000001cbfd4414e0;  alias, 1 drivers
v000001cbfd31da30_0 .net "rden2", 0 0, L_000001cbfd440a40;  alias, 1 drivers
v000001cbfd31ee30_0 .net "rst", 0 0, o000001cbfd2438d8;  alias, 0 drivers
v000001cbfd31df30_0 .net "wren", 0 0, L_000001cbfd43e600;  alias, 1 drivers
S_000001cbfd314ea0 .scope module, "cell_dff" "dff" 5 19, 6 4 0, S_000001cbfd316480;
 .timescale 0 0;
    .port_info 0 /OUTPUT 1 "q";
    .port_info 1 /INPUT 1 "d";
    .port_info 2 /INPUT 1 "wen";
    .port_info 3 /INPUT 1 "clk";
    .port_info 4 /INPUT 1 "rst";
v000001cbfd31fab0_0 .net "clk", 0 0, o000001cbfd243848;  alias, 0 drivers
v000001cbfd31f790_0 .net "d", 0 0, L_000001cbfd43a8c0;  alias, 1 drivers
v000001cbfd31e070_0 .var "q", 0 0;
v000001cbfd31d990_0 .net "rst", 0 0, o000001cbfd2438d8;  alias, 0 drivers
v000001cbfd31e750_0 .net "wen", 0 0, L_000001cbfd43e600;  alias, 1 drivers
S_000001cbfd315e40 .scope module, "bitcells[9]" "bit_cell" 4 14, 5 4 0, S_000001cbfd30ea10;
 .timescale 0 0;
    .port_info 0 /INPUT 1 "clk";
    .port_info 1 /INPUT 1 "rst";
    .port_info 2 /INPUT 1 "d";
    .port_info 3 /INPUT 1 "wren";
    .port_info 4 /INPUT 1 "rden1";
    .port_info 5 /INPUT 1 "rden2";
    .port_info 6 /INOUT 1 "bitline1";
    .port_info 7 /INOUT 1 "bitline2";
L_000001cbfd4bc730 .functor BUFIF1 1, v000001cbfd31dad0_0, L_000001cbfd4414e0, C4<0>, C4<0>;
L_000001cbfd4bd920 .functor BUFIF1 1, v000001cbfd31dad0_0, L_000001cbfd440a40, C4<0>, C4<0>;
v000001cbfd31ebb0_0 .net8 "bitline1", 0 0, p000001cbfd25cb38;  1 drivers, strength-aware
v000001cbfd31ec50_0 .net8 "bitline2", 0 0, p000001cbfd25cb68;  1 drivers, strength-aware
v000001cbfd31dc10_0 .net "clk", 0 0, o000001cbfd243848;  alias, 0 drivers
v000001cbfd31e7f0_0 .net "d", 0 0, L_000001cbfd43a500;  1 drivers
v000001cbfd31dd50_0 .net "q", 0 0, v000001cbfd31dad0_0;  1 drivers
v000001cbfd31dcb0_0 .net "rden1", 0 0, L_000001cbfd4414e0;  alias, 1 drivers
v000001cbfd31e110_0 .net "rden2", 0 0, L_000001cbfd440a40;  alias, 1 drivers
v000001cbfd31f010_0 .net "rst", 0 0, o000001cbfd2438d8;  alias, 0 drivers
v000001cbfd31ecf0_0 .net "wren", 0 0, L_000001cbfd43e600;  alias, 1 drivers
S_000001cbfd313f00 .scope module, "cell_dff" "dff" 5 19, 6 4 0, S_000001cbfd315e40;
 .timescale 0 0;
    .port_info 0 /OUTPUT 1 "q";
    .port_info 1 /INPUT 1 "d";
    .port_info 2 /INPUT 1 "wen";
    .port_info 3 /INPUT 1 "clk";
    .port_info 4 /INPUT 1 "rst";
v000001cbfd31e430_0 .net "clk", 0 0, o000001cbfd243848;  alias, 0 drivers
v000001cbfd31e930_0 .net "d", 0 0, L_000001cbfd43a500;  alias, 1 drivers
v000001cbfd31dad0_0 .var "q", 0 0;
v000001cbfd31eed0_0 .net "rst", 0 0, o000001cbfd2438d8;  alias, 0 drivers
v000001cbfd31e610_0 .net "wen", 0 0, L_000001cbfd43e600;  alias, 1 drivers
S_000001cbfd3146d0 .scope module, "bitcells[10]" "bit_cell" 4 14, 5 4 0, S_000001cbfd30ea10;
 .timescale 0 0;
    .port_info 0 /INPUT 1 "clk";
    .port_info 1 /INPUT 1 "rst";
    .port_info 2 /INPUT 1 "d";
    .port_info 3 /INPUT 1 "wren";
    .port_info 4 /INPUT 1 "rden1";
    .port_info 5 /INPUT 1 "rden2";
    .port_info 6 /INOUT 1 "bitline1";
    .port_info 7 /INOUT 1 "bitline2";
L_000001cbfd4bd4c0 .functor BUFIF1 1, v000001cbfd31fa10_0, L_000001cbfd4414e0, C4<0>, C4<0>;
L_000001cbfd4bc500 .functor BUFIF1 1, v000001cbfd31fa10_0, L_000001cbfd440a40, C4<0>, C4<0>;
v000001cbfd31e1b0_0 .net8 "bitline1", 0 0, p000001cbfd25ce68;  1 drivers, strength-aware
v000001cbfd31e250_0 .net8 "bitline2", 0 0, p000001cbfd25ce98;  1 drivers, strength-aware
v000001cbfd31e570_0 .net "clk", 0 0, o000001cbfd243848;  alias, 0 drivers
v000001cbfd31e4d0_0 .net "d", 0 0, L_000001cbfd4399c0;  1 drivers
v000001cbfd31e9d0_0 .net "q", 0 0, v000001cbfd31fa10_0;  1 drivers
v000001cbfd31eb10_0 .net "rden1", 0 0, L_000001cbfd4414e0;  alias, 1 drivers
v000001cbfd321810_0 .net "rden2", 0 0, L_000001cbfd440a40;  alias, 1 drivers
v000001cbfd321450_0 .net "rst", 0 0, o000001cbfd2438d8;  alias, 0 drivers
v000001cbfd31ffb0_0 .net "wren", 0 0, L_000001cbfd43e600;  alias, 1 drivers
S_000001cbfd315030 .scope module, "cell_dff" "dff" 5 19, 6 4 0, S_000001cbfd3146d0;
 .timescale 0 0;
    .port_info 0 /OUTPUT 1 "q";
    .port_info 1 /INPUT 1 "d";
    .port_info 2 /INPUT 1 "wen";
    .port_info 3 /INPUT 1 "clk";
    .port_info 4 /INPUT 1 "rst";
v000001cbfd31e2f0_0 .net "clk", 0 0, o000001cbfd243848;  alias, 0 drivers
v000001cbfd31f8d0_0 .net "d", 0 0, L_000001cbfd4399c0;  alias, 1 drivers
v000001cbfd31fa10_0 .var "q", 0 0;
v000001cbfd31fb50_0 .net "rst", 0 0, o000001cbfd2438d8;  alias, 0 drivers
v000001cbfd31fbf0_0 .net "wen", 0 0, L_000001cbfd43e600;  alias, 1 drivers
S_000001cbfd315990 .scope module, "bitcells[11]" "bit_cell" 4 14, 5 4 0, S_000001cbfd30ea10;
 .timescale 0 0;
    .port_info 0 /INPUT 1 "clk";
    .port_info 1 /INPUT 1 "rst";
    .port_info 2 /INPUT 1 "d";
    .port_info 3 /INPUT 1 "wren";
    .port_info 4 /INPUT 1 "rden1";
    .port_info 5 /INPUT 1 "rden2";
    .port_info 6 /INOUT 1 "bitline1";
    .port_info 7 /INOUT 1 "bitline2";
L_000001cbfd4bc5e0 .functor BUFIF1 1, v000001cbfd320730_0, L_000001cbfd4414e0, C4<0>, C4<0>;
L_000001cbfd4bd530 .functor BUFIF1 1, v000001cbfd320730_0, L_000001cbfd440a40, C4<0>, C4<0>;
v000001cbfd321db0_0 .net8 "bitline1", 0 0, p000001cbfd25d198;  1 drivers, strength-aware
v000001cbfd320410_0 .net8 "bitline2", 0 0, p000001cbfd25d1c8;  1 drivers, strength-aware
v000001cbfd31fc90_0 .net "clk", 0 0, o000001cbfd243848;  alias, 0 drivers
v000001cbfd3213b0_0 .net "d", 0 0, L_000001cbfd4394c0;  1 drivers
v000001cbfd31fe70_0 .net "q", 0 0, v000001cbfd320730_0;  1 drivers
v000001cbfd3200f0_0 .net "rden1", 0 0, L_000001cbfd4414e0;  alias, 1 drivers
v000001cbfd320050_0 .net "rden2", 0 0, L_000001cbfd440a40;  alias, 1 drivers
v000001cbfd321130_0 .net "rst", 0 0, o000001cbfd2438d8;  alias, 0 drivers
v000001cbfd3214f0_0 .net "wren", 0 0, L_000001cbfd43e600;  alias, 1 drivers
S_000001cbfd313730 .scope module, "cell_dff" "dff" 5 19, 6 4 0, S_000001cbfd315990;
 .timescale 0 0;
    .port_info 0 /OUTPUT 1 "q";
    .port_info 1 /INPUT 1 "d";
    .port_info 2 /INPUT 1 "wen";
    .port_info 3 /INPUT 1 "clk";
    .port_info 4 /INPUT 1 "rst";
v000001cbfd321270_0 .net "clk", 0 0, o000001cbfd243848;  alias, 0 drivers
v000001cbfd320e10_0 .net "d", 0 0, L_000001cbfd4394c0;  alias, 1 drivers
v000001cbfd320730_0 .var "q", 0 0;
v000001cbfd320f50_0 .net "rst", 0 0, o000001cbfd2438d8;  alias, 0 drivers
v000001cbfd321310_0 .net "wen", 0 0, L_000001cbfd43e600;  alias, 1 drivers
S_000001cbfd313d70 .scope module, "bitcells[12]" "bit_cell" 4 14, 5 4 0, S_000001cbfd30ea10;
 .timescale 0 0;
    .port_info 0 /INPUT 1 "clk";
    .port_info 1 /INPUT 1 "rst";
    .port_info 2 /INPUT 1 "d";
    .port_info 3 /INPUT 1 "wren";
    .port_info 4 /INPUT 1 "rden1";
    .port_info 5 /INPUT 1 "rden2";
    .port_info 6 /INOUT 1 "bitline1";
    .port_info 7 /INOUT 1 "bitline2";
L_000001cbfd4bc8f0 .functor BUFIF1 1, v000001cbfd322030_0, L_000001cbfd4414e0, C4<0>, C4<0>;
L_000001cbfd4bcce0 .functor BUFIF1 1, v000001cbfd322030_0, L_000001cbfd440a40, C4<0>, C4<0>;
v000001cbfd320a50_0 .net8 "bitline1", 0 0, p000001cbfd25d4c8;  1 drivers, strength-aware
v000001cbfd322170_0 .net8 "bitline2", 0 0, p000001cbfd25d4f8;  1 drivers, strength-aware
v000001cbfd321b30_0 .net "clk", 0 0, o000001cbfd243848;  alias, 0 drivers
v000001cbfd3218b0_0 .net "d", 0 0, L_000001cbfd439560;  1 drivers
v000001cbfd320190_0 .net "q", 0 0, v000001cbfd322030_0;  1 drivers
v000001cbfd321a90_0 .net "rden1", 0 0, L_000001cbfd4414e0;  alias, 1 drivers
v000001cbfd321bd0_0 .net "rden2", 0 0, L_000001cbfd440a40;  alias, 1 drivers
v000001cbfd31fdd0_0 .net "rst", 0 0, o000001cbfd2438d8;  alias, 0 drivers
v000001cbfd320230_0 .net "wren", 0 0, L_000001cbfd43e600;  alias, 1 drivers
S_000001cbfd315350 .scope module, "cell_dff" "dff" 5 19, 6 4 0, S_000001cbfd313d70;
 .timescale 0 0;
    .port_info 0 /OUTPUT 1 "q";
    .port_info 1 /INPUT 1 "d";
    .port_info 2 /INPUT 1 "wen";
    .port_info 3 /INPUT 1 "clk";
    .port_info 4 /INPUT 1 "rst";
v000001cbfd3204b0_0 .net "clk", 0 0, o000001cbfd243848;  alias, 0 drivers
v000001cbfd321e50_0 .net "d", 0 0, L_000001cbfd439560;  alias, 1 drivers
v000001cbfd322030_0 .var "q", 0 0;
v000001cbfd31fd30_0 .net "rst", 0 0, o000001cbfd2438d8;  alias, 0 drivers
v000001cbfd3205f0_0 .net "wen", 0 0, L_000001cbfd43e600;  alias, 1 drivers
S_000001cbfd316160 .scope module, "bitcells[13]" "bit_cell" 4 14, 5 4 0, S_000001cbfd30ea10;
 .timescale 0 0;
    .port_info 0 /INPUT 1 "clk";
    .port_info 1 /INPUT 1 "rst";
    .port_info 2 /INPUT 1 "d";
    .port_info 3 /INPUT 1 "wren";
    .port_info 4 /INPUT 1 "rden1";
    .port_info 5 /INPUT 1 "rden2";
    .port_info 6 /INOUT 1 "bitline1";
    .port_info 7 /INOUT 1 "bitline2";
L_000001cbfd4bddf0 .functor BUFIF1 1, v000001cbfd320b90_0, L_000001cbfd4414e0, C4<0>, C4<0>;
L_000001cbfd4bcf10 .functor BUFIF1 1, v000001cbfd320b90_0, L_000001cbfd440a40, C4<0>, C4<0>;
v000001cbfd321d10_0 .net8 "bitline1", 0 0, p000001cbfd25d7f8;  1 drivers, strength-aware
v000001cbfd321ef0_0 .net8 "bitline2", 0 0, p000001cbfd25d828;  1 drivers, strength-aware
v000001cbfd320eb0_0 .net "clk", 0 0, o000001cbfd243848;  alias, 0 drivers
v000001cbfd3219f0_0 .net "d", 0 0, L_000001cbfd439c40;  1 drivers
v000001cbfd3202d0_0 .net "q", 0 0, v000001cbfd320b90_0;  1 drivers
v000001cbfd320ff0_0 .net "rden1", 0 0, L_000001cbfd4414e0;  alias, 1 drivers
v000001cbfd321090_0 .net "rden2", 0 0, L_000001cbfd440a40;  alias, 1 drivers
v000001cbfd320690_0 .net "rst", 0 0, o000001cbfd2438d8;  alias, 0 drivers
v000001cbfd3211d0_0 .net "wren", 0 0, L_000001cbfd43e600;  alias, 1 drivers
S_000001cbfd315b20 .scope module, "cell_dff" "dff" 5 19, 6 4 0, S_000001cbfd316160;
 .timescale 0 0;
    .port_info 0 /OUTPUT 1 "q";
    .port_info 1 /INPUT 1 "d";
    .port_info 2 /INPUT 1 "wen";
    .port_info 3 /INPUT 1 "clk";
    .port_info 4 /INPUT 1 "rst";
v000001cbfd320d70_0 .net "clk", 0 0, o000001cbfd243848;  alias, 0 drivers
v000001cbfd31ff10_0 .net "d", 0 0, L_000001cbfd439c40;  alias, 1 drivers
v000001cbfd320b90_0 .var "q", 0 0;
v000001cbfd321950_0 .net "rst", 0 0, o000001cbfd2438d8;  alias, 0 drivers
v000001cbfd321c70_0 .net "wen", 0 0, L_000001cbfd43e600;  alias, 1 drivers
S_000001cbfd3154e0 .scope module, "bitcells[14]" "bit_cell" 4 14, 5 4 0, S_000001cbfd30ea10;
 .timescale 0 0;
    .port_info 0 /INPUT 1 "clk";
    .port_info 1 /INPUT 1 "rst";
    .port_info 2 /INPUT 1 "d";
    .port_info 3 /INPUT 1 "wren";
    .port_info 4 /INPUT 1 "rden1";
    .port_info 5 /INPUT 1 "rden2";
    .port_info 6 /INOUT 1 "bitline1";
    .port_info 7 /INOUT 1 "bitline2";
L_000001cbfd4bcea0 .functor BUFIF1 1, v000001cbfd321f90_0, L_000001cbfd4414e0, C4<0>, C4<0>;
L_000001cbfd4bca40 .functor BUFIF1 1, v000001cbfd321f90_0, L_000001cbfd440a40, C4<0>, C4<0>;
v000001cbfd320550_0 .net8 "bitline1", 0 0, p000001cbfd25db28;  1 drivers, strength-aware
v000001cbfd322210_0 .net8 "bitline2", 0 0, p000001cbfd25db58;  1 drivers, strength-aware
v000001cbfd3222b0_0 .net "clk", 0 0, o000001cbfd243848;  alias, 0 drivers
v000001cbfd3207d0_0 .net "d", 0 0, L_000001cbfd439ce0;  1 drivers
v000001cbfd320870_0 .net "q", 0 0, v000001cbfd321f90_0;  1 drivers
v000001cbfd320910_0 .net "rden1", 0 0, L_000001cbfd4414e0;  alias, 1 drivers
v000001cbfd320c30_0 .net "rden2", 0 0, L_000001cbfd440a40;  alias, 1 drivers
v000001cbfd3216d0_0 .net "rst", 0 0, o000001cbfd2438d8;  alias, 0 drivers
v000001cbfd321770_0 .net "wren", 0 0, L_000001cbfd43e600;  alias, 1 drivers
S_000001cbfd312c40 .scope module, "cell_dff" "dff" 5 19, 6 4 0, S_000001cbfd3154e0;
 .timescale 0 0;
    .port_info 0 /OUTPUT 1 "q";
    .port_info 1 /INPUT 1 "d";
    .port_info 2 /INPUT 1 "wen";
    .port_info 3 /INPUT 1 "clk";
    .port_info 4 /INPUT 1 "rst";
v000001cbfd321590_0 .net "clk", 0 0, o000001cbfd243848;  alias, 0 drivers
v000001cbfd320370_0 .net "d", 0 0, L_000001cbfd439ce0;  alias, 1 drivers
v000001cbfd321f90_0 .var "q", 0 0;
v000001cbfd3220d0_0 .net "rst", 0 0, o000001cbfd2438d8;  alias, 0 drivers
v000001cbfd321630_0 .net "wen", 0 0, L_000001cbfd43e600;  alias, 1 drivers
S_000001cbfd3162f0 .scope module, "bitcells[15]" "bit_cell" 4 14, 5 4 0, S_000001cbfd30ea10;
 .timescale 0 0;
    .port_info 0 /INPUT 1 "clk";
    .port_info 1 /INPUT 1 "rst";
    .port_info 2 /INPUT 1 "d";
    .port_info 3 /INPUT 1 "wren";
    .port_info 4 /INPUT 1 "rden1";
    .port_info 5 /INPUT 1 "rden2";
    .port_info 6 /INOUT 1 "bitline1";
    .port_info 7 /INOUT 1 "bitline2";
L_000001cbfd4bcf80 .functor BUFIF1 1, v000001cbfd3209b0_0, L_000001cbfd4414e0, C4<0>, C4<0>;
L_000001cbfd4bded0 .functor BUFIF1 1, v000001cbfd3209b0_0, L_000001cbfd440a40, C4<0>, C4<0>;
v000001cbfd322990_0 .net8 "bitline1", 0 0, p000001cbfd25de58;  1 drivers, strength-aware
v000001cbfd322a30_0 .net8 "bitline2", 0 0, p000001cbfd25de88;  1 drivers, strength-aware
v000001cbfd323930_0 .net "clk", 0 0, o000001cbfd243848;  alias, 0 drivers
v000001cbfd323bb0_0 .net "d", 0 0, L_000001cbfd43a640;  1 drivers
v000001cbfd322670_0 .net "q", 0 0, v000001cbfd3209b0_0;  1 drivers
v000001cbfd324510_0 .net "rden1", 0 0, L_000001cbfd4414e0;  alias, 1 drivers
v000001cbfd323c50_0 .net "rden2", 0 0, L_000001cbfd440a40;  alias, 1 drivers
v000001cbfd3225d0_0 .net "rst", 0 0, o000001cbfd2438d8;  alias, 0 drivers
v000001cbfd323cf0_0 .net "wren", 0 0, L_000001cbfd43e600;  alias, 1 drivers
S_000001cbfd316610 .scope module, "cell_dff" "dff" 5 19, 6 4 0, S_000001cbfd3162f0;
 .timescale 0 0;
    .port_info 0 /OUTPUT 1 "q";
    .port_info 1 /INPUT 1 "d";
    .port_info 2 /INPUT 1 "wen";
    .port_info 3 /INPUT 1 "clk";
    .port_info 4 /INPUT 1 "rst";
v000001cbfd322350_0 .net "clk", 0 0, o000001cbfd243848;  alias, 0 drivers
v000001cbfd3223f0_0 .net "d", 0 0, L_000001cbfd43a640;  alias, 1 drivers
v000001cbfd3209b0_0 .var "q", 0 0;
v000001cbfd320cd0_0 .net "rst", 0 0, o000001cbfd2438d8;  alias, 0 drivers
v000001cbfd320af0_0 .net "wen", 0 0, L_000001cbfd43e600;  alias, 1 drivers
S_000001cbfd3130f0 .scope module, "registers[8]" "register" 2 36, 4 4 0, S_000001cbfcbd3120;
 .timescale 0 0;
    .port_info 0 /INPUT 1 "clk";
    .port_info 1 /INPUT 1 "rst";
    .port_info 2 /INPUT 16 "d";
    .port_info 3 /INPUT 1 "write_reg";
    .port_info 4 /INPUT 1 "rden1";
    .port_info 5 /INPUT 1 "rden2";
    .port_info 6 /INOUT 16 "bitline1";
    .port_info 7 /INOUT 16 "bitline2";
v000001cbfd31b690_0 .net8 "bitline1", 15 0, p000001cbfd246c38;  alias, 0 drivers, strength-aware
v000001cbfd31ce50_0 .net8 "bitline2", 15 0, p000001cbfd246c68;  alias, 0 drivers, strength-aware
v000001cbfd31ae70_0 .net "clk", 0 0, o000001cbfd243848;  alias, 0 drivers
v000001cbfd31c590_0 .net "d", 15 0, o000001cbfd246c98;  alias, 0 drivers
v000001cbfd31c950_0 .net "rden1", 0 0, L_000001cbfd441f80;  1 drivers
v000001cbfd31b870_0 .net "rden2", 0 0, L_000001cbfd440fe0;  1 drivers
v000001cbfd31c9f0_0 .net "rst", 0 0, o000001cbfd2438d8;  alias, 0 drivers
v000001cbfd31b550_0 .net "write_reg", 0 0, L_000001cbfd43f0a0;  1 drivers
L_000001cbfd43a820 .part o000001cbfd246c98, 0, 1;
L_000001cbfd439d80 .part o000001cbfd246c98, 1, 1;
L_000001cbfd439ec0 .part o000001cbfd246c98, 2, 1;
L_000001cbfd439f60 .part o000001cbfd246c98, 3, 1;
L_000001cbfd43a000 .part o000001cbfd246c98, 4, 1;
L_000001cbfd43aa00 .part o000001cbfd246c98, 5, 1;
L_000001cbfd43a0a0 .part o000001cbfd246c98, 6, 1;
L_000001cbfd43a140 .part o000001cbfd246c98, 7, 1;
L_000001cbfd43aaa0 .part o000001cbfd246c98, 8, 1;
L_000001cbfd43abe0 .part o000001cbfd246c98, 9, 1;
L_000001cbfd43ac80 .part o000001cbfd246c98, 10, 1;
L_000001cbfd438520 .part o000001cbfd246c98, 11, 1;
L_000001cbfd43b900 .part o000001cbfd246c98, 12, 1;
L_000001cbfd43cc60 .part o000001cbfd246c98, 13, 1;
L_000001cbfd43d340 .part o000001cbfd246c98, 14, 1;
L_000001cbfd43cf80 .part o000001cbfd246c98, 15, 1;
p000001cbfd25e338 .port I000001cbfd121800, L_000001cbfd4bc570;
 .tranvp 16 1 0, I000001cbfd121800, p000001cbfd246c38 p000001cbfd25e338;
p000001cbfd25e6c8 .port I000001cbfd121800, L_000001cbfd4bdf40;
 .tranvp 16 1 1, I000001cbfd121800, p000001cbfd246c38 p000001cbfd25e6c8;
p000001cbfd25e9f8 .port I000001cbfd121800, L_000001cbfd4be020;
 .tranvp 16 1 2, I000001cbfd121800, p000001cbfd246c38 p000001cbfd25e9f8;
p000001cbfd25ed28 .port I000001cbfd121800, L_000001cbfd4bcb90;
 .tranvp 16 1 3, I000001cbfd121800, p000001cbfd246c38 p000001cbfd25ed28;
p000001cbfd25f058 .port I000001cbfd121800, L_000001cbfd4bd5a0;
 .tranvp 16 1 4, I000001cbfd121800, p000001cbfd246c38 p000001cbfd25f058;
p000001cbfd25f388 .port I000001cbfd121800, L_000001cbfd4bd1b0;
 .tranvp 16 1 5, I000001cbfd121800, p000001cbfd246c38 p000001cbfd25f388;
p000001cbfd25f6b8 .port I000001cbfd121800, L_000001cbfd4bcdc0;
 .tranvp 16 1 6, I000001cbfd121800, p000001cbfd246c38 p000001cbfd25f6b8;
p000001cbfd25f9e8 .port I000001cbfd121800, L_000001cbfd4bda70;
 .tranvp 16 1 7, I000001cbfd121800, p000001cbfd246c38 p000001cbfd25f9e8;
p000001cbfd25fd18 .port I000001cbfd121800, L_000001cbfd4bce30;
 .tranvp 16 1 8, I000001cbfd121800, p000001cbfd246c38 p000001cbfd25fd18;
p000001cbfd260048 .port I000001cbfd121800, L_000001cbfd4bc6c0;
 .tranvp 16 1 9, I000001cbfd121800, p000001cbfd246c38 p000001cbfd260048;
p000001cbfd260378 .port I000001cbfd121800, L_000001cbfd4bd610;
 .tranvp 16 1 10, I000001cbfd121800, p000001cbfd246c38 p000001cbfd260378;
p000001cbfd2606a8 .port I000001cbfd121800, L_000001cbfd4bd680;
 .tranvp 16 1 11, I000001cbfd121800, p000001cbfd246c38 p000001cbfd2606a8;
p000001cbfd2609d8 .port I000001cbfd121800, L_000001cbfd4bd220;
 .tranvp 16 1 12, I000001cbfd121800, p000001cbfd246c38 p000001cbfd2609d8;
p000001cbfd260d08 .port I000001cbfd121800, L_000001cbfd4bd760;
 .tranvp 16 1 13, I000001cbfd121800, p000001cbfd246c38 p000001cbfd260d08;
p000001cbfd261038 .port I000001cbfd121800, L_000001cbfd4bda00;
 .tranvp 16 1 14, I000001cbfd121800, p000001cbfd246c38 p000001cbfd261038;
p000001cbfd261368 .port I000001cbfd121800, L_000001cbfd4bdae0;
 .tranvp 16 1 15, I000001cbfd121800, p000001cbfd246c38 p000001cbfd261368;
p000001cbfd25e368 .port I000001cbfd121380, L_000001cbfd4bcd50;
 .tranvp 16 1 0, I000001cbfd121380, p000001cbfd246c68 p000001cbfd25e368;
p000001cbfd25e6f8 .port I000001cbfd121380, L_000001cbfd4bdfb0;
 .tranvp 16 1 1, I000001cbfd121380, p000001cbfd246c68 p000001cbfd25e6f8;
p000001cbfd25ea28 .port I000001cbfd121380, L_000001cbfd4bc810;
 .tranvp 16 1 2, I000001cbfd121380, p000001cbfd246c68 p000001cbfd25ea28;
p000001cbfd25ed58 .port I000001cbfd121380, L_000001cbfd4bc960;
 .tranvp 16 1 3, I000001cbfd121380, p000001cbfd246c68 p000001cbfd25ed58;
p000001cbfd25f088 .port I000001cbfd121380, L_000001cbfd4bd140;
 .tranvp 16 1 4, I000001cbfd121380, p000001cbfd246c68 p000001cbfd25f088;
p000001cbfd25f3b8 .port I000001cbfd121380, L_000001cbfd4bc9d0;
 .tranvp 16 1 5, I000001cbfd121380, p000001cbfd246c68 p000001cbfd25f3b8;
p000001cbfd25f6e8 .port I000001cbfd121380, L_000001cbfd4bd0d0;
 .tranvp 16 1 6, I000001cbfd121380, p000001cbfd246c68 p000001cbfd25f6e8;
p000001cbfd25fa18 .port I000001cbfd121380, L_000001cbfd4bd990;
 .tranvp 16 1 7, I000001cbfd121380, p000001cbfd246c68 p000001cbfd25fa18;
p000001cbfd25fd48 .port I000001cbfd121380, L_000001cbfd4be090;
 .tranvp 16 1 8, I000001cbfd121380, p000001cbfd246c68 p000001cbfd25fd48;
p000001cbfd260078 .port I000001cbfd121380, L_000001cbfd4bcff0;
 .tranvp 16 1 9, I000001cbfd121380, p000001cbfd246c68 p000001cbfd260078;
p000001cbfd2603a8 .port I000001cbfd121380, L_000001cbfd4bd060;
 .tranvp 16 1 10, I000001cbfd121380, p000001cbfd246c68 p000001cbfd2603a8;
p000001cbfd2606d8 .port I000001cbfd121380, L_000001cbfd4bd6f0;
 .tranvp 16 1 11, I000001cbfd121380, p000001cbfd246c68 p000001cbfd2606d8;
p000001cbfd260a08 .port I000001cbfd121380, L_000001cbfd4bd290;
 .tranvp 16 1 12, I000001cbfd121380, p000001cbfd246c68 p000001cbfd260a08;
p000001cbfd260d38 .port I000001cbfd121380, L_000001cbfd4bd7d0;
 .tranvp 16 1 13, I000001cbfd121380, p000001cbfd246c68 p000001cbfd260d38;
p000001cbfd261068 .port I000001cbfd121380, L_000001cbfd4bd840;
 .tranvp 16 1 14, I000001cbfd121380, p000001cbfd246c68 p000001cbfd261068;
p000001cbfd261398 .port I000001cbfd121380, L_000001cbfd4be800;
 .tranvp 16 1 15, I000001cbfd121380, p000001cbfd246c68 p000001cbfd261398;
S_000001cbfd314540 .scope module, "bitcells[0]" "bit_cell" 4 14, 5 4 0, S_000001cbfd3130f0;
 .timescale 0 0;
    .port_info 0 /INPUT 1 "clk";
    .port_info 1 /INPUT 1 "rst";
    .port_info 2 /INPUT 1 "d";
    .port_info 3 /INPUT 1 "wren";
    .port_info 4 /INPUT 1 "rden1";
    .port_info 5 /INPUT 1 "rden2";
    .port_info 6 /INOUT 1 "bitline1";
    .port_info 7 /INOUT 1 "bitline2";
L_000001cbfd4bc570 .functor BUFIF1 1, v000001cbfd323b10_0, L_000001cbfd441f80, C4<0>, C4<0>;
L_000001cbfd4bcd50 .functor BUFIF1 1, v000001cbfd323b10_0, L_000001cbfd440fe0, C4<0>, C4<0>;
v000001cbfd324150_0 .net8 "bitline1", 0 0, p000001cbfd25e338;  1 drivers, strength-aware
v000001cbfd323ed0_0 .net8 "bitline2", 0 0, p000001cbfd25e368;  1 drivers, strength-aware
v000001cbfd323f70_0 .net "clk", 0 0, o000001cbfd243848;  alias, 0 drivers
v000001cbfd3228f0_0 .net "d", 0 0, L_000001cbfd43a820;  1 drivers
v000001cbfd3239d0_0 .net "q", 0 0, v000001cbfd323b10_0;  1 drivers
v000001cbfd3227b0_0 .net "rden1", 0 0, L_000001cbfd441f80;  alias, 1 drivers
v000001cbfd322850_0 .net "rden2", 0 0, L_000001cbfd440fe0;  alias, 1 drivers
v000001cbfd322e90_0 .net "rst", 0 0, o000001cbfd2438d8;  alias, 0 drivers
v000001cbfd322f30_0 .net "wren", 0 0, L_000001cbfd43f0a0;  alias, 1 drivers
S_000001cbfd3149f0 .scope module, "cell_dff" "dff" 5 19, 6 4 0, S_000001cbfd314540;
 .timescale 0 0;
    .port_info 0 /OUTPUT 1 "q";
    .port_info 1 /INPUT 1 "d";
    .port_info 2 /INPUT 1 "wen";
    .port_info 3 /INPUT 1 "clk";
    .port_info 4 /INPUT 1 "rst";
v000001cbfd322b70_0 .net "clk", 0 0, o000001cbfd243848;  alias, 0 drivers
v000001cbfd322710_0 .net "d", 0 0, L_000001cbfd43a820;  alias, 1 drivers
v000001cbfd323b10_0 .var "q", 0 0;
v000001cbfd3246f0_0 .net "rst", 0 0, o000001cbfd2438d8;  alias, 0 drivers
v000001cbfd323110_0 .net "wen", 0 0, L_000001cbfd43f0a0;  alias, 1 drivers
S_000001cbfd312dd0 .scope module, "bitcells[1]" "bit_cell" 4 14, 5 4 0, S_000001cbfd3130f0;
 .timescale 0 0;
    .port_info 0 /INPUT 1 "clk";
    .port_info 1 /INPUT 1 "rst";
    .port_info 2 /INPUT 1 "d";
    .port_info 3 /INPUT 1 "wren";
    .port_info 4 /INPUT 1 "rden1";
    .port_info 5 /INPUT 1 "rden2";
    .port_info 6 /INOUT 1 "bitline1";
    .port_info 7 /INOUT 1 "bitline2";
L_000001cbfd4bdf40 .functor BUFIF1 1, v000001cbfd324290_0, L_000001cbfd441f80, C4<0>, C4<0>;
L_000001cbfd4bdfb0 .functor BUFIF1 1, v000001cbfd324290_0, L_000001cbfd440fe0, C4<0>, C4<0>;
v000001cbfd322fd0_0 .net8 "bitline1", 0 0, p000001cbfd25e6c8;  1 drivers, strength-aware
v000001cbfd322c10_0 .net8 "bitline2", 0 0, p000001cbfd25e6f8;  1 drivers, strength-aware
v000001cbfd322cb0_0 .net "clk", 0 0, o000001cbfd243848;  alias, 0 drivers
v000001cbfd322d50_0 .net "d", 0 0, L_000001cbfd439d80;  1 drivers
v000001cbfd323750_0 .net "q", 0 0, v000001cbfd324290_0;  1 drivers
v000001cbfd3243d0_0 .net "rden1", 0 0, L_000001cbfd441f80;  alias, 1 drivers
v000001cbfd323070_0 .net "rden2", 0 0, L_000001cbfd440fe0;  alias, 1 drivers
v000001cbfd3231b0_0 .net "rst", 0 0, o000001cbfd2438d8;  alias, 0 drivers
v000001cbfd324790_0 .net "wren", 0 0, L_000001cbfd43f0a0;  alias, 1 drivers
S_000001cbfd314220 .scope module, "cell_dff" "dff" 5 19, 6 4 0, S_000001cbfd312dd0;
 .timescale 0 0;
    .port_info 0 /OUTPUT 1 "q";
    .port_info 1 /INPUT 1 "d";
    .port_info 2 /INPUT 1 "wen";
    .port_info 3 /INPUT 1 "clk";
    .port_info 4 /INPUT 1 "rst";
v000001cbfd322490_0 .net "clk", 0 0, o000001cbfd243848;  alias, 0 drivers
v000001cbfd3241f0_0 .net "d", 0 0, L_000001cbfd439d80;  alias, 1 drivers
v000001cbfd324290_0 .var "q", 0 0;
v000001cbfd324330_0 .net "rst", 0 0, o000001cbfd2438d8;  alias, 0 drivers
v000001cbfd323250_0 .net "wen", 0 0, L_000001cbfd43f0a0;  alias, 1 drivers
S_000001cbfd315cb0 .scope module, "bitcells[2]" "bit_cell" 4 14, 5 4 0, S_000001cbfd3130f0;
 .timescale 0 0;
    .port_info 0 /INPUT 1 "clk";
    .port_info 1 /INPUT 1 "rst";
    .port_info 2 /INPUT 1 "d";
    .port_info 3 /INPUT 1 "wren";
    .port_info 4 /INPUT 1 "rden1";
    .port_info 5 /INPUT 1 "rden2";
    .port_info 6 /INOUT 1 "bitline1";
    .port_info 7 /INOUT 1 "bitline2";
L_000001cbfd4be020 .functor BUFIF1 1, v000001cbfd3245b0_0, L_000001cbfd441f80, C4<0>, C4<0>;
L_000001cbfd4bc810 .functor BUFIF1 1, v000001cbfd3245b0_0, L_000001cbfd440fe0, C4<0>, C4<0>;
v000001cbfd3237f0_0 .net8 "bitline1", 0 0, p000001cbfd25e9f8;  1 drivers, strength-aware
v000001cbfd323610_0 .net8 "bitline2", 0 0, p000001cbfd25ea28;  1 drivers, strength-aware
v000001cbfd323a70_0 .net "clk", 0 0, o000001cbfd243848;  alias, 0 drivers
v000001cbfd324970_0 .net "d", 0 0, L_000001cbfd439ec0;  1 drivers
v000001cbfd323390_0 .net "q", 0 0, v000001cbfd3245b0_0;  1 drivers
v000001cbfd324a10_0 .net "rden1", 0 0, L_000001cbfd441f80;  alias, 1 drivers
v000001cbfd323430_0 .net "rden2", 0 0, L_000001cbfd440fe0;  alias, 1 drivers
v000001cbfd3234d0_0 .net "rst", 0 0, o000001cbfd2438d8;  alias, 0 drivers
v000001cbfd324ab0_0 .net "wren", 0 0, L_000001cbfd43f0a0;  alias, 1 drivers
S_000001cbfd3167a0 .scope module, "cell_dff" "dff" 5 19, 6 4 0, S_000001cbfd315cb0;
 .timescale 0 0;
    .port_info 0 /OUTPUT 1 "q";
    .port_info 1 /INPUT 1 "d";
    .port_info 2 /INPUT 1 "wen";
    .port_info 3 /INPUT 1 "clk";
    .port_info 4 /INPUT 1 "rst";
v000001cbfd324470_0 .net "clk", 0 0, o000001cbfd243848;  alias, 0 drivers
v000001cbfd3232f0_0 .net "d", 0 0, L_000001cbfd439ec0;  alias, 1 drivers
v000001cbfd3245b0_0 .var "q", 0 0;
v000001cbfd324650_0 .net "rst", 0 0, o000001cbfd2438d8;  alias, 0 drivers
v000001cbfd324830_0 .net "wen", 0 0, L_000001cbfd43f0a0;  alias, 1 drivers
S_000001cbfd3143b0 .scope module, "bitcells[3]" "bit_cell" 4 14, 5 4 0, S_000001cbfd3130f0;
 .timescale 0 0;
    .port_info 0 /INPUT 1 "clk";
    .port_info 1 /INPUT 1 "rst";
    .port_info 2 /INPUT 1 "d";
    .port_info 3 /INPUT 1 "wren";
    .port_info 4 /INPUT 1 "rden1";
    .port_info 5 /INPUT 1 "rden2";
    .port_info 6 /INOUT 1 "bitline1";
    .port_info 7 /INOUT 1 "bitline2";
L_000001cbfd4bcb90 .functor BUFIF1 1, v000001cbfd324b50_0, L_000001cbfd441f80, C4<0>, C4<0>;
L_000001cbfd4bc960 .functor BUFIF1 1, v000001cbfd324b50_0, L_000001cbfd440fe0, C4<0>, C4<0>;
v000001cbfd324e70_0 .net8 "bitline1", 0 0, p000001cbfd25ed28;  1 drivers, strength-aware
v000001cbfd324dd0_0 .net8 "bitline2", 0 0, p000001cbfd25ed58;  1 drivers, strength-aware
v000001cbfd326310_0 .net "clk", 0 0, o000001cbfd243848;  alias, 0 drivers
v000001cbfd327030_0 .net "d", 0 0, L_000001cbfd439f60;  1 drivers
v000001cbfd325910_0 .net "q", 0 0, v000001cbfd324b50_0;  1 drivers
v000001cbfd326130_0 .net "rden1", 0 0, L_000001cbfd441f80;  alias, 1 drivers
v000001cbfd326db0_0 .net "rden2", 0 0, L_000001cbfd440fe0;  alias, 1 drivers
v000001cbfd325190_0 .net "rst", 0 0, o000001cbfd2438d8;  alias, 0 drivers
v000001cbfd3264f0_0 .net "wren", 0 0, L_000001cbfd43f0a0;  alias, 1 drivers
S_000001cbfd313be0 .scope module, "cell_dff" "dff" 5 19, 6 4 0, S_000001cbfd3143b0;
 .timescale 0 0;
    .port_info 0 /OUTPUT 1 "q";
    .port_info 1 /INPUT 1 "d";
    .port_info 2 /INPUT 1 "wen";
    .port_info 3 /INPUT 1 "clk";
    .port_info 4 /INPUT 1 "rst";
v000001cbfd3236b0_0 .net "clk", 0 0, o000001cbfd243848;  alias, 0 drivers
v000001cbfd323570_0 .net "d", 0 0, L_000001cbfd439f60;  alias, 1 drivers
v000001cbfd324b50_0 .var "q", 0 0;
v000001cbfd324bf0_0 .net "rst", 0 0, o000001cbfd2438d8;  alias, 0 drivers
v000001cbfd323890_0 .net "wen", 0 0, L_000001cbfd43f0a0;  alias, 1 drivers
S_000001cbfd3135a0 .scope module, "bitcells[4]" "bit_cell" 4 14, 5 4 0, S_000001cbfd3130f0;
 .timescale 0 0;
    .port_info 0 /INPUT 1 "clk";
    .port_info 1 /INPUT 1 "rst";
    .port_info 2 /INPUT 1 "d";
    .port_info 3 /INPUT 1 "wren";
    .port_info 4 /INPUT 1 "rden1";
    .port_info 5 /INPUT 1 "rden2";
    .port_info 6 /INOUT 1 "bitline1";
    .port_info 7 /INOUT 1 "bitline2";
L_000001cbfd4bd5a0 .functor BUFIF1 1, v000001cbfd324f10_0, L_000001cbfd441f80, C4<0>, C4<0>;
L_000001cbfd4bd140 .functor BUFIF1 1, v000001cbfd324f10_0, L_000001cbfd440fe0, C4<0>, C4<0>;
v000001cbfd325410_0 .net8 "bitline1", 0 0, p000001cbfd25f058;  1 drivers, strength-aware
v000001cbfd325730_0 .net8 "bitline2", 0 0, p000001cbfd25f088;  1 drivers, strength-aware
v000001cbfd3268b0_0 .net "clk", 0 0, o000001cbfd243848;  alias, 0 drivers
v000001cbfd327350_0 .net "d", 0 0, L_000001cbfd43a000;  1 drivers
v000001cbfd325b90_0 .net "q", 0 0, v000001cbfd324f10_0;  1 drivers
v000001cbfd325a50_0 .net "rden1", 0 0, L_000001cbfd441f80;  alias, 1 drivers
v000001cbfd3272b0_0 .net "rden2", 0 0, L_000001cbfd440fe0;  alias, 1 drivers
v000001cbfd3252d0_0 .net "rst", 0 0, o000001cbfd2438d8;  alias, 0 drivers
v000001cbfd3273f0_0 .net "wren", 0 0, L_000001cbfd43f0a0;  alias, 1 drivers
S_000001cbfd316930 .scope module, "cell_dff" "dff" 5 19, 6 4 0, S_000001cbfd3135a0;
 .timescale 0 0;
    .port_info 0 /OUTPUT 1 "q";
    .port_info 1 /INPUT 1 "d";
    .port_info 2 /INPUT 1 "wen";
    .port_info 3 /INPUT 1 "clk";
    .port_info 4 /INPUT 1 "rst";
v000001cbfd325eb0_0 .net "clk", 0 0, o000001cbfd243848;  alias, 0 drivers
v000001cbfd3270d0_0 .net "d", 0 0, L_000001cbfd43a000;  alias, 1 drivers
v000001cbfd324f10_0 .var "q", 0 0;
v000001cbfd326c70_0 .net "rst", 0 0, o000001cbfd2438d8;  alias, 0 drivers
v000001cbfd3261d0_0 .net "wen", 0 0, L_000001cbfd43f0a0;  alias, 1 drivers
S_000001cbfd312f60 .scope module, "bitcells[5]" "bit_cell" 4 14, 5 4 0, S_000001cbfd3130f0;
 .timescale 0 0;
    .port_info 0 /INPUT 1 "clk";
    .port_info 1 /INPUT 1 "rst";
    .port_info 2 /INPUT 1 "d";
    .port_info 3 /INPUT 1 "wren";
    .port_info 4 /INPUT 1 "rden1";
    .port_info 5 /INPUT 1 "rden2";
    .port_info 6 /INOUT 1 "bitline1";
    .port_info 7 /INOUT 1 "bitline2";
L_000001cbfd4bd1b0 .functor BUFIF1 1, v000001cbfd326950_0, L_000001cbfd441f80, C4<0>, C4<0>;
L_000001cbfd4bc9d0 .functor BUFIF1 1, v000001cbfd326950_0, L_000001cbfd440fe0, C4<0>, C4<0>;
v000001cbfd326e50_0 .net8 "bitline1", 0 0, p000001cbfd25f388;  1 drivers, strength-aware
v000001cbfd326270_0 .net8 "bitline2", 0 0, p000001cbfd25f3b8;  1 drivers, strength-aware
v000001cbfd325370_0 .net "clk", 0 0, o000001cbfd243848;  alias, 0 drivers
v000001cbfd325690_0 .net "d", 0 0, L_000001cbfd43aa00;  1 drivers
v000001cbfd326bd0_0 .net "q", 0 0, v000001cbfd326950_0;  1 drivers
v000001cbfd326ef0_0 .net "rden1", 0 0, L_000001cbfd441f80;  alias, 1 drivers
v000001cbfd327170_0 .net "rden2", 0 0, L_000001cbfd440fe0;  alias, 1 drivers
v000001cbfd324d30_0 .net "rst", 0 0, o000001cbfd2438d8;  alias, 0 drivers
v000001cbfd325f50_0 .net "wren", 0 0, L_000001cbfd43f0a0;  alias, 1 drivers
S_000001cbfd338730 .scope module, "cell_dff" "dff" 5 19, 6 4 0, S_000001cbfd312f60;
 .timescale 0 0;
    .port_info 0 /OUTPUT 1 "q";
    .port_info 1 /INPUT 1 "d";
    .port_info 2 /INPUT 1 "wen";
    .port_info 3 /INPUT 1 "clk";
    .port_info 4 /INPUT 1 "rst";
v000001cbfd326590_0 .net "clk", 0 0, o000001cbfd243848;  alias, 0 drivers
v000001cbfd326f90_0 .net "d", 0 0, L_000001cbfd43aa00;  alias, 1 drivers
v000001cbfd326950_0 .var "q", 0 0;
v000001cbfd324c90_0 .net "rst", 0 0, o000001cbfd2438d8;  alias, 0 drivers
v000001cbfd325230_0 .net "wen", 0 0, L_000001cbfd43f0a0;  alias, 1 drivers
S_000001cbfd339860 .scope module, "bitcells[6]" "bit_cell" 4 14, 5 4 0, S_000001cbfd3130f0;
 .timescale 0 0;
    .port_info 0 /INPUT 1 "clk";
    .port_info 1 /INPUT 1 "rst";
    .port_info 2 /INPUT 1 "d";
    .port_info 3 /INPUT 1 "wren";
    .port_info 4 /INPUT 1 "rden1";
    .port_info 5 /INPUT 1 "rden2";
    .port_info 6 /INOUT 1 "bitline1";
    .port_info 7 /INOUT 1 "bitline2";
L_000001cbfd4bcdc0 .functor BUFIF1 1, v000001cbfd324fb0_0, L_000001cbfd441f80, C4<0>, C4<0>;
L_000001cbfd4bd0d0 .functor BUFIF1 1, v000001cbfd324fb0_0, L_000001cbfd440fe0, C4<0>, C4<0>;
v000001cbfd3255f0_0 .net8 "bitline1", 0 0, p000001cbfd25f6b8;  1 drivers, strength-aware
v000001cbfd326450_0 .net8 "bitline2", 0 0, p000001cbfd25f6e8;  1 drivers, strength-aware
v000001cbfd3269f0_0 .net "clk", 0 0, o000001cbfd243848;  alias, 0 drivers
v000001cbfd3250f0_0 .net "d", 0 0, L_000001cbfd43a0a0;  1 drivers
v000001cbfd3254b0_0 .net "q", 0 0, v000001cbfd324fb0_0;  1 drivers
v000001cbfd327210_0 .net "rden1", 0 0, L_000001cbfd441f80;  alias, 1 drivers
v000001cbfd325050_0 .net "rden2", 0 0, L_000001cbfd440fe0;  alias, 1 drivers
v000001cbfd325550_0 .net "rst", 0 0, o000001cbfd2438d8;  alias, 0 drivers
v000001cbfd326a90_0 .net "wren", 0 0, L_000001cbfd43f0a0;  alias, 1 drivers
S_000001cbfd33a350 .scope module, "cell_dff" "dff" 5 19, 6 4 0, S_000001cbfd339860;
 .timescale 0 0;
    .port_info 0 /OUTPUT 1 "q";
    .port_info 1 /INPUT 1 "d";
    .port_info 2 /INPUT 1 "wen";
    .port_info 3 /INPUT 1 "clk";
    .port_info 4 /INPUT 1 "rst";
v000001cbfd3263b0_0 .net "clk", 0 0, o000001cbfd243848;  alias, 0 drivers
v000001cbfd326630_0 .net "d", 0 0, L_000001cbfd43a0a0;  alias, 1 drivers
v000001cbfd324fb0_0 .var "q", 0 0;
v000001cbfd326090_0 .net "rst", 0 0, o000001cbfd2438d8;  alias, 0 drivers
v000001cbfd325870_0 .net "wen", 0 0, L_000001cbfd43f0a0;  alias, 1 drivers
S_000001cbfd338be0 .scope module, "bitcells[7]" "bit_cell" 4 14, 5 4 0, S_000001cbfd3130f0;
 .timescale 0 0;
    .port_info 0 /INPUT 1 "clk";
    .port_info 1 /INPUT 1 "rst";
    .port_info 2 /INPUT 1 "d";
    .port_info 3 /INPUT 1 "wren";
    .port_info 4 /INPUT 1 "rden1";
    .port_info 5 /INPUT 1 "rden2";
    .port_info 6 /INOUT 1 "bitline1";
    .port_info 7 /INOUT 1 "bitline2";
L_000001cbfd4bda70 .functor BUFIF1 1, v000001cbfd3257d0_0, L_000001cbfd441f80, C4<0>, C4<0>;
L_000001cbfd4bd990 .functor BUFIF1 1, v000001cbfd3257d0_0, L_000001cbfd440fe0, C4<0>, C4<0>;
v000001cbfd326d10_0 .net8 "bitline1", 0 0, p000001cbfd25f9e8;  1 drivers, strength-aware
v000001cbfd326810_0 .net8 "bitline2", 0 0, p000001cbfd25fa18;  1 drivers, strength-aware
v000001cbfd325af0_0 .net "clk", 0 0, o000001cbfd243848;  alias, 0 drivers
v000001cbfd325c30_0 .net "d", 0 0, L_000001cbfd43a140;  1 drivers
v000001cbfd326b30_0 .net "q", 0 0, v000001cbfd3257d0_0;  1 drivers
v000001cbfd325cd0_0 .net "rden1", 0 0, L_000001cbfd441f80;  alias, 1 drivers
v000001cbfd325d70_0 .net "rden2", 0 0, L_000001cbfd440fe0;  alias, 1 drivers
v000001cbfd325e10_0 .net "rst", 0 0, o000001cbfd2438d8;  alias, 0 drivers
v000001cbfd327530_0 .net "wren", 0 0, L_000001cbfd43f0a0;  alias, 1 drivers
S_000001cbfd338280 .scope module, "cell_dff" "dff" 5 19, 6 4 0, S_000001cbfd338be0;
 .timescale 0 0;
    .port_info 0 /OUTPUT 1 "q";
    .port_info 1 /INPUT 1 "d";
    .port_info 2 /INPUT 1 "wen";
    .port_info 3 /INPUT 1 "clk";
    .port_info 4 /INPUT 1 "rst";
v000001cbfd3266d0_0 .net "clk", 0 0, o000001cbfd243848;  alias, 0 drivers
v000001cbfd3259b0_0 .net "d", 0 0, L_000001cbfd43a140;  alias, 1 drivers
v000001cbfd3257d0_0 .var "q", 0 0;
v000001cbfd325ff0_0 .net "rst", 0 0, o000001cbfd2438d8;  alias, 0 drivers
v000001cbfd326770_0 .net "wen", 0 0, L_000001cbfd43f0a0;  alias, 1 drivers
S_000001cbfd338d70 .scope module, "bitcells[8]" "bit_cell" 4 14, 5 4 0, S_000001cbfd3130f0;
 .timescale 0 0;
    .port_info 0 /INPUT 1 "clk";
    .port_info 1 /INPUT 1 "rst";
    .port_info 2 /INPUT 1 "d";
    .port_info 3 /INPUT 1 "wren";
    .port_info 4 /INPUT 1 "rden1";
    .port_info 5 /INPUT 1 "rden2";
    .port_info 6 /INOUT 1 "bitline1";
    .port_info 7 /INOUT 1 "bitline2";
L_000001cbfd4bce30 .functor BUFIF1 1, v000001cbfd329b50_0, L_000001cbfd441f80, C4<0>, C4<0>;
L_000001cbfd4be090 .functor BUFIF1 1, v000001cbfd329b50_0, L_000001cbfd440fe0, C4<0>, C4<0>;
v000001cbfd328570_0 .net8 "bitline1", 0 0, p000001cbfd25fd18;  1 drivers, strength-aware
v000001cbfd3298d0_0 .net8 "bitline2", 0 0, p000001cbfd25fd48;  1 drivers, strength-aware
v000001cbfd328bb0_0 .net "clk", 0 0, o000001cbfd243848;  alias, 0 drivers
v000001cbfd329010_0 .net "d", 0 0, L_000001cbfd43aaa0;  1 drivers
v000001cbfd3277b0_0 .net "q", 0 0, v000001cbfd329b50_0;  1 drivers
v000001cbfd327990_0 .net "rden1", 0 0, L_000001cbfd441f80;  alias, 1 drivers
v000001cbfd3278f0_0 .net "rden2", 0 0, L_000001cbfd440fe0;  alias, 1 drivers
v000001cbfd328610_0 .net "rst", 0 0, o000001cbfd2438d8;  alias, 0 drivers
v000001cbfd329970_0 .net "wren", 0 0, L_000001cbfd43f0a0;  alias, 1 drivers
S_000001cbfd338410 .scope module, "cell_dff" "dff" 5 19, 6 4 0, S_000001cbfd338d70;
 .timescale 0 0;
    .port_info 0 /OUTPUT 1 "q";
    .port_info 1 /INPUT 1 "d";
    .port_info 2 /INPUT 1 "wen";
    .port_info 3 /INPUT 1 "clk";
    .port_info 4 /INPUT 1 "rst";
v000001cbfd328cf0_0 .net "clk", 0 0, o000001cbfd243848;  alias, 0 drivers
v000001cbfd328070_0 .net "d", 0 0, L_000001cbfd43aaa0;  alias, 1 drivers
v000001cbfd329b50_0 .var "q", 0 0;
v000001cbfd327cb0_0 .net "rst", 0 0, o000001cbfd2438d8;  alias, 0 drivers
v000001cbfd328930_0 .net "wen", 0 0, L_000001cbfd43f0a0;  alias, 1 drivers
S_000001cbfd33a1c0 .scope module, "bitcells[9]" "bit_cell" 4 14, 5 4 0, S_000001cbfd3130f0;
 .timescale 0 0;
    .port_info 0 /INPUT 1 "clk";
    .port_info 1 /INPUT 1 "rst";
    .port_info 2 /INPUT 1 "d";
    .port_info 3 /INPUT 1 "wren";
    .port_info 4 /INPUT 1 "rden1";
    .port_info 5 /INPUT 1 "rden2";
    .port_info 6 /INOUT 1 "bitline1";
    .port_info 7 /INOUT 1 "bitline2";
L_000001cbfd4bc6c0 .functor BUFIF1 1, v000001cbfd328110_0, L_000001cbfd441f80, C4<0>, C4<0>;
L_000001cbfd4bcff0 .functor BUFIF1 1, v000001cbfd328110_0, L_000001cbfd440fe0, C4<0>, C4<0>;
v000001cbfd328c50_0 .net8 "bitline1", 0 0, p000001cbfd260048;  1 drivers, strength-aware
v000001cbfd328d90_0 .net8 "bitline2", 0 0, p000001cbfd260078;  1 drivers, strength-aware
v000001cbfd327850_0 .net "clk", 0 0, o000001cbfd243848;  alias, 0 drivers
v000001cbfd328e30_0 .net "d", 0 0, L_000001cbfd43abe0;  1 drivers
v000001cbfd327a30_0 .net "q", 0 0, v000001cbfd328110_0;  1 drivers
v000001cbfd329650_0 .net "rden1", 0 0, L_000001cbfd441f80;  alias, 1 drivers
v000001cbfd327e90_0 .net "rden2", 0 0, L_000001cbfd440fe0;  alias, 1 drivers
v000001cbfd327fd0_0 .net "rst", 0 0, o000001cbfd2438d8;  alias, 0 drivers
v000001cbfd3286b0_0 .net "wren", 0 0, L_000001cbfd43f0a0;  alias, 1 drivers
S_000001cbfd336e30 .scope module, "cell_dff" "dff" 5 19, 6 4 0, S_000001cbfd33a1c0;
 .timescale 0 0;
    .port_info 0 /OUTPUT 1 "q";
    .port_info 1 /INPUT 1 "d";
    .port_info 2 /INPUT 1 "wen";
    .port_info 3 /INPUT 1 "clk";
    .port_info 4 /INPUT 1 "rst";
v000001cbfd328750_0 .net "clk", 0 0, o000001cbfd243848;  alias, 0 drivers
v000001cbfd327f30_0 .net "d", 0 0, L_000001cbfd43abe0;  alias, 1 drivers
v000001cbfd328110_0 .var "q", 0 0;
v000001cbfd3289d0_0 .net "rst", 0 0, o000001cbfd2438d8;  alias, 0 drivers
v000001cbfd3295b0_0 .net "wen", 0 0, L_000001cbfd43f0a0;  alias, 1 drivers
S_000001cbfd336ca0 .scope module, "bitcells[10]" "bit_cell" 4 14, 5 4 0, S_000001cbfd3130f0;
 .timescale 0 0;
    .port_info 0 /INPUT 1 "clk";
    .port_info 1 /INPUT 1 "rst";
    .port_info 2 /INPUT 1 "d";
    .port_info 3 /INPUT 1 "wren";
    .port_info 4 /INPUT 1 "rden1";
    .port_info 5 /INPUT 1 "rden2";
    .port_info 6 /INOUT 1 "bitline1";
    .port_info 7 /INOUT 1 "bitline2";
L_000001cbfd4bd610 .functor BUFIF1 1, v000001cbfd329bf0_0, L_000001cbfd441f80, C4<0>, C4<0>;
L_000001cbfd4bd060 .functor BUFIF1 1, v000001cbfd329bf0_0, L_000001cbfd440fe0, C4<0>, C4<0>;
v000001cbfd3275d0_0 .net8 "bitline1", 0 0, p000001cbfd260378;  1 drivers, strength-aware
v000001cbfd327ad0_0 .net8 "bitline2", 0 0, p000001cbfd2603a8;  1 drivers, strength-aware
v000001cbfd329290_0 .net "clk", 0 0, o000001cbfd243848;  alias, 0 drivers
v000001cbfd327670_0 .net "d", 0 0, L_000001cbfd43ac80;  1 drivers
v000001cbfd327b70_0 .net "q", 0 0, v000001cbfd329bf0_0;  1 drivers
v000001cbfd329790_0 .net "rden1", 0 0, L_000001cbfd441f80;  alias, 1 drivers
v000001cbfd3287f0_0 .net "rden2", 0 0, L_000001cbfd440fe0;  alias, 1 drivers
v000001cbfd328890_0 .net "rst", 0 0, o000001cbfd2438d8;  alias, 0 drivers
v000001cbfd328b10_0 .net "wren", 0 0, L_000001cbfd43f0a0;  alias, 1 drivers
S_000001cbfd33a4e0 .scope module, "cell_dff" "dff" 5 19, 6 4 0, S_000001cbfd336ca0;
 .timescale 0 0;
    .port_info 0 /OUTPUT 1 "q";
    .port_info 1 /INPUT 1 "d";
    .port_info 2 /INPUT 1 "wen";
    .port_info 3 /INPUT 1 "clk";
    .port_info 4 /INPUT 1 "rst";
v000001cbfd3281b0_0 .net "clk", 0 0, o000001cbfd243848;  alias, 0 drivers
v000001cbfd327df0_0 .net "d", 0 0, L_000001cbfd43ac80;  alias, 1 drivers
v000001cbfd329bf0_0 .var "q", 0 0;
v000001cbfd328a70_0 .net "rst", 0 0, o000001cbfd2438d8;  alias, 0 drivers
v000001cbfd3290b0_0 .net "wen", 0 0, L_000001cbfd43f0a0;  alias, 1 drivers
S_000001cbfd337920 .scope module, "bitcells[11]" "bit_cell" 4 14, 5 4 0, S_000001cbfd3130f0;
 .timescale 0 0;
    .port_info 0 /INPUT 1 "clk";
    .port_info 1 /INPUT 1 "rst";
    .port_info 2 /INPUT 1 "d";
    .port_info 3 /INPUT 1 "wren";
    .port_info 4 /INPUT 1 "rden1";
    .port_info 5 /INPUT 1 "rden2";
    .port_info 6 /INOUT 1 "bitline1";
    .port_info 7 /INOUT 1 "bitline2";
L_000001cbfd4bd680 .functor BUFIF1 1, v000001cbfd328ed0_0, L_000001cbfd441f80, C4<0>, C4<0>;
L_000001cbfd4bd6f0 .functor BUFIF1 1, v000001cbfd328ed0_0, L_000001cbfd440fe0, C4<0>, C4<0>;
v000001cbfd327710_0 .net8 "bitline1", 0 0, p000001cbfd2606a8;  1 drivers, strength-aware
v000001cbfd327c10_0 .net8 "bitline2", 0 0, p000001cbfd2606d8;  1 drivers, strength-aware
v000001cbfd328f70_0 .net "clk", 0 0, o000001cbfd243848;  alias, 0 drivers
v000001cbfd328390_0 .net "d", 0 0, L_000001cbfd438520;  1 drivers
v000001cbfd329150_0 .net "q", 0 0, v000001cbfd328ed0_0;  1 drivers
v000001cbfd329a10_0 .net "rden1", 0 0, L_000001cbfd441f80;  alias, 1 drivers
v000001cbfd3291f0_0 .net "rden2", 0 0, L_000001cbfd440fe0;  alias, 1 drivers
v000001cbfd329830_0 .net "rst", 0 0, o000001cbfd2438d8;  alias, 0 drivers
v000001cbfd328430_0 .net "wren", 0 0, L_000001cbfd43f0a0;  alias, 1 drivers
S_000001cbfd337150 .scope module, "cell_dff" "dff" 5 19, 6 4 0, S_000001cbfd337920;
 .timescale 0 0;
    .port_info 0 /OUTPUT 1 "q";
    .port_info 1 /INPUT 1 "d";
    .port_info 2 /INPUT 1 "wen";
    .port_info 3 /INPUT 1 "clk";
    .port_info 4 /INPUT 1 "rst";
v000001cbfd3296f0_0 .net "clk", 0 0, o000001cbfd243848;  alias, 0 drivers
v000001cbfd329330_0 .net "d", 0 0, L_000001cbfd438520;  alias, 1 drivers
v000001cbfd328ed0_0 .var "q", 0 0;
v000001cbfd328250_0 .net "rst", 0 0, o000001cbfd2438d8;  alias, 0 drivers
v000001cbfd3282f0_0 .net "wen", 0 0, L_000001cbfd43f0a0;  alias, 1 drivers
S_000001cbfd337790 .scope module, "bitcells[12]" "bit_cell" 4 14, 5 4 0, S_000001cbfd3130f0;
 .timescale 0 0;
    .port_info 0 /INPUT 1 "clk";
    .port_info 1 /INPUT 1 "rst";
    .port_info 2 /INPUT 1 "d";
    .port_info 3 /INPUT 1 "wren";
    .port_info 4 /INPUT 1 "rden1";
    .port_info 5 /INPUT 1 "rden2";
    .port_info 6 /INOUT 1 "bitline1";
    .port_info 7 /INOUT 1 "bitline2";
L_000001cbfd4bd220 .functor BUFIF1 1, v000001cbfd3293d0_0, L_000001cbfd441f80, C4<0>, C4<0>;
L_000001cbfd4bd290 .functor BUFIF1 1, v000001cbfd3293d0_0, L_000001cbfd440fe0, C4<0>, C4<0>;
v000001cbfd329470_0 .net8 "bitline1", 0 0, p000001cbfd2609d8;  1 drivers, strength-aware
v000001cbfd329510_0 .net8 "bitline2", 0 0, p000001cbfd260a08;  1 drivers, strength-aware
v000001cbfd32a870_0 .net "clk", 0 0, o000001cbfd243848;  alias, 0 drivers
v000001cbfd32a370_0 .net "d", 0 0, L_000001cbfd43b900;  1 drivers
v000001cbfd32a190_0 .net "q", 0 0, v000001cbfd3293d0_0;  1 drivers
v000001cbfd32a4b0_0 .net "rden1", 0 0, L_000001cbfd441f80;  alias, 1 drivers
v000001cbfd329c90_0 .net "rden2", 0 0, L_000001cbfd440fe0;  alias, 1 drivers
v000001cbfd32a5f0_0 .net "rst", 0 0, o000001cbfd2438d8;  alias, 0 drivers
v000001cbfd32aaf0_0 .net "wren", 0 0, L_000001cbfd43f0a0;  alias, 1 drivers
S_000001cbfd337dd0 .scope module, "cell_dff" "dff" 5 19, 6 4 0, S_000001cbfd337790;
 .timescale 0 0;
    .port_info 0 /OUTPUT 1 "q";
    .port_info 1 /INPUT 1 "d";
    .port_info 2 /INPUT 1 "wen";
    .port_info 3 /INPUT 1 "clk";
    .port_info 4 /INPUT 1 "rst";
v000001cbfd327d50_0 .net "clk", 0 0, o000001cbfd243848;  alias, 0 drivers
v000001cbfd3284d0_0 .net "d", 0 0, L_000001cbfd43b900;  alias, 1 drivers
v000001cbfd3293d0_0 .var "q", 0 0;
v000001cbfd329ab0_0 .net "rst", 0 0, o000001cbfd2438d8;  alias, 0 drivers
v000001cbfd327490_0 .net "wen", 0 0, L_000001cbfd43f0a0;  alias, 1 drivers
S_000001cbfd337600 .scope module, "bitcells[13]" "bit_cell" 4 14, 5 4 0, S_000001cbfd3130f0;
 .timescale 0 0;
    .port_info 0 /INPUT 1 "clk";
    .port_info 1 /INPUT 1 "rst";
    .port_info 2 /INPUT 1 "d";
    .port_info 3 /INPUT 1 "wren";
    .port_info 4 /INPUT 1 "rden1";
    .port_info 5 /INPUT 1 "rden2";
    .port_info 6 /INOUT 1 "bitline1";
    .port_info 7 /INOUT 1 "bitline2";
L_000001cbfd4bd760 .functor BUFIF1 1, v000001cbfd32a730_0, L_000001cbfd441f80, C4<0>, C4<0>;
L_000001cbfd4bd7d0 .functor BUFIF1 1, v000001cbfd32a730_0, L_000001cbfd440fe0, C4<0>, C4<0>;
v000001cbfd32a7d0_0 .net8 "bitline1", 0 0, p000001cbfd260d08;  1 drivers, strength-aware
v000001cbfd32a410_0 .net8 "bitline2", 0 0, p000001cbfd260d38;  1 drivers, strength-aware
v000001cbfd32a910_0 .net "clk", 0 0, o000001cbfd243848;  alias, 0 drivers
v000001cbfd32a9b0_0 .net "d", 0 0, L_000001cbfd43cc60;  1 drivers
v000001cbfd32a550_0 .net "q", 0 0, v000001cbfd32a730_0;  1 drivers
v000001cbfd329dd0_0 .net "rden1", 0 0, L_000001cbfd441f80;  alias, 1 drivers
v000001cbfd32a050_0 .net "rden2", 0 0, L_000001cbfd440fe0;  alias, 1 drivers
v000001cbfd32a0f0_0 .net "rst", 0 0, o000001cbfd2438d8;  alias, 0 drivers
v000001cbfd329d30_0 .net "wren", 0 0, L_000001cbfd43f0a0;  alias, 1 drivers
S_000001cbfd337ab0 .scope module, "cell_dff" "dff" 5 19, 6 4 0, S_000001cbfd337600;
 .timescale 0 0;
    .port_info 0 /OUTPUT 1 "q";
    .port_info 1 /INPUT 1 "d";
    .port_info 2 /INPUT 1 "wen";
    .port_info 3 /INPUT 1 "clk";
    .port_info 4 /INPUT 1 "rst";
v000001cbfd32a2d0_0 .net "clk", 0 0, o000001cbfd243848;  alias, 0 drivers
v000001cbfd32a690_0 .net "d", 0 0, L_000001cbfd43cc60;  alias, 1 drivers
v000001cbfd32a730_0 .var "q", 0 0;
v000001cbfd329fb0_0 .net "rst", 0 0, o000001cbfd2438d8;  alias, 0 drivers
v000001cbfd329f10_0 .net "wen", 0 0, L_000001cbfd43f0a0;  alias, 1 drivers
S_000001cbfd33a670 .scope module, "bitcells[14]" "bit_cell" 4 14, 5 4 0, S_000001cbfd3130f0;
 .timescale 0 0;
    .port_info 0 /INPUT 1 "clk";
    .port_info 1 /INPUT 1 "rst";
    .port_info 2 /INPUT 1 "d";
    .port_info 3 /INPUT 1 "wren";
    .port_info 4 /INPUT 1 "rden1";
    .port_info 5 /INPUT 1 "rden2";
    .port_info 6 /INOUT 1 "bitline1";
    .port_info 7 /INOUT 1 "bitline2";
L_000001cbfd4bda00 .functor BUFIF1 1, v000001cbfd329e70_0, L_000001cbfd441f80, C4<0>, C4<0>;
L_000001cbfd4bd840 .functor BUFIF1 1, v000001cbfd329e70_0, L_000001cbfd440fe0, C4<0>, C4<0>;
v000001cbfd31c130_0 .net8 "bitline1", 0 0, p000001cbfd261038;  1 drivers, strength-aware
v000001cbfd31c450_0 .net8 "bitline2", 0 0, p000001cbfd261068;  1 drivers, strength-aware
v000001cbfd31c1d0_0 .net "clk", 0 0, o000001cbfd243848;  alias, 0 drivers
v000001cbfd31ac90_0 .net "d", 0 0, L_000001cbfd43d340;  1 drivers
v000001cbfd31c810_0 .net "q", 0 0, v000001cbfd329e70_0;  1 drivers
v000001cbfd31cdb0_0 .net "rden1", 0 0, L_000001cbfd441f80;  alias, 1 drivers
v000001cbfd31b7d0_0 .net "rden2", 0 0, L_000001cbfd440fe0;  alias, 1 drivers
v000001cbfd31b410_0 .net "rst", 0 0, o000001cbfd2438d8;  alias, 0 drivers
v000001cbfd31d030_0 .net "wren", 0 0, L_000001cbfd43f0a0;  alias, 1 drivers
S_000001cbfd339d10 .scope module, "cell_dff" "dff" 5 19, 6 4 0, S_000001cbfd33a670;
 .timescale 0 0;
    .port_info 0 /OUTPUT 1 "q";
    .port_info 1 /INPUT 1 "d";
    .port_info 2 /INPUT 1 "wen";
    .port_info 3 /INPUT 1 "clk";
    .port_info 4 /INPUT 1 "rst";
v000001cbfd32a230_0 .net "clk", 0 0, o000001cbfd243848;  alias, 0 drivers
v000001cbfd32aa50_0 .net "d", 0 0, L_000001cbfd43d340;  alias, 1 drivers
v000001cbfd329e70_0 .var "q", 0 0;
v000001cbfd31afb0_0 .net "rst", 0 0, o000001cbfd2438d8;  alias, 0 drivers
v000001cbfd31cef0_0 .net "wen", 0 0, L_000001cbfd43f0a0;  alias, 1 drivers
S_000001cbfd339b80 .scope module, "bitcells[15]" "bit_cell" 4 14, 5 4 0, S_000001cbfd3130f0;
 .timescale 0 0;
    .port_info 0 /INPUT 1 "clk";
    .port_info 1 /INPUT 1 "rst";
    .port_info 2 /INPUT 1 "d";
    .port_info 3 /INPUT 1 "wren";
    .port_info 4 /INPUT 1 "rden1";
    .port_info 5 /INPUT 1 "rden2";
    .port_info 6 /INOUT 1 "bitline1";
    .port_info 7 /INOUT 1 "bitline2";
L_000001cbfd4bdae0 .functor BUFIF1 1, v000001cbfd31cbd0_0, L_000001cbfd441f80, C4<0>, C4<0>;
L_000001cbfd4be800 .functor BUFIF1 1, v000001cbfd31cbd0_0, L_000001cbfd440fe0, C4<0>, C4<0>;
v000001cbfd31c4f0_0 .net8 "bitline1", 0 0, p000001cbfd261368;  1 drivers, strength-aware
v000001cbfd31cf90_0 .net8 "bitline2", 0 0, p000001cbfd261398;  1 drivers, strength-aware
v000001cbfd31c8b0_0 .net "clk", 0 0, o000001cbfd243848;  alias, 0 drivers
v000001cbfd31b2d0_0 .net "d", 0 0, L_000001cbfd43cf80;  1 drivers
v000001cbfd31b370_0 .net "q", 0 0, v000001cbfd31cbd0_0;  1 drivers
v000001cbfd31add0_0 .net "rden1", 0 0, L_000001cbfd441f80;  alias, 1 drivers
v000001cbfd31b4b0_0 .net "rden2", 0 0, L_000001cbfd440fe0;  alias, 1 drivers
v000001cbfd31c270_0 .net "rst", 0 0, o000001cbfd2438d8;  alias, 0 drivers
v000001cbfd31bb90_0 .net "wren", 0 0, L_000001cbfd43f0a0;  alias, 1 drivers
S_000001cbfd337c40 .scope module, "cell_dff" "dff" 5 19, 6 4 0, S_000001cbfd339b80;
 .timescale 0 0;
    .port_info 0 /OUTPUT 1 "q";
    .port_info 1 /INPUT 1 "d";
    .port_info 2 /INPUT 1 "wen";
    .port_info 3 /INPUT 1 "clk";
    .port_info 4 /INPUT 1 "rst";
v000001cbfd31b5f0_0 .net "clk", 0 0, o000001cbfd243848;  alias, 0 drivers
v000001cbfd31d0d0_0 .net "d", 0 0, L_000001cbfd43cf80;  alias, 1 drivers
v000001cbfd31cbd0_0 .var "q", 0 0;
v000001cbfd31b230_0 .net "rst", 0 0, o000001cbfd2438d8;  alias, 0 drivers
v000001cbfd31b730_0 .net "wen", 0 0, L_000001cbfd43f0a0;  alias, 1 drivers
S_000001cbfd3399f0 .scope module, "registers[9]" "register" 2 36, 4 4 0, S_000001cbfcbd3120;
 .timescale 0 0;
    .port_info 0 /INPUT 1 "clk";
    .port_info 1 /INPUT 1 "rst";
    .port_info 2 /INPUT 16 "d";
    .port_info 3 /INPUT 1 "write_reg";
    .port_info 4 /INPUT 1 "rden1";
    .port_info 5 /INPUT 1 "rden2";
    .port_info 6 /INOUT 16 "bitline1";
    .port_info 7 /INOUT 16 "bitline2";
v000001cbfd345990_0 .net8 "bitline1", 15 0, p000001cbfd246c38;  alias, 0 drivers, strength-aware
v000001cbfd345e90_0 .net8 "bitline2", 15 0, p000001cbfd246c68;  alias, 0 drivers, strength-aware
v000001cbfd344db0_0 .net "clk", 0 0, o000001cbfd243848;  alias, 0 drivers
v000001cbfd347150_0 .net "d", 15 0, o000001cbfd246c98;  alias, 0 drivers
v000001cbfd346a70_0 .net "rden1", 0 0, L_000001cbfd4422a0;  1 drivers
v000001cbfd346890_0 .net "rden2", 0 0, L_000001cbfd4419e0;  1 drivers
v000001cbfd345030_0 .net "rst", 0 0, o000001cbfd2438d8;  alias, 0 drivers
v000001cbfd345b70_0 .net "write_reg", 0 0, L_000001cbfd43f1e0;  1 drivers
L_000001cbfd43cd00 .part o000001cbfd246c98, 0, 1;
L_000001cbfd43b7c0 .part o000001cbfd246c98, 1, 1;
L_000001cbfd43cda0 .part o000001cbfd246c98, 2, 1;
L_000001cbfd43c9e0 .part o000001cbfd246c98, 3, 1;
L_000001cbfd43cee0 .part o000001cbfd246c98, 4, 1;
L_000001cbfd43d020 .part o000001cbfd246c98, 5, 1;
L_000001cbfd43cbc0 .part o000001cbfd246c98, 6, 1;
L_000001cbfd43b680 .part o000001cbfd246c98, 7, 1;
L_000001cbfd43c120 .part o000001cbfd246c98, 8, 1;
L_000001cbfd43ce40 .part o000001cbfd246c98, 9, 1;
L_000001cbfd43bfe0 .part o000001cbfd246c98, 10, 1;
L_000001cbfd43b040 .part o000001cbfd246c98, 11, 1;
L_000001cbfd43b9a0 .part o000001cbfd246c98, 12, 1;
L_000001cbfd43bc20 .part o000001cbfd246c98, 13, 1;
L_000001cbfd43c1c0 .part o000001cbfd246c98, 14, 1;
L_000001cbfd43d3e0 .part o000001cbfd246c98, 15, 1;
p000001cbfd261848 .port I000001cbfd121800, L_000001cbfd4be6b0;
 .tranvp 16 1 0, I000001cbfd121800, p000001cbfd246c38 p000001cbfd261848;
p000001cbfd261bd8 .port I000001cbfd121800, L_000001cbfd4be4f0;
 .tranvp 16 1 1, I000001cbfd121800, p000001cbfd246c38 p000001cbfd261bd8;
p000001cbfd261f08 .port I000001cbfd121800, L_000001cbfd4be2c0;
 .tranvp 16 1 2, I000001cbfd121800, p000001cbfd246c38 p000001cbfd261f08;
p000001cbfd262238 .port I000001cbfd121800, L_000001cbfd4be410;
 .tranvp 16 1 3, I000001cbfd121800, p000001cbfd246c38 p000001cbfd262238;
p000001cbfd262568 .port I000001cbfd121800, L_000001cbfd4be560;
 .tranvp 16 1 4, I000001cbfd121800, p000001cbfd246c38 p000001cbfd262568;
p000001cbfd262898 .port I000001cbfd121800, L_000001cbfd4be1e0;
 .tranvp 16 1 5, I000001cbfd121800, p000001cbfd246c38 p000001cbfd262898;
p000001cbfd262bc8 .port I000001cbfd121800, L_000001cbfd4be330;
 .tranvp 16 1 6, I000001cbfd121800, p000001cbfd246c38 p000001cbfd262bc8;
p000001cbfd262ef8 .port I000001cbfd121800, L_000001cbfd4be720;
 .tranvp 16 1 7, I000001cbfd121800, p000001cbfd246c38 p000001cbfd262ef8;
p000001cbfd263228 .port I000001cbfd121800, L_000001cbfd4bacf0;
 .tranvp 16 1 8, I000001cbfd121800, p000001cbfd246c38 p000001cbfd263228;
p000001cbfd263558 .port I000001cbfd121800, L_000001cbfd4bb540;
 .tranvp 16 1 9, I000001cbfd121800, p000001cbfd246c38 p000001cbfd263558;
p000001cbfd263888 .port I000001cbfd121800, L_000001cbfd4bac10;
 .tranvp 16 1 10, I000001cbfd121800, p000001cbfd246c38 p000001cbfd263888;
p000001cbfd263bb8 .port I000001cbfd121800, L_000001cbfd4bb4d0;
 .tranvp 16 1 11, I000001cbfd121800, p000001cbfd246c38 p000001cbfd263bb8;
p000001cbfd263ee8 .port I000001cbfd121800, L_000001cbfd4bbd20;
 .tranvp 16 1 12, I000001cbfd121800, p000001cbfd246c38 p000001cbfd263ee8;
p000001cbfd264218 .port I000001cbfd121800, L_000001cbfd4bc1f0;
 .tranvp 16 1 13, I000001cbfd121800, p000001cbfd246c38 p000001cbfd264218;
p000001cbfd264548 .port I000001cbfd121800, L_000001cbfd4bb000;
 .tranvp 16 1 14, I000001cbfd121800, p000001cbfd246c38 p000001cbfd264548;
p000001cbfd264878 .port I000001cbfd121800, L_000001cbfd4bbf50;
 .tranvp 16 1 15, I000001cbfd121800, p000001cbfd246c38 p000001cbfd264878;
p000001cbfd261878 .port I000001cbfd121380, L_000001cbfd4be480;
 .tranvp 16 1 0, I000001cbfd121380, p000001cbfd246c68 p000001cbfd261878;
p000001cbfd261c08 .port I000001cbfd121380, L_000001cbfd4be790;
 .tranvp 16 1 1, I000001cbfd121380, p000001cbfd246c68 p000001cbfd261c08;
p000001cbfd261f38 .port I000001cbfd121380, L_000001cbfd4be3a0;
 .tranvp 16 1 2, I000001cbfd121380, p000001cbfd246c68 p000001cbfd261f38;
p000001cbfd262268 .port I000001cbfd121380, L_000001cbfd4be100;
 .tranvp 16 1 3, I000001cbfd121380, p000001cbfd246c68 p000001cbfd262268;
p000001cbfd262598 .port I000001cbfd121380, L_000001cbfd4be170;
 .tranvp 16 1 4, I000001cbfd121380, p000001cbfd246c68 p000001cbfd262598;
p000001cbfd2628c8 .port I000001cbfd121380, L_000001cbfd4be250;
 .tranvp 16 1 5, I000001cbfd121380, p000001cbfd246c68 p000001cbfd2628c8;
p000001cbfd262bf8 .port I000001cbfd121380, L_000001cbfd4be5d0;
 .tranvp 16 1 6, I000001cbfd121380, p000001cbfd246c68 p000001cbfd262bf8;
p000001cbfd262f28 .port I000001cbfd121380, L_000001cbfd4be640;
 .tranvp 16 1 7, I000001cbfd121380, p000001cbfd246c68 p000001cbfd262f28;
p000001cbfd263258 .port I000001cbfd121380, L_000001cbfd4bc340;
 .tranvp 16 1 8, I000001cbfd121380, p000001cbfd246c68 p000001cbfd263258;
p000001cbfd263588 .port I000001cbfd121380, L_000001cbfd4bb850;
 .tranvp 16 1 9, I000001cbfd121380, p000001cbfd246c68 p000001cbfd263588;
p000001cbfd2638b8 .port I000001cbfd121380, L_000001cbfd4bb5b0;
 .tranvp 16 1 10, I000001cbfd121380, p000001cbfd246c68 p000001cbfd2638b8;
p000001cbfd263be8 .port I000001cbfd121380, L_000001cbfd4baf20;
 .tranvp 16 1 11, I000001cbfd121380, p000001cbfd246c68 p000001cbfd263be8;
p000001cbfd263f18 .port I000001cbfd121380, L_000001cbfd4baa50;
 .tranvp 16 1 12, I000001cbfd121380, p000001cbfd246c68 p000001cbfd263f18;
p000001cbfd264248 .port I000001cbfd121380, L_000001cbfd4bc110;
 .tranvp 16 1 13, I000001cbfd121380, p000001cbfd246c68 p000001cbfd264248;
p000001cbfd264578 .port I000001cbfd121380, L_000001cbfd4badd0;
 .tranvp 16 1 14, I000001cbfd121380, p000001cbfd246c68 p000001cbfd264578;
p000001cbfd2648a8 .port I000001cbfd121380, L_000001cbfd4ba900;
 .tranvp 16 1 15, I000001cbfd121380, p000001cbfd246c68 p000001cbfd2648a8;
S_000001cbfd339ea0 .scope module, "bitcells[0]" "bit_cell" 4 14, 5 4 0, S_000001cbfd3399f0;
 .timescale 0 0;
    .port_info 0 /INPUT 1 "clk";
    .port_info 1 /INPUT 1 "rst";
    .port_info 2 /INPUT 1 "d";
    .port_info 3 /INPUT 1 "wren";
    .port_info 4 /INPUT 1 "rden1";
    .port_info 5 /INPUT 1 "rden2";
    .port_info 6 /INOUT 1 "bitline1";
    .port_info 7 /INOUT 1 "bitline2";
L_000001cbfd4be6b0 .functor BUFIF1 1, v000001cbfd31bc30_0, L_000001cbfd4422a0, C4<0>, C4<0>;
L_000001cbfd4be480 .functor BUFIF1 1, v000001cbfd31bc30_0, L_000001cbfd4419e0, C4<0>, C4<0>;
v000001cbfd31b190_0 .net8 "bitline1", 0 0, p000001cbfd261848;  1 drivers, strength-aware
v000001cbfd31cb30_0 .net8 "bitline2", 0 0, p000001cbfd261878;  1 drivers, strength-aware
v000001cbfd31b9b0_0 .net "clk", 0 0, o000001cbfd243848;  alias, 0 drivers
v000001cbfd31baf0_0 .net "d", 0 0, L_000001cbfd43cd00;  1 drivers
v000001cbfd31d170_0 .net "q", 0 0, v000001cbfd31bc30_0;  1 drivers
v000001cbfd31beb0_0 .net "rden1", 0 0, L_000001cbfd4422a0;  alias, 1 drivers
v000001cbfd31cd10_0 .net "rden2", 0 0, L_000001cbfd4419e0;  alias, 1 drivers
v000001cbfd31c630_0 .net "rst", 0 0, o000001cbfd2438d8;  alias, 0 drivers
v000001cbfd31d210_0 .net "wren", 0 0, L_000001cbfd43f1e0;  alias, 1 drivers
S_000001cbfd337f60 .scope module, "cell_dff" "dff" 5 19, 6 4 0, S_000001cbfd339ea0;
 .timescale 0 0;
    .port_info 0 /OUTPUT 1 "q";
    .port_info 1 /INPUT 1 "d";
    .port_info 2 /INPUT 1 "wen";
    .port_info 3 /INPUT 1 "clk";
    .port_info 4 /INPUT 1 "rst";
v000001cbfd31b910_0 .net "clk", 0 0, o000001cbfd243848;  alias, 0 drivers
v000001cbfd31d3f0_0 .net "d", 0 0, L_000001cbfd43cd00;  alias, 1 drivers
v000001cbfd31bc30_0 .var "q", 0 0;
v000001cbfd31ba50_0 .net "rst", 0 0, o000001cbfd2438d8;  alias, 0 drivers
v000001cbfd31ca90_0 .net "wen", 0 0, L_000001cbfd43f1e0;  alias, 1 drivers
S_000001cbfd3380f0 .scope module, "bitcells[1]" "bit_cell" 4 14, 5 4 0, S_000001cbfd3399f0;
 .timescale 0 0;
    .port_info 0 /INPUT 1 "clk";
    .port_info 1 /INPUT 1 "rst";
    .port_info 2 /INPUT 1 "d";
    .port_info 3 /INPUT 1 "wren";
    .port_info 4 /INPUT 1 "rden1";
    .port_info 5 /INPUT 1 "rden2";
    .port_info 6 /INOUT 1 "bitline1";
    .port_info 7 /INOUT 1 "bitline2";
L_000001cbfd4be4f0 .functor BUFIF1 1, v000001cbfd31cc70_0, L_000001cbfd4422a0, C4<0>, C4<0>;
L_000001cbfd4be790 .functor BUFIF1 1, v000001cbfd31cc70_0, L_000001cbfd4419e0, C4<0>, C4<0>;
v000001cbfd31be10_0 .net8 "bitline1", 0 0, p000001cbfd261bd8;  1 drivers, strength-aware
v000001cbfd31bff0_0 .net8 "bitline2", 0 0, p000001cbfd261c08;  1 drivers, strength-aware
v000001cbfd31c770_0 .net "clk", 0 0, o000001cbfd243848;  alias, 0 drivers
v000001cbfd31c090_0 .net "d", 0 0, L_000001cbfd43b7c0;  1 drivers
v000001cbfd31c310_0 .net "q", 0 0, v000001cbfd31cc70_0;  1 drivers
v000001cbfd31d350_0 .net "rden1", 0 0, L_000001cbfd4422a0;  alias, 1 drivers
v000001cbfd31ad30_0 .net "rden2", 0 0, L_000001cbfd4419e0;  alias, 1 drivers
v000001cbfd31af10_0 .net "rst", 0 0, o000001cbfd2438d8;  alias, 0 drivers
v000001cbfd31b050_0 .net "wren", 0 0, L_000001cbfd43f1e0;  alias, 1 drivers
S_000001cbfd33a030 .scope module, "cell_dff" "dff" 5 19, 6 4 0, S_000001cbfd3380f0;
 .timescale 0 0;
    .port_info 0 /OUTPUT 1 "q";
    .port_info 1 /INPUT 1 "d";
    .port_info 2 /INPUT 1 "wen";
    .port_info 3 /INPUT 1 "clk";
    .port_info 4 /INPUT 1 "rst";
v000001cbfd31bcd0_0 .net "clk", 0 0, o000001cbfd243848;  alias, 0 drivers
v000001cbfd31bd70_0 .net "d", 0 0, L_000001cbfd43b7c0;  alias, 1 drivers
v000001cbfd31cc70_0 .var "q", 0 0;
v000001cbfd31d2b0_0 .net "rst", 0 0, o000001cbfd2438d8;  alias, 0 drivers
v000001cbfd31bf50_0 .net "wen", 0 0, L_000001cbfd43f1e0;  alias, 1 drivers
S_000001cbfd3385a0 .scope module, "bitcells[2]" "bit_cell" 4 14, 5 4 0, S_000001cbfd3399f0;
 .timescale 0 0;
    .port_info 0 /INPUT 1 "clk";
    .port_info 1 /INPUT 1 "rst";
    .port_info 2 /INPUT 1 "d";
    .port_info 3 /INPUT 1 "wren";
    .port_info 4 /INPUT 1 "rden1";
    .port_info 5 /INPUT 1 "rden2";
    .port_info 6 /INOUT 1 "bitline1";
    .port_info 7 /INOUT 1 "bitline2";
L_000001cbfd4be2c0 .functor BUFIF1 1, v000001cbfd31c6d0_0, L_000001cbfd4422a0, C4<0>, C4<0>;
L_000001cbfd4be3a0 .functor BUFIF1 1, v000001cbfd31c6d0_0, L_000001cbfd4419e0, C4<0>, C4<0>;
v000001cbfd33e730_0 .net8 "bitline1", 0 0, p000001cbfd261f08;  1 drivers, strength-aware
v000001cbfd33e910_0 .net8 "bitline2", 0 0, p000001cbfd261f38;  1 drivers, strength-aware
v000001cbfd33d650_0 .net "clk", 0 0, o000001cbfd243848;  alias, 0 drivers
v000001cbfd33f9f0_0 .net "d", 0 0, L_000001cbfd43cda0;  1 drivers
v000001cbfd33fa90_0 .net "q", 0 0, v000001cbfd31c6d0_0;  1 drivers
v000001cbfd33ee10_0 .net "rden1", 0 0, L_000001cbfd4422a0;  alias, 1 drivers
v000001cbfd33dd30_0 .net "rden2", 0 0, L_000001cbfd4419e0;  alias, 1 drivers
v000001cbfd33ea50_0 .net "rst", 0 0, o000001cbfd2438d8;  alias, 0 drivers
v000001cbfd33de70_0 .net "wren", 0 0, L_000001cbfd43f1e0;  alias, 1 drivers
S_000001cbfd33a800 .scope module, "cell_dff" "dff" 5 19, 6 4 0, S_000001cbfd3385a0;
 .timescale 0 0;
    .port_info 0 /OUTPUT 1 "q";
    .port_info 1 /INPUT 1 "d";
    .port_info 2 /INPUT 1 "wen";
    .port_info 3 /INPUT 1 "clk";
    .port_info 4 /INPUT 1 "rst";
v000001cbfd31c3b0_0 .net "clk", 0 0, o000001cbfd243848;  alias, 0 drivers
v000001cbfd31b0f0_0 .net "d", 0 0, L_000001cbfd43cda0;  alias, 1 drivers
v000001cbfd31c6d0_0 .var "q", 0 0;
v000001cbfd33d5b0_0 .net "rst", 0 0, o000001cbfd2438d8;  alias, 0 drivers
v000001cbfd33e230_0 .net "wen", 0 0, L_000001cbfd43f1e0;  alias, 1 drivers
S_000001cbfd3388c0 .scope module, "bitcells[3]" "bit_cell" 4 14, 5 4 0, S_000001cbfd3399f0;
 .timescale 0 0;
    .port_info 0 /INPUT 1 "clk";
    .port_info 1 /INPUT 1 "rst";
    .port_info 2 /INPUT 1 "d";
    .port_info 3 /INPUT 1 "wren";
    .port_info 4 /INPUT 1 "rden1";
    .port_info 5 /INPUT 1 "rden2";
    .port_info 6 /INOUT 1 "bitline1";
    .port_info 7 /INOUT 1 "bitline2";
L_000001cbfd4be410 .functor BUFIF1 1, v000001cbfd33d790_0, L_000001cbfd4422a0, C4<0>, C4<0>;
L_000001cbfd4be100 .functor BUFIF1 1, v000001cbfd33d790_0, L_000001cbfd4419e0, C4<0>, C4<0>;
v000001cbfd33eaf0_0 .net8 "bitline1", 0 0, p000001cbfd262238;  1 drivers, strength-aware
v000001cbfd33d830_0 .net8 "bitline2", 0 0, p000001cbfd262268;  1 drivers, strength-aware
v000001cbfd33d8d0_0 .net "clk", 0 0, o000001cbfd243848;  alias, 0 drivers
v000001cbfd33e870_0 .net "d", 0 0, L_000001cbfd43c9e0;  1 drivers
v000001cbfd33dfb0_0 .net "q", 0 0, v000001cbfd33d790_0;  1 drivers
v000001cbfd33e190_0 .net "rden1", 0 0, L_000001cbfd4422a0;  alias, 1 drivers
v000001cbfd33e2d0_0 .net "rden2", 0 0, L_000001cbfd4419e0;  alias, 1 drivers
v000001cbfd33f590_0 .net "rst", 0 0, o000001cbfd2438d8;  alias, 0 drivers
v000001cbfd33e9b0_0 .net "wren", 0 0, L_000001cbfd43f1e0;  alias, 1 drivers
S_000001cbfd339540 .scope module, "cell_dff" "dff" 5 19, 6 4 0, S_000001cbfd3388c0;
 .timescale 0 0;
    .port_info 0 /OUTPUT 1 "q";
    .port_info 1 /INPUT 1 "d";
    .port_info 2 /INPUT 1 "wen";
    .port_info 3 /INPUT 1 "clk";
    .port_info 4 /INPUT 1 "rst";
v000001cbfd33e7d0_0 .net "clk", 0 0, o000001cbfd243848;  alias, 0 drivers
v000001cbfd33ddd0_0 .net "d", 0 0, L_000001cbfd43c9e0;  alias, 1 drivers
v000001cbfd33d790_0 .var "q", 0 0;
v000001cbfd33ecd0_0 .net "rst", 0 0, o000001cbfd2438d8;  alias, 0 drivers
v000001cbfd33d6f0_0 .net "wen", 0 0, L_000001cbfd43f1e0;  alias, 1 drivers
S_000001cbfd3372e0 .scope module, "bitcells[4]" "bit_cell" 4 14, 5 4 0, S_000001cbfd3399f0;
 .timescale 0 0;
    .port_info 0 /INPUT 1 "clk";
    .port_info 1 /INPUT 1 "rst";
    .port_info 2 /INPUT 1 "d";
    .port_info 3 /INPUT 1 "wren";
    .port_info 4 /INPUT 1 "rden1";
    .port_info 5 /INPUT 1 "rden2";
    .port_info 6 /INOUT 1 "bitline1";
    .port_info 7 /INOUT 1 "bitline2";
L_000001cbfd4be560 .functor BUFIF1 1, v000001cbfd33f8b0_0, L_000001cbfd4422a0, C4<0>, C4<0>;
L_000001cbfd4be170 .functor BUFIF1 1, v000001cbfd33f8b0_0, L_000001cbfd4419e0, C4<0>, C4<0>;
v000001cbfd33eff0_0 .net8 "bitline1", 0 0, p000001cbfd262568;  1 drivers, strength-aware
v000001cbfd33f6d0_0 .net8 "bitline2", 0 0, p000001cbfd262598;  1 drivers, strength-aware
v000001cbfd33da10_0 .net "clk", 0 0, o000001cbfd243848;  alias, 0 drivers
v000001cbfd33f4f0_0 .net "d", 0 0, L_000001cbfd43cee0;  1 drivers
v000001cbfd33f270_0 .net "q", 0 0, v000001cbfd33f8b0_0;  1 drivers
v000001cbfd33f950_0 .net "rden1", 0 0, L_000001cbfd4422a0;  alias, 1 drivers
v000001cbfd33f1d0_0 .net "rden2", 0 0, L_000001cbfd4419e0;  alias, 1 drivers
v000001cbfd33dab0_0 .net "rst", 0 0, o000001cbfd2438d8;  alias, 0 drivers
v000001cbfd33eeb0_0 .net "wren", 0 0, L_000001cbfd43f1e0;  alias, 1 drivers
S_000001cbfd3393b0 .scope module, "cell_dff" "dff" 5 19, 6 4 0, S_000001cbfd3372e0;
 .timescale 0 0;
    .port_info 0 /OUTPUT 1 "q";
    .port_info 1 /INPUT 1 "d";
    .port_info 2 /INPUT 1 "wen";
    .port_info 3 /INPUT 1 "clk";
    .port_info 4 /INPUT 1 "rst";
v000001cbfd33f630_0 .net "clk", 0 0, o000001cbfd243848;  alias, 0 drivers
v000001cbfd33df10_0 .net "d", 0 0, L_000001cbfd43cee0;  alias, 1 drivers
v000001cbfd33f8b0_0 .var "q", 0 0;
v000001cbfd33d970_0 .net "rst", 0 0, o000001cbfd2438d8;  alias, 0 drivers
v000001cbfd33ed70_0 .net "wen", 0 0, L_000001cbfd43f1e0;  alias, 1 drivers
S_000001cbfd336fc0 .scope module, "bitcells[5]" "bit_cell" 4 14, 5 4 0, S_000001cbfd3399f0;
 .timescale 0 0;
    .port_info 0 /INPUT 1 "clk";
    .port_info 1 /INPUT 1 "rst";
    .port_info 2 /INPUT 1 "d";
    .port_info 3 /INPUT 1 "wren";
    .port_info 4 /INPUT 1 "rden1";
    .port_info 5 /INPUT 1 "rden2";
    .port_info 6 /INOUT 1 "bitline1";
    .port_info 7 /INOUT 1 "bitline2";
L_000001cbfd4be1e0 .functor BUFIF1 1, v000001cbfd33ec30_0, L_000001cbfd4422a0, C4<0>, C4<0>;
L_000001cbfd4be250 .functor BUFIF1 1, v000001cbfd33ec30_0, L_000001cbfd4419e0, C4<0>, C4<0>;
v000001cbfd33ef50_0 .net8 "bitline1", 0 0, p000001cbfd262898;  1 drivers, strength-aware
v000001cbfd33e410_0 .net8 "bitline2", 0 0, p000001cbfd2628c8;  1 drivers, strength-aware
v000001cbfd33e690_0 .net "clk", 0 0, o000001cbfd243848;  alias, 0 drivers
v000001cbfd33e5f0_0 .net "d", 0 0, L_000001cbfd43d020;  1 drivers
v000001cbfd33db50_0 .net "q", 0 0, v000001cbfd33ec30_0;  1 drivers
v000001cbfd33f310_0 .net "rden1", 0 0, L_000001cbfd4422a0;  alias, 1 drivers
v000001cbfd33f090_0 .net "rden2", 0 0, L_000001cbfd4419e0;  alias, 1 drivers
v000001cbfd33e050_0 .net "rst", 0 0, o000001cbfd2438d8;  alias, 0 drivers
v000001cbfd33f130_0 .net "wren", 0 0, L_000001cbfd43f1e0;  alias, 1 drivers
S_000001cbfd338f00 .scope module, "cell_dff" "dff" 5 19, 6 4 0, S_000001cbfd336fc0;
 .timescale 0 0;
    .port_info 0 /OUTPUT 1 "q";
    .port_info 1 /INPUT 1 "d";
    .port_info 2 /INPUT 1 "wen";
    .port_info 3 /INPUT 1 "clk";
    .port_info 4 /INPUT 1 "rst";
v000001cbfd33eb90_0 .net "clk", 0 0, o000001cbfd243848;  alias, 0 drivers
v000001cbfd33e370_0 .net "d", 0 0, L_000001cbfd43d020;  alias, 1 drivers
v000001cbfd33ec30_0 .var "q", 0 0;
v000001cbfd33fb30_0 .net "rst", 0 0, o000001cbfd2438d8;  alias, 0 drivers
v000001cbfd33e0f0_0 .net "wen", 0 0, L_000001cbfd43f1e0;  alias, 1 drivers
S_000001cbfd338a50 .scope module, "bitcells[6]" "bit_cell" 4 14, 5 4 0, S_000001cbfd3399f0;
 .timescale 0 0;
    .port_info 0 /INPUT 1 "clk";
    .port_info 1 /INPUT 1 "rst";
    .port_info 2 /INPUT 1 "d";
    .port_info 3 /INPUT 1 "wren";
    .port_info 4 /INPUT 1 "rden1";
    .port_info 5 /INPUT 1 "rden2";
    .port_info 6 /INOUT 1 "bitline1";
    .port_info 7 /INOUT 1 "bitline2";
L_000001cbfd4be330 .functor BUFIF1 1, v000001cbfd33dbf0_0, L_000001cbfd4422a0, C4<0>, C4<0>;
L_000001cbfd4be5d0 .functor BUFIF1 1, v000001cbfd33dbf0_0, L_000001cbfd4419e0, C4<0>, C4<0>;
v000001cbfd33f810_0 .net8 "bitline1", 0 0, p000001cbfd262bc8;  1 drivers, strength-aware
v000001cbfd33e550_0 .net8 "bitline2", 0 0, p000001cbfd262bf8;  1 drivers, strength-aware
v000001cbfd33f450_0 .net "clk", 0 0, o000001cbfd243848;  alias, 0 drivers
v000001cbfd33d510_0 .net "d", 0 0, L_000001cbfd43cbc0;  1 drivers
v000001cbfd33fbd0_0 .net "q", 0 0, v000001cbfd33dbf0_0;  1 drivers
v000001cbfd33fc70_0 .net "rden1", 0 0, L_000001cbfd4422a0;  alias, 1 drivers
v000001cbfd340210_0 .net "rden2", 0 0, L_000001cbfd4419e0;  alias, 1 drivers
v000001cbfd340170_0 .net "rst", 0 0, o000001cbfd2438d8;  alias, 0 drivers
v000001cbfd340030_0 .net "wren", 0 0, L_000001cbfd43f1e0;  alias, 1 drivers
S_000001cbfd339090 .scope module, "cell_dff" "dff" 5 19, 6 4 0, S_000001cbfd338a50;
 .timescale 0 0;
    .port_info 0 /OUTPUT 1 "q";
    .port_info 1 /INPUT 1 "d";
    .port_info 2 /INPUT 1 "wen";
    .port_info 3 /INPUT 1 "clk";
    .port_info 4 /INPUT 1 "rst";
v000001cbfd33f770_0 .net "clk", 0 0, o000001cbfd243848;  alias, 0 drivers
v000001cbfd33f3b0_0 .net "d", 0 0, L_000001cbfd43cbc0;  alias, 1 drivers
v000001cbfd33dbf0_0 .var "q", 0 0;
v000001cbfd33dc90_0 .net "rst", 0 0, o000001cbfd2438d8;  alias, 0 drivers
v000001cbfd33e4b0_0 .net "wen", 0 0, L_000001cbfd43f1e0;  alias, 1 drivers
S_000001cbfd339220 .scope module, "bitcells[7]" "bit_cell" 4 14, 5 4 0, S_000001cbfd3399f0;
 .timescale 0 0;
    .port_info 0 /INPUT 1 "clk";
    .port_info 1 /INPUT 1 "rst";
    .port_info 2 /INPUT 1 "d";
    .port_info 3 /INPUT 1 "wren";
    .port_info 4 /INPUT 1 "rden1";
    .port_info 5 /INPUT 1 "rden2";
    .port_info 6 /INOUT 1 "bitline1";
    .port_info 7 /INOUT 1 "bitline2";
L_000001cbfd4be720 .functor BUFIF1 1, v000001cbfd341e30_0, L_000001cbfd4422a0, C4<0>, C4<0>;
L_000001cbfd4be640 .functor BUFIF1 1, v000001cbfd341e30_0, L_000001cbfd4419e0, C4<0>, C4<0>;
v000001cbfd340c10_0 .net8 "bitline1", 0 0, p000001cbfd262ef8;  1 drivers, strength-aware
v000001cbfd340ad0_0 .net8 "bitline2", 0 0, p000001cbfd262f28;  1 drivers, strength-aware
v000001cbfd3421f0_0 .net "clk", 0 0, o000001cbfd243848;  alias, 0 drivers
v000001cbfd3423d0_0 .net "d", 0 0, L_000001cbfd43b680;  1 drivers
v000001cbfd33fe50_0 .net "q", 0 0, v000001cbfd341e30_0;  1 drivers
v000001cbfd3402b0_0 .net "rden1", 0 0, L_000001cbfd4422a0;  alias, 1 drivers
v000001cbfd342150_0 .net "rden2", 0 0, L_000001cbfd4419e0;  alias, 1 drivers
v000001cbfd340350_0 .net "rst", 0 0, o000001cbfd2438d8;  alias, 0 drivers
v000001cbfd341b10_0 .net "wren", 0 0, L_000001cbfd43f1e0;  alias, 1 drivers
S_000001cbfd33a990 .scope module, "cell_dff" "dff" 5 19, 6 4 0, S_000001cbfd339220;
 .timescale 0 0;
    .port_info 0 /OUTPUT 1 "q";
    .port_info 1 /INPUT 1 "d";
    .port_info 2 /INPUT 1 "wen";
    .port_info 3 /INPUT 1 "clk";
    .port_info 4 /INPUT 1 "rst";
v000001cbfd33fd10_0 .net "clk", 0 0, o000001cbfd243848;  alias, 0 drivers
v000001cbfd341890_0 .net "d", 0 0, L_000001cbfd43b680;  alias, 1 drivers
v000001cbfd341e30_0 .var "q", 0 0;
v000001cbfd3420b0_0 .net "rst", 0 0, o000001cbfd2438d8;  alias, 0 drivers
v000001cbfd33ff90_0 .net "wen", 0 0, L_000001cbfd43f1e0;  alias, 1 drivers
S_000001cbfd337470 .scope module, "bitcells[8]" "bit_cell" 4 14, 5 4 0, S_000001cbfd3399f0;
 .timescale 0 0;
    .port_info 0 /INPUT 1 "clk";
    .port_info 1 /INPUT 1 "rst";
    .port_info 2 /INPUT 1 "d";
    .port_info 3 /INPUT 1 "wren";
    .port_info 4 /INPUT 1 "rden1";
    .port_info 5 /INPUT 1 "rden2";
    .port_info 6 /INOUT 1 "bitline1";
    .port_info 7 /INOUT 1 "bitline2";
L_000001cbfd4bacf0 .functor BUFIF1 1, v000001cbfd340490_0, L_000001cbfd4422a0, C4<0>, C4<0>;
L_000001cbfd4bc340 .functor BUFIF1 1, v000001cbfd340490_0, L_000001cbfd4419e0, C4<0>, C4<0>;
v000001cbfd340710_0 .net8 "bitline1", 0 0, p000001cbfd263228;  1 drivers, strength-aware
v000001cbfd341930_0 .net8 "bitline2", 0 0, p000001cbfd263258;  1 drivers, strength-aware
v000001cbfd342330_0 .net "clk", 0 0, o000001cbfd243848;  alias, 0 drivers
v000001cbfd33fef0_0 .net "d", 0 0, L_000001cbfd43c120;  1 drivers
v000001cbfd341610_0 .net "q", 0 0, v000001cbfd340490_0;  1 drivers
v000001cbfd3419d0_0 .net "rden1", 0 0, L_000001cbfd4422a0;  alias, 1 drivers
v000001cbfd340f30_0 .net "rden2", 0 0, L_000001cbfd4419e0;  alias, 1 drivers
v000001cbfd340e90_0 .net "rst", 0 0, o000001cbfd2438d8;  alias, 0 drivers
v000001cbfd341a70_0 .net "wren", 0 0, L_000001cbfd43f1e0;  alias, 1 drivers
S_000001cbfd3396d0 .scope module, "cell_dff" "dff" 5 19, 6 4 0, S_000001cbfd337470;
 .timescale 0 0;
    .port_info 0 /OUTPUT 1 "q";
    .port_info 1 /INPUT 1 "d";
    .port_info 2 /INPUT 1 "wen";
    .port_info 3 /INPUT 1 "clk";
    .port_info 4 /INPUT 1 "rst";
v000001cbfd33fdb0_0 .net "clk", 0 0, o000001cbfd243848;  alias, 0 drivers
v000001cbfd340df0_0 .net "d", 0 0, L_000001cbfd43c120;  alias, 1 drivers
v000001cbfd340490_0 .var "q", 0 0;
v000001cbfd341d90_0 .net "rst", 0 0, o000001cbfd2438d8;  alias, 0 drivers
v000001cbfd341ed0_0 .net "wen", 0 0, L_000001cbfd43f1e0;  alias, 1 drivers
S_000001cbfd35e690 .scope module, "bitcells[9]" "bit_cell" 4 14, 5 4 0, S_000001cbfd3399f0;
 .timescale 0 0;
    .port_info 0 /INPUT 1 "clk";
    .port_info 1 /INPUT 1 "rst";
    .port_info 2 /INPUT 1 "d";
    .port_info 3 /INPUT 1 "wren";
    .port_info 4 /INPUT 1 "rden1";
    .port_info 5 /INPUT 1 "rden2";
    .port_info 6 /INOUT 1 "bitline1";
    .port_info 7 /INOUT 1 "bitline2";
L_000001cbfd4bb540 .functor BUFIF1 1, v000001cbfd3400d0_0, L_000001cbfd4422a0, C4<0>, C4<0>;
L_000001cbfd4bb850 .functor BUFIF1 1, v000001cbfd3400d0_0, L_000001cbfd4419e0, C4<0>, C4<0>;
v000001cbfd3403f0_0 .net8 "bitline1", 0 0, p000001cbfd263558;  1 drivers, strength-aware
v000001cbfd3405d0_0 .net8 "bitline2", 0 0, p000001cbfd263588;  1 drivers, strength-aware
v000001cbfd340530_0 .net "clk", 0 0, o000001cbfd243848;  alias, 0 drivers
v000001cbfd341cf0_0 .net "d", 0 0, L_000001cbfd43ce40;  1 drivers
v000001cbfd340670_0 .net "q", 0 0, v000001cbfd3400d0_0;  1 drivers
v000001cbfd3407b0_0 .net "rden1", 0 0, L_000001cbfd4422a0;  alias, 1 drivers
v000001cbfd3414d0_0 .net "rden2", 0 0, L_000001cbfd4419e0;  alias, 1 drivers
v000001cbfd341390_0 .net "rst", 0 0, o000001cbfd2438d8;  alias, 0 drivers
v000001cbfd341f70_0 .net "wren", 0 0, L_000001cbfd43f1e0;  alias, 1 drivers
S_000001cbfd35c8e0 .scope module, "cell_dff" "dff" 5 19, 6 4 0, S_000001cbfd35e690;
 .timescale 0 0;
    .port_info 0 /OUTPUT 1 "q";
    .port_info 1 /INPUT 1 "d";
    .port_info 2 /INPUT 1 "wen";
    .port_info 3 /INPUT 1 "clk";
    .port_info 4 /INPUT 1 "rst";
v000001cbfd341bb0_0 .net "clk", 0 0, o000001cbfd243848;  alias, 0 drivers
v000001cbfd340fd0_0 .net "d", 0 0, L_000001cbfd43ce40;  alias, 1 drivers
v000001cbfd3400d0_0 .var "q", 0 0;
v000001cbfd340d50_0 .net "rst", 0 0, o000001cbfd2438d8;  alias, 0 drivers
v000001cbfd341c50_0 .net "wen", 0 0, L_000001cbfd43f1e0;  alias, 1 drivers
S_000001cbfd35cf20 .scope module, "bitcells[10]" "bit_cell" 4 14, 5 4 0, S_000001cbfd3399f0;
 .timescale 0 0;
    .port_info 0 /INPUT 1 "clk";
    .port_info 1 /INPUT 1 "rst";
    .port_info 2 /INPUT 1 "d";
    .port_info 3 /INPUT 1 "wren";
    .port_info 4 /INPUT 1 "rden1";
    .port_info 5 /INPUT 1 "rden2";
    .port_info 6 /INOUT 1 "bitline1";
    .port_info 7 /INOUT 1 "bitline2";
L_000001cbfd4bac10 .functor BUFIF1 1, v000001cbfd341070_0, L_000001cbfd4422a0, C4<0>, C4<0>;
L_000001cbfd4bb5b0 .functor BUFIF1 1, v000001cbfd341070_0, L_000001cbfd4419e0, C4<0>, C4<0>;
v000001cbfd342290_0 .net8 "bitline1", 0 0, p000001cbfd263888;  1 drivers, strength-aware
v000001cbfd3408f0_0 .net8 "bitline2", 0 0, p000001cbfd2638b8;  1 drivers, strength-aware
v000001cbfd340990_0 .net "clk", 0 0, o000001cbfd243848;  alias, 0 drivers
v000001cbfd3411b0_0 .net "d", 0 0, L_000001cbfd43bfe0;  1 drivers
v000001cbfd340a30_0 .net "q", 0 0, v000001cbfd341070_0;  1 drivers
v000001cbfd342470_0 .net "rden1", 0 0, L_000001cbfd4422a0;  alias, 1 drivers
v000001cbfd341250_0 .net "rden2", 0 0, L_000001cbfd4419e0;  alias, 1 drivers
v000001cbfd340b70_0 .net "rst", 0 0, o000001cbfd2438d8;  alias, 0 drivers
v000001cbfd340cb0_0 .net "wren", 0 0, L_000001cbfd43f1e0;  alias, 1 drivers
S_000001cbfd35c110 .scope module, "cell_dff" "dff" 5 19, 6 4 0, S_000001cbfd35cf20;
 .timescale 0 0;
    .port_info 0 /OUTPUT 1 "q";
    .port_info 1 /INPUT 1 "d";
    .port_info 2 /INPUT 1 "wen";
    .port_info 3 /INPUT 1 "clk";
    .port_info 4 /INPUT 1 "rst";
v000001cbfd341570_0 .net "clk", 0 0, o000001cbfd243848;  alias, 0 drivers
v000001cbfd342010_0 .net "d", 0 0, L_000001cbfd43bfe0;  alias, 1 drivers
v000001cbfd341070_0 .var "q", 0 0;
v000001cbfd340850_0 .net "rst", 0 0, o000001cbfd2438d8;  alias, 0 drivers
v000001cbfd3416b0_0 .net "wen", 0 0, L_000001cbfd43f1e0;  alias, 1 drivers
S_000001cbfd35acc0 .scope module, "bitcells[11]" "bit_cell" 4 14, 5 4 0, S_000001cbfd3399f0;
 .timescale 0 0;
    .port_info 0 /INPUT 1 "clk";
    .port_info 1 /INPUT 1 "rst";
    .port_info 2 /INPUT 1 "d";
    .port_info 3 /INPUT 1 "wren";
    .port_info 4 /INPUT 1 "rden1";
    .port_info 5 /INPUT 1 "rden2";
    .port_info 6 /INOUT 1 "bitline1";
    .port_info 7 /INOUT 1 "bitline2";
L_000001cbfd4bb4d0 .functor BUFIF1 1, v000001cbfd341430_0, L_000001cbfd4422a0, C4<0>, C4<0>;
L_000001cbfd4baf20 .functor BUFIF1 1, v000001cbfd341430_0, L_000001cbfd4419e0, C4<0>, C4<0>;
v000001cbfd342fb0_0 .net8 "bitline1", 0 0, p000001cbfd263bb8;  1 drivers, strength-aware
v000001cbfd343870_0 .net8 "bitline2", 0 0, p000001cbfd263be8;  1 drivers, strength-aware
v000001cbfd344090_0 .net "clk", 0 0, o000001cbfd243848;  alias, 0 drivers
v000001cbfd343d70_0 .net "d", 0 0, L_000001cbfd43b040;  1 drivers
v000001cbfd3446d0_0 .net "q", 0 0, v000001cbfd341430_0;  1 drivers
v000001cbfd3426f0_0 .net "rden1", 0 0, L_000001cbfd4422a0;  alias, 1 drivers
v000001cbfd344130_0 .net "rden2", 0 0, L_000001cbfd4419e0;  alias, 1 drivers
v000001cbfd344b30_0 .net "rst", 0 0, o000001cbfd2438d8;  alias, 0 drivers
v000001cbfd342b50_0 .net "wren", 0 0, L_000001cbfd43f1e0;  alias, 1 drivers
S_000001cbfd35dba0 .scope module, "cell_dff" "dff" 5 19, 6 4 0, S_000001cbfd35acc0;
 .timescale 0 0;
    .port_info 0 /OUTPUT 1 "q";
    .port_info 1 /INPUT 1 "d";
    .port_info 2 /INPUT 1 "wen";
    .port_info 3 /INPUT 1 "clk";
    .port_info 4 /INPUT 1 "rst";
v000001cbfd341110_0 .net "clk", 0 0, o000001cbfd243848;  alias, 0 drivers
v000001cbfd3412f0_0 .net "d", 0 0, L_000001cbfd43b040;  alias, 1 drivers
v000001cbfd341430_0 .var "q", 0 0;
v000001cbfd341750_0 .net "rst", 0 0, o000001cbfd2438d8;  alias, 0 drivers
v000001cbfd3417f0_0 .net "wen", 0 0, L_000001cbfd43f1e0;  alias, 1 drivers
S_000001cbfd35da10 .scope module, "bitcells[12]" "bit_cell" 4 14, 5 4 0, S_000001cbfd3399f0;
 .timescale 0 0;
    .port_info 0 /INPUT 1 "clk";
    .port_info 1 /INPUT 1 "rst";
    .port_info 2 /INPUT 1 "d";
    .port_info 3 /INPUT 1 "wren";
    .port_info 4 /INPUT 1 "rden1";
    .port_info 5 /INPUT 1 "rden2";
    .port_info 6 /INOUT 1 "bitline1";
    .port_info 7 /INOUT 1 "bitline2";
L_000001cbfd4bbd20 .functor BUFIF1 1, v000001cbfd343730_0, L_000001cbfd4422a0, C4<0>, C4<0>;
L_000001cbfd4baa50 .functor BUFIF1 1, v000001cbfd343730_0, L_000001cbfd4419e0, C4<0>, C4<0>;
v000001cbfd342d30_0 .net8 "bitline1", 0 0, p000001cbfd263ee8;  1 drivers, strength-aware
v000001cbfd343ff0_0 .net8 "bitline2", 0 0, p000001cbfd263f18;  1 drivers, strength-aware
v000001cbfd3441d0_0 .net "clk", 0 0, o000001cbfd243848;  alias, 0 drivers
v000001cbfd342a10_0 .net "d", 0 0, L_000001cbfd43b9a0;  1 drivers
v000001cbfd343230_0 .net "q", 0 0, v000001cbfd343730_0;  1 drivers
v000001cbfd344bd0_0 .net "rden1", 0 0, L_000001cbfd4422a0;  alias, 1 drivers
v000001cbfd342510_0 .net "rden2", 0 0, L_000001cbfd4419e0;  alias, 1 drivers
v000001cbfd344310_0 .net "rst", 0 0, o000001cbfd2438d8;  alias, 0 drivers
v000001cbfd3437d0_0 .net "wren", 0 0, L_000001cbfd43f1e0;  alias, 1 drivers
S_000001cbfd35b7b0 .scope module, "cell_dff" "dff" 5 19, 6 4 0, S_000001cbfd35da10;
 .timescale 0 0;
    .port_info 0 /OUTPUT 1 "q";
    .port_info 1 /INPUT 1 "d";
    .port_info 2 /INPUT 1 "wen";
    .port_info 3 /INPUT 1 "clk";
    .port_info 4 /INPUT 1 "rst";
v000001cbfd344450_0 .net "clk", 0 0, o000001cbfd243848;  alias, 0 drivers
v000001cbfd344630_0 .net "d", 0 0, L_000001cbfd43b9a0;  alias, 1 drivers
v000001cbfd343730_0 .var "q", 0 0;
v000001cbfd343e10_0 .net "rst", 0 0, o000001cbfd2438d8;  alias, 0 drivers
v000001cbfd3425b0_0 .net "wen", 0 0, L_000001cbfd43f1e0;  alias, 1 drivers
S_000001cbfd35dd30 .scope module, "bitcells[13]" "bit_cell" 4 14, 5 4 0, S_000001cbfd3399f0;
 .timescale 0 0;
    .port_info 0 /INPUT 1 "clk";
    .port_info 1 /INPUT 1 "rst";
    .port_info 2 /INPUT 1 "d";
    .port_info 3 /INPUT 1 "wren";
    .port_info 4 /INPUT 1 "rden1";
    .port_info 5 /INPUT 1 "rden2";
    .port_info 6 /INOUT 1 "bitline1";
    .port_info 7 /INOUT 1 "bitline2";
L_000001cbfd4bc1f0 .functor BUFIF1 1, v000001cbfd344270_0, L_000001cbfd4422a0, C4<0>, C4<0>;
L_000001cbfd4bc110 .functor BUFIF1 1, v000001cbfd344270_0, L_000001cbfd4419e0, C4<0>, C4<0>;
v000001cbfd3444f0_0 .net8 "bitline1", 0 0, p000001cbfd264218;  1 drivers, strength-aware
v000001cbfd342790_0 .net8 "bitline2", 0 0, p000001cbfd264248;  1 drivers, strength-aware
v000001cbfd344590_0 .net "clk", 0 0, o000001cbfd243848;  alias, 0 drivers
v000001cbfd342830_0 .net "d", 0 0, L_000001cbfd43bc20;  1 drivers
v000001cbfd3449f0_0 .net "q", 0 0, v000001cbfd344270_0;  1 drivers
v000001cbfd3443b0_0 .net "rden1", 0 0, L_000001cbfd4422a0;  alias, 1 drivers
v000001cbfd344c70_0 .net "rden2", 0 0, L_000001cbfd4419e0;  alias, 1 drivers
v000001cbfd343eb0_0 .net "rst", 0 0, o000001cbfd2438d8;  alias, 0 drivers
v000001cbfd3434b0_0 .net "wren", 0 0, L_000001cbfd43f1e0;  alias, 1 drivers
S_000001cbfd35dec0 .scope module, "cell_dff" "dff" 5 19, 6 4 0, S_000001cbfd35dd30;
 .timescale 0 0;
    .port_info 0 /OUTPUT 1 "q";
    .port_info 1 /INPUT 1 "d";
    .port_info 2 /INPUT 1 "wen";
    .port_info 3 /INPUT 1 "clk";
    .port_info 4 /INPUT 1 "rst";
v000001cbfd343050_0 .net "clk", 0 0, o000001cbfd243848;  alias, 0 drivers
v000001cbfd3448b0_0 .net "d", 0 0, L_000001cbfd43bc20;  alias, 1 drivers
v000001cbfd344270_0 .var "q", 0 0;
v000001cbfd3435f0_0 .net "rst", 0 0, o000001cbfd2438d8;  alias, 0 drivers
v000001cbfd342650_0 .net "wen", 0 0, L_000001cbfd43f1e0;  alias, 1 drivers
S_000001cbfd35b940 .scope module, "bitcells[14]" "bit_cell" 4 14, 5 4 0, S_000001cbfd3399f0;
 .timescale 0 0;
    .port_info 0 /INPUT 1 "clk";
    .port_info 1 /INPUT 1 "rst";
    .port_info 2 /INPUT 1 "d";
    .port_info 3 /INPUT 1 "wren";
    .port_info 4 /INPUT 1 "rden1";
    .port_info 5 /INPUT 1 "rden2";
    .port_info 6 /INOUT 1 "bitline1";
    .port_info 7 /INOUT 1 "bitline2";
L_000001cbfd4bb000 .functor BUFIF1 1, v000001cbfd344770_0, L_000001cbfd4422a0, C4<0>, C4<0>;
L_000001cbfd4badd0 .functor BUFIF1 1, v000001cbfd344770_0, L_000001cbfd4419e0, C4<0>, C4<0>;
v000001cbfd343910_0 .net8 "bitline1", 0 0, p000001cbfd264548;  1 drivers, strength-aware
v000001cbfd343690_0 .net8 "bitline2", 0 0, p000001cbfd264578;  1 drivers, strength-aware
v000001cbfd343a50_0 .net "clk", 0 0, o000001cbfd243848;  alias, 0 drivers
v000001cbfd344810_0 .net "d", 0 0, L_000001cbfd43c1c0;  1 drivers
v000001cbfd343cd0_0 .net "q", 0 0, v000001cbfd344770_0;  1 drivers
v000001cbfd342ab0_0 .net "rden1", 0 0, L_000001cbfd4422a0;  alias, 1 drivers
v000001cbfd3439b0_0 .net "rden2", 0 0, L_000001cbfd4419e0;  alias, 1 drivers
v000001cbfd3432d0_0 .net "rst", 0 0, o000001cbfd2438d8;  alias, 0 drivers
v000001cbfd344a90_0 .net "wren", 0 0, L_000001cbfd43f1e0;  alias, 1 drivers
S_000001cbfd35e050 .scope module, "cell_dff" "dff" 5 19, 6 4 0, S_000001cbfd35b940;
 .timescale 0 0;
    .port_info 0 /OUTPUT 1 "q";
    .port_info 1 /INPUT 1 "d";
    .port_info 2 /INPUT 1 "wen";
    .port_info 3 /INPUT 1 "clk";
    .port_info 4 /INPUT 1 "rst";
v000001cbfd342bf0_0 .net "clk", 0 0, o000001cbfd243848;  alias, 0 drivers
v000001cbfd342f10_0 .net "d", 0 0, L_000001cbfd43c1c0;  alias, 1 drivers
v000001cbfd344770_0 .var "q", 0 0;
v000001cbfd344950_0 .net "rst", 0 0, o000001cbfd2438d8;  alias, 0 drivers
v000001cbfd3428d0_0 .net "wen", 0 0, L_000001cbfd43f1e0;  alias, 1 drivers
S_000001cbfd35ca70 .scope module, "bitcells[15]" "bit_cell" 4 14, 5 4 0, S_000001cbfd3399f0;
 .timescale 0 0;
    .port_info 0 /INPUT 1 "clk";
    .port_info 1 /INPUT 1 "rst";
    .port_info 2 /INPUT 1 "d";
    .port_info 3 /INPUT 1 "wren";
    .port_info 4 /INPUT 1 "rden1";
    .port_info 5 /INPUT 1 "rden2";
    .port_info 6 /INOUT 1 "bitline1";
    .port_info 7 /INOUT 1 "bitline2";
L_000001cbfd4bbf50 .functor BUFIF1 1, v000001cbfd3430f0_0, L_000001cbfd4422a0, C4<0>, C4<0>;
L_000001cbfd4ba900 .functor BUFIF1 1, v000001cbfd3430f0_0, L_000001cbfd4419e0, C4<0>, C4<0>;
v000001cbfd343f50_0 .net8 "bitline1", 0 0, p000001cbfd264878;  1 drivers, strength-aware
v000001cbfd343af0_0 .net8 "bitline2", 0 0, p000001cbfd2648a8;  1 drivers, strength-aware
v000001cbfd343c30_0 .net "clk", 0 0, o000001cbfd243848;  alias, 0 drivers
v000001cbfd343190_0 .net "d", 0 0, L_000001cbfd43d3e0;  1 drivers
v000001cbfd343b90_0 .net "q", 0 0, v000001cbfd3430f0_0;  1 drivers
v000001cbfd343370_0 .net "rden1", 0 0, L_000001cbfd4422a0;  alias, 1 drivers
v000001cbfd343410_0 .net "rden2", 0 0, L_000001cbfd4419e0;  alias, 1 drivers
v000001cbfd343550_0 .net "rst", 0 0, o000001cbfd2438d8;  alias, 0 drivers
v000001cbfd3458f0_0 .net "wren", 0 0, L_000001cbfd43f1e0;  alias, 1 drivers
S_000001cbfd35e1e0 .scope module, "cell_dff" "dff" 5 19, 6 4 0, S_000001cbfd35ca70;
 .timescale 0 0;
    .port_info 0 /OUTPUT 1 "q";
    .port_info 1 /INPUT 1 "d";
    .port_info 2 /INPUT 1 "wen";
    .port_info 3 /INPUT 1 "clk";
    .port_info 4 /INPUT 1 "rst";
v000001cbfd342970_0 .net "clk", 0 0, o000001cbfd243848;  alias, 0 drivers
v000001cbfd342c90_0 .net "d", 0 0, L_000001cbfd43d3e0;  alias, 1 drivers
v000001cbfd3430f0_0 .var "q", 0 0;
v000001cbfd342dd0_0 .net "rst", 0 0, o000001cbfd2438d8;  alias, 0 drivers
v000001cbfd342e70_0 .net "wen", 0 0, L_000001cbfd43f1e0;  alias, 1 drivers
S_000001cbfd35d880 .scope module, "registers[10]" "register" 2 36, 4 4 0, S_000001cbfcbd3120;
 .timescale 0 0;
    .port_info 0 /INPUT 1 "clk";
    .port_info 1 /INPUT 1 "rst";
    .port_info 2 /INPUT 16 "d";
    .port_info 3 /INPUT 1 "write_reg";
    .port_info 4 /INPUT 1 "rden1";
    .port_info 5 /INPUT 1 "rden2";
    .port_info 6 /INOUT 16 "bitline1";
    .port_info 7 /INOUT 16 "bitline2";
v000001cbfd34d370_0 .net8 "bitline1", 15 0, p000001cbfd246c38;  alias, 0 drivers, strength-aware
v000001cbfd34e6d0_0 .net8 "bitline2", 15 0, p000001cbfd246c68;  alias, 0 drivers, strength-aware
v000001cbfd34e270_0 .net "clk", 0 0, o000001cbfd243848;  alias, 0 drivers
v000001cbfd34c8d0_0 .net "d", 15 0, o000001cbfd246c98;  alias, 0 drivers
v000001cbfd34d410_0 .net "rden1", 0 0, L_000001cbfd43ffa0;  1 drivers
v000001cbfd34d910_0 .net "rden2", 0 0, L_000001cbfd440ae0;  1 drivers
v000001cbfd34db90_0 .net "rst", 0 0, o000001cbfd2438d8;  alias, 0 drivers
v000001cbfd34e9f0_0 .net "write_reg", 0 0, L_000001cbfd43f140;  1 drivers
L_000001cbfd43c080 .part o000001cbfd246c98, 0, 1;
L_000001cbfd43d160 .part o000001cbfd246c98, 1, 1;
L_000001cbfd43d0c0 .part o000001cbfd246c98, 2, 1;
L_000001cbfd43d480 .part o000001cbfd246c98, 3, 1;
L_000001cbfd43c940 .part o000001cbfd246c98, 4, 1;
L_000001cbfd43d200 .part o000001cbfd246c98, 5, 1;
L_000001cbfd43bd60 .part o000001cbfd246c98, 6, 1;
L_000001cbfd43b540 .part o000001cbfd246c98, 7, 1;
L_000001cbfd43be00 .part o000001cbfd246c98, 8, 1;
L_000001cbfd43d2a0 .part o000001cbfd246c98, 9, 1;
L_000001cbfd43ca80 .part o000001cbfd246c98, 10, 1;
L_000001cbfd43ad20 .part o000001cbfd246c98, 11, 1;
L_000001cbfd43cb20 .part o000001cbfd246c98, 12, 1;
L_000001cbfd43adc0 .part o000001cbfd246c98, 13, 1;
L_000001cbfd43bcc0 .part o000001cbfd246c98, 14, 1;
L_000001cbfd43c300 .part o000001cbfd246c98, 15, 1;
p000001cbfd264d58 .port I000001cbfd121800, L_000001cbfd4bb7e0;
 .tranvp 16 1 0, I000001cbfd121800, p000001cbfd246c38 p000001cbfd264d58;
p000001cbfd2650e8 .port I000001cbfd121800, L_000001cbfd4bb0e0;
 .tranvp 16 1 1, I000001cbfd121800, p000001cbfd246c38 p000001cbfd2650e8;
p000001cbfd265418 .port I000001cbfd121800, L_000001cbfd4bb3f0;
 .tranvp 16 1 2, I000001cbfd121800, p000001cbfd246c38 p000001cbfd265418;
p000001cbfd265748 .port I000001cbfd121800, L_000001cbfd4bb930;
 .tranvp 16 1 3, I000001cbfd121800, p000001cbfd246c38 p000001cbfd265748;
p000001cbfd265a78 .port I000001cbfd121800, L_000001cbfd4ba970;
 .tranvp 16 1 4, I000001cbfd121800, p000001cbfd246c38 p000001cbfd265a78;
p000001cbfd265da8 .port I000001cbfd121800, L_000001cbfd4bbd90;
 .tranvp 16 1 5, I000001cbfd121800, p000001cbfd246c38 p000001cbfd265da8;
p000001cbfd2660d8 .port I000001cbfd121800, L_000001cbfd4bb070;
 .tranvp 16 1 6, I000001cbfd121800, p000001cbfd246c38 p000001cbfd2660d8;
p000001cbfd266408 .port I000001cbfd121800, L_000001cbfd4bc420;
 .tranvp 16 1 7, I000001cbfd121800, p000001cbfd246c38 p000001cbfd266408;
p000001cbfd266738 .port I000001cbfd121800, L_000001cbfd4bba10;
 .tranvp 16 1 8, I000001cbfd121800, p000001cbfd246c38 p000001cbfd266738;
p000001cbfd266a68 .port I000001cbfd121800, L_000001cbfd4bab30;
 .tranvp 16 1 9, I000001cbfd121800, p000001cbfd246c38 p000001cbfd266a68;
p000001cbfd266d98 .port I000001cbfd121800, L_000001cbfd4bae40;
 .tranvp 16 1 10, I000001cbfd121800, p000001cbfd246c38 p000001cbfd266d98;
p000001cbfd2670c8 .port I000001cbfd121800, L_000001cbfd4bbe00;
 .tranvp 16 1 11, I000001cbfd121800, p000001cbfd246c38 p000001cbfd2670c8;
p000001cbfd2673f8 .port I000001cbfd121800, L_000001cbfd4baba0;
 .tranvp 16 1 12, I000001cbfd121800, p000001cbfd246c38 p000001cbfd2673f8;
p000001cbfd267728 .port I000001cbfd121800, L_000001cbfd4bb230;
 .tranvp 16 1 13, I000001cbfd121800, p000001cbfd246c38 p000001cbfd267728;
p000001cbfd267a58 .port I000001cbfd121800, L_000001cbfd4bc180;
 .tranvp 16 1 14, I000001cbfd121800, p000001cbfd246c38 p000001cbfd267a58;
p000001cbfd267d88 .port I000001cbfd121800, L_000001cbfd4bba80;
 .tranvp 16 1 15, I000001cbfd121800, p000001cbfd246c38 p000001cbfd267d88;
p000001cbfd264d88 .port I000001cbfd121380, L_000001cbfd4bc260;
 .tranvp 16 1 0, I000001cbfd121380, p000001cbfd246c68 p000001cbfd264d88;
p000001cbfd265118 .port I000001cbfd121380, L_000001cbfd4bb380;
 .tranvp 16 1 1, I000001cbfd121380, p000001cbfd246c68 p000001cbfd265118;
p000001cbfd265448 .port I000001cbfd121380, L_000001cbfd4ba9e0;
 .tranvp 16 1 2, I000001cbfd121380, p000001cbfd246c68 p000001cbfd265448;
p000001cbfd265778 .port I000001cbfd121380, L_000001cbfd4bc2d0;
 .tranvp 16 1 3, I000001cbfd121380, p000001cbfd246c68 p000001cbfd265778;
p000001cbfd265aa8 .port I000001cbfd121380, L_000001cbfd4bc3b0;
 .tranvp 16 1 4, I000001cbfd121380, p000001cbfd246c68 p000001cbfd265aa8;
p000001cbfd265dd8 .port I000001cbfd121380, L_000001cbfd4baac0;
 .tranvp 16 1 5, I000001cbfd121380, p000001cbfd246c68 p000001cbfd265dd8;
p000001cbfd266108 .port I000001cbfd121380, L_000001cbfd4baf90;
 .tranvp 16 1 6, I000001cbfd121380, p000001cbfd246c68 p000001cbfd266108;
p000001cbfd266438 .port I000001cbfd121380, L_000001cbfd4bb9a0;
 .tranvp 16 1 7, I000001cbfd121380, p000001cbfd246c68 p000001cbfd266438;
p000001cbfd266768 .port I000001cbfd121380, L_000001cbfd4bb620;
 .tranvp 16 1 8, I000001cbfd121380, p000001cbfd246c68 p000001cbfd266768;
p000001cbfd266a98 .port I000001cbfd121380, L_000001cbfd4bb150;
 .tranvp 16 1 9, I000001cbfd121380, p000001cbfd246c68 p000001cbfd266a98;
p000001cbfd266dc8 .port I000001cbfd121380, L_000001cbfd4bbe70;
 .tranvp 16 1 10, I000001cbfd121380, p000001cbfd246c68 p000001cbfd266dc8;
p000001cbfd2670f8 .port I000001cbfd121380, L_000001cbfd4bb1c0;
 .tranvp 16 1 11, I000001cbfd121380, p000001cbfd246c68 p000001cbfd2670f8;
p000001cbfd267428 .port I000001cbfd121380, L_000001cbfd4bc030;
 .tranvp 16 1 12, I000001cbfd121380, p000001cbfd246c68 p000001cbfd267428;
p000001cbfd267758 .port I000001cbfd121380, L_000001cbfd4bb700;
 .tranvp 16 1 13, I000001cbfd121380, p000001cbfd246c68 p000001cbfd267758;
p000001cbfd267a88 .port I000001cbfd121380, L_000001cbfd4bb8c0;
 .tranvp 16 1 14, I000001cbfd121380, p000001cbfd246c68 p000001cbfd267a88;
p000001cbfd267db8 .port I000001cbfd121380, L_000001cbfd4bb2a0;
 .tranvp 16 1 15, I000001cbfd121380, p000001cbfd246c68 p000001cbfd267db8;
S_000001cbfd35bad0 .scope module, "bitcells[0]" "bit_cell" 4 14, 5 4 0, S_000001cbfd35d880;
 .timescale 0 0;
    .port_info 0 /INPUT 1 "clk";
    .port_info 1 /INPUT 1 "rst";
    .port_info 2 /INPUT 1 "d";
    .port_info 3 /INPUT 1 "wren";
    .port_info 4 /INPUT 1 "rden1";
    .port_info 5 /INPUT 1 "rden2";
    .port_info 6 /INOUT 1 "bitline1";
    .port_info 7 /INOUT 1 "bitline2";
L_000001cbfd4bb7e0 .functor BUFIF1 1, v000001cbfd3470b0_0, L_000001cbfd43ffa0, C4<0>, C4<0>;
L_000001cbfd4bc260 .functor BUFIF1 1, v000001cbfd3470b0_0, L_000001cbfd440ae0, C4<0>, C4<0>;
v000001cbfd345f30_0 .net8 "bitline1", 0 0, p000001cbfd264d58;  1 drivers, strength-aware
v000001cbfd344ef0_0 .net8 "bitline2", 0 0, p000001cbfd264d88;  1 drivers, strength-aware
v000001cbfd345170_0 .net "clk", 0 0, o000001cbfd243848;  alias, 0 drivers
v000001cbfd3461b0_0 .net "d", 0 0, L_000001cbfd43c080;  1 drivers
v000001cbfd345670_0 .net "q", 0 0, v000001cbfd3470b0_0;  1 drivers
v000001cbfd3450d0_0 .net "rden1", 0 0, L_000001cbfd43ffa0;  alias, 1 drivers
v000001cbfd345710_0 .net "rden2", 0 0, L_000001cbfd440ae0;  alias, 1 drivers
v000001cbfd346070_0 .net "rst", 0 0, o000001cbfd2438d8;  alias, 0 drivers
v000001cbfd345530_0 .net "wren", 0 0, L_000001cbfd43f140;  alias, 1 drivers
S_000001cbfd35e370 .scope module, "cell_dff" "dff" 5 19, 6 4 0, S_000001cbfd35bad0;
 .timescale 0 0;
    .port_info 0 /OUTPUT 1 "q";
    .port_info 1 /INPUT 1 "d";
    .port_info 2 /INPUT 1 "wen";
    .port_info 3 /INPUT 1 "clk";
    .port_info 4 /INPUT 1 "rst";
v000001cbfd344e50_0 .net "clk", 0 0, o000001cbfd243848;  alias, 0 drivers
v000001cbfd345fd0_0 .net "d", 0 0, L_000001cbfd43c080;  alias, 1 drivers
v000001cbfd3470b0_0 .var "q", 0 0;
v000001cbfd345a30_0 .net "rst", 0 0, o000001cbfd2438d8;  alias, 0 drivers
v000001cbfd346d90_0 .net "wen", 0 0, L_000001cbfd43f140;  alias, 1 drivers
S_000001cbfd35e500 .scope module, "bitcells[1]" "bit_cell" 4 14, 5 4 0, S_000001cbfd35d880;
 .timescale 0 0;
    .port_info 0 /INPUT 1 "clk";
    .port_info 1 /INPUT 1 "rst";
    .port_info 2 /INPUT 1 "d";
    .port_info 3 /INPUT 1 "wren";
    .port_info 4 /INPUT 1 "rden1";
    .port_info 5 /INPUT 1 "rden2";
    .port_info 6 /INOUT 1 "bitline1";
    .port_info 7 /INOUT 1 "bitline2";
L_000001cbfd4bb0e0 .functor BUFIF1 1, v000001cbfd346250_0, L_000001cbfd43ffa0, C4<0>, C4<0>;
L_000001cbfd4bb380 .functor BUFIF1 1, v000001cbfd346250_0, L_000001cbfd440ae0, C4<0>, C4<0>;
v000001cbfd3471f0_0 .net8 "bitline1", 0 0, p000001cbfd2650e8;  1 drivers, strength-aware
v000001cbfd346c50_0 .net8 "bitline2", 0 0, p000001cbfd265118;  1 drivers, strength-aware
v000001cbfd3452b0_0 .net "clk", 0 0, o000001cbfd243848;  alias, 0 drivers
v000001cbfd346110_0 .net "d", 0 0, L_000001cbfd43d160;  1 drivers
v000001cbfd3462f0_0 .net "q", 0 0, v000001cbfd346250_0;  1 drivers
v000001cbfd3469d0_0 .net "rden1", 0 0, L_000001cbfd43ffa0;  alias, 1 drivers
v000001cbfd346570_0 .net "rden2", 0 0, L_000001cbfd440ae0;  alias, 1 drivers
v000001cbfd346ed0_0 .net "rst", 0 0, o000001cbfd2438d8;  alias, 0 drivers
v000001cbfd347010_0 .net "wren", 0 0, L_000001cbfd43f140;  alias, 1 drivers
S_000001cbfd35e820 .scope module, "cell_dff" "dff" 5 19, 6 4 0, S_000001cbfd35e500;
 .timescale 0 0;
    .port_info 0 /OUTPUT 1 "q";
    .port_info 1 /INPUT 1 "d";
    .port_info 2 /INPUT 1 "wen";
    .port_info 3 /INPUT 1 "clk";
    .port_info 4 /INPUT 1 "rst";
v000001cbfd346930_0 .net "clk", 0 0, o000001cbfd243848;  alias, 0 drivers
v000001cbfd3473d0_0 .net "d", 0 0, L_000001cbfd43d160;  alias, 1 drivers
v000001cbfd346250_0 .var "q", 0 0;
v000001cbfd346b10_0 .net "rst", 0 0, o000001cbfd2438d8;  alias, 0 drivers
v000001cbfd347330_0 .net "wen", 0 0, L_000001cbfd43f140;  alias, 1 drivers
S_000001cbfd35c2a0 .scope module, "bitcells[2]" "bit_cell" 4 14, 5 4 0, S_000001cbfd35d880;
 .timescale 0 0;
    .port_info 0 /INPUT 1 "clk";
    .port_info 1 /INPUT 1 "rst";
    .port_info 2 /INPUT 1 "d";
    .port_info 3 /INPUT 1 "wren";
    .port_info 4 /INPUT 1 "rden1";
    .port_info 5 /INPUT 1 "rden2";
    .port_info 6 /INOUT 1 "bitline1";
    .port_info 7 /INOUT 1 "bitline2";
L_000001cbfd4bb3f0 .functor BUFIF1 1, v000001cbfd345210_0, L_000001cbfd43ffa0, C4<0>, C4<0>;
L_000001cbfd4ba9e0 .functor BUFIF1 1, v000001cbfd345210_0, L_000001cbfd440ae0, C4<0>, C4<0>;
v000001cbfd344d10_0 .net8 "bitline1", 0 0, p000001cbfd265418;  1 drivers, strength-aware
v000001cbfd346cf0_0 .net8 "bitline2", 0 0, p000001cbfd265448;  1 drivers, strength-aware
v000001cbfd344f90_0 .net "clk", 0 0, o000001cbfd243848;  alias, 0 drivers
v000001cbfd345df0_0 .net "d", 0 0, L_000001cbfd43d0c0;  1 drivers
v000001cbfd345350_0 .net "q", 0 0, v000001cbfd345210_0;  1 drivers
v000001cbfd345c10_0 .net "rden1", 0 0, L_000001cbfd43ffa0;  alias, 1 drivers
v000001cbfd346f70_0 .net "rden2", 0 0, L_000001cbfd440ae0;  alias, 1 drivers
v000001cbfd346e30_0 .net "rst", 0 0, o000001cbfd2438d8;  alias, 0 drivers
v000001cbfd346430_0 .net "wren", 0 0, L_000001cbfd43f140;  alias, 1 drivers
S_000001cbfd35e9b0 .scope module, "cell_dff" "dff" 5 19, 6 4 0, S_000001cbfd35c2a0;
 .timescale 0 0;
    .port_info 0 /OUTPUT 1 "q";
    .port_info 1 /INPUT 1 "d";
    .port_info 2 /INPUT 1 "wen";
    .port_info 3 /INPUT 1 "clk";
    .port_info 4 /INPUT 1 "rst";
v000001cbfd347290_0 .net "clk", 0 0, o000001cbfd243848;  alias, 0 drivers
v000001cbfd346bb0_0 .net "d", 0 0, L_000001cbfd43d0c0;  alias, 1 drivers
v000001cbfd345210_0 .var "q", 0 0;
v000001cbfd346390_0 .net "rst", 0 0, o000001cbfd2438d8;  alias, 0 drivers
v000001cbfd347470_0 .net "wen", 0 0, L_000001cbfd43f140;  alias, 1 drivers
S_000001cbfd35ae50 .scope module, "bitcells[3]" "bit_cell" 4 14, 5 4 0, S_000001cbfd35d880;
 .timescale 0 0;
    .port_info 0 /INPUT 1 "clk";
    .port_info 1 /INPUT 1 "rst";
    .port_info 2 /INPUT 1 "d";
    .port_info 3 /INPUT 1 "wren";
    .port_info 4 /INPUT 1 "rden1";
    .port_info 5 /INPUT 1 "rden2";
    .port_info 6 /INOUT 1 "bitline1";
    .port_info 7 /INOUT 1 "bitline2";
L_000001cbfd4bb930 .functor BUFIF1 1, v000001cbfd3466b0_0, L_000001cbfd43ffa0, C4<0>, C4<0>;
L_000001cbfd4bc2d0 .functor BUFIF1 1, v000001cbfd3466b0_0, L_000001cbfd440ae0, C4<0>, C4<0>;
v000001cbfd3453f0_0 .net8 "bitline1", 0 0, p000001cbfd265748;  1 drivers, strength-aware
v000001cbfd3467f0_0 .net8 "bitline2", 0 0, p000001cbfd265778;  1 drivers, strength-aware
v000001cbfd345490_0 .net "clk", 0 0, o000001cbfd243848;  alias, 0 drivers
v000001cbfd3455d0_0 .net "d", 0 0, L_000001cbfd43d480;  1 drivers
v000001cbfd3457b0_0 .net "q", 0 0, v000001cbfd3466b0_0;  1 drivers
v000001cbfd345850_0 .net "rden1", 0 0, L_000001cbfd43ffa0;  alias, 1 drivers
v000001cbfd345cb0_0 .net "rden2", 0 0, L_000001cbfd440ae0;  alias, 1 drivers
v000001cbfd345d50_0 .net "rst", 0 0, o000001cbfd2438d8;  alias, 0 drivers
v000001cbfd348c30_0 .net "wren", 0 0, L_000001cbfd43f140;  alias, 1 drivers
S_000001cbfd35d6f0 .scope module, "cell_dff" "dff" 5 19, 6 4 0, S_000001cbfd35ae50;
 .timescale 0 0;
    .port_info 0 /OUTPUT 1 "q";
    .port_info 1 /INPUT 1 "d";
    .port_info 2 /INPUT 1 "wen";
    .port_info 3 /INPUT 1 "clk";
    .port_info 4 /INPUT 1 "rst";
v000001cbfd3464d0_0 .net "clk", 0 0, o000001cbfd243848;  alias, 0 drivers
v000001cbfd346610_0 .net "d", 0 0, L_000001cbfd43d480;  alias, 1 drivers
v000001cbfd3466b0_0 .var "q", 0 0;
v000001cbfd345ad0_0 .net "rst", 0 0, o000001cbfd2438d8;  alias, 0 drivers
v000001cbfd346750_0 .net "wen", 0 0, L_000001cbfd43f140;  alias, 1 drivers
S_000001cbfd35afe0 .scope module, "bitcells[4]" "bit_cell" 4 14, 5 4 0, S_000001cbfd35d880;
 .timescale 0 0;
    .port_info 0 /INPUT 1 "clk";
    .port_info 1 /INPUT 1 "rst";
    .port_info 2 /INPUT 1 "d";
    .port_info 3 /INPUT 1 "wren";
    .port_info 4 /INPUT 1 "rden1";
    .port_info 5 /INPUT 1 "rden2";
    .port_info 6 /INOUT 1 "bitline1";
    .port_info 7 /INOUT 1 "bitline2";
L_000001cbfd4ba970 .functor BUFIF1 1, v000001cbfd348730_0, L_000001cbfd43ffa0, C4<0>, C4<0>;
L_000001cbfd4bc3b0 .functor BUFIF1 1, v000001cbfd348730_0, L_000001cbfd440ae0, C4<0>, C4<0>;
v000001cbfd348e10_0 .net8 "bitline1", 0 0, p000001cbfd265a78;  1 drivers, strength-aware
v000001cbfd348a50_0 .net8 "bitline2", 0 0, p000001cbfd265aa8;  1 drivers, strength-aware
v000001cbfd3478d0_0 .net "clk", 0 0, o000001cbfd243848;  alias, 0 drivers
v000001cbfd349090_0 .net "d", 0 0, L_000001cbfd43c940;  1 drivers
v000001cbfd348690_0 .net "q", 0 0, v000001cbfd348730_0;  1 drivers
v000001cbfd3475b0_0 .net "rden1", 0 0, L_000001cbfd43ffa0;  alias, 1 drivers
v000001cbfd349950_0 .net "rden2", 0 0, L_000001cbfd440ae0;  alias, 1 drivers
v000001cbfd349270_0 .net "rst", 0 0, o000001cbfd2438d8;  alias, 0 drivers
v000001cbfd348cd0_0 .net "wren", 0 0, L_000001cbfd43f140;  alias, 1 drivers
S_000001cbfd35b170 .scope module, "cell_dff" "dff" 5 19, 6 4 0, S_000001cbfd35afe0;
 .timescale 0 0;
    .port_info 0 /OUTPUT 1 "q";
    .port_info 1 /INPUT 1 "d";
    .port_info 2 /INPUT 1 "wen";
    .port_info 3 /INPUT 1 "clk";
    .port_info 4 /INPUT 1 "rst";
v000001cbfd348550_0 .net "clk", 0 0, o000001cbfd243848;  alias, 0 drivers
v000001cbfd3489b0_0 .net "d", 0 0, L_000001cbfd43c940;  alias, 1 drivers
v000001cbfd348730_0 .var "q", 0 0;
v000001cbfd348910_0 .net "rst", 0 0, o000001cbfd2438d8;  alias, 0 drivers
v000001cbfd349590_0 .net "wen", 0 0, L_000001cbfd43f140;  alias, 1 drivers
S_000001cbfd35cd90 .scope module, "bitcells[5]" "bit_cell" 4 14, 5 4 0, S_000001cbfd35d880;
 .timescale 0 0;
    .port_info 0 /INPUT 1 "clk";
    .port_info 1 /INPUT 1 "rst";
    .port_info 2 /INPUT 1 "d";
    .port_info 3 /INPUT 1 "wren";
    .port_info 4 /INPUT 1 "rden1";
    .port_info 5 /INPUT 1 "rden2";
    .port_info 6 /INOUT 1 "bitline1";
    .port_info 7 /INOUT 1 "bitline2";
L_000001cbfd4bbd90 .functor BUFIF1 1, v000001cbfd349310_0, L_000001cbfd43ffa0, C4<0>, C4<0>;
L_000001cbfd4baac0 .functor BUFIF1 1, v000001cbfd349310_0, L_000001cbfd440ae0, C4<0>, C4<0>;
v000001cbfd348190_0 .net8 "bitline1", 0 0, p000001cbfd265da8;  1 drivers, strength-aware
v000001cbfd348af0_0 .net8 "bitline2", 0 0, p000001cbfd265dd8;  1 drivers, strength-aware
v000001cbfd348eb0_0 .net "clk", 0 0, o000001cbfd243848;  alias, 0 drivers
v000001cbfd3493b0_0 .net "d", 0 0, L_000001cbfd43d200;  1 drivers
v000001cbfd347510_0 .net "q", 0 0, v000001cbfd349310_0;  1 drivers
v000001cbfd347dd0_0 .net "rden1", 0 0, L_000001cbfd43ffa0;  alias, 1 drivers
v000001cbfd3476f0_0 .net "rden2", 0 0, L_000001cbfd440ae0;  alias, 1 drivers
v000001cbfd348f50_0 .net "rst", 0 0, o000001cbfd2438d8;  alias, 0 drivers
v000001cbfd347ab0_0 .net "wren", 0 0, L_000001cbfd43f140;  alias, 1 drivers
S_000001cbfd35b300 .scope module, "cell_dff" "dff" 5 19, 6 4 0, S_000001cbfd35cd90;
 .timescale 0 0;
    .port_info 0 /OUTPUT 1 "q";
    .port_info 1 /INPUT 1 "d";
    .port_info 2 /INPUT 1 "wen";
    .port_info 3 /INPUT 1 "clk";
    .port_info 4 /INPUT 1 "rst";
v000001cbfd348d70_0 .net "clk", 0 0, o000001cbfd243848;  alias, 0 drivers
v000001cbfd3496d0_0 .net "d", 0 0, L_000001cbfd43d200;  alias, 1 drivers
v000001cbfd349310_0 .var "q", 0 0;
v000001cbfd347a10_0 .net "rst", 0 0, o000001cbfd2438d8;  alias, 0 drivers
v000001cbfd347fb0_0 .net "wen", 0 0, L_000001cbfd43f140;  alias, 1 drivers
S_000001cbfd35c430 .scope module, "bitcells[6]" "bit_cell" 4 14, 5 4 0, S_000001cbfd35d880;
 .timescale 0 0;
    .port_info 0 /INPUT 1 "clk";
    .port_info 1 /INPUT 1 "rst";
    .port_info 2 /INPUT 1 "d";
    .port_info 3 /INPUT 1 "wren";
    .port_info 4 /INPUT 1 "rden1";
    .port_info 5 /INPUT 1 "rden2";
    .port_info 6 /INOUT 1 "bitline1";
    .port_info 7 /INOUT 1 "bitline2";
L_000001cbfd4bb070 .functor BUFIF1 1, v000001cbfd347c90_0, L_000001cbfd43ffa0, C4<0>, C4<0>;
L_000001cbfd4baf90 .functor BUFIF1 1, v000001cbfd347c90_0, L_000001cbfd440ae0, C4<0>, C4<0>;
v000001cbfd348ff0_0 .net8 "bitline1", 0 0, p000001cbfd2660d8;  1 drivers, strength-aware
v000001cbfd347e70_0 .net8 "bitline2", 0 0, p000001cbfd266108;  1 drivers, strength-aware
v000001cbfd347970_0 .net "clk", 0 0, o000001cbfd243848;  alias, 0 drivers
v000001cbfd3487d0_0 .net "d", 0 0, L_000001cbfd43bd60;  1 drivers
v000001cbfd347790_0 .net "q", 0 0, v000001cbfd347c90_0;  1 drivers
v000001cbfd349130_0 .net "rden1", 0 0, L_000001cbfd43ffa0;  alias, 1 drivers
v000001cbfd347830_0 .net "rden2", 0 0, L_000001cbfd440ae0;  alias, 1 drivers
v000001cbfd3484b0_0 .net "rst", 0 0, o000001cbfd2438d8;  alias, 0 drivers
v000001cbfd349c70_0 .net "wren", 0 0, L_000001cbfd43f140;  alias, 1 drivers
S_000001cbfd35c5c0 .scope module, "cell_dff" "dff" 5 19, 6 4 0, S_000001cbfd35c430;
 .timescale 0 0;
    .port_info 0 /OUTPUT 1 "q";
    .port_info 1 /INPUT 1 "d";
    .port_info 2 /INPUT 1 "wen";
    .port_info 3 /INPUT 1 "clk";
    .port_info 4 /INPUT 1 "rst";
v000001cbfd348b90_0 .net "clk", 0 0, o000001cbfd243848;  alias, 0 drivers
v000001cbfd347650_0 .net "d", 0 0, L_000001cbfd43bd60;  alias, 1 drivers
v000001cbfd347c90_0 .var "q", 0 0;
v000001cbfd348050_0 .net "rst", 0 0, o000001cbfd2438d8;  alias, 0 drivers
v000001cbfd347d30_0 .net "wen", 0 0, L_000001cbfd43f140;  alias, 1 drivers
S_000001cbfd35c750 .scope module, "bitcells[7]" "bit_cell" 4 14, 5 4 0, S_000001cbfd35d880;
 .timescale 0 0;
    .port_info 0 /INPUT 1 "clk";
    .port_info 1 /INPUT 1 "rst";
    .port_info 2 /INPUT 1 "d";
    .port_info 3 /INPUT 1 "wren";
    .port_info 4 /INPUT 1 "rden1";
    .port_info 5 /INPUT 1 "rden2";
    .port_info 6 /INOUT 1 "bitline1";
    .port_info 7 /INOUT 1 "bitline2";
L_000001cbfd4bc420 .functor BUFIF1 1, v000001cbfd347f10_0, L_000001cbfd43ffa0, C4<0>, C4<0>;
L_000001cbfd4bb9a0 .functor BUFIF1 1, v000001cbfd347f10_0, L_000001cbfd440ae0, C4<0>, C4<0>;
v000001cbfd3491d0_0 .net8 "bitline1", 0 0, p000001cbfd266408;  1 drivers, strength-aware
v000001cbfd347bf0_0 .net8 "bitline2", 0 0, p000001cbfd266438;  1 drivers, strength-aware
v000001cbfd349810_0 .net "clk", 0 0, o000001cbfd243848;  alias, 0 drivers
v000001cbfd3480f0_0 .net "d", 0 0, L_000001cbfd43b540;  1 drivers
v000001cbfd348230_0 .net "q", 0 0, v000001cbfd347f10_0;  1 drivers
v000001cbfd3482d0_0 .net "rden1", 0 0, L_000001cbfd43ffa0;  alias, 1 drivers
v000001cbfd348370_0 .net "rden2", 0 0, L_000001cbfd440ae0;  alias, 1 drivers
v000001cbfd349450_0 .net "rst", 0 0, o000001cbfd2438d8;  alias, 0 drivers
v000001cbfd3494f0_0 .net "wren", 0 0, L_000001cbfd43f140;  alias, 1 drivers
S_000001cbfd35cc00 .scope module, "cell_dff" "dff" 5 19, 6 4 0, S_000001cbfd35c750;
 .timescale 0 0;
    .port_info 0 /OUTPUT 1 "q";
    .port_info 1 /INPUT 1 "d";
    .port_info 2 /INPUT 1 "wen";
    .port_info 3 /INPUT 1 "clk";
    .port_info 4 /INPUT 1 "rst";
v000001cbfd349630_0 .net "clk", 0 0, o000001cbfd243848;  alias, 0 drivers
v000001cbfd349770_0 .net "d", 0 0, L_000001cbfd43b540;  alias, 1 drivers
v000001cbfd347f10_0 .var "q", 0 0;
v000001cbfd347b50_0 .net "rst", 0 0, o000001cbfd2438d8;  alias, 0 drivers
v000001cbfd348870_0 .net "wen", 0 0, L_000001cbfd43f140;  alias, 1 drivers
S_000001cbfd35bf80 .scope module, "bitcells[8]" "bit_cell" 4 14, 5 4 0, S_000001cbfd35d880;
 .timescale 0 0;
    .port_info 0 /INPUT 1 "clk";
    .port_info 1 /INPUT 1 "rst";
    .port_info 2 /INPUT 1 "d";
    .port_info 3 /INPUT 1 "wren";
    .port_info 4 /INPUT 1 "rden1";
    .port_info 5 /INPUT 1 "rden2";
    .port_info 6 /INOUT 1 "bitline1";
    .port_info 7 /INOUT 1 "bitline2";
L_000001cbfd4bba10 .functor BUFIF1 1, v000001cbfd3485f0_0, L_000001cbfd43ffa0, C4<0>, C4<0>;
L_000001cbfd4bb620 .functor BUFIF1 1, v000001cbfd3485f0_0, L_000001cbfd440ae0, C4<0>, C4<0>;
v000001cbfd349b30_0 .net8 "bitline1", 0 0, p000001cbfd266738;  1 drivers, strength-aware
v000001cbfd349bd0_0 .net8 "bitline2", 0 0, p000001cbfd266768;  1 drivers, strength-aware
v000001cbfd34af30_0 .net "clk", 0 0, o000001cbfd243848;  alias, 0 drivers
v000001cbfd34bd90_0 .net "d", 0 0, L_000001cbfd43be00;  1 drivers
v000001cbfd34b610_0 .net "q", 0 0, v000001cbfd3485f0_0;  1 drivers
v000001cbfd34b110_0 .net "rden1", 0 0, L_000001cbfd43ffa0;  alias, 1 drivers
v000001cbfd34b930_0 .net "rden2", 0 0, L_000001cbfd440ae0;  alias, 1 drivers
v000001cbfd34a350_0 .net "rst", 0 0, o000001cbfd2438d8;  alias, 0 drivers
v000001cbfd349d10_0 .net "wren", 0 0, L_000001cbfd43f140;  alias, 1 drivers
S_000001cbfd35b490 .scope module, "cell_dff" "dff" 5 19, 6 4 0, S_000001cbfd35bf80;
 .timescale 0 0;
    .port_info 0 /OUTPUT 1 "q";
    .port_info 1 /INPUT 1 "d";
    .port_info 2 /INPUT 1 "wen";
    .port_info 3 /INPUT 1 "clk";
    .port_info 4 /INPUT 1 "rst";
v000001cbfd348410_0 .net "clk", 0 0, o000001cbfd243848;  alias, 0 drivers
v000001cbfd3498b0_0 .net "d", 0 0, L_000001cbfd43be00;  alias, 1 drivers
v000001cbfd3485f0_0 .var "q", 0 0;
v000001cbfd3499f0_0 .net "rst", 0 0, o000001cbfd2438d8;  alias, 0 drivers
v000001cbfd349a90_0 .net "wen", 0 0, L_000001cbfd43f140;  alias, 1 drivers
S_000001cbfd35b620 .scope module, "bitcells[9]" "bit_cell" 4 14, 5 4 0, S_000001cbfd35d880;
 .timescale 0 0;
    .port_info 0 /INPUT 1 "clk";
    .port_info 1 /INPUT 1 "rst";
    .port_info 2 /INPUT 1 "d";
    .port_info 3 /INPUT 1 "wren";
    .port_info 4 /INPUT 1 "rden1";
    .port_info 5 /INPUT 1 "rden2";
    .port_info 6 /INOUT 1 "bitline1";
    .port_info 7 /INOUT 1 "bitline2";
L_000001cbfd4bab30 .functor BUFIF1 1, v000001cbfd349e50_0, L_000001cbfd43ffa0, C4<0>, C4<0>;
L_000001cbfd4bb150 .functor BUFIF1 1, v000001cbfd349e50_0, L_000001cbfd440ae0, C4<0>, C4<0>;
v000001cbfd34b250_0 .net8 "bitline1", 0 0, p000001cbfd266a68;  1 drivers, strength-aware
v000001cbfd34aa30_0 .net8 "bitline2", 0 0, p000001cbfd266a98;  1 drivers, strength-aware
v000001cbfd34acb0_0 .net "clk", 0 0, o000001cbfd243848;  alias, 0 drivers
v000001cbfd34afd0_0 .net "d", 0 0, L_000001cbfd43d2a0;  1 drivers
v000001cbfd34c1f0_0 .net "q", 0 0, v000001cbfd349e50_0;  1 drivers
v000001cbfd349ef0_0 .net "rden1", 0 0, L_000001cbfd43ffa0;  alias, 1 drivers
v000001cbfd34bb10_0 .net "rden2", 0 0, L_000001cbfd440ae0;  alias, 1 drivers
v000001cbfd34b070_0 .net "rst", 0 0, o000001cbfd2438d8;  alias, 0 drivers
v000001cbfd34b1b0_0 .net "wren", 0 0, L_000001cbfd43f140;  alias, 1 drivers
S_000001cbfd35d0b0 .scope module, "cell_dff" "dff" 5 19, 6 4 0, S_000001cbfd35b620;
 .timescale 0 0;
    .port_info 0 /OUTPUT 1 "q";
    .port_info 1 /INPUT 1 "d";
    .port_info 2 /INPUT 1 "wen";
    .port_info 3 /INPUT 1 "clk";
    .port_info 4 /INPUT 1 "rst";
v000001cbfd34b890_0 .net "clk", 0 0, o000001cbfd243848;  alias, 0 drivers
v000001cbfd34c0b0_0 .net "d", 0 0, L_000001cbfd43d2a0;  alias, 1 drivers
v000001cbfd349e50_0 .var "q", 0 0;
v000001cbfd349db0_0 .net "rst", 0 0, o000001cbfd2438d8;  alias, 0 drivers
v000001cbfd34b4d0_0 .net "wen", 0 0, L_000001cbfd43f140;  alias, 1 drivers
S_000001cbfd35bc60 .scope module, "bitcells[10]" "bit_cell" 4 14, 5 4 0, S_000001cbfd35d880;
 .timescale 0 0;
    .port_info 0 /INPUT 1 "clk";
    .port_info 1 /INPUT 1 "rst";
    .port_info 2 /INPUT 1 "d";
    .port_info 3 /INPUT 1 "wren";
    .port_info 4 /INPUT 1 "rden1";
    .port_info 5 /INPUT 1 "rden2";
    .port_info 6 /INOUT 1 "bitline1";
    .port_info 7 /INOUT 1 "bitline2";
L_000001cbfd4bae40 .functor BUFIF1 1, v000001cbfd34a850_0, L_000001cbfd43ffa0, C4<0>, C4<0>;
L_000001cbfd4bbe70 .functor BUFIF1 1, v000001cbfd34a850_0, L_000001cbfd440ae0, C4<0>, C4<0>;
v000001cbfd34b430_0 .net8 "bitline1", 0 0, p000001cbfd266d98;  1 drivers, strength-aware
v000001cbfd34ab70_0 .net8 "bitline2", 0 0, p000001cbfd266dc8;  1 drivers, strength-aware
v000001cbfd34b570_0 .net "clk", 0 0, o000001cbfd243848;  alias, 0 drivers
v000001cbfd34b6b0_0 .net "d", 0 0, L_000001cbfd43ca80;  1 drivers
v000001cbfd34a8f0_0 .net "q", 0 0, v000001cbfd34a850_0;  1 drivers
v000001cbfd34c3d0_0 .net "rden1", 0 0, L_000001cbfd43ffa0;  alias, 1 drivers
v000001cbfd34b750_0 .net "rden2", 0 0, L_000001cbfd440ae0;  alias, 1 drivers
v000001cbfd34adf0_0 .net "rst", 0 0, o000001cbfd2438d8;  alias, 0 drivers
v000001cbfd34a530_0 .net "wren", 0 0, L_000001cbfd43f140;  alias, 1 drivers
S_000001cbfd35d3d0 .scope module, "cell_dff" "dff" 5 19, 6 4 0, S_000001cbfd35bc60;
 .timescale 0 0;
    .port_info 0 /OUTPUT 1 "q";
    .port_info 1 /INPUT 1 "d";
    .port_info 2 /INPUT 1 "wen";
    .port_info 3 /INPUT 1 "clk";
    .port_info 4 /INPUT 1 "rst";
v000001cbfd34ad50_0 .net "clk", 0 0, o000001cbfd243848;  alias, 0 drivers
v000001cbfd34bf70_0 .net "d", 0 0, L_000001cbfd43ca80;  alias, 1 drivers
v000001cbfd34a850_0 .var "q", 0 0;
v000001cbfd349f90_0 .net "rst", 0 0, o000001cbfd2438d8;  alias, 0 drivers
v000001cbfd34aad0_0 .net "wen", 0 0, L_000001cbfd43f140;  alias, 1 drivers
S_000001cbfd35bdf0 .scope module, "bitcells[11]" "bit_cell" 4 14, 5 4 0, S_000001cbfd35d880;
 .timescale 0 0;
    .port_info 0 /INPUT 1 "clk";
    .port_info 1 /INPUT 1 "rst";
    .port_info 2 /INPUT 1 "d";
    .port_info 3 /INPUT 1 "wren";
    .port_info 4 /INPUT 1 "rden1";
    .port_info 5 /INPUT 1 "rden2";
    .port_info 6 /INOUT 1 "bitline1";
    .port_info 7 /INOUT 1 "bitline2";
L_000001cbfd4bbe00 .functor BUFIF1 1, v000001cbfd34a7b0_0, L_000001cbfd43ffa0, C4<0>, C4<0>;
L_000001cbfd4bb1c0 .functor BUFIF1 1, v000001cbfd34a7b0_0, L_000001cbfd440ae0, C4<0>, C4<0>;
v000001cbfd34be30_0 .net8 "bitline1", 0 0, p000001cbfd2670c8;  1 drivers, strength-aware
v000001cbfd34a490_0 .net8 "bitline2", 0 0, p000001cbfd2670f8;  1 drivers, strength-aware
v000001cbfd34a030_0 .net "clk", 0 0, o000001cbfd243848;  alias, 0 drivers
v000001cbfd34b9d0_0 .net "d", 0 0, L_000001cbfd43ad20;  1 drivers
v000001cbfd34a0d0_0 .net "q", 0 0, v000001cbfd34a7b0_0;  1 drivers
v000001cbfd34a170_0 .net "rden1", 0 0, L_000001cbfd43ffa0;  alias, 1 drivers
v000001cbfd34a210_0 .net "rden2", 0 0, L_000001cbfd440ae0;  alias, 1 drivers
v000001cbfd34ba70_0 .net "rst", 0 0, o000001cbfd2438d8;  alias, 0 drivers
v000001cbfd34bbb0_0 .net "wren", 0 0, L_000001cbfd43f140;  alias, 1 drivers
S_000001cbfd35d240 .scope module, "cell_dff" "dff" 5 19, 6 4 0, S_000001cbfd35bdf0;
 .timescale 0 0;
    .port_info 0 /OUTPUT 1 "q";
    .port_info 1 /INPUT 1 "d";
    .port_info 2 /INPUT 1 "wen";
    .port_info 3 /INPUT 1 "clk";
    .port_info 4 /INPUT 1 "rst";
v000001cbfd34b2f0_0 .net "clk", 0 0, o000001cbfd243848;  alias, 0 drivers
v000001cbfd34ae90_0 .net "d", 0 0, L_000001cbfd43ad20;  alias, 1 drivers
v000001cbfd34a7b0_0 .var "q", 0 0;
v000001cbfd34b390_0 .net "rst", 0 0, o000001cbfd2438d8;  alias, 0 drivers
v000001cbfd34b7f0_0 .net "wen", 0 0, L_000001cbfd43f140;  alias, 1 drivers
S_000001cbfd35d560 .scope module, "bitcells[12]" "bit_cell" 4 14, 5 4 0, S_000001cbfd35d880;
 .timescale 0 0;
    .port_info 0 /INPUT 1 "clk";
    .port_info 1 /INPUT 1 "rst";
    .port_info 2 /INPUT 1 "d";
    .port_info 3 /INPUT 1 "wren";
    .port_info 4 /INPUT 1 "rden1";
    .port_info 5 /INPUT 1 "rden2";
    .port_info 6 /INOUT 1 "bitline1";
    .port_info 7 /INOUT 1 "bitline2";
L_000001cbfd4baba0 .functor BUFIF1 1, v000001cbfd34a2b0_0, L_000001cbfd43ffa0, C4<0>, C4<0>;
L_000001cbfd4bc030 .functor BUFIF1 1, v000001cbfd34a2b0_0, L_000001cbfd440ae0, C4<0>, C4<0>;
v000001cbfd34bed0_0 .net8 "bitline1", 0 0, p000001cbfd2673f8;  1 drivers, strength-aware
v000001cbfd34a3f0_0 .net8 "bitline2", 0 0, p000001cbfd267428;  1 drivers, strength-aware
v000001cbfd34a5d0_0 .net "clk", 0 0, o000001cbfd243848;  alias, 0 drivers
v000001cbfd34a710_0 .net "d", 0 0, L_000001cbfd43cb20;  1 drivers
v000001cbfd34c150_0 .net "q", 0 0, v000001cbfd34a2b0_0;  1 drivers
v000001cbfd34c010_0 .net "rden1", 0 0, L_000001cbfd43ffa0;  alias, 1 drivers
v000001cbfd34ac10_0 .net "rden2", 0 0, L_000001cbfd440ae0;  alias, 1 drivers
v000001cbfd34c290_0 .net "rst", 0 0, o000001cbfd2438d8;  alias, 0 drivers
v000001cbfd34c330_0 .net "wren", 0 0, L_000001cbfd43f140;  alias, 1 drivers
S_000001cbfd371280 .scope module, "cell_dff" "dff" 5 19, 6 4 0, S_000001cbfd35d560;
 .timescale 0 0;
    .port_info 0 /OUTPUT 1 "q";
    .port_info 1 /INPUT 1 "d";
    .port_info 2 /INPUT 1 "wen";
    .port_info 3 /INPUT 1 "clk";
    .port_info 4 /INPUT 1 "rst";
v000001cbfd34bc50_0 .net "clk", 0 0, o000001cbfd243848;  alias, 0 drivers
v000001cbfd34a990_0 .net "d", 0 0, L_000001cbfd43cb20;  alias, 1 drivers
v000001cbfd34a2b0_0 .var "q", 0 0;
v000001cbfd34a670_0 .net "rst", 0 0, o000001cbfd2438d8;  alias, 0 drivers
v000001cbfd34bcf0_0 .net "wen", 0 0, L_000001cbfd43f140;  alias, 1 drivers
S_000001cbfd3726d0 .scope module, "bitcells[13]" "bit_cell" 4 14, 5 4 0, S_000001cbfd35d880;
 .timescale 0 0;
    .port_info 0 /INPUT 1 "clk";
    .port_info 1 /INPUT 1 "rst";
    .port_info 2 /INPUT 1 "d";
    .port_info 3 /INPUT 1 "wren";
    .port_info 4 /INPUT 1 "rden1";
    .port_info 5 /INPUT 1 "rden2";
    .port_info 6 /INOUT 1 "bitline1";
    .port_info 7 /INOUT 1 "bitline2";
L_000001cbfd4bb230 .functor BUFIF1 1, v000001cbfd34e590_0, L_000001cbfd43ffa0, C4<0>, C4<0>;
L_000001cbfd4bb700 .functor BUFIF1 1, v000001cbfd34e590_0, L_000001cbfd440ae0, C4<0>, C4<0>;
v000001cbfd34e450_0 .net8 "bitline1", 0 0, p000001cbfd267728;  1 drivers, strength-aware
v000001cbfd34e8b0_0 .net8 "bitline2", 0 0, p000001cbfd267758;  1 drivers, strength-aware
v000001cbfd34c650_0 .net "clk", 0 0, o000001cbfd243848;  alias, 0 drivers
v000001cbfd34de10_0 .net "d", 0 0, L_000001cbfd43adc0;  1 drivers
v000001cbfd34dcd0_0 .net "q", 0 0, v000001cbfd34e590_0;  1 drivers
v000001cbfd34d730_0 .net "rden1", 0 0, L_000001cbfd43ffa0;  alias, 1 drivers
v000001cbfd34ce70_0 .net "rden2", 0 0, L_000001cbfd440ae0;  alias, 1 drivers
v000001cbfd34d690_0 .net "rst", 0 0, o000001cbfd2438d8;  alias, 0 drivers
v000001cbfd34e130_0 .net "wren", 0 0, L_000001cbfd43f140;  alias, 1 drivers
S_000001cbfd3729f0 .scope module, "cell_dff" "dff" 5 19, 6 4 0, S_000001cbfd3726d0;
 .timescale 0 0;
    .port_info 0 /OUTPUT 1 "q";
    .port_info 1 /INPUT 1 "d";
    .port_info 2 /INPUT 1 "wen";
    .port_info 3 /INPUT 1 "clk";
    .port_info 4 /INPUT 1 "rst";
v000001cbfd34c470_0 .net "clk", 0 0, o000001cbfd243848;  alias, 0 drivers
v000001cbfd34cc90_0 .net "d", 0 0, L_000001cbfd43adc0;  alias, 1 drivers
v000001cbfd34e590_0 .var "q", 0 0;
v000001cbfd34e3b0_0 .net "rst", 0 0, o000001cbfd2438d8;  alias, 0 drivers
v000001cbfd34daf0_0 .net "wen", 0 0, L_000001cbfd43f140;  alias, 1 drivers
S_000001cbfd3718c0 .scope module, "bitcells[14]" "bit_cell" 4 14, 5 4 0, S_000001cbfd35d880;
 .timescale 0 0;
    .port_info 0 /INPUT 1 "clk";
    .port_info 1 /INPUT 1 "rst";
    .port_info 2 /INPUT 1 "d";
    .port_info 3 /INPUT 1 "wren";
    .port_info 4 /INPUT 1 "rden1";
    .port_info 5 /INPUT 1 "rden2";
    .port_info 6 /INOUT 1 "bitline1";
    .port_info 7 /INOUT 1 "bitline2";
L_000001cbfd4bc180 .functor BUFIF1 1, v000001cbfd34e4f0_0, L_000001cbfd43ffa0, C4<0>, C4<0>;
L_000001cbfd4bb8c0 .functor BUFIF1 1, v000001cbfd34e4f0_0, L_000001cbfd440ae0, C4<0>, C4<0>;
v000001cbfd34d050_0 .net8 "bitline1", 0 0, p000001cbfd267a58;  1 drivers, strength-aware
v000001cbfd34e770_0 .net8 "bitline2", 0 0, p000001cbfd267a88;  1 drivers, strength-aware
v000001cbfd34d0f0_0 .net "clk", 0 0, o000001cbfd243848;  alias, 0 drivers
v000001cbfd34d5f0_0 .net "d", 0 0, L_000001cbfd43bcc0;  1 drivers
v000001cbfd34d230_0 .net "q", 0 0, v000001cbfd34e4f0_0;  1 drivers
v000001cbfd34cdd0_0 .net "rden1", 0 0, L_000001cbfd43ffa0;  alias, 1 drivers
v000001cbfd34d550_0 .net "rden2", 0 0, L_000001cbfd440ae0;  alias, 1 drivers
v000001cbfd34d9b0_0 .net "rst", 0 0, o000001cbfd2438d8;  alias, 0 drivers
v000001cbfd34da50_0 .net "wren", 0 0, L_000001cbfd43f140;  alias, 1 drivers
S_000001cbfd3723b0 .scope module, "cell_dff" "dff" 5 19, 6 4 0, S_000001cbfd3718c0;
 .timescale 0 0;
    .port_info 0 /OUTPUT 1 "q";
    .port_info 1 /INPUT 1 "d";
    .port_info 2 /INPUT 1 "wen";
    .port_info 3 /INPUT 1 "clk";
    .port_info 4 /INPUT 1 "rst";
v000001cbfd34e630_0 .net "clk", 0 0, o000001cbfd243848;  alias, 0 drivers
v000001cbfd34d7d0_0 .net "d", 0 0, L_000001cbfd43bcc0;  alias, 1 drivers
v000001cbfd34e4f0_0 .var "q", 0 0;
v000001cbfd34dc30_0 .net "rst", 0 0, o000001cbfd2438d8;  alias, 0 drivers
v000001cbfd34dd70_0 .net "wen", 0 0, L_000001cbfd43f140;  alias, 1 drivers
S_000001cbfd372860 .scope module, "bitcells[15]" "bit_cell" 4 14, 5 4 0, S_000001cbfd35d880;
 .timescale 0 0;
    .port_info 0 /INPUT 1 "clk";
    .port_info 1 /INPUT 1 "rst";
    .port_info 2 /INPUT 1 "d";
    .port_info 3 /INPUT 1 "wren";
    .port_info 4 /INPUT 1 "rden1";
    .port_info 5 /INPUT 1 "rden2";
    .port_info 6 /INOUT 1 "bitline1";
    .port_info 7 /INOUT 1 "bitline2";
L_000001cbfd4bba80 .functor BUFIF1 1, v000001cbfd34d870_0, L_000001cbfd43ffa0, C4<0>, C4<0>;
L_000001cbfd4bb2a0 .functor BUFIF1 1, v000001cbfd34d870_0, L_000001cbfd440ae0, C4<0>, C4<0>;
v000001cbfd34c830_0 .net8 "bitline1", 0 0, p000001cbfd267d88;  1 drivers, strength-aware
v000001cbfd34ca10_0 .net8 "bitline2", 0 0, p000001cbfd267db8;  1 drivers, strength-aware
v000001cbfd34cfb0_0 .net "clk", 0 0, o000001cbfd243848;  alias, 0 drivers
v000001cbfd34e950_0 .net "d", 0 0, L_000001cbfd43c300;  1 drivers
v000001cbfd34cd30_0 .net "q", 0 0, v000001cbfd34d870_0;  1 drivers
v000001cbfd34c6f0_0 .net "rden1", 0 0, L_000001cbfd43ffa0;  alias, 1 drivers
v000001cbfd34d4b0_0 .net "rden2", 0 0, L_000001cbfd440ae0;  alias, 1 drivers
v000001cbfd34ec70_0 .net "rst", 0 0, o000001cbfd2438d8;  alias, 0 drivers
v000001cbfd34d2d0_0 .net "wren", 0 0, L_000001cbfd43f140;  alias, 1 drivers
S_000001cbfd372090 .scope module, "cell_dff" "dff" 5 19, 6 4 0, S_000001cbfd372860;
 .timescale 0 0;
    .port_info 0 /OUTPUT 1 "q";
    .port_info 1 /INPUT 1 "d";
    .port_info 2 /INPUT 1 "wen";
    .port_info 3 /INPUT 1 "clk";
    .port_info 4 /INPUT 1 "rst";
v000001cbfd34cf10_0 .net "clk", 0 0, o000001cbfd243848;  alias, 0 drivers
v000001cbfd34d190_0 .net "d", 0 0, L_000001cbfd43c300;  alias, 1 drivers
v000001cbfd34d870_0 .var "q", 0 0;
v000001cbfd34c5b0_0 .net "rst", 0 0, o000001cbfd2438d8;  alias, 0 drivers
v000001cbfd34c790_0 .net "wen", 0 0, L_000001cbfd43f140;  alias, 1 drivers
S_000001cbfd372540 .scope module, "registers[11]" "register" 2 36, 4 4 0, S_000001cbfcbd3120;
 .timescale 0 0;
    .port_info 0 /INPUT 1 "clk";
    .port_info 1 /INPUT 1 "rst";
    .port_info 2 /INPUT 16 "d";
    .port_info 3 /INPUT 1 "write_reg";
    .port_info 4 /INPUT 1 "rden1";
    .port_info 5 /INPUT 1 "rden2";
    .port_info 6 /INOUT 16 "bitline1";
    .port_info 7 /INOUT 16 "bitline2";
v000001cbfd3579b0_0 .net8 "bitline1", 15 0, p000001cbfd246c38;  alias, 0 drivers, strength-aware
v000001cbfd356b50_0 .net8 "bitline2", 15 0, p000001cbfd246c68;  alias, 0 drivers, strength-aware
v000001cbfd3566f0_0 .net "clk", 0 0, o000001cbfd243848;  alias, 0 drivers
v000001cbfd356e70_0 .net "d", 15 0, o000001cbfd246c98;  alias, 0 drivers
v000001cbfd3589f0_0 .net "rden1", 0 0, L_000001cbfd441580;  1 drivers
v000001cbfd358450_0 .net "rden2", 0 0, L_000001cbfd442160;  1 drivers
v000001cbfd356a10_0 .net "rst", 0 0, o000001cbfd2438d8;  alias, 0 drivers
v000001cbfd356ab0_0 .net "write_reg", 0 0, L_000001cbfd43f320;  1 drivers
L_000001cbfd43b5e0 .part o000001cbfd246c98, 0, 1;
L_000001cbfd43ae60 .part o000001cbfd246c98, 1, 1;
L_000001cbfd43af00 .part o000001cbfd246c98, 2, 1;
L_000001cbfd43c760 .part o000001cbfd246c98, 3, 1;
L_000001cbfd43afa0 .part o000001cbfd246c98, 4, 1;
L_000001cbfd43ba40 .part o000001cbfd246c98, 5, 1;
L_000001cbfd43bea0 .part o000001cbfd246c98, 6, 1;
L_000001cbfd43b0e0 .part o000001cbfd246c98, 7, 1;
L_000001cbfd43c580 .part o000001cbfd246c98, 8, 1;
L_000001cbfd43b180 .part o000001cbfd246c98, 9, 1;
L_000001cbfd43b220 .part o000001cbfd246c98, 10, 1;
L_000001cbfd43b4a0 .part o000001cbfd246c98, 11, 1;
L_000001cbfd43b860 .part o000001cbfd246c98, 12, 1;
L_000001cbfd43b2c0 .part o000001cbfd246c98, 13, 1;
L_000001cbfd43b360 .part o000001cbfd246c98, 14, 1;
L_000001cbfd43c3a0 .part o000001cbfd246c98, 15, 1;
p000001cbfd268268 .port I000001cbfd121800, L_000001cbfd4bb770;
 .tranvp 16 1 0, I000001cbfd121800, p000001cbfd246c38 p000001cbfd268268;
p000001cbfd2685f8 .port I000001cbfd121800, L_000001cbfd4bb310;
 .tranvp 16 1 1, I000001cbfd121800, p000001cbfd246c38 p000001cbfd2685f8;
p000001cbfd268928 .port I000001cbfd121800, L_000001cbfd4bbb60;
 .tranvp 16 1 2, I000001cbfd121800, p000001cbfd246c38 p000001cbfd268928;
p000001cbfd268c58 .port I000001cbfd121800, L_000001cbfd4bc490;
 .tranvp 16 1 3, I000001cbfd121800, p000001cbfd246c38 p000001cbfd268c58;
p000001cbfd268f88 .port I000001cbfd121800, L_000001cbfd4bad60;
 .tranvp 16 1 4, I000001cbfd121800, p000001cbfd246c38 p000001cbfd268f88;
p000001cbfd2692b8 .port I000001cbfd121800, L_000001cbfd4bbc40;
 .tranvp 16 1 5, I000001cbfd121800, p000001cbfd246c38 p000001cbfd2692b8;
p000001cbfd2695e8 .port I000001cbfd121800, L_000001cbfd4baeb0;
 .tranvp 16 1 6, I000001cbfd121800, p000001cbfd246c38 p000001cbfd2695e8;
p000001cbfd269918 .port I000001cbfd121800, L_000001cbfd4bbfc0;
 .tranvp 16 1 7, I000001cbfd121800, p000001cbfd246c38 p000001cbfd269918;
p000001cbfd269c48 .port I000001cbfd121800, L_000001cbfd4ce5d0;
 .tranvp 16 1 8, I000001cbfd121800, p000001cbfd246c38 p000001cbfd269c48;
p000001cbfd269f78 .port I000001cbfd121800, L_000001cbfd4cf520;
 .tranvp 16 1 9, I000001cbfd121800, p000001cbfd246c38 p000001cbfd269f78;
p000001cbfd26a2a8 .port I000001cbfd121800, L_000001cbfd4cef00;
 .tranvp 16 1 10, I000001cbfd121800, p000001cbfd246c38 p000001cbfd26a2a8;
p000001cbfd26a5d8 .port I000001cbfd121800, L_000001cbfd4cefe0;
 .tranvp 16 1 11, I000001cbfd121800, p000001cbfd246c38 p000001cbfd26a5d8;
p000001cbfd26a908 .port I000001cbfd121800, L_000001cbfd4d0010;
 .tranvp 16 1 12, I000001cbfd121800, p000001cbfd246c38 p000001cbfd26a908;
p000001cbfd26ac38 .port I000001cbfd121800, L_000001cbfd4ce8e0;
 .tranvp 16 1 13, I000001cbfd121800, p000001cbfd246c38 p000001cbfd26ac38;
p000001cbfd26af68 .port I000001cbfd121800, L_000001cbfd4cf2f0;
 .tranvp 16 1 14, I000001cbfd121800, p000001cbfd246c38 p000001cbfd26af68;
p000001cbfd26b298 .port I000001cbfd121800, L_000001cbfd4cfec0;
 .tranvp 16 1 15, I000001cbfd121800, p000001cbfd246c38 p000001cbfd26b298;
p000001cbfd268298 .port I000001cbfd121380, L_000001cbfd4bbaf0;
 .tranvp 16 1 0, I000001cbfd121380, p000001cbfd246c68 p000001cbfd268298;
p000001cbfd268628 .port I000001cbfd121380, L_000001cbfd4bb690;
 .tranvp 16 1 1, I000001cbfd121380, p000001cbfd246c68 p000001cbfd268628;
p000001cbfd268958 .port I000001cbfd121380, L_000001cbfd4bb460;
 .tranvp 16 1 2, I000001cbfd121380, p000001cbfd246c68 p000001cbfd268958;
p000001cbfd268c88 .port I000001cbfd121380, L_000001cbfd4bac80;
 .tranvp 16 1 3, I000001cbfd121380, p000001cbfd246c68 p000001cbfd268c88;
p000001cbfd268fb8 .port I000001cbfd121380, L_000001cbfd4bbbd0;
 .tranvp 16 1 4, I000001cbfd121380, p000001cbfd246c68 p000001cbfd268fb8;
p000001cbfd2692e8 .port I000001cbfd121380, L_000001cbfd4bbcb0;
 .tranvp 16 1 5, I000001cbfd121380, p000001cbfd246c68 p000001cbfd2692e8;
p000001cbfd269618 .port I000001cbfd121380, L_000001cbfd4bbee0;
 .tranvp 16 1 6, I000001cbfd121380, p000001cbfd246c68 p000001cbfd269618;
p000001cbfd269948 .port I000001cbfd121380, L_000001cbfd4bc0a0;
 .tranvp 16 1 7, I000001cbfd121380, p000001cbfd246c68 p000001cbfd269948;
p000001cbfd269c78 .port I000001cbfd121380, L_000001cbfd4cf600;
 .tranvp 16 1 8, I000001cbfd121380, p000001cbfd246c68 p000001cbfd269c78;
p000001cbfd269fa8 .port I000001cbfd121380, L_000001cbfd4cef70;
 .tranvp 16 1 9, I000001cbfd121380, p000001cbfd246c68 p000001cbfd269fa8;
p000001cbfd26a2d8 .port I000001cbfd121380, L_000001cbfd4ceaa0;
 .tranvp 16 1 10, I000001cbfd121380, p000001cbfd246c68 p000001cbfd26a2d8;
p000001cbfd26a608 .port I000001cbfd121380, L_000001cbfd4cfde0;
 .tranvp 16 1 11, I000001cbfd121380, p000001cbfd246c68 p000001cbfd26a608;
p000001cbfd26a938 .port I000001cbfd121380, L_000001cbfd4cfe50;
 .tranvp 16 1 12, I000001cbfd121380, p000001cbfd246c68 p000001cbfd26a938;
p000001cbfd26ac68 .port I000001cbfd121380, L_000001cbfd4cebf0;
 .tranvp 16 1 13, I000001cbfd121380, p000001cbfd246c68 p000001cbfd26ac68;
p000001cbfd26af98 .port I000001cbfd121380, L_000001cbfd4ced40;
 .tranvp 16 1 14, I000001cbfd121380, p000001cbfd246c68 p000001cbfd26af98;
p000001cbfd26b2c8 .port I000001cbfd121380, L_000001cbfd4cf130;
 .tranvp 16 1 15, I000001cbfd121380, p000001cbfd246c68 p000001cbfd26b2c8;
S_000001cbfd3715a0 .scope module, "bitcells[0]" "bit_cell" 4 14, 5 4 0, S_000001cbfd372540;
 .timescale 0 0;
    .port_info 0 /INPUT 1 "clk";
    .port_info 1 /INPUT 1 "rst";
    .port_info 2 /INPUT 1 "d";
    .port_info 3 /INPUT 1 "wren";
    .port_info 4 /INPUT 1 "rden1";
    .port_info 5 /INPUT 1 "rden2";
    .port_info 6 /INOUT 1 "bitline1";
    .port_info 7 /INOUT 1 "bitline2";
L_000001cbfd4bb770 .functor BUFIF1 1, v000001cbfd34df50_0, L_000001cbfd441580, C4<0>, C4<0>;
L_000001cbfd4bbaf0 .functor BUFIF1 1, v000001cbfd34df50_0, L_000001cbfd442160, C4<0>, C4<0>;
v000001cbfd34e090_0 .net8 "bitline1", 0 0, p000001cbfd268268;  1 drivers, strength-aware
v000001cbfd34e1d0_0 .net8 "bitline2", 0 0, p000001cbfd268298;  1 drivers, strength-aware
v000001cbfd34cab0_0 .net "clk", 0 0, o000001cbfd243848;  alias, 0 drivers
v000001cbfd34c510_0 .net "d", 0 0, L_000001cbfd43b5e0;  1 drivers
v000001cbfd34e310_0 .net "q", 0 0, v000001cbfd34df50_0;  1 drivers
v000001cbfd34ea90_0 .net "rden1", 0 0, L_000001cbfd441580;  alias, 1 drivers
v000001cbfd34e810_0 .net "rden2", 0 0, L_000001cbfd442160;  alias, 1 drivers
v000001cbfd34eb30_0 .net "rst", 0 0, o000001cbfd2438d8;  alias, 0 drivers
v000001cbfd34ebd0_0 .net "wren", 0 0, L_000001cbfd43f320;  alias, 1 drivers
S_000001cbfd371d70 .scope module, "cell_dff" "dff" 5 19, 6 4 0, S_000001cbfd3715a0;
 .timescale 0 0;
    .port_info 0 /OUTPUT 1 "q";
    .port_info 1 /INPUT 1 "d";
    .port_info 2 /INPUT 1 "wen";
    .port_info 3 /INPUT 1 "clk";
    .port_info 4 /INPUT 1 "rst";
v000001cbfd34c970_0 .net "clk", 0 0, o000001cbfd243848;  alias, 0 drivers
v000001cbfd34deb0_0 .net "d", 0 0, L_000001cbfd43b5e0;  alias, 1 drivers
v000001cbfd34df50_0 .var "q", 0 0;
v000001cbfd34cbf0_0 .net "rst", 0 0, o000001cbfd2438d8;  alias, 0 drivers
v000001cbfd34dff0_0 .net "wen", 0 0, L_000001cbfd43f320;  alias, 1 drivers
S_000001cbfd3710f0 .scope module, "bitcells[1]" "bit_cell" 4 14, 5 4 0, S_000001cbfd372540;
 .timescale 0 0;
    .port_info 0 /INPUT 1 "clk";
    .port_info 1 /INPUT 1 "rst";
    .port_info 2 /INPUT 1 "d";
    .port_info 3 /INPUT 1 "wren";
    .port_info 4 /INPUT 1 "rden1";
    .port_info 5 /INPUT 1 "rden2";
    .port_info 6 /INOUT 1 "bitline1";
    .port_info 7 /INOUT 1 "bitline2";
L_000001cbfd4bb310 .functor BUFIF1 1, v000001cbfd351010_0, L_000001cbfd441580, C4<0>, C4<0>;
L_000001cbfd4bb690 .functor BUFIF1 1, v000001cbfd351010_0, L_000001cbfd442160, C4<0>, C4<0>;
v000001cbfd34fc10_0 .net8 "bitline1", 0 0, p000001cbfd2685f8;  1 drivers, strength-aware
v000001cbfd3509d0_0 .net8 "bitline2", 0 0, p000001cbfd268628;  1 drivers, strength-aware
v000001cbfd3507f0_0 .net "clk", 0 0, o000001cbfd243848;  alias, 0 drivers
v000001cbfd34f3f0_0 .net "d", 0 0, L_000001cbfd43ae60;  1 drivers
v000001cbfd34f710_0 .net "q", 0 0, v000001cbfd351010_0;  1 drivers
v000001cbfd350c50_0 .net "rden1", 0 0, L_000001cbfd441580;  alias, 1 drivers
v000001cbfd350e30_0 .net "rden2", 0 0, L_000001cbfd442160;  alias, 1 drivers
v000001cbfd3513d0_0 .net "rst", 0 0, o000001cbfd2438d8;  alias, 0 drivers
v000001cbfd34ff30_0 .net "wren", 0 0, L_000001cbfd43f320;  alias, 1 drivers
S_000001cbfd371f00 .scope module, "cell_dff" "dff" 5 19, 6 4 0, S_000001cbfd3710f0;
 .timescale 0 0;
    .port_info 0 /OUTPUT 1 "q";
    .port_info 1 /INPUT 1 "d";
    .port_info 2 /INPUT 1 "wen";
    .port_info 3 /INPUT 1 "clk";
    .port_info 4 /INPUT 1 "rst";
v000001cbfd34cb50_0 .net "clk", 0 0, o000001cbfd243848;  alias, 0 drivers
v000001cbfd350570_0 .net "d", 0 0, L_000001cbfd43ae60;  alias, 1 drivers
v000001cbfd351010_0 .var "q", 0 0;
v000001cbfd350930_0 .net "rst", 0 0, o000001cbfd2438d8;  alias, 0 drivers
v000001cbfd351330_0 .net "wen", 0 0, L_000001cbfd43f320;  alias, 1 drivers
S_000001cbfd371410 .scope module, "bitcells[2]" "bit_cell" 4 14, 5 4 0, S_000001cbfd372540;
 .timescale 0 0;
    .port_info 0 /INPUT 1 "clk";
    .port_info 1 /INPUT 1 "rst";
    .port_info 2 /INPUT 1 "d";
    .port_info 3 /INPUT 1 "wren";
    .port_info 4 /INPUT 1 "rden1";
    .port_info 5 /INPUT 1 "rden2";
    .port_info 6 /INOUT 1 "bitline1";
    .port_info 7 /INOUT 1 "bitline2";
L_000001cbfd4bbb60 .functor BUFIF1 1, v000001cbfd350b10_0, L_000001cbfd441580, C4<0>, C4<0>;
L_000001cbfd4bb460 .functor BUFIF1 1, v000001cbfd350b10_0, L_000001cbfd442160, C4<0>, C4<0>;
v000001cbfd350430_0 .net8 "bitline1", 0 0, p000001cbfd268928;  1 drivers, strength-aware
v000001cbfd34ef90_0 .net8 "bitline2", 0 0, p000001cbfd268958;  1 drivers, strength-aware
v000001cbfd34f170_0 .net "clk", 0 0, o000001cbfd243848;  alias, 0 drivers
v000001cbfd34f210_0 .net "d", 0 0, L_000001cbfd43af00;  1 drivers
v000001cbfd34fd50_0 .net "q", 0 0, v000001cbfd350b10_0;  1 drivers
v000001cbfd34edb0_0 .net "rden1", 0 0, L_000001cbfd441580;  alias, 1 drivers
v000001cbfd34f850_0 .net "rden2", 0 0, L_000001cbfd442160;  alias, 1 drivers
v000001cbfd34fdf0_0 .net "rst", 0 0, o000001cbfd2438d8;  alias, 0 drivers
v000001cbfd34ee50_0 .net "wren", 0 0, L_000001cbfd43f320;  alias, 1 drivers
S_000001cbfd371730 .scope module, "cell_dff" "dff" 5 19, 6 4 0, S_000001cbfd371410;
 .timescale 0 0;
    .port_info 0 /OUTPUT 1 "q";
    .port_info 1 /INPUT 1 "d";
    .port_info 2 /INPUT 1 "wen";
    .port_info 3 /INPUT 1 "clk";
    .port_info 4 /INPUT 1 "rst";
v000001cbfd34fa30_0 .net "clk", 0 0, o000001cbfd243848;  alias, 0 drivers
v000001cbfd350f70_0 .net "d", 0 0, L_000001cbfd43af00;  alias, 1 drivers
v000001cbfd350b10_0 .var "q", 0 0;
v000001cbfd34f8f0_0 .net "rst", 0 0, o000001cbfd2438d8;  alias, 0 drivers
v000001cbfd34ffd0_0 .net "wen", 0 0, L_000001cbfd43f320;  alias, 1 drivers
S_000001cbfd371a50 .scope module, "bitcells[3]" "bit_cell" 4 14, 5 4 0, S_000001cbfd372540;
 .timescale 0 0;
    .port_info 0 /INPUT 1 "clk";
    .port_info 1 /INPUT 1 "rst";
    .port_info 2 /INPUT 1 "d";
    .port_info 3 /INPUT 1 "wren";
    .port_info 4 /INPUT 1 "rden1";
    .port_info 5 /INPUT 1 "rden2";
    .port_info 6 /INOUT 1 "bitline1";
    .port_info 7 /INOUT 1 "bitline2";
L_000001cbfd4bc490 .functor BUFIF1 1, v000001cbfd3501b0_0, L_000001cbfd441580, C4<0>, C4<0>;
L_000001cbfd4bac80 .functor BUFIF1 1, v000001cbfd3501b0_0, L_000001cbfd442160, C4<0>, C4<0>;
v000001cbfd351150_0 .net8 "bitline1", 0 0, p000001cbfd268c58;  1 drivers, strength-aware
v000001cbfd3504d0_0 .net8 "bitline2", 0 0, p000001cbfd268c88;  1 drivers, strength-aware
v000001cbfd3506b0_0 .net "clk", 0 0, o000001cbfd243848;  alias, 0 drivers
v000001cbfd34fb70_0 .net "d", 0 0, L_000001cbfd43c760;  1 drivers
v000001cbfd34f2b0_0 .net "q", 0 0, v000001cbfd3501b0_0;  1 drivers
v000001cbfd34f5d0_0 .net "rden1", 0 0, L_000001cbfd441580;  alias, 1 drivers
v000001cbfd3510b0_0 .net "rden2", 0 0, L_000001cbfd442160;  alias, 1 drivers
v000001cbfd34fad0_0 .net "rst", 0 0, o000001cbfd2438d8;  alias, 0 drivers
v000001cbfd34fcb0_0 .net "wren", 0 0, L_000001cbfd43f320;  alias, 1 drivers
S_000001cbfd371be0 .scope module, "cell_dff" "dff" 5 19, 6 4 0, S_000001cbfd371a50;
 .timescale 0 0;
    .port_info 0 /OUTPUT 1 "q";
    .port_info 1 /INPUT 1 "d";
    .port_info 2 /INPUT 1 "wen";
    .port_info 3 /INPUT 1 "clk";
    .port_info 4 /INPUT 1 "rst";
v000001cbfd350a70_0 .net "clk", 0 0, o000001cbfd243848;  alias, 0 drivers
v000001cbfd350610_0 .net "d", 0 0, L_000001cbfd43c760;  alias, 1 drivers
v000001cbfd3501b0_0 .var "q", 0 0;
v000001cbfd34f0d0_0 .net "rst", 0 0, o000001cbfd2438d8;  alias, 0 drivers
v000001cbfd34f990_0 .net "wen", 0 0, L_000001cbfd43f320;  alias, 1 drivers
S_000001cbfd372220 .scope module, "bitcells[4]" "bit_cell" 4 14, 5 4 0, S_000001cbfd372540;
 .timescale 0 0;
    .port_info 0 /INPUT 1 "clk";
    .port_info 1 /INPUT 1 "rst";
    .port_info 2 /INPUT 1 "d";
    .port_info 3 /INPUT 1 "wren";
    .port_info 4 /INPUT 1 "rden1";
    .port_info 5 /INPUT 1 "rden2";
    .port_info 6 /INOUT 1 "bitline1";
    .port_info 7 /INOUT 1 "bitline2";
L_000001cbfd4bad60 .functor BUFIF1 1, v000001cbfd350070_0, L_000001cbfd441580, C4<0>, C4<0>;
L_000001cbfd4bbbd0 .functor BUFIF1 1, v000001cbfd350070_0, L_000001cbfd442160, C4<0>, C4<0>;
v000001cbfd350890_0 .net8 "bitline1", 0 0, p000001cbfd268f88;  1 drivers, strength-aware
v000001cbfd351290_0 .net8 "bitline2", 0 0, p000001cbfd268fb8;  1 drivers, strength-aware
v000001cbfd351470_0 .net "clk", 0 0, o000001cbfd243848;  alias, 0 drivers
v000001cbfd34f7b0_0 .net "d", 0 0, L_000001cbfd43afa0;  1 drivers
v000001cbfd34f670_0 .net "q", 0 0, v000001cbfd350070_0;  1 drivers
v000001cbfd34ed10_0 .net "rden1", 0 0, L_000001cbfd441580;  alias, 1 drivers
v000001cbfd34fe90_0 .net "rden2", 0 0, L_000001cbfd442160;  alias, 1 drivers
v000001cbfd34eef0_0 .net "rst", 0 0, o000001cbfd2438d8;  alias, 0 drivers
v000001cbfd350750_0 .net "wren", 0 0, L_000001cbfd43f320;  alias, 1 drivers
S_000001cbfd370600 .scope module, "cell_dff" "dff" 5 19, 6 4 0, S_000001cbfd372220;
 .timescale 0 0;
    .port_info 0 /OUTPUT 1 "q";
    .port_info 1 /INPUT 1 "d";
    .port_info 2 /INPUT 1 "wen";
    .port_info 3 /INPUT 1 "clk";
    .port_info 4 /INPUT 1 "rst";
v000001cbfd3511f0_0 .net "clk", 0 0, o000001cbfd243848;  alias, 0 drivers
v000001cbfd350ed0_0 .net "d", 0 0, L_000001cbfd43afa0;  alias, 1 drivers
v000001cbfd350070_0 .var "q", 0 0;
v000001cbfd350110_0 .net "rst", 0 0, o000001cbfd2438d8;  alias, 0 drivers
v000001cbfd34f490_0 .net "wen", 0 0, L_000001cbfd43f320;  alias, 1 drivers
S_000001cbfd370790 .scope module, "bitcells[5]" "bit_cell" 4 14, 5 4 0, S_000001cbfd372540;
 .timescale 0 0;
    .port_info 0 /INPUT 1 "clk";
    .port_info 1 /INPUT 1 "rst";
    .port_info 2 /INPUT 1 "d";
    .port_info 3 /INPUT 1 "wren";
    .port_info 4 /INPUT 1 "rden1";
    .port_info 5 /INPUT 1 "rden2";
    .port_info 6 /INOUT 1 "bitline1";
    .port_info 7 /INOUT 1 "bitline2";
L_000001cbfd4bbc40 .functor BUFIF1 1, v000001cbfd350bb0_0, L_000001cbfd441580, C4<0>, C4<0>;
L_000001cbfd4bbcb0 .functor BUFIF1 1, v000001cbfd350bb0_0, L_000001cbfd442160, C4<0>, C4<0>;
v000001cbfd350cf0_0 .net8 "bitline1", 0 0, p000001cbfd2692b8;  1 drivers, strength-aware
v000001cbfd350d90_0 .net8 "bitline2", 0 0, p000001cbfd2692e8;  1 drivers, strength-aware
v000001cbfd34f350_0 .net "clk", 0 0, o000001cbfd243848;  alias, 0 drivers
v000001cbfd34f530_0 .net "d", 0 0, L_000001cbfd43ba40;  1 drivers
v000001cbfd352ff0_0 .net "q", 0 0, v000001cbfd350bb0_0;  1 drivers
v000001cbfd352050_0 .net "rden1", 0 0, L_000001cbfd441580;  alias, 1 drivers
v000001cbfd351f10_0 .net "rden2", 0 0, L_000001cbfd442160;  alias, 1 drivers
v000001cbfd351fb0_0 .net "rst", 0 0, o000001cbfd2438d8;  alias, 0 drivers
v000001cbfd353450_0 .net "wren", 0 0, L_000001cbfd43f320;  alias, 1 drivers
S_000001cbfd36b970 .scope module, "cell_dff" "dff" 5 19, 6 4 0, S_000001cbfd370790;
 .timescale 0 0;
    .port_info 0 /OUTPUT 1 "q";
    .port_info 1 /INPUT 1 "d";
    .port_info 2 /INPUT 1 "wen";
    .port_info 3 /INPUT 1 "clk";
    .port_info 4 /INPUT 1 "rst";
v000001cbfd350250_0 .net "clk", 0 0, o000001cbfd243848;  alias, 0 drivers
v000001cbfd3502f0_0 .net "d", 0 0, L_000001cbfd43ba40;  alias, 1 drivers
v000001cbfd350bb0_0 .var "q", 0 0;
v000001cbfd34f030_0 .net "rst", 0 0, o000001cbfd2438d8;  alias, 0 drivers
v000001cbfd350390_0 .net "wen", 0 0, L_000001cbfd43f320;  alias, 1 drivers
S_000001cbfd36e850 .scope module, "bitcells[6]" "bit_cell" 4 14, 5 4 0, S_000001cbfd372540;
 .timescale 0 0;
    .port_info 0 /INPUT 1 "clk";
    .port_info 1 /INPUT 1 "rst";
    .port_info 2 /INPUT 1 "d";
    .port_info 3 /INPUT 1 "wren";
    .port_info 4 /INPUT 1 "rden1";
    .port_info 5 /INPUT 1 "rden2";
    .port_info 6 /INOUT 1 "bitline1";
    .port_info 7 /INOUT 1 "bitline2";
L_000001cbfd4baeb0 .functor BUFIF1 1, v000001cbfd351a10_0, L_000001cbfd441580, C4<0>, C4<0>;
L_000001cbfd4bbee0 .functor BUFIF1 1, v000001cbfd351a10_0, L_000001cbfd442160, C4<0>, C4<0>;
v000001cbfd353630_0 .net8 "bitline1", 0 0, p000001cbfd2695e8;  1 drivers, strength-aware
v000001cbfd351650_0 .net8 "bitline2", 0 0, p000001cbfd269618;  1 drivers, strength-aware
v000001cbfd351e70_0 .net "clk", 0 0, o000001cbfd243848;  alias, 0 drivers
v000001cbfd352c30_0 .net "d", 0 0, L_000001cbfd43bea0;  1 drivers
v000001cbfd353950_0 .net "q", 0 0, v000001cbfd351a10_0;  1 drivers
v000001cbfd352370_0 .net "rden1", 0 0, L_000001cbfd441580;  alias, 1 drivers
v000001cbfd351970_0 .net "rden2", 0 0, L_000001cbfd442160;  alias, 1 drivers
v000001cbfd352d70_0 .net "rst", 0 0, o000001cbfd2438d8;  alias, 0 drivers
v000001cbfd351ab0_0 .net "wren", 0 0, L_000001cbfd43f320;  alias, 1 drivers
S_000001cbfd36d8b0 .scope module, "cell_dff" "dff" 5 19, 6 4 0, S_000001cbfd36e850;
 .timescale 0 0;
    .port_info 0 /OUTPUT 1 "q";
    .port_info 1 /INPUT 1 "d";
    .port_info 2 /INPUT 1 "wen";
    .port_info 3 /INPUT 1 "clk";
    .port_info 4 /INPUT 1 "rst";
v000001cbfd353090_0 .net "clk", 0 0, o000001cbfd243848;  alias, 0 drivers
v000001cbfd352cd0_0 .net "d", 0 0, L_000001cbfd43bea0;  alias, 1 drivers
v000001cbfd351a10_0 .var "q", 0 0;
v000001cbfd3539f0_0 .net "rst", 0 0, o000001cbfd2438d8;  alias, 0 drivers
v000001cbfd353770_0 .net "wen", 0 0, L_000001cbfd43f320;  alias, 1 drivers
S_000001cbfd36cdc0 .scope module, "bitcells[7]" "bit_cell" 4 14, 5 4 0, S_000001cbfd372540;
 .timescale 0 0;
    .port_info 0 /INPUT 1 "clk";
    .port_info 1 /INPUT 1 "rst";
    .port_info 2 /INPUT 1 "d";
    .port_info 3 /INPUT 1 "wren";
    .port_info 4 /INPUT 1 "rden1";
    .port_info 5 /INPUT 1 "rden2";
    .port_info 6 /INOUT 1 "bitline1";
    .port_info 7 /INOUT 1 "bitline2";
L_000001cbfd4bbfc0 .functor BUFIF1 1, v000001cbfd351790_0, L_000001cbfd441580, C4<0>, C4<0>;
L_000001cbfd4bc0a0 .functor BUFIF1 1, v000001cbfd351790_0, L_000001cbfd442160, C4<0>, C4<0>;
v000001cbfd352190_0 .net8 "bitline1", 0 0, p000001cbfd269918;  1 drivers, strength-aware
v000001cbfd353130_0 .net8 "bitline2", 0 0, p000001cbfd269948;  1 drivers, strength-aware
v000001cbfd351b50_0 .net "clk", 0 0, o000001cbfd243848;  alias, 0 drivers
v000001cbfd3515b0_0 .net "d", 0 0, L_000001cbfd43b0e0;  1 drivers
v000001cbfd353b30_0 .net "q", 0 0, v000001cbfd351790_0;  1 drivers
v000001cbfd352e10_0 .net "rden1", 0 0, L_000001cbfd441580;  alias, 1 drivers
v000001cbfd352230_0 .net "rden2", 0 0, L_000001cbfd442160;  alias, 1 drivers
v000001cbfd3531d0_0 .net "rst", 0 0, o000001cbfd2438d8;  alias, 0 drivers
v000001cbfd352eb0_0 .net "wren", 0 0, L_000001cbfd43f320;  alias, 1 drivers
S_000001cbfd36e080 .scope module, "cell_dff" "dff" 5 19, 6 4 0, S_000001cbfd36cdc0;
 .timescale 0 0;
    .port_info 0 /OUTPUT 1 "q";
    .port_info 1 /INPUT 1 "d";
    .port_info 2 /INPUT 1 "wen";
    .port_info 3 /INPUT 1 "clk";
    .port_info 4 /INPUT 1 "rst";
v000001cbfd3516f0_0 .net "clk", 0 0, o000001cbfd243848;  alias, 0 drivers
v000001cbfd352910_0 .net "d", 0 0, L_000001cbfd43b0e0;  alias, 1 drivers
v000001cbfd351790_0 .var "q", 0 0;
v000001cbfd3520f0_0 .net "rst", 0 0, o000001cbfd2438d8;  alias, 0 drivers
v000001cbfd353a90_0 .net "wen", 0 0, L_000001cbfd43f320;  alias, 1 drivers
S_000001cbfd36c140 .scope module, "bitcells[8]" "bit_cell" 4 14, 5 4 0, S_000001cbfd372540;
 .timescale 0 0;
    .port_info 0 /INPUT 1 "clk";
    .port_info 1 /INPUT 1 "rst";
    .port_info 2 /INPUT 1 "d";
    .port_info 3 /INPUT 1 "wren";
    .port_info 4 /INPUT 1 "rden1";
    .port_info 5 /INPUT 1 "rden2";
    .port_info 6 /INOUT 1 "bitline1";
    .port_info 7 /INOUT 1 "bitline2";
L_000001cbfd4ce5d0 .functor BUFIF1 1, v000001cbfd3522d0_0, L_000001cbfd441580, C4<0>, C4<0>;
L_000001cbfd4cf600 .functor BUFIF1 1, v000001cbfd3522d0_0, L_000001cbfd442160, C4<0>, C4<0>;
v000001cbfd352f50_0 .net8 "bitline1", 0 0, p000001cbfd269c48;  1 drivers, strength-aware
v000001cbfd353270_0 .net8 "bitline2", 0 0, p000001cbfd269c78;  1 drivers, strength-aware
v000001cbfd3533b0_0 .net "clk", 0 0, o000001cbfd243848;  alias, 0 drivers
v000001cbfd353310_0 .net "d", 0 0, L_000001cbfd43c580;  1 drivers
v000001cbfd351bf0_0 .net "q", 0 0, v000001cbfd3522d0_0;  1 drivers
v000001cbfd3534f0_0 .net "rden1", 0 0, L_000001cbfd441580;  alias, 1 drivers
v000001cbfd351830_0 .net "rden2", 0 0, L_000001cbfd442160;  alias, 1 drivers
v000001cbfd351c90_0 .net "rst", 0 0, o000001cbfd2438d8;  alias, 0 drivers
v000001cbfd352410_0 .net "wren", 0 0, L_000001cbfd43f320;  alias, 1 drivers
S_000001cbfd36bfb0 .scope module, "cell_dff" "dff" 5 19, 6 4 0, S_000001cbfd36c140;
 .timescale 0 0;
    .port_info 0 /OUTPUT 1 "q";
    .port_info 1 /INPUT 1 "d";
    .port_info 2 /INPUT 1 "wen";
    .port_info 3 /INPUT 1 "clk";
    .port_info 4 /INPUT 1 "rst";
v000001cbfd352af0_0 .net "clk", 0 0, o000001cbfd243848;  alias, 0 drivers
v000001cbfd352690_0 .net "d", 0 0, L_000001cbfd43c580;  alias, 1 drivers
v000001cbfd3522d0_0 .var "q", 0 0;
v000001cbfd3527d0_0 .net "rst", 0 0, o000001cbfd2438d8;  alias, 0 drivers
v000001cbfd352b90_0 .net "wen", 0 0, L_000001cbfd43f320;  alias, 1 drivers
S_000001cbfd370470 .scope module, "bitcells[9]" "bit_cell" 4 14, 5 4 0, S_000001cbfd372540;
 .timescale 0 0;
    .port_info 0 /INPUT 1 "clk";
    .port_info 1 /INPUT 1 "rst";
    .port_info 2 /INPUT 1 "d";
    .port_info 3 /INPUT 1 "wren";
    .port_info 4 /INPUT 1 "rden1";
    .port_info 5 /INPUT 1 "rden2";
    .port_info 6 /INOUT 1 "bitline1";
    .port_info 7 /INOUT 1 "bitline2";
L_000001cbfd4cf520 .functor BUFIF1 1, v000001cbfd3536d0_0, L_000001cbfd441580, C4<0>, C4<0>;
L_000001cbfd4cef70 .functor BUFIF1 1, v000001cbfd3536d0_0, L_000001cbfd442160, C4<0>, C4<0>;
v000001cbfd353bd0_0 .net8 "bitline1", 0 0, p000001cbfd269f78;  1 drivers, strength-aware
v000001cbfd353c70_0 .net8 "bitline2", 0 0, p000001cbfd269fa8;  1 drivers, strength-aware
v000001cbfd351510_0 .net "clk", 0 0, o000001cbfd243848;  alias, 0 drivers
v000001cbfd351d30_0 .net "d", 0 0, L_000001cbfd43b180;  1 drivers
v000001cbfd351dd0_0 .net "q", 0 0, v000001cbfd3536d0_0;  1 drivers
v000001cbfd3524b0_0 .net "rden1", 0 0, L_000001cbfd441580;  alias, 1 drivers
v000001cbfd352730_0 .net "rden2", 0 0, L_000001cbfd442160;  alias, 1 drivers
v000001cbfd352550_0 .net "rst", 0 0, o000001cbfd2438d8;  alias, 0 drivers
v000001cbfd3525f0_0 .net "wren", 0 0, L_000001cbfd43f320;  alias, 1 drivers
S_000001cbfd36bc90 .scope module, "cell_dff" "dff" 5 19, 6 4 0, S_000001cbfd370470;
 .timescale 0 0;
    .port_info 0 /OUTPUT 1 "q";
    .port_info 1 /INPUT 1 "d";
    .port_info 2 /INPUT 1 "wen";
    .port_info 3 /INPUT 1 "clk";
    .port_info 4 /INPUT 1 "rst";
v000001cbfd3518d0_0 .net "clk", 0 0, o000001cbfd243848;  alias, 0 drivers
v000001cbfd353590_0 .net "d", 0 0, L_000001cbfd43b180;  alias, 1 drivers
v000001cbfd3536d0_0 .var "q", 0 0;
v000001cbfd353810_0 .net "rst", 0 0, o000001cbfd2438d8;  alias, 0 drivers
v000001cbfd3538b0_0 .net "wen", 0 0, L_000001cbfd43f320;  alias, 1 drivers
S_000001cbfd370920 .scope module, "bitcells[10]" "bit_cell" 4 14, 5 4 0, S_000001cbfd372540;
 .timescale 0 0;
    .port_info 0 /INPUT 1 "clk";
    .port_info 1 /INPUT 1 "rst";
    .port_info 2 /INPUT 1 "d";
    .port_info 3 /INPUT 1 "wren";
    .port_info 4 /INPUT 1 "rden1";
    .port_info 5 /INPUT 1 "rden2";
    .port_info 6 /INOUT 1 "bitline1";
    .port_info 7 /INOUT 1 "bitline2";
L_000001cbfd4cef00 .functor BUFIF1 1, v000001cbfd352a50_0, L_000001cbfd441580, C4<0>, C4<0>;
L_000001cbfd4ceaa0 .functor BUFIF1 1, v000001cbfd352a50_0, L_000001cbfd442160, C4<0>, C4<0>;
v000001cbfd354d50_0 .net8 "bitline1", 0 0, p000001cbfd26a2a8;  1 drivers, strength-aware
v000001cbfd353db0_0 .net8 "bitline2", 0 0, p000001cbfd26a2d8;  1 drivers, strength-aware
v000001cbfd356470_0 .net "clk", 0 0, o000001cbfd243848;  alias, 0 drivers
v000001cbfd353e50_0 .net "d", 0 0, L_000001cbfd43b220;  1 drivers
v000001cbfd354c10_0 .net "q", 0 0, v000001cbfd352a50_0;  1 drivers
v000001cbfd354df0_0 .net "rden1", 0 0, L_000001cbfd441580;  alias, 1 drivers
v000001cbfd3551b0_0 .net "rden2", 0 0, L_000001cbfd442160;  alias, 1 drivers
v000001cbfd355250_0 .net "rst", 0 0, o000001cbfd2438d8;  alias, 0 drivers
v000001cbfd355cf0_0 .net "wren", 0 0, L_000001cbfd43f320;  alias, 1 drivers
S_000001cbfd36dbd0 .scope module, "cell_dff" "dff" 5 19, 6 4 0, S_000001cbfd370920;
 .timescale 0 0;
    .port_info 0 /OUTPUT 1 "q";
    .port_info 1 /INPUT 1 "d";
    .port_info 2 /INPUT 1 "wen";
    .port_info 3 /INPUT 1 "clk";
    .port_info 4 /INPUT 1 "rst";
v000001cbfd352870_0 .net "clk", 0 0, o000001cbfd243848;  alias, 0 drivers
v000001cbfd3529b0_0 .net "d", 0 0, L_000001cbfd43b220;  alias, 1 drivers
v000001cbfd352a50_0 .var "q", 0 0;
v000001cbfd355430_0 .net "rst", 0 0, o000001cbfd2438d8;  alias, 0 drivers
v000001cbfd356150_0 .net "wen", 0 0, L_000001cbfd43f320;  alias, 1 drivers
S_000001cbfd36caa0 .scope module, "bitcells[11]" "bit_cell" 4 14, 5 4 0, S_000001cbfd372540;
 .timescale 0 0;
    .port_info 0 /INPUT 1 "clk";
    .port_info 1 /INPUT 1 "rst";
    .port_info 2 /INPUT 1 "d";
    .port_info 3 /INPUT 1 "wren";
    .port_info 4 /INPUT 1 "rden1";
    .port_info 5 /INPUT 1 "rden2";
    .port_info 6 /INOUT 1 "bitline1";
    .port_info 7 /INOUT 1 "bitline2";
L_000001cbfd4cefe0 .functor BUFIF1 1, v000001cbfd354210_0, L_000001cbfd441580, C4<0>, C4<0>;
L_000001cbfd4cfde0 .functor BUFIF1 1, v000001cbfd354210_0, L_000001cbfd442160, C4<0>, C4<0>;
v000001cbfd354b70_0 .net8 "bitline1", 0 0, p000001cbfd26a5d8;  1 drivers, strength-aware
v000001cbfd354fd0_0 .net8 "bitline2", 0 0, p000001cbfd26a608;  1 drivers, strength-aware
v000001cbfd354e90_0 .net "clk", 0 0, o000001cbfd243848;  alias, 0 drivers
v000001cbfd354030_0 .net "d", 0 0, L_000001cbfd43b4a0;  1 drivers
v000001cbfd355930_0 .net "q", 0 0, v000001cbfd354210_0;  1 drivers
v000001cbfd354cb0_0 .net "rden1", 0 0, L_000001cbfd441580;  alias, 1 drivers
v000001cbfd353d10_0 .net "rden2", 0 0, L_000001cbfd442160;  alias, 1 drivers
v000001cbfd354490_0 .net "rst", 0 0, o000001cbfd2438d8;  alias, 0 drivers
v000001cbfd3554d0_0 .net "wren", 0 0, L_000001cbfd43f320;  alias, 1 drivers
S_000001cbfd36d400 .scope module, "cell_dff" "dff" 5 19, 6 4 0, S_000001cbfd36caa0;
 .timescale 0 0;
    .port_info 0 /OUTPUT 1 "q";
    .port_info 1 /INPUT 1 "d";
    .port_info 2 /INPUT 1 "wen";
    .port_info 3 /INPUT 1 "clk";
    .port_info 4 /INPUT 1 "rst";
v000001cbfd3540d0_0 .net "clk", 0 0, o000001cbfd243848;  alias, 0 drivers
v000001cbfd355890_0 .net "d", 0 0, L_000001cbfd43b4a0;  alias, 1 drivers
v000001cbfd354210_0 .var "q", 0 0;
v000001cbfd353f90_0 .net "rst", 0 0, o000001cbfd2438d8;  alias, 0 drivers
v000001cbfd3561f0_0 .net "wen", 0 0, L_000001cbfd43f320;  alias, 1 drivers
S_000001cbfd36cf50 .scope module, "bitcells[12]" "bit_cell" 4 14, 5 4 0, S_000001cbfd372540;
 .timescale 0 0;
    .port_info 0 /INPUT 1 "clk";
    .port_info 1 /INPUT 1 "rst";
    .port_info 2 /INPUT 1 "d";
    .port_info 3 /INPUT 1 "wren";
    .port_info 4 /INPUT 1 "rden1";
    .port_info 5 /INPUT 1 "rden2";
    .port_info 6 /INOUT 1 "bitline1";
    .port_info 7 /INOUT 1 "bitline2";
L_000001cbfd4d0010 .functor BUFIF1 1, v000001cbfd3559d0_0, L_000001cbfd441580, C4<0>, C4<0>;
L_000001cbfd4cfe50 .functor BUFIF1 1, v000001cbfd3559d0_0, L_000001cbfd442160, C4<0>, C4<0>;
v000001cbfd356290_0 .net8 "bitline1", 0 0, p000001cbfd26a908;  1 drivers, strength-aware
v000001cbfd354170_0 .net8 "bitline2", 0 0, p000001cbfd26a938;  1 drivers, strength-aware
v000001cbfd354710_0 .net "clk", 0 0, o000001cbfd243848;  alias, 0 drivers
v000001cbfd354530_0 .net "d", 0 0, L_000001cbfd43b860;  1 drivers
v000001cbfd355110_0 .net "q", 0 0, v000001cbfd3559d0_0;  1 drivers
v000001cbfd3552f0_0 .net "rden1", 0 0, L_000001cbfd441580;  alias, 1 drivers
v000001cbfd355f70_0 .net "rden2", 0 0, L_000001cbfd442160;  alias, 1 drivers
v000001cbfd355d90_0 .net "rst", 0 0, o000001cbfd2438d8;  alias, 0 drivers
v000001cbfd356330_0 .net "wren", 0 0, L_000001cbfd43f320;  alias, 1 drivers
S_000001cbfd3702e0 .scope module, "cell_dff" "dff" 5 19, 6 4 0, S_000001cbfd36cf50;
 .timescale 0 0;
    .port_info 0 /OUTPUT 1 "q";
    .port_info 1 /INPUT 1 "d";
    .port_info 2 /INPUT 1 "wen";
    .port_info 3 /INPUT 1 "clk";
    .port_info 4 /INPUT 1 "rst";
v000001cbfd355e30_0 .net "clk", 0 0, o000001cbfd243848;  alias, 0 drivers
v000001cbfd355570_0 .net "d", 0 0, L_000001cbfd43b860;  alias, 1 drivers
v000001cbfd3559d0_0 .var "q", 0 0;
v000001cbfd355610_0 .net "rst", 0 0, o000001cbfd2438d8;  alias, 0 drivers
v000001cbfd3545d0_0 .net "wen", 0 0, L_000001cbfd43f320;  alias, 1 drivers
S_000001cbfd36b330 .scope module, "bitcells[13]" "bit_cell" 4 14, 5 4 0, S_000001cbfd372540;
 .timescale 0 0;
    .port_info 0 /INPUT 1 "clk";
    .port_info 1 /INPUT 1 "rst";
    .port_info 2 /INPUT 1 "d";
    .port_info 3 /INPUT 1 "wren";
    .port_info 4 /INPUT 1 "rden1";
    .port_info 5 /INPUT 1 "rden2";
    .port_info 6 /INOUT 1 "bitline1";
    .port_info 7 /INOUT 1 "bitline2";
L_000001cbfd4ce8e0 .functor BUFIF1 1, v000001cbfd354850_0, L_000001cbfd441580, C4<0>, C4<0>;
L_000001cbfd4cebf0 .functor BUFIF1 1, v000001cbfd354850_0, L_000001cbfd442160, C4<0>, C4<0>;
v000001cbfd3556b0_0 .net8 "bitline1", 0 0, p000001cbfd26ac38;  1 drivers, strength-aware
v000001cbfd355390_0 .net8 "bitline2", 0 0, p000001cbfd26ac68;  1 drivers, strength-aware
v000001cbfd355070_0 .net "clk", 0 0, o000001cbfd243848;  alias, 0 drivers
v000001cbfd3560b0_0 .net "d", 0 0, L_000001cbfd43b2c0;  1 drivers
v000001cbfd355ed0_0 .net "q", 0 0, v000001cbfd354850_0;  1 drivers
v000001cbfd355750_0 .net "rden1", 0 0, L_000001cbfd441580;  alias, 1 drivers
v000001cbfd3563d0_0 .net "rden2", 0 0, L_000001cbfd442160;  alias, 1 drivers
v000001cbfd3548f0_0 .net "rst", 0 0, o000001cbfd2438d8;  alias, 0 drivers
v000001cbfd354350_0 .net "wren", 0 0, L_000001cbfd43f320;  alias, 1 drivers
S_000001cbfd36f660 .scope module, "cell_dff" "dff" 5 19, 6 4 0, S_000001cbfd36b330;
 .timescale 0 0;
    .port_info 0 /OUTPUT 1 "q";
    .port_info 1 /INPUT 1 "d";
    .port_info 2 /INPUT 1 "wen";
    .port_info 3 /INPUT 1 "clk";
    .port_info 4 /INPUT 1 "rst";
v000001cbfd355a70_0 .net "clk", 0 0, o000001cbfd243848;  alias, 0 drivers
v000001cbfd3542b0_0 .net "d", 0 0, L_000001cbfd43b2c0;  alias, 1 drivers
v000001cbfd354850_0 .var "q", 0 0;
v000001cbfd356010_0 .net "rst", 0 0, o000001cbfd2438d8;  alias, 0 drivers
v000001cbfd353ef0_0 .net "wen", 0 0, L_000001cbfd43f320;  alias, 1 drivers
S_000001cbfd36f1b0 .scope module, "bitcells[14]" "bit_cell" 4 14, 5 4 0, S_000001cbfd372540;
 .timescale 0 0;
    .port_info 0 /INPUT 1 "clk";
    .port_info 1 /INPUT 1 "rst";
    .port_info 2 /INPUT 1 "d";
    .port_info 3 /INPUT 1 "wren";
    .port_info 4 /INPUT 1 "rden1";
    .port_info 5 /INPUT 1 "rden2";
    .port_info 6 /INOUT 1 "bitline1";
    .port_info 7 /INOUT 1 "bitline2";
L_000001cbfd4cf2f0 .functor BUFIF1 1, v000001cbfd354f30_0, L_000001cbfd441580, C4<0>, C4<0>;
L_000001cbfd4ced40 .functor BUFIF1 1, v000001cbfd354f30_0, L_000001cbfd442160, C4<0>, C4<0>;
v000001cbfd354670_0 .net8 "bitline1", 0 0, p000001cbfd26af68;  1 drivers, strength-aware
v000001cbfd3547b0_0 .net8 "bitline2", 0 0, p000001cbfd26af98;  1 drivers, strength-aware
v000001cbfd354990_0 .net "clk", 0 0, o000001cbfd243848;  alias, 0 drivers
v000001cbfd355c50_0 .net "d", 0 0, L_000001cbfd43b360;  1 drivers
v000001cbfd354a30_0 .net "q", 0 0, v000001cbfd354f30_0;  1 drivers
v000001cbfd354ad0_0 .net "rden1", 0 0, L_000001cbfd441580;  alias, 1 drivers
v000001cbfd356650_0 .net "rden2", 0 0, L_000001cbfd442160;  alias, 1 drivers
v000001cbfd357230_0 .net "rst", 0 0, o000001cbfd2438d8;  alias, 0 drivers
v000001cbfd3577d0_0 .net "wren", 0 0, L_000001cbfd43f320;  alias, 1 drivers
S_000001cbfd36ae80 .scope module, "cell_dff" "dff" 5 19, 6 4 0, S_000001cbfd36f1b0;
 .timescale 0 0;
    .port_info 0 /OUTPUT 1 "q";
    .port_info 1 /INPUT 1 "d";
    .port_info 2 /INPUT 1 "wen";
    .port_info 3 /INPUT 1 "clk";
    .port_info 4 /INPUT 1 "rst";
v000001cbfd3557f0_0 .net "clk", 0 0, o000001cbfd243848;  alias, 0 drivers
v000001cbfd355b10_0 .net "d", 0 0, L_000001cbfd43b360;  alias, 1 drivers
v000001cbfd354f30_0 .var "q", 0 0;
v000001cbfd355bb0_0 .net "rst", 0 0, o000001cbfd2438d8;  alias, 0 drivers
v000001cbfd3543f0_0 .net "wen", 0 0, L_000001cbfd43f320;  alias, 1 drivers
S_000001cbfd36e9e0 .scope module, "bitcells[15]" "bit_cell" 4 14, 5 4 0, S_000001cbfd372540;
 .timescale 0 0;
    .port_info 0 /INPUT 1 "clk";
    .port_info 1 /INPUT 1 "rst";
    .port_info 2 /INPUT 1 "d";
    .port_info 3 /INPUT 1 "wren";
    .port_info 4 /INPUT 1 "rden1";
    .port_info 5 /INPUT 1 "rden2";
    .port_info 6 /INOUT 1 "bitline1";
    .port_info 7 /INOUT 1 "bitline2";
L_000001cbfd4cfec0 .functor BUFIF1 1, v000001cbfd358a90_0, L_000001cbfd441580, C4<0>, C4<0>;
L_000001cbfd4cf130 .functor BUFIF1 1, v000001cbfd358a90_0, L_000001cbfd442160, C4<0>, C4<0>;
v000001cbfd357cd0_0 .net8 "bitline1", 0 0, p000001cbfd26b298;  1 drivers, strength-aware
v000001cbfd3584f0_0 .net8 "bitline2", 0 0, p000001cbfd26b2c8;  1 drivers, strength-aware
v000001cbfd356510_0 .net "clk", 0 0, o000001cbfd243848;  alias, 0 drivers
v000001cbfd358090_0 .net "d", 0 0, L_000001cbfd43c3a0;  1 drivers
v000001cbfd357ff0_0 .net "q", 0 0, v000001cbfd358a90_0;  1 drivers
v000001cbfd356c90_0 .net "rden1", 0 0, L_000001cbfd441580;  alias, 1 drivers
v000001cbfd358950_0 .net "rden2", 0 0, L_000001cbfd442160;  alias, 1 drivers
v000001cbfd356790_0 .net "rst", 0 0, o000001cbfd2438d8;  alias, 0 drivers
v000001cbfd356fb0_0 .net "wren", 0 0, L_000001cbfd43f320;  alias, 1 drivers
S_000001cbfd36da40 .scope module, "cell_dff" "dff" 5 19, 6 4 0, S_000001cbfd36e9e0;
 .timescale 0 0;
    .port_info 0 /OUTPUT 1 "q";
    .port_info 1 /INPUT 1 "d";
    .port_info 2 /INPUT 1 "wen";
    .port_info 3 /INPUT 1 "clk";
    .port_info 4 /INPUT 1 "rst";
v000001cbfd3583b0_0 .net "clk", 0 0, o000001cbfd243848;  alias, 0 drivers
v000001cbfd3588b0_0 .net "d", 0 0, L_000001cbfd43c3a0;  alias, 1 drivers
v000001cbfd358a90_0 .var "q", 0 0;
v000001cbfd3568d0_0 .net "rst", 0 0, o000001cbfd2438d8;  alias, 0 drivers
v000001cbfd358630_0 .net "wen", 0 0, L_000001cbfd43f320;  alias, 1 drivers
S_000001cbfd36eb70 .scope module, "registers[12]" "register" 2 36, 4 4 0, S_000001cbfcbd3120;
 .timescale 0 0;
    .port_info 0 /INPUT 1 "clk";
    .port_info 1 /INPUT 1 "rst";
    .port_info 2 /INPUT 16 "d";
    .port_info 3 /INPUT 1 "write_reg";
    .port_info 4 /INPUT 1 "rden1";
    .port_info 5 /INPUT 1 "rden2";
    .port_info 6 /INOUT 16 "bitline1";
    .port_info 7 /INOUT 16 "bitline2";
v000001cbfd37fef0_0 .net8 "bitline1", 15 0, p000001cbfd246c38;  alias, 0 drivers, strength-aware
v000001cbfd3805d0_0 .net8 "bitline2", 15 0, p000001cbfd246c68;  alias, 0 drivers, strength-aware
v000001cbfd37eff0_0 .net "clk", 0 0, o000001cbfd243848;  alias, 0 drivers
v000001cbfd37f950_0 .net "d", 15 0, o000001cbfd246c98;  alias, 0 drivers
v000001cbfd37ecd0_0 .net "rden1", 0 0, L_000001cbfd441260;  1 drivers
v000001cbfd3803f0_0 .net "rden2", 0 0, L_000001cbfd441ee0;  1 drivers
v000001cbfd380030_0 .net "rst", 0 0, o000001cbfd2438d8;  alias, 0 drivers
v000001cbfd37ed70_0 .net "write_reg", 0 0, L_000001cbfd441a80;  1 drivers
L_000001cbfd43b400 .part o000001cbfd246c98, 0, 1;
L_000001cbfd43bf40 .part o000001cbfd246c98, 1, 1;
L_000001cbfd43b720 .part o000001cbfd246c98, 2, 1;
L_000001cbfd43bae0 .part o000001cbfd246c98, 3, 1;
L_000001cbfd43bb80 .part o000001cbfd246c98, 4, 1;
L_000001cbfd43c6c0 .part o000001cbfd246c98, 5, 1;
L_000001cbfd43c440 .part o000001cbfd246c98, 6, 1;
L_000001cbfd43c260 .part o000001cbfd246c98, 7, 1;
L_000001cbfd43c4e0 .part o000001cbfd246c98, 8, 1;
L_000001cbfd43c620 .part o000001cbfd246c98, 9, 1;
L_000001cbfd43c800 .part o000001cbfd246c98, 10, 1;
L_000001cbfd43c8a0 .part o000001cbfd246c98, 11, 1;
L_000001cbfd43e380 .part o000001cbfd246c98, 12, 1;
L_000001cbfd43d980 .part o000001cbfd246c98, 13, 1;
L_000001cbfd43de80 .part o000001cbfd246c98, 14, 1;
L_000001cbfd43fb40 .part o000001cbfd246c98, 15, 1;
p000001cbfd26b778 .port I000001cbfd121800, L_000001cbfd4cf9f0;
 .tranvp 16 1 0, I000001cbfd121800, p000001cbfd246c38 p000001cbfd26b778;
p000001cbfd26bb08 .port I000001cbfd121800, L_000001cbfd4cecd0;
 .tranvp 16 1 1, I000001cbfd121800, p000001cbfd246c38 p000001cbfd26bb08;
p000001cbfd26be38 .port I000001cbfd121800, L_000001cbfd4cf4b0;
 .tranvp 16 1 2, I000001cbfd121800, p000001cbfd246c38 p000001cbfd26be38;
p000001cbfd26c168 .port I000001cbfd121800, L_000001cbfd4ceb80;
 .tranvp 16 1 3, I000001cbfd121800, p000001cbfd246c38 p000001cbfd26c168;
p000001cbfd26c498 .port I000001cbfd121800, L_000001cbfd4cfa60;
 .tranvp 16 1 4, I000001cbfd121800, p000001cbfd246c38 p000001cbfd26c498;
p000001cbfd26c7c8 .port I000001cbfd121800, L_000001cbfd4cf670;
 .tranvp 16 1 5, I000001cbfd121800, p000001cbfd246c38 p000001cbfd26c7c8;
p000001cbfd26caf8 .port I000001cbfd121800, L_000001cbfd4cec60;
 .tranvp 16 1 6, I000001cbfd121800, p000001cbfd246c38 p000001cbfd26caf8;
p000001cbfd26ce28 .port I000001cbfd121800, L_000001cbfd4cedb0;
 .tranvp 16 1 7, I000001cbfd121800, p000001cbfd246c38 p000001cbfd26ce28;
p000001cbfd26d158 .port I000001cbfd121800, L_000001cbfd4ce800;
 .tranvp 16 1 8, I000001cbfd121800, p000001cbfd246c38 p000001cbfd26d158;
p000001cbfd26d488 .port I000001cbfd121800, L_000001cbfd4cf6e0;
 .tranvp 16 1 9, I000001cbfd121800, p000001cbfd246c38 p000001cbfd26d488;
p000001cbfd26d7b8 .port I000001cbfd121800, L_000001cbfd4ce560;
 .tranvp 16 1 10, I000001cbfd121800, p000001cbfd246c38 p000001cbfd26d7b8;
p000001cbfd26dae8 .port I000001cbfd121800, L_000001cbfd4cfb40;
 .tranvp 16 1 11, I000001cbfd121800, p000001cbfd246c38 p000001cbfd26dae8;
p000001cbfd26de18 .port I000001cbfd121800, L_000001cbfd4cf750;
 .tranvp 16 1 12, I000001cbfd121800, p000001cbfd246c38 p000001cbfd26de18;
p000001cbfd26e148 .port I000001cbfd121800, L_000001cbfd4ce950;
 .tranvp 16 1 13, I000001cbfd121800, p000001cbfd246c38 p000001cbfd26e148;
p000001cbfd26e478 .port I000001cbfd121800, L_000001cbfd4cf050;
 .tranvp 16 1 14, I000001cbfd121800, p000001cbfd246c38 p000001cbfd26e478;
p000001cbfd26e7a8 .port I000001cbfd121800, L_000001cbfd4cfd70;
 .tranvp 16 1 15, I000001cbfd121800, p000001cbfd246c38 p000001cbfd26e7a8;
p000001cbfd26b7a8 .port I000001cbfd121380, L_000001cbfd4cfbb0;
 .tranvp 16 1 0, I000001cbfd121380, p000001cbfd246c68 p000001cbfd26b7a8;
p000001cbfd26bb38 .port I000001cbfd121380, L_000001cbfd4ce720;
 .tranvp 16 1 1, I000001cbfd121380, p000001cbfd246c68 p000001cbfd26bb38;
p000001cbfd26be68 .port I000001cbfd121380, L_000001cbfd4cf280;
 .tranvp 16 1 2, I000001cbfd121380, p000001cbfd246c68 p000001cbfd26be68;
p000001cbfd26c198 .port I000001cbfd121380, L_000001cbfd4cf590;
 .tranvp 16 1 3, I000001cbfd121380, p000001cbfd246c68 p000001cbfd26c198;
p000001cbfd26c4c8 .port I000001cbfd121380, L_000001cbfd4cffa0;
 .tranvp 16 1 4, I000001cbfd121380, p000001cbfd246c68 p000001cbfd26c4c8;
p000001cbfd26c7f8 .port I000001cbfd121380, L_000001cbfd4cf980;
 .tranvp 16 1 5, I000001cbfd121380, p000001cbfd246c68 p000001cbfd26c7f8;
p000001cbfd26cb28 .port I000001cbfd121380, L_000001cbfd4cf210;
 .tranvp 16 1 6, I000001cbfd121380, p000001cbfd246c68 p000001cbfd26cb28;
p000001cbfd26ce58 .port I000001cbfd121380, L_000001cbfd4ce870;
 .tranvp 16 1 7, I000001cbfd121380, p000001cbfd246c68 p000001cbfd26ce58;
p000001cbfd26d188 .port I000001cbfd121380, L_000001cbfd4ceb10;
 .tranvp 16 1 8, I000001cbfd121380, p000001cbfd246c68 p000001cbfd26d188;
p000001cbfd26d4b8 .port I000001cbfd121380, L_000001cbfd4ce790;
 .tranvp 16 1 9, I000001cbfd121380, p000001cbfd246c68 p000001cbfd26d4b8;
p000001cbfd26d7e8 .port I000001cbfd121380, L_000001cbfd4cfc20;
 .tranvp 16 1 10, I000001cbfd121380, p000001cbfd246c68 p000001cbfd26d7e8;
p000001cbfd26db18 .port I000001cbfd121380, L_000001cbfd4cfad0;
 .tranvp 16 1 11, I000001cbfd121380, p000001cbfd246c68 p000001cbfd26db18;
p000001cbfd26de48 .port I000001cbfd121380, L_000001cbfd4cfc90;
 .tranvp 16 1 12, I000001cbfd121380, p000001cbfd246c68 p000001cbfd26de48;
p000001cbfd26e178 .port I000001cbfd121380, L_000001cbfd4cfd00;
 .tranvp 16 1 13, I000001cbfd121380, p000001cbfd246c68 p000001cbfd26e178;
p000001cbfd26e4a8 .port I000001cbfd121380, L_000001cbfd4cee20;
 .tranvp 16 1 14, I000001cbfd121380, p000001cbfd246c68 p000001cbfd26e4a8;
p000001cbfd26e7d8 .port I000001cbfd121380, L_000001cbfd4ce9c0;
 .tranvp 16 1 15, I000001cbfd121380, p000001cbfd246c68 p000001cbfd26e7d8;
S_000001cbfd36f340 .scope module, "bitcells[0]" "bit_cell" 4 14, 5 4 0, S_000001cbfd36eb70;
 .timescale 0 0;
    .port_info 0 /INPUT 1 "clk";
    .port_info 1 /INPUT 1 "rst";
    .port_info 2 /INPUT 1 "d";
    .port_info 3 /INPUT 1 "wren";
    .port_info 4 /INPUT 1 "rden1";
    .port_info 5 /INPUT 1 "rden2";
    .port_info 6 /INOUT 1 "bitline1";
    .port_info 7 /INOUT 1 "bitline2";
L_000001cbfd4cf9f0 .functor BUFIF1 1, v000001cbfd3581d0_0, L_000001cbfd441260, C4<0>, C4<0>;
L_000001cbfd4cfbb0 .functor BUFIF1 1, v000001cbfd3581d0_0, L_000001cbfd441ee0, C4<0>, C4<0>;
v000001cbfd356830_0 .net8 "bitline1", 0 0, p000001cbfd26b778;  1 drivers, strength-aware
v000001cbfd3565b0_0 .net8 "bitline2", 0 0, p000001cbfd26b7a8;  1 drivers, strength-aware
v000001cbfd357870_0 .net "clk", 0 0, o000001cbfd243848;  alias, 0 drivers
v000001cbfd3570f0_0 .net "d", 0 0, L_000001cbfd43b400;  1 drivers
v000001cbfd358270_0 .net "q", 0 0, v000001cbfd3581d0_0;  1 drivers
v000001cbfd358b30_0 .net "rden1", 0 0, L_000001cbfd441260;  alias, 1 drivers
v000001cbfd3572d0_0 .net "rden2", 0 0, L_000001cbfd441ee0;  alias, 1 drivers
v000001cbfd358310_0 .net "rst", 0 0, o000001cbfd2438d8;  alias, 0 drivers
v000001cbfd3574b0_0 .net "wren", 0 0, L_000001cbfd441a80;  alias, 1 drivers
S_000001cbfd36d270 .scope module, "cell_dff" "dff" 5 19, 6 4 0, S_000001cbfd36f340;
 .timescale 0 0;
    .port_info 0 /OUTPUT 1 "q";
    .port_info 1 /INPUT 1 "d";
    .port_info 2 /INPUT 1 "wen";
    .port_info 3 /INPUT 1 "clk";
    .port_info 4 /INPUT 1 "rst";
v000001cbfd358590_0 .net "clk", 0 0, o000001cbfd243848;  alias, 0 drivers
v000001cbfd358130_0 .net "d", 0 0, L_000001cbfd43b400;  alias, 1 drivers
v000001cbfd3581d0_0 .var "q", 0 0;
v000001cbfd357050_0 .net "rst", 0 0, o000001cbfd2438d8;  alias, 0 drivers
v000001cbfd356f10_0 .net "wen", 0 0, L_000001cbfd441a80;  alias, 1 drivers
S_000001cbfd36dd60 .scope module, "bitcells[1]" "bit_cell" 4 14, 5 4 0, S_000001cbfd36eb70;
 .timescale 0 0;
    .port_info 0 /INPUT 1 "clk";
    .port_info 1 /INPUT 1 "rst";
    .port_info 2 /INPUT 1 "d";
    .port_info 3 /INPUT 1 "wren";
    .port_info 4 /INPUT 1 "rden1";
    .port_info 5 /INPUT 1 "rden2";
    .port_info 6 /INOUT 1 "bitline1";
    .port_info 7 /INOUT 1 "bitline2";
L_000001cbfd4cecd0 .functor BUFIF1 1, v000001cbfd358bd0_0, L_000001cbfd441260, C4<0>, C4<0>;
L_000001cbfd4ce720 .functor BUFIF1 1, v000001cbfd358bd0_0, L_000001cbfd441ee0, C4<0>, C4<0>;
v000001cbfd356d30_0 .net8 "bitline1", 0 0, p000001cbfd26bb08;  1 drivers, strength-aware
v000001cbfd358c70_0 .net8 "bitline2", 0 0, p000001cbfd26bb38;  1 drivers, strength-aware
v000001cbfd356970_0 .net "clk", 0 0, o000001cbfd243848;  alias, 0 drivers
v000001cbfd356bf0_0 .net "d", 0 0, L_000001cbfd43bf40;  1 drivers
v000001cbfd357370_0 .net "q", 0 0, v000001cbfd358bd0_0;  1 drivers
v000001cbfd356dd0_0 .net "rden1", 0 0, L_000001cbfd441260;  alias, 1 drivers
v000001cbfd357190_0 .net "rden2", 0 0, L_000001cbfd441ee0;  alias, 1 drivers
v000001cbfd357910_0 .net "rst", 0 0, o000001cbfd2438d8;  alias, 0 drivers
v000001cbfd357410_0 .net "wren", 0 0, L_000001cbfd441a80;  alias, 1 drivers
S_000001cbfd36fca0 .scope module, "cell_dff" "dff" 5 19, 6 4 0, S_000001cbfd36dd60;
 .timescale 0 0;
    .port_info 0 /OUTPUT 1 "q";
    .port_info 1 /INPUT 1 "d";
    .port_info 2 /INPUT 1 "wen";
    .port_info 3 /INPUT 1 "clk";
    .port_info 4 /INPUT 1 "rst";
v000001cbfd3586d0_0 .net "clk", 0 0, o000001cbfd243848;  alias, 0 drivers
v000001cbfd358770_0 .net "d", 0 0, L_000001cbfd43bf40;  alias, 1 drivers
v000001cbfd358bd0_0 .var "q", 0 0;
v000001cbfd358810_0 .net "rst", 0 0, o000001cbfd2438d8;  alias, 0 drivers
v000001cbfd357e10_0 .net "wen", 0 0, L_000001cbfd441a80;  alias, 1 drivers
S_000001cbfd36e6c0 .scope module, "bitcells[2]" "bit_cell" 4 14, 5 4 0, S_000001cbfd36eb70;
 .timescale 0 0;
    .port_info 0 /INPUT 1 "clk";
    .port_info 1 /INPUT 1 "rst";
    .port_info 2 /INPUT 1 "d";
    .port_info 3 /INPUT 1 "wren";
    .port_info 4 /INPUT 1 "rden1";
    .port_info 5 /INPUT 1 "rden2";
    .port_info 6 /INOUT 1 "bitline1";
    .port_info 7 /INOUT 1 "bitline2";
L_000001cbfd4cf4b0 .functor BUFIF1 1, v000001cbfd357690_0, L_000001cbfd441260, C4<0>, C4<0>;
L_000001cbfd4cf280 .functor BUFIF1 1, v000001cbfd357690_0, L_000001cbfd441ee0, C4<0>, C4<0>;
v000001cbfd357a50_0 .net8 "bitline1", 0 0, p000001cbfd26be38;  1 drivers, strength-aware
v000001cbfd357c30_0 .net8 "bitline2", 0 0, p000001cbfd26be68;  1 drivers, strength-aware
v000001cbfd357af0_0 .net "clk", 0 0, o000001cbfd243848;  alias, 0 drivers
v000001cbfd357b90_0 .net "d", 0 0, L_000001cbfd43b720;  1 drivers
v000001cbfd357d70_0 .net "q", 0 0, v000001cbfd357690_0;  1 drivers
v000001cbfd357f50_0 .net "rden1", 0 0, L_000001cbfd441260;  alias, 1 drivers
v000001cbfd359d50_0 .net "rden2", 0 0, L_000001cbfd441ee0;  alias, 1 drivers
v000001cbfd359030_0 .net "rst", 0 0, o000001cbfd2438d8;  alias, 0 drivers
v000001cbfd359710_0 .net "wren", 0 0, L_000001cbfd441a80;  alias, 1 drivers
S_000001cbfd36ed00 .scope module, "cell_dff" "dff" 5 19, 6 4 0, S_000001cbfd36e6c0;
 .timescale 0 0;
    .port_info 0 /OUTPUT 1 "q";
    .port_info 1 /INPUT 1 "d";
    .port_info 2 /INPUT 1 "wen";
    .port_info 3 /INPUT 1 "clk";
    .port_info 4 /INPUT 1 "rst";
v000001cbfd357550_0 .net "clk", 0 0, o000001cbfd243848;  alias, 0 drivers
v000001cbfd3575f0_0 .net "d", 0 0, L_000001cbfd43b720;  alias, 1 drivers
v000001cbfd357690_0 .var "q", 0 0;
v000001cbfd357730_0 .net "rst", 0 0, o000001cbfd2438d8;  alias, 0 drivers
v000001cbfd357eb0_0 .net "wen", 0 0, L_000001cbfd441a80;  alias, 1 drivers
S_000001cbfd36ee90 .scope module, "bitcells[3]" "bit_cell" 4 14, 5 4 0, S_000001cbfd36eb70;
 .timescale 0 0;
    .port_info 0 /INPUT 1 "clk";
    .port_info 1 /INPUT 1 "rst";
    .port_info 2 /INPUT 1 "d";
    .port_info 3 /INPUT 1 "wren";
    .port_info 4 /INPUT 1 "rden1";
    .port_info 5 /INPUT 1 "rden2";
    .port_info 6 /INOUT 1 "bitline1";
    .port_info 7 /INOUT 1 "bitline2";
L_000001cbfd4ceb80 .functor BUFIF1 1, v000001cbfd35a250_0, L_000001cbfd441260, C4<0>, C4<0>;
L_000001cbfd4cf590 .functor BUFIF1 1, v000001cbfd35a250_0, L_000001cbfd441ee0, C4<0>, C4<0>;
v000001cbfd359ad0_0 .net8 "bitline1", 0 0, p000001cbfd26c168;  1 drivers, strength-aware
v000001cbfd359530_0 .net8 "bitline2", 0 0, p000001cbfd26c198;  1 drivers, strength-aware
v000001cbfd359b70_0 .net "clk", 0 0, o000001cbfd243848;  alias, 0 drivers
v000001cbfd3595d0_0 .net "d", 0 0, L_000001cbfd43bae0;  1 drivers
v000001cbfd35a7f0_0 .net "q", 0 0, v000001cbfd35a250_0;  1 drivers
v000001cbfd35a6b0_0 .net "rden1", 0 0, L_000001cbfd441260;  alias, 1 drivers
v000001cbfd359cb0_0 .net "rden2", 0 0, L_000001cbfd441ee0;  alias, 1 drivers
v000001cbfd35a750_0 .net "rst", 0 0, o000001cbfd2438d8;  alias, 0 drivers
v000001cbfd3590d0_0 .net "wren", 0 0, L_000001cbfd441a80;  alias, 1 drivers
S_000001cbfd36d0e0 .scope module, "cell_dff" "dff" 5 19, 6 4 0, S_000001cbfd36ee90;
 .timescale 0 0;
    .port_info 0 /OUTPUT 1 "q";
    .port_info 1 /INPUT 1 "d";
    .port_info 2 /INPUT 1 "wen";
    .port_info 3 /INPUT 1 "clk";
    .port_info 4 /INPUT 1 "rst";
v000001cbfd359350_0 .net "clk", 0 0, o000001cbfd243848;  alias, 0 drivers
v000001cbfd35a930_0 .net "d", 0 0, L_000001cbfd43bae0;  alias, 1 drivers
v000001cbfd35a250_0 .var "q", 0 0;
v000001cbfd3598f0_0 .net "rst", 0 0, o000001cbfd2438d8;  alias, 0 drivers
v000001cbfd35abb0_0 .net "wen", 0 0, L_000001cbfd441a80;  alias, 1 drivers
S_000001cbfd36f980 .scope module, "bitcells[4]" "bit_cell" 4 14, 5 4 0, S_000001cbfd36eb70;
 .timescale 0 0;
    .port_info 0 /INPUT 1 "clk";
    .port_info 1 /INPUT 1 "rst";
    .port_info 2 /INPUT 1 "d";
    .port_info 3 /INPUT 1 "wren";
    .port_info 4 /INPUT 1 "rden1";
    .port_info 5 /INPUT 1 "rden2";
    .port_info 6 /INOUT 1 "bitline1";
    .port_info 7 /INOUT 1 "bitline2";
L_000001cbfd4cfa60 .functor BUFIF1 1, v000001cbfd359210_0, L_000001cbfd441260, C4<0>, C4<0>;
L_000001cbfd4cffa0 .functor BUFIF1 1, v000001cbfd359210_0, L_000001cbfd441ee0, C4<0>, C4<0>;
v000001cbfd359670_0 .net8 "bitline1", 0 0, p000001cbfd26c498;  1 drivers, strength-aware
v000001cbfd358ef0_0 .net8 "bitline2", 0 0, p000001cbfd26c4c8;  1 drivers, strength-aware
v000001cbfd3597b0_0 .net "clk", 0 0, o000001cbfd243848;  alias, 0 drivers
v000001cbfd358d10_0 .net "d", 0 0, L_000001cbfd43bb80;  1 drivers
v000001cbfd35aa70_0 .net "q", 0 0, v000001cbfd359210_0;  1 drivers
v000001cbfd358e50_0 .net "rden1", 0 0, L_000001cbfd441260;  alias, 1 drivers
v000001cbfd359df0_0 .net "rden2", 0 0, L_000001cbfd441ee0;  alias, 1 drivers
v000001cbfd35a2f0_0 .net "rst", 0 0, o000001cbfd2438d8;  alias, 0 drivers
v000001cbfd3592b0_0 .net "wren", 0 0, L_000001cbfd441a80;  alias, 1 drivers
S_000001cbfd36ffc0 .scope module, "cell_dff" "dff" 5 19, 6 4 0, S_000001cbfd36f980;
 .timescale 0 0;
    .port_info 0 /OUTPUT 1 "q";
    .port_info 1 /INPUT 1 "d";
    .port_info 2 /INPUT 1 "wen";
    .port_info 3 /INPUT 1 "clk";
    .port_info 4 /INPUT 1 "rst";
v000001cbfd359490_0 .net "clk", 0 0, o000001cbfd243848;  alias, 0 drivers
v000001cbfd3593f0_0 .net "d", 0 0, L_000001cbfd43bb80;  alias, 1 drivers
v000001cbfd359210_0 .var "q", 0 0;
v000001cbfd35a890_0 .net "rst", 0 0, o000001cbfd2438d8;  alias, 0 drivers
v000001cbfd35a610_0 .net "wen", 0 0, L_000001cbfd441a80;  alias, 1 drivers
S_000001cbfd36b010 .scope module, "bitcells[5]" "bit_cell" 4 14, 5 4 0, S_000001cbfd36eb70;
 .timescale 0 0;
    .port_info 0 /INPUT 1 "clk";
    .port_info 1 /INPUT 1 "rst";
    .port_info 2 /INPUT 1 "d";
    .port_info 3 /INPUT 1 "wren";
    .port_info 4 /INPUT 1 "rden1";
    .port_info 5 /INPUT 1 "rden2";
    .port_info 6 /INOUT 1 "bitline1";
    .port_info 7 /INOUT 1 "bitline2";
L_000001cbfd4cf670 .functor BUFIF1 1, v000001cbfd359e90_0, L_000001cbfd441260, C4<0>, C4<0>;
L_000001cbfd4cf980 .functor BUFIF1 1, v000001cbfd359e90_0, L_000001cbfd441ee0, C4<0>, C4<0>;
v000001cbfd359990_0 .net8 "bitline1", 0 0, p000001cbfd26c7c8;  1 drivers, strength-aware
v000001cbfd35a390_0 .net8 "bitline2", 0 0, p000001cbfd26c7f8;  1 drivers, strength-aware
v000001cbfd35a430_0 .net "clk", 0 0, o000001cbfd243848;  alias, 0 drivers
v000001cbfd359a30_0 .net "d", 0 0, L_000001cbfd43c6c0;  1 drivers
v000001cbfd358db0_0 .net "q", 0 0, v000001cbfd359e90_0;  1 drivers
v000001cbfd359f30_0 .net "rden1", 0 0, L_000001cbfd441260;  alias, 1 drivers
v000001cbfd359c10_0 .net "rden2", 0 0, L_000001cbfd441ee0;  alias, 1 drivers
v000001cbfd359fd0_0 .net "rst", 0 0, o000001cbfd2438d8;  alias, 0 drivers
v000001cbfd358f90_0 .net "wren", 0 0, L_000001cbfd441a80;  alias, 1 drivers
S_000001cbfd370ab0 .scope module, "cell_dff" "dff" 5 19, 6 4 0, S_000001cbfd36b010;
 .timescale 0 0;
    .port_info 0 /OUTPUT 1 "q";
    .port_info 1 /INPUT 1 "d";
    .port_info 2 /INPUT 1 "wen";
    .port_info 3 /INPUT 1 "clk";
    .port_info 4 /INPUT 1 "rst";
v000001cbfd35a9d0_0 .net "clk", 0 0, o000001cbfd243848;  alias, 0 drivers
v000001cbfd35a110_0 .net "d", 0 0, L_000001cbfd43c6c0;  alias, 1 drivers
v000001cbfd359e90_0 .var "q", 0 0;
v000001cbfd35ab10_0 .net "rst", 0 0, o000001cbfd2438d8;  alias, 0 drivers
v000001cbfd359850_0 .net "wen", 0 0, L_000001cbfd441a80;  alias, 1 drivers
S_000001cbfd36b4c0 .scope module, "bitcells[6]" "bit_cell" 4 14, 5 4 0, S_000001cbfd36eb70;
 .timescale 0 0;
    .port_info 0 /INPUT 1 "clk";
    .port_info 1 /INPUT 1 "rst";
    .port_info 2 /INPUT 1 "d";
    .port_info 3 /INPUT 1 "wren";
    .port_info 4 /INPUT 1 "rden1";
    .port_info 5 /INPUT 1 "rden2";
    .port_info 6 /INOUT 1 "bitline1";
    .port_info 7 /INOUT 1 "bitline2";
L_000001cbfd4cec60 .functor BUFIF1 1, v000001cbfd35a1b0_0, L_000001cbfd441260, C4<0>, C4<0>;
L_000001cbfd4cf210 .functor BUFIF1 1, v000001cbfd35a1b0_0, L_000001cbfd441ee0, C4<0>, C4<0>;
v000001cbfd33d010_0 .net8 "bitline1", 0 0, p000001cbfd26caf8;  1 drivers, strength-aware
v000001cbfd33c430_0 .net8 "bitline2", 0 0, p000001cbfd26cb28;  1 drivers, strength-aware
v000001cbfd33d1f0_0 .net "clk", 0 0, o000001cbfd243848;  alias, 0 drivers
v000001cbfd33d290_0 .net "d", 0 0, L_000001cbfd43c440;  1 drivers
v000001cbfd33d3d0_0 .net "q", 0 0, v000001cbfd35a1b0_0;  1 drivers
v000001cbfd33b530_0 .net "rden1", 0 0, L_000001cbfd441260;  alias, 1 drivers
v000001cbfd33c1b0_0 .net "rden2", 0 0, L_000001cbfd441ee0;  alias, 1 drivers
v000001cbfd33c250_0 .net "rst", 0 0, o000001cbfd2438d8;  alias, 0 drivers
v000001cbfd33b670_0 .net "wren", 0 0, L_000001cbfd441a80;  alias, 1 drivers
S_000001cbfd36b7e0 .scope module, "cell_dff" "dff" 5 19, 6 4 0, S_000001cbfd36b4c0;
 .timescale 0 0;
    .port_info 0 /OUTPUT 1 "q";
    .port_info 1 /INPUT 1 "d";
    .port_info 2 /INPUT 1 "wen";
    .port_info 3 /INPUT 1 "clk";
    .port_info 4 /INPUT 1 "rst";
v000001cbfd359170_0 .net "clk", 0 0, o000001cbfd243848;  alias, 0 drivers
v000001cbfd35a070_0 .net "d", 0 0, L_000001cbfd43c440;  alias, 1 drivers
v000001cbfd35a1b0_0 .var "q", 0 0;
v000001cbfd35a4d0_0 .net "rst", 0 0, o000001cbfd2438d8;  alias, 0 drivers
v000001cbfd35a570_0 .net "wen", 0 0, L_000001cbfd441a80;  alias, 1 drivers
S_000001cbfd36d590 .scope module, "bitcells[7]" "bit_cell" 4 14, 5 4 0, S_000001cbfd36eb70;
 .timescale 0 0;
    .port_info 0 /INPUT 1 "clk";
    .port_info 1 /INPUT 1 "rst";
    .port_info 2 /INPUT 1 "d";
    .port_info 3 /INPUT 1 "wren";
    .port_info 4 /INPUT 1 "rden1";
    .port_info 5 /INPUT 1 "rden2";
    .port_info 6 /INOUT 1 "bitline1";
    .port_info 7 /INOUT 1 "bitline2";
L_000001cbfd4cedb0 .functor BUFIF1 1, v000001cbfd33af90_0, L_000001cbfd441260, C4<0>, C4<0>;
L_000001cbfd4ce870 .functor BUFIF1 1, v000001cbfd33af90_0, L_000001cbfd441ee0, C4<0>, C4<0>;
v000001cbfd33c2f0_0 .net8 "bitline1", 0 0, p000001cbfd26ce28;  1 drivers, strength-aware
v000001cbfd33aef0_0 .net8 "bitline2", 0 0, p000001cbfd26ce58;  1 drivers, strength-aware
v000001cbfd33b030_0 .net "clk", 0 0, o000001cbfd243848;  alias, 0 drivers
v000001cbfd33c070_0 .net "d", 0 0, L_000001cbfd43c260;  1 drivers
v000001cbfd33b7b0_0 .net "q", 0 0, v000001cbfd33af90_0;  1 drivers
v000001cbfd33b990_0 .net "rden1", 0 0, L_000001cbfd441260;  alias, 1 drivers
v000001cbfd33ba30_0 .net "rden2", 0 0, L_000001cbfd441ee0;  alias, 1 drivers
v000001cbfd33cd90_0 .net "rst", 0 0, o000001cbfd2438d8;  alias, 0 drivers
v000001cbfd33c390_0 .net "wren", 0 0, L_000001cbfd441a80;  alias, 1 drivers
S_000001cbfd36f020 .scope module, "cell_dff" "dff" 5 19, 6 4 0, S_000001cbfd36d590;
 .timescale 0 0;
    .port_info 0 /OUTPUT 1 "q";
    .port_info 1 /INPUT 1 "d";
    .port_info 2 /INPUT 1 "wen";
    .port_info 3 /INPUT 1 "clk";
    .port_info 4 /INPUT 1 "rst";
v000001cbfd33bfd0_0 .net "clk", 0 0, o000001cbfd243848;  alias, 0 drivers
v000001cbfd33b5d0_0 .net "d", 0 0, L_000001cbfd43c260;  alias, 1 drivers
v000001cbfd33af90_0 .var "q", 0 0;
v000001cbfd33c4d0_0 .net "rst", 0 0, o000001cbfd2438d8;  alias, 0 drivers
v000001cbfd33ae50_0 .net "wen", 0 0, L_000001cbfd441a80;  alias, 1 drivers
S_000001cbfd36b1a0 .scope module, "bitcells[8]" "bit_cell" 4 14, 5 4 0, S_000001cbfd36eb70;
 .timescale 0 0;
    .port_info 0 /INPUT 1 "clk";
    .port_info 1 /INPUT 1 "rst";
    .port_info 2 /INPUT 1 "d";
    .port_info 3 /INPUT 1 "wren";
    .port_info 4 /INPUT 1 "rden1";
    .port_info 5 /INPUT 1 "rden2";
    .port_info 6 /INOUT 1 "bitline1";
    .port_info 7 /INOUT 1 "bitline2";
L_000001cbfd4ce800 .functor BUFIF1 1, v000001cbfd33d0b0_0, L_000001cbfd441260, C4<0>, C4<0>;
L_000001cbfd4ceb10 .functor BUFIF1 1, v000001cbfd33d0b0_0, L_000001cbfd441ee0, C4<0>, C4<0>;
v000001cbfd33c7f0_0 .net8 "bitline1", 0 0, p000001cbfd26d158;  1 drivers, strength-aware
v000001cbfd33b490_0 .net8 "bitline2", 0 0, p000001cbfd26d188;  1 drivers, strength-aware
v000001cbfd33b850_0 .net "clk", 0 0, o000001cbfd243848;  alias, 0 drivers
v000001cbfd33b8f0_0 .net "d", 0 0, L_000001cbfd43c4e0;  1 drivers
v000001cbfd33d470_0 .net "q", 0 0, v000001cbfd33d0b0_0;  1 drivers
v000001cbfd33bad0_0 .net "rden1", 0 0, L_000001cbfd441260;  alias, 1 drivers
v000001cbfd33b0d0_0 .net "rden2", 0 0, L_000001cbfd441ee0;  alias, 1 drivers
v000001cbfd33c6b0_0 .net "rst", 0 0, o000001cbfd2438d8;  alias, 0 drivers
v000001cbfd33c750_0 .net "wren", 0 0, L_000001cbfd441a80;  alias, 1 drivers
S_000001cbfd36bb00 .scope module, "cell_dff" "dff" 5 19, 6 4 0, S_000001cbfd36b1a0;
 .timescale 0 0;
    .port_info 0 /OUTPUT 1 "q";
    .port_info 1 /INPUT 1 "d";
    .port_info 2 /INPUT 1 "wen";
    .port_info 3 /INPUT 1 "clk";
    .port_info 4 /INPUT 1 "rst";
v000001cbfd33ce30_0 .net "clk", 0 0, o000001cbfd243848;  alias, 0 drivers
v000001cbfd33b710_0 .net "d", 0 0, L_000001cbfd43c4e0;  alias, 1 drivers
v000001cbfd33d0b0_0 .var "q", 0 0;
v000001cbfd33c570_0 .net "rst", 0 0, o000001cbfd2438d8;  alias, 0 drivers
v000001cbfd33c610_0 .net "wen", 0 0, L_000001cbfd441a80;  alias, 1 drivers
S_000001cbfd36f7f0 .scope module, "bitcells[9]" "bit_cell" 4 14, 5 4 0, S_000001cbfd36eb70;
 .timescale 0 0;
    .port_info 0 /INPUT 1 "clk";
    .port_info 1 /INPUT 1 "rst";
    .port_info 2 /INPUT 1 "d";
    .port_info 3 /INPUT 1 "wren";
    .port_info 4 /INPUT 1 "rden1";
    .port_info 5 /INPUT 1 "rden2";
    .port_info 6 /INOUT 1 "bitline1";
    .port_info 7 /INOUT 1 "bitline2";
L_000001cbfd4cf6e0 .functor BUFIF1 1, v000001cbfd33cf70_0, L_000001cbfd441260, C4<0>, C4<0>;
L_000001cbfd4ce790 .functor BUFIF1 1, v000001cbfd33cf70_0, L_000001cbfd441ee0, C4<0>, C4<0>;
v000001cbfd33bb70_0 .net8 "bitline1", 0 0, p000001cbfd26d488;  1 drivers, strength-aware
v000001cbfd33d150_0 .net8 "bitline2", 0 0, p000001cbfd26d4b8;  1 drivers, strength-aware
v000001cbfd33cbb0_0 .net "clk", 0 0, o000001cbfd243848;  alias, 0 drivers
v000001cbfd33c890_0 .net "d", 0 0, L_000001cbfd43c620;  1 drivers
v000001cbfd33b3f0_0 .net "q", 0 0, v000001cbfd33cf70_0;  1 drivers
v000001cbfd33bc10_0 .net "rden1", 0 0, L_000001cbfd441260;  alias, 1 drivers
v000001cbfd33cc50_0 .net "rden2", 0 0, L_000001cbfd441ee0;  alias, 1 drivers
v000001cbfd33ccf0_0 .net "rst", 0 0, o000001cbfd2438d8;  alias, 0 drivers
v000001cbfd33c9d0_0 .net "wren", 0 0, L_000001cbfd441a80;  alias, 1 drivers
S_000001cbfd36c780 .scope module, "cell_dff" "dff" 5 19, 6 4 0, S_000001cbfd36f7f0;
 .timescale 0 0;
    .port_info 0 /OUTPUT 1 "q";
    .port_info 1 /INPUT 1 "d";
    .port_info 2 /INPUT 1 "wen";
    .port_info 3 /INPUT 1 "clk";
    .port_info 4 /INPUT 1 "rst";
v000001cbfd33bf30_0 .net "clk", 0 0, o000001cbfd243848;  alias, 0 drivers
v000001cbfd33ced0_0 .net "d", 0 0, L_000001cbfd43c620;  alias, 1 drivers
v000001cbfd33cf70_0 .var "q", 0 0;
v000001cbfd33b170_0 .net "rst", 0 0, o000001cbfd2438d8;  alias, 0 drivers
v000001cbfd33c930_0 .net "wen", 0 0, L_000001cbfd441a80;  alias, 1 drivers
S_000001cbfd36def0 .scope module, "bitcells[10]" "bit_cell" 4 14, 5 4 0, S_000001cbfd36eb70;
 .timescale 0 0;
    .port_info 0 /INPUT 1 "clk";
    .port_info 1 /INPUT 1 "rst";
    .port_info 2 /INPUT 1 "d";
    .port_info 3 /INPUT 1 "wren";
    .port_info 4 /INPUT 1 "rden1";
    .port_info 5 /INPUT 1 "rden2";
    .port_info 6 /INOUT 1 "bitline1";
    .port_info 7 /INOUT 1 "bitline2";
L_000001cbfd4ce560 .functor BUFIF1 1, v000001cbfd33bd50_0, L_000001cbfd441260, C4<0>, C4<0>;
L_000001cbfd4cfc20 .functor BUFIF1 1, v000001cbfd33bd50_0, L_000001cbfd441ee0, C4<0>, C4<0>;
v000001cbfd33d330_0 .net8 "bitline1", 0 0, p000001cbfd26d7b8;  1 drivers, strength-aware
v000001cbfd33ad10_0 .net8 "bitline2", 0 0, p000001cbfd26d7e8;  1 drivers, strength-aware
v000001cbfd33c110_0 .net "clk", 0 0, o000001cbfd243848;  alias, 0 drivers
v000001cbfd33adb0_0 .net "d", 0 0, L_000001cbfd43c800;  1 drivers
v000001cbfd33be90_0 .net "q", 0 0, v000001cbfd33bd50_0;  1 drivers
v000001cbfd33b2b0_0 .net "rden1", 0 0, L_000001cbfd441260;  alias, 1 drivers
v000001cbfd33b350_0 .net "rden2", 0 0, L_000001cbfd441ee0;  alias, 1 drivers
v000001cbfd33cb10_0 .net "rst", 0 0, o000001cbfd2438d8;  alias, 0 drivers
v000001cbfd37d330_0 .net "wren", 0 0, L_000001cbfd441a80;  alias, 1 drivers
S_000001cbfd36c2d0 .scope module, "cell_dff" "dff" 5 19, 6 4 0, S_000001cbfd36def0;
 .timescale 0 0;
    .port_info 0 /OUTPUT 1 "q";
    .port_info 1 /INPUT 1 "d";
    .port_info 2 /INPUT 1 "wen";
    .port_info 3 /INPUT 1 "clk";
    .port_info 4 /INPUT 1 "rst";
v000001cbfd33ca70_0 .net "clk", 0 0, o000001cbfd243848;  alias, 0 drivers
v000001cbfd33bcb0_0 .net "d", 0 0, L_000001cbfd43c800;  alias, 1 drivers
v000001cbfd33bd50_0 .var "q", 0 0;
v000001cbfd33bdf0_0 .net "rst", 0 0, o000001cbfd2438d8;  alias, 0 drivers
v000001cbfd33b210_0 .net "wen", 0 0, L_000001cbfd441a80;  alias, 1 drivers
S_000001cbfd36acf0 .scope module, "bitcells[11]" "bit_cell" 4 14, 5 4 0, S_000001cbfd36eb70;
 .timescale 0 0;
    .port_info 0 /INPUT 1 "clk";
    .port_info 1 /INPUT 1 "rst";
    .port_info 2 /INPUT 1 "d";
    .port_info 3 /INPUT 1 "wren";
    .port_info 4 /INPUT 1 "rden1";
    .port_info 5 /INPUT 1 "rden2";
    .port_info 6 /INOUT 1 "bitline1";
    .port_info 7 /INOUT 1 "bitline2";
L_000001cbfd4cfb40 .functor BUFIF1 1, v000001cbfd37d830_0, L_000001cbfd441260, C4<0>, C4<0>;
L_000001cbfd4cfad0 .functor BUFIF1 1, v000001cbfd37d830_0, L_000001cbfd441ee0, C4<0>, C4<0>;
v000001cbfd37c430_0 .net8 "bitline1", 0 0, p000001cbfd26dae8;  1 drivers, strength-aware
v000001cbfd37ccf0_0 .net8 "bitline2", 0 0, p000001cbfd26db18;  1 drivers, strength-aware
v000001cbfd37d5b0_0 .net "clk", 0 0, o000001cbfd243848;  alias, 0 drivers
v000001cbfd37d1f0_0 .net "d", 0 0, L_000001cbfd43c8a0;  1 drivers
v000001cbfd37db50_0 .net "q", 0 0, v000001cbfd37d830_0;  1 drivers
v000001cbfd37bb70_0 .net "rden1", 0 0, L_000001cbfd441260;  alias, 1 drivers
v000001cbfd37d650_0 .net "rden2", 0 0, L_000001cbfd441ee0;  alias, 1 drivers
v000001cbfd37dfb0_0 .net "rst", 0 0, o000001cbfd2438d8;  alias, 0 drivers
v000001cbfd37bfd0_0 .net "wren", 0 0, L_000001cbfd441a80;  alias, 1 drivers
S_000001cbfd370c40 .scope module, "cell_dff" "dff" 5 19, 6 4 0, S_000001cbfd36acf0;
 .timescale 0 0;
    .port_info 0 /OUTPUT 1 "q";
    .port_info 1 /INPUT 1 "d";
    .port_info 2 /INPUT 1 "wen";
    .port_info 3 /INPUT 1 "clk";
    .port_info 4 /INPUT 1 "rst";
v000001cbfd37ce30_0 .net "clk", 0 0, o000001cbfd243848;  alias, 0 drivers
v000001cbfd37d510_0 .net "d", 0 0, L_000001cbfd43c8a0;  alias, 1 drivers
v000001cbfd37d830_0 .var "q", 0 0;
v000001cbfd37c2f0_0 .net "rst", 0 0, o000001cbfd2438d8;  alias, 0 drivers
v000001cbfd37be90_0 .net "wen", 0 0, L_000001cbfd441a80;  alias, 1 drivers
S_000001cbfd36f4d0 .scope module, "bitcells[12]" "bit_cell" 4 14, 5 4 0, S_000001cbfd36eb70;
 .timescale 0 0;
    .port_info 0 /INPUT 1 "clk";
    .port_info 1 /INPUT 1 "rst";
    .port_info 2 /INPUT 1 "d";
    .port_info 3 /INPUT 1 "wren";
    .port_info 4 /INPUT 1 "rden1";
    .port_info 5 /INPUT 1 "rden2";
    .port_info 6 /INOUT 1 "bitline1";
    .port_info 7 /INOUT 1 "bitline2";
L_000001cbfd4cf750 .functor BUFIF1 1, v000001cbfd37cbb0_0, L_000001cbfd441260, C4<0>, C4<0>;
L_000001cbfd4cfc90 .functor BUFIF1 1, v000001cbfd37cbb0_0, L_000001cbfd441ee0, C4<0>, C4<0>;
v000001cbfd37c1b0_0 .net8 "bitline1", 0 0, p000001cbfd26de18;  1 drivers, strength-aware
v000001cbfd37d470_0 .net8 "bitline2", 0 0, p000001cbfd26de48;  1 drivers, strength-aware
v000001cbfd37d6f0_0 .net "clk", 0 0, o000001cbfd243848;  alias, 0 drivers
v000001cbfd37bf30_0 .net "d", 0 0, L_000001cbfd43e380;  1 drivers
v000001cbfd37c6b0_0 .net "q", 0 0, v000001cbfd37cbb0_0;  1 drivers
v000001cbfd37e050_0 .net "rden1", 0 0, L_000001cbfd441260;  alias, 1 drivers
v000001cbfd37b990_0 .net "rden2", 0 0, L_000001cbfd441ee0;  alias, 1 drivers
v000001cbfd37d790_0 .net "rst", 0 0, o000001cbfd2438d8;  alias, 0 drivers
v000001cbfd37cc50_0 .net "wren", 0 0, L_000001cbfd441a80;  alias, 1 drivers
S_000001cbfd36be20 .scope module, "cell_dff" "dff" 5 19, 6 4 0, S_000001cbfd36f4d0;
 .timescale 0 0;
    .port_info 0 /OUTPUT 1 "q";
    .port_info 1 /INPUT 1 "d";
    .port_info 2 /INPUT 1 "wen";
    .port_info 3 /INPUT 1 "clk";
    .port_info 4 /INPUT 1 "rst";
v000001cbfd37d8d0_0 .net "clk", 0 0, o000001cbfd243848;  alias, 0 drivers
v000001cbfd37dab0_0 .net "d", 0 0, L_000001cbfd43e380;  alias, 1 drivers
v000001cbfd37cbb0_0 .var "q", 0 0;
v000001cbfd37d290_0 .net "rst", 0 0, o000001cbfd2438d8;  alias, 0 drivers
v000001cbfd37ba30_0 .net "wen", 0 0, L_000001cbfd441a80;  alias, 1 drivers
S_000001cbfd36fb10 .scope module, "bitcells[13]" "bit_cell" 4 14, 5 4 0, S_000001cbfd36eb70;
 .timescale 0 0;
    .port_info 0 /INPUT 1 "clk";
    .port_info 1 /INPUT 1 "rst";
    .port_info 2 /INPUT 1 "d";
    .port_info 3 /INPUT 1 "wren";
    .port_info 4 /INPUT 1 "rden1";
    .port_info 5 /INPUT 1 "rden2";
    .port_info 6 /INOUT 1 "bitline1";
    .port_info 7 /INOUT 1 "bitline2";
L_000001cbfd4ce950 .functor BUFIF1 1, v000001cbfd37d970_0, L_000001cbfd441260, C4<0>, C4<0>;
L_000001cbfd4cfd00 .functor BUFIF1 1, v000001cbfd37d970_0, L_000001cbfd441ee0, C4<0>, C4<0>;
v000001cbfd37da10_0 .net8 "bitline1", 0 0, p000001cbfd26e148;  1 drivers, strength-aware
v000001cbfd37ddd0_0 .net8 "bitline2", 0 0, p000001cbfd26e178;  1 drivers, strength-aware
v000001cbfd37dbf0_0 .net "clk", 0 0, o000001cbfd243848;  alias, 0 drivers
v000001cbfd37bc10_0 .net "d", 0 0, L_000001cbfd43d980;  1 drivers
v000001cbfd37de70_0 .net "q", 0 0, v000001cbfd37d970_0;  1 drivers
v000001cbfd37dc90_0 .net "rden1", 0 0, L_000001cbfd441260;  alias, 1 drivers
v000001cbfd37e0f0_0 .net "rden2", 0 0, L_000001cbfd441ee0;  alias, 1 drivers
v000001cbfd37d3d0_0 .net "rst", 0 0, o000001cbfd2438d8;  alias, 0 drivers
v000001cbfd37c930_0 .net "wren", 0 0, L_000001cbfd441a80;  alias, 1 drivers
S_000001cbfd36fe30 .scope module, "cell_dff" "dff" 5 19, 6 4 0, S_000001cbfd36fb10;
 .timescale 0 0;
    .port_info 0 /OUTPUT 1 "q";
    .port_info 1 /INPUT 1 "d";
    .port_info 2 /INPUT 1 "wen";
    .port_info 3 /INPUT 1 "clk";
    .port_info 4 /INPUT 1 "rst";
v000001cbfd37c4d0_0 .net "clk", 0 0, o000001cbfd243848;  alias, 0 drivers
v000001cbfd37dd30_0 .net "d", 0 0, L_000001cbfd43d980;  alias, 1 drivers
v000001cbfd37d970_0 .var "q", 0 0;
v000001cbfd37ca70_0 .net "rst", 0 0, o000001cbfd2438d8;  alias, 0 drivers
v000001cbfd37bad0_0 .net "wen", 0 0, L_000001cbfd441a80;  alias, 1 drivers
S_000001cbfd36d720 .scope module, "bitcells[14]" "bit_cell" 4 14, 5 4 0, S_000001cbfd36eb70;
 .timescale 0 0;
    .port_info 0 /INPUT 1 "clk";
    .port_info 1 /INPUT 1 "rst";
    .port_info 2 /INPUT 1 "d";
    .port_info 3 /INPUT 1 "wren";
    .port_info 4 /INPUT 1 "rden1";
    .port_info 5 /INPUT 1 "rden2";
    .port_info 6 /INOUT 1 "bitline1";
    .port_info 7 /INOUT 1 "bitline2";
L_000001cbfd4cf050 .functor BUFIF1 1, v000001cbfd37bdf0_0, L_000001cbfd441260, C4<0>, C4<0>;
L_000001cbfd4cee20 .functor BUFIF1 1, v000001cbfd37bdf0_0, L_000001cbfd441ee0, C4<0>, C4<0>;
v000001cbfd37d150_0 .net8 "bitline1", 0 0, p000001cbfd26e478;  1 drivers, strength-aware
v000001cbfd37cb10_0 .net8 "bitline2", 0 0, p000001cbfd26e4a8;  1 drivers, strength-aware
v000001cbfd37cd90_0 .net "clk", 0 0, o000001cbfd243848;  alias, 0 drivers
v000001cbfd37c070_0 .net "d", 0 0, L_000001cbfd43de80;  1 drivers
v000001cbfd37c250_0 .net "q", 0 0, v000001cbfd37bdf0_0;  1 drivers
v000001cbfd37d010_0 .net "rden1", 0 0, L_000001cbfd441260;  alias, 1 drivers
v000001cbfd37c570_0 .net "rden2", 0 0, L_000001cbfd441ee0;  alias, 1 drivers
v000001cbfd37c390_0 .net "rst", 0 0, o000001cbfd2438d8;  alias, 0 drivers
v000001cbfd37c610_0 .net "wren", 0 0, L_000001cbfd441a80;  alias, 1 drivers
S_000001cbfd370150 .scope module, "cell_dff" "dff" 5 19, 6 4 0, S_000001cbfd36d720;
 .timescale 0 0;
    .port_info 0 /OUTPUT 1 "q";
    .port_info 1 /INPUT 1 "d";
    .port_info 2 /INPUT 1 "wen";
    .port_info 3 /INPUT 1 "clk";
    .port_info 4 /INPUT 1 "rst";
v000001cbfd37bcb0_0 .net "clk", 0 0, o000001cbfd243848;  alias, 0 drivers
v000001cbfd37c110_0 .net "d", 0 0, L_000001cbfd43de80;  alias, 1 drivers
v000001cbfd37bdf0_0 .var "q", 0 0;
v000001cbfd37df10_0 .net "rst", 0 0, o000001cbfd2438d8;  alias, 0 drivers
v000001cbfd37bd50_0 .net "wen", 0 0, L_000001cbfd441a80;  alias, 1 drivers
S_000001cbfd36b650 .scope module, "bitcells[15]" "bit_cell" 4 14, 5 4 0, S_000001cbfd36eb70;
 .timescale 0 0;
    .port_info 0 /INPUT 1 "clk";
    .port_info 1 /INPUT 1 "rst";
    .port_info 2 /INPUT 1 "d";
    .port_info 3 /INPUT 1 "wren";
    .port_info 4 /INPUT 1 "rden1";
    .port_info 5 /INPUT 1 "rden2";
    .port_info 6 /INOUT 1 "bitline1";
    .port_info 7 /INOUT 1 "bitline2";
L_000001cbfd4cfd70 .functor BUFIF1 1, v000001cbfd37ced0_0, L_000001cbfd441260, C4<0>, C4<0>;
L_000001cbfd4ce9c0 .functor BUFIF1 1, v000001cbfd37ced0_0, L_000001cbfd441ee0, C4<0>, C4<0>;
v000001cbfd37cf70_0 .net8 "bitline1", 0 0, p000001cbfd26e7a8;  1 drivers, strength-aware
v000001cbfd37d0b0_0 .net8 "bitline2", 0 0, p000001cbfd26e7d8;  1 drivers, strength-aware
v000001cbfd37fdb0_0 .net "clk", 0 0, o000001cbfd243848;  alias, 0 drivers
v000001cbfd37e690_0 .net "d", 0 0, L_000001cbfd43fb40;  1 drivers
v000001cbfd37eeb0_0 .net "q", 0 0, v000001cbfd37ced0_0;  1 drivers
v000001cbfd3807b0_0 .net "rden1", 0 0, L_000001cbfd441260;  alias, 1 drivers
v000001cbfd37e190_0 .net "rden2", 0 0, L_000001cbfd441ee0;  alias, 1 drivers
v000001cbfd37ff90_0 .net "rst", 0 0, o000001cbfd2438d8;  alias, 0 drivers
v000001cbfd37f450_0 .net "wren", 0 0, L_000001cbfd441a80;  alias, 1 drivers
S_000001cbfd36c460 .scope module, "cell_dff" "dff" 5 19, 6 4 0, S_000001cbfd36b650;
 .timescale 0 0;
    .port_info 0 /OUTPUT 1 "q";
    .port_info 1 /INPUT 1 "d";
    .port_info 2 /INPUT 1 "wen";
    .port_info 3 /INPUT 1 "clk";
    .port_info 4 /INPUT 1 "rst";
v000001cbfd37c750_0 .net "clk", 0 0, o000001cbfd243848;  alias, 0 drivers
v000001cbfd37c7f0_0 .net "d", 0 0, L_000001cbfd43fb40;  alias, 1 drivers
v000001cbfd37ced0_0 .var "q", 0 0;
v000001cbfd37c890_0 .net "rst", 0 0, o000001cbfd2438d8;  alias, 0 drivers
v000001cbfd37c9d0_0 .net "wen", 0 0, L_000001cbfd441a80;  alias, 1 drivers
S_000001cbfd36e210 .scope module, "registers[13]" "register" 2 36, 4 4 0, S_000001cbfcbd3120;
 .timescale 0 0;
    .port_info 0 /INPUT 1 "clk";
    .port_info 1 /INPUT 1 "rst";
    .port_info 2 /INPUT 16 "d";
    .port_info 3 /INPUT 1 "write_reg";
    .port_info 4 /INPUT 1 "rden1";
    .port_info 5 /INPUT 1 "rden2";
    .port_info 6 /INOUT 16 "bitline1";
    .port_info 7 /INOUT 16 "bitline2";
v000001cbfd386f70_0 .net8 "bitline1", 15 0, p000001cbfd246c38;  alias, 0 drivers, strength-aware
v000001cbfd385fd0_0 .net8 "bitline2", 15 0, p000001cbfd246c68;  alias, 0 drivers, strength-aware
v000001cbfd3869d0_0 .net "clk", 0 0, o000001cbfd243848;  alias, 0 drivers
v000001cbfd3873d0_0 .net "d", 15 0, o000001cbfd246c98;  alias, 0 drivers
v000001cbfd3876f0_0 .net "rden1", 0 0, L_000001cbfd442020;  1 drivers
v000001cbfd386a70_0 .net "rden2", 0 0, L_000001cbfd441620;  1 drivers
v000001cbfd387010_0 .net "rst", 0 0, o000001cbfd2438d8;  alias, 0 drivers
v000001cbfd386070_0 .net "write_reg", 0 0, L_000001cbfd43fd20;  1 drivers
L_000001cbfd43e920 .part o000001cbfd246c98, 0, 1;
L_000001cbfd43fbe0 .part o000001cbfd246c98, 1, 1;
L_000001cbfd43dac0 .part o000001cbfd246c98, 2, 1;
L_000001cbfd43d660 .part o000001cbfd246c98, 3, 1;
L_000001cbfd43e420 .part o000001cbfd246c98, 4, 1;
L_000001cbfd43f3c0 .part o000001cbfd246c98, 5, 1;
L_000001cbfd43d5c0 .part o000001cbfd246c98, 6, 1;
L_000001cbfd43fc80 .part o000001cbfd246c98, 7, 1;
L_000001cbfd43eec0 .part o000001cbfd246c98, 8, 1;
L_000001cbfd43eba0 .part o000001cbfd246c98, 9, 1;
L_000001cbfd43e740 .part o000001cbfd246c98, 10, 1;
L_000001cbfd43eb00 .part o000001cbfd246c98, 11, 1;
L_000001cbfd43e2e0 .part o000001cbfd246c98, 12, 1;
L_000001cbfd43ec40 .part o000001cbfd246c98, 13, 1;
L_000001cbfd43d8e0 .part o000001cbfd246c98, 14, 1;
L_000001cbfd43e4c0 .part o000001cbfd246c98, 15, 1;
p000001cbfd26ec88 .port I000001cbfd121800, L_000001cbfd4cf910;
 .tranvp 16 1 0, I000001cbfd121800, p000001cbfd246c38 p000001cbfd26ec88;
p000001cbfd26f018 .port I000001cbfd121800, L_000001cbfd4cff30;
 .tranvp 16 1 1, I000001cbfd121800, p000001cbfd246c38 p000001cbfd26f018;
p000001cbfd26f348 .port I000001cbfd121800, L_000001cbfd4cee90;
 .tranvp 16 1 2, I000001cbfd121800, p000001cbfd246c38 p000001cbfd26f348;
p000001cbfd26f678 .port I000001cbfd121800, L_000001cbfd4cf7c0;
 .tranvp 16 1 3, I000001cbfd121800, p000001cbfd246c38 p000001cbfd26f678;
p000001cbfd26f9a8 .port I000001cbfd121800, L_000001cbfd4cf360;
 .tranvp 16 1 4, I000001cbfd121800, p000001cbfd246c38 p000001cbfd26f9a8;
p000001cbfd26fcd8 .port I000001cbfd121800, L_000001cbfd4d0080;
 .tranvp 16 1 5, I000001cbfd121800, p000001cbfd246c38 p000001cbfd26fcd8;
p000001cbfd270008 .port I000001cbfd121800, L_000001cbfd4cf8a0;
 .tranvp 16 1 6, I000001cbfd121800, p000001cbfd246c38 p000001cbfd270008;
p000001cbfd270338 .port I000001cbfd121800, L_000001cbfd4cf440;
 .tranvp 16 1 7, I000001cbfd121800, p000001cbfd246c38 p000001cbfd270338;
p000001cbfd270668 .port I000001cbfd121800, L_000001cbfd4d09b0;
 .tranvp 16 1 8, I000001cbfd121800, p000001cbfd246c38 p000001cbfd270668;
p000001cbfd270998 .port I000001cbfd121800, L_000001cbfd4d0400;
 .tranvp 16 1 9, I000001cbfd121800, p000001cbfd246c38 p000001cbfd270998;
p000001cbfd270cc8 .port I000001cbfd121800, L_000001cbfd4d1200;
 .tranvp 16 1 10, I000001cbfd121800, p000001cbfd246c38 p000001cbfd270cc8;
p000001cbfd270ff8 .port I000001cbfd121800, L_000001cbfd4d0160;
 .tranvp 16 1 11, I000001cbfd121800, p000001cbfd246c38 p000001cbfd270ff8;
p000001cbfd271328 .port I000001cbfd121800, L_000001cbfd4d1740;
 .tranvp 16 1 12, I000001cbfd121800, p000001cbfd246c38 p000001cbfd271328;
p000001cbfd271658 .port I000001cbfd121800, L_000001cbfd4d12e0;
 .tranvp 16 1 13, I000001cbfd121800, p000001cbfd246c38 p000001cbfd271658;
p000001cbfd271988 .port I000001cbfd121800, L_000001cbfd4d04e0;
 .tranvp 16 1 14, I000001cbfd121800, p000001cbfd246c38 p000001cbfd271988;
p000001cbfd271cb8 .port I000001cbfd121800, L_000001cbfd4d0be0;
 .tranvp 16 1 15, I000001cbfd121800, p000001cbfd246c38 p000001cbfd271cb8;
p000001cbfd26ecb8 .port I000001cbfd121380, L_000001cbfd4cf0c0;
 .tranvp 16 1 0, I000001cbfd121380, p000001cbfd246c68 p000001cbfd26ecb8;
p000001cbfd26f048 .port I000001cbfd121380, L_000001cbfd4cf1a0;
 .tranvp 16 1 1, I000001cbfd121380, p000001cbfd246c68 p000001cbfd26f048;
p000001cbfd26f378 .port I000001cbfd121380, L_000001cbfd4cf3d0;
 .tranvp 16 1 2, I000001cbfd121380, p000001cbfd246c68 p000001cbfd26f378;
p000001cbfd26f6a8 .port I000001cbfd121380, L_000001cbfd4cea30;
 .tranvp 16 1 3, I000001cbfd121380, p000001cbfd246c68 p000001cbfd26f6a8;
p000001cbfd26f9d8 .port I000001cbfd121380, L_000001cbfd4cf830;
 .tranvp 16 1 4, I000001cbfd121380, p000001cbfd246c68 p000001cbfd26f9d8;
p000001cbfd26fd08 .port I000001cbfd121380, L_000001cbfd4d00f0;
 .tranvp 16 1 5, I000001cbfd121380, p000001cbfd246c68 p000001cbfd26fd08;
p000001cbfd270038 .port I000001cbfd121380, L_000001cbfd4ce640;
 .tranvp 16 1 6, I000001cbfd121380, p000001cbfd246c68 p000001cbfd270038;
p000001cbfd270368 .port I000001cbfd121380, L_000001cbfd4ce6b0;
 .tranvp 16 1 7, I000001cbfd121380, p000001cbfd246c68 p000001cbfd270368;
p000001cbfd270698 .port I000001cbfd121380, L_000001cbfd4d0470;
 .tranvp 16 1 8, I000001cbfd121380, p000001cbfd246c68 p000001cbfd270698;
p000001cbfd2709c8 .port I000001cbfd121380, L_000001cbfd4d0710;
 .tranvp 16 1 9, I000001cbfd121380, p000001cbfd246c68 p000001cbfd2709c8;
p000001cbfd270cf8 .port I000001cbfd121380, L_000001cbfd4d0320;
 .tranvp 16 1 10, I000001cbfd121380, p000001cbfd246c68 p000001cbfd270cf8;
p000001cbfd271028 .port I000001cbfd121380, L_000001cbfd4d17b0;
 .tranvp 16 1 11, I000001cbfd121380, p000001cbfd246c68 p000001cbfd271028;
p000001cbfd271358 .port I000001cbfd121380, L_000001cbfd4d1580;
 .tranvp 16 1 12, I000001cbfd121380, p000001cbfd246c68 p000001cbfd271358;
p000001cbfd271688 .port I000001cbfd121380, L_000001cbfd4d16d0;
 .tranvp 16 1 13, I000001cbfd121380, p000001cbfd246c68 p000001cbfd271688;
p000001cbfd2719b8 .port I000001cbfd121380, L_000001cbfd4d1820;
 .tranvp 16 1 14, I000001cbfd121380, p000001cbfd246c68 p000001cbfd2719b8;
p000001cbfd271ce8 .port I000001cbfd121380, L_000001cbfd4d0940;
 .tranvp 16 1 15, I000001cbfd121380, p000001cbfd246c68 p000001cbfd271ce8;
S_000001cbfd370dd0 .scope module, "bitcells[0]" "bit_cell" 4 14, 5 4 0, S_000001cbfd36e210;
 .timescale 0 0;
    .port_info 0 /INPUT 1 "clk";
    .port_info 1 /INPUT 1 "rst";
    .port_info 2 /INPUT 1 "d";
    .port_info 3 /INPUT 1 "wren";
    .port_info 4 /INPUT 1 "rden1";
    .port_info 5 /INPUT 1 "rden2";
    .port_info 6 /INOUT 1 "bitline1";
    .port_info 7 /INOUT 1 "bitline2";
L_000001cbfd4cf910 .functor BUFIF1 1, v000001cbfd37eaf0_0, L_000001cbfd442020, C4<0>, C4<0>;
L_000001cbfd4cf0c0 .functor BUFIF1 1, v000001cbfd37eaf0_0, L_000001cbfd441620, C4<0>, C4<0>;
v000001cbfd37f8b0_0 .net8 "bitline1", 0 0, p000001cbfd26ec88;  1 drivers, strength-aware
v000001cbfd37f9f0_0 .net8 "bitline2", 0 0, p000001cbfd26ecb8;  1 drivers, strength-aware
v000001cbfd37e910_0 .net "clk", 0 0, o000001cbfd243848;  alias, 0 drivers
v000001cbfd37f4f0_0 .net "d", 0 0, L_000001cbfd43e920;  1 drivers
v000001cbfd37ea50_0 .net "q", 0 0, v000001cbfd37eaf0_0;  1 drivers
v000001cbfd37e410_0 .net "rden1", 0 0, L_000001cbfd442020;  alias, 1 drivers
v000001cbfd37fe50_0 .net "rden2", 0 0, L_000001cbfd441620;  alias, 1 drivers
v000001cbfd37e2d0_0 .net "rst", 0 0, o000001cbfd2438d8;  alias, 0 drivers
v000001cbfd37f130_0 .net "wren", 0 0, L_000001cbfd43fd20;  alias, 1 drivers
S_000001cbfd370f60 .scope module, "cell_dff" "dff" 5 19, 6 4 0, S_000001cbfd370dd0;
 .timescale 0 0;
    .port_info 0 /OUTPUT 1 "q";
    .port_info 1 /INPUT 1 "d";
    .port_info 2 /INPUT 1 "wen";
    .port_info 3 /INPUT 1 "clk";
    .port_info 4 /INPUT 1 "rst";
v000001cbfd37fa90_0 .net "clk", 0 0, o000001cbfd243848;  alias, 0 drivers
v000001cbfd37e9b0_0 .net "d", 0 0, L_000001cbfd43e920;  alias, 1 drivers
v000001cbfd37eaf0_0 .var "q", 0 0;
v000001cbfd37fd10_0 .net "rst", 0 0, o000001cbfd2438d8;  alias, 0 drivers
v000001cbfd37fb30_0 .net "wen", 0 0, L_000001cbfd43fd20;  alias, 1 drivers
S_000001cbfd36c910 .scope module, "bitcells[1]" "bit_cell" 4 14, 5 4 0, S_000001cbfd36e210;
 .timescale 0 0;
    .port_info 0 /INPUT 1 "clk";
    .port_info 1 /INPUT 1 "rst";
    .port_info 2 /INPUT 1 "d";
    .port_info 3 /INPUT 1 "wren";
    .port_info 4 /INPUT 1 "rden1";
    .port_info 5 /INPUT 1 "rden2";
    .port_info 6 /INOUT 1 "bitline1";
    .port_info 7 /INOUT 1 "bitline2";
L_000001cbfd4cff30 .functor BUFIF1 1, v000001cbfd3800d0_0, L_000001cbfd442020, C4<0>, C4<0>;
L_000001cbfd4cf1a0 .functor BUFIF1 1, v000001cbfd3800d0_0, L_000001cbfd441620, C4<0>, C4<0>;
v000001cbfd380710_0 .net8 "bitline1", 0 0, p000001cbfd26f018;  1 drivers, strength-aware
v000001cbfd37e550_0 .net8 "bitline2", 0 0, p000001cbfd26f048;  1 drivers, strength-aware
v000001cbfd37eb90_0 .net "clk", 0 0, o000001cbfd243848;  alias, 0 drivers
v000001cbfd37ec30_0 .net "d", 0 0, L_000001cbfd43fbe0;  1 drivers
v000001cbfd37f590_0 .net "q", 0 0, v000001cbfd3800d0_0;  1 drivers
v000001cbfd37f6d0_0 .net "rden1", 0 0, L_000001cbfd442020;  alias, 1 drivers
v000001cbfd380170_0 .net "rden2", 0 0, L_000001cbfd441620;  alias, 1 drivers
v000001cbfd37e4b0_0 .net "rst", 0 0, o000001cbfd2438d8;  alias, 0 drivers
v000001cbfd37fc70_0 .net "wren", 0 0, L_000001cbfd43fd20;  alias, 1 drivers
S_000001cbfd36c5f0 .scope module, "cell_dff" "dff" 5 19, 6 4 0, S_000001cbfd36c910;
 .timescale 0 0;
    .port_info 0 /OUTPUT 1 "q";
    .port_info 1 /INPUT 1 "d";
    .port_info 2 /INPUT 1 "wen";
    .port_info 3 /INPUT 1 "clk";
    .port_info 4 /INPUT 1 "rst";
v000001cbfd37f630_0 .net "clk", 0 0, o000001cbfd243848;  alias, 0 drivers
v000001cbfd37e730_0 .net "d", 0 0, L_000001cbfd43fbe0;  alias, 1 drivers
v000001cbfd3800d0_0 .var "q", 0 0;
v000001cbfd37f3b0_0 .net "rst", 0 0, o000001cbfd2438d8;  alias, 0 drivers
v000001cbfd37fbd0_0 .net "wen", 0 0, L_000001cbfd43fd20;  alias, 1 drivers
S_000001cbfd36cc30 .scope module, "bitcells[2]" "bit_cell" 4 14, 5 4 0, S_000001cbfd36e210;
 .timescale 0 0;
    .port_info 0 /INPUT 1 "clk";
    .port_info 1 /INPUT 1 "rst";
    .port_info 2 /INPUT 1 "d";
    .port_info 3 /INPUT 1 "wren";
    .port_info 4 /INPUT 1 "rden1";
    .port_info 5 /INPUT 1 "rden2";
    .port_info 6 /INOUT 1 "bitline1";
    .port_info 7 /INOUT 1 "bitline2";
L_000001cbfd4cee90 .functor BUFIF1 1, v000001cbfd37e370_0, L_000001cbfd442020, C4<0>, C4<0>;
L_000001cbfd4cf3d0 .functor BUFIF1 1, v000001cbfd37e370_0, L_000001cbfd441620, C4<0>, C4<0>;
v000001cbfd380490_0 .net8 "bitline1", 0 0, p000001cbfd26f348;  1 drivers, strength-aware
v000001cbfd37f770_0 .net8 "bitline2", 0 0, p000001cbfd26f378;  1 drivers, strength-aware
v000001cbfd3802b0_0 .net "clk", 0 0, o000001cbfd243848;  alias, 0 drivers
v000001cbfd380350_0 .net "d", 0 0, L_000001cbfd43dac0;  1 drivers
v000001cbfd37f810_0 .net "q", 0 0, v000001cbfd37e370_0;  1 drivers
v000001cbfd380850_0 .net "rden1", 0 0, L_000001cbfd442020;  alias, 1 drivers
v000001cbfd37e230_0 .net "rden2", 0 0, L_000001cbfd441620;  alias, 1 drivers
v000001cbfd37f270_0 .net "rst", 0 0, o000001cbfd2438d8;  alias, 0 drivers
v000001cbfd37f090_0 .net "wren", 0 0, L_000001cbfd43fd20;  alias, 1 drivers
S_000001cbfd36e3a0 .scope module, "cell_dff" "dff" 5 19, 6 4 0, S_000001cbfd36cc30;
 .timescale 0 0;
    .port_info 0 /OUTPUT 1 "q";
    .port_info 1 /INPUT 1 "d";
    .port_info 2 /INPUT 1 "wen";
    .port_info 3 /INPUT 1 "clk";
    .port_info 4 /INPUT 1 "rst";
v000001cbfd380210_0 .net "clk", 0 0, o000001cbfd243848;  alias, 0 drivers
v000001cbfd37e7d0_0 .net "d", 0 0, L_000001cbfd43dac0;  alias, 1 drivers
v000001cbfd37e370_0 .var "q", 0 0;
v000001cbfd37e870_0 .net "rst", 0 0, o000001cbfd2438d8;  alias, 0 drivers
v000001cbfd380530_0 .net "wen", 0 0, L_000001cbfd43fd20;  alias, 1 drivers
S_000001cbfd36e530 .scope module, "bitcells[3]" "bit_cell" 4 14, 5 4 0, S_000001cbfd36e210;
 .timescale 0 0;
    .port_info 0 /INPUT 1 "clk";
    .port_info 1 /INPUT 1 "rst";
    .port_info 2 /INPUT 1 "d";
    .port_info 3 /INPUT 1 "wren";
    .port_info 4 /INPUT 1 "rden1";
    .port_info 5 /INPUT 1 "rden2";
    .port_info 6 /INOUT 1 "bitline1";
    .port_info 7 /INOUT 1 "bitline2";
L_000001cbfd4cf7c0 .functor BUFIF1 1, v000001cbfd3808f0_0, L_000001cbfd442020, C4<0>, C4<0>;
L_000001cbfd4cea30 .functor BUFIF1 1, v000001cbfd3808f0_0, L_000001cbfd441620, C4<0>, C4<0>;
v000001cbfd37f1d0_0 .net8 "bitline1", 0 0, p000001cbfd26f678;  1 drivers, strength-aware
v000001cbfd37f310_0 .net8 "bitline2", 0 0, p000001cbfd26f6a8;  1 drivers, strength-aware
v000001cbfd381e30_0 .net "clk", 0 0, o000001cbfd243848;  alias, 0 drivers
v000001cbfd382970_0 .net "d", 0 0, L_000001cbfd43d660;  1 drivers
v000001cbfd380c10_0 .net "q", 0 0, v000001cbfd3808f0_0;  1 drivers
v000001cbfd382fb0_0 .net "rden1", 0 0, L_000001cbfd442020;  alias, 1 drivers
v000001cbfd382510_0 .net "rden2", 0 0, L_000001cbfd441620;  alias, 1 drivers
v000001cbfd382dd0_0 .net "rst", 0 0, o000001cbfd2438d8;  alias, 0 drivers
v000001cbfd382330_0 .net "wren", 0 0, L_000001cbfd43fd20;  alias, 1 drivers
S_000001cbfd39f0e0 .scope module, "cell_dff" "dff" 5 19, 6 4 0, S_000001cbfd36e530;
 .timescale 0 0;
    .port_info 0 /OUTPUT 1 "q";
    .port_info 1 /INPUT 1 "d";
    .port_info 2 /INPUT 1 "wen";
    .port_info 3 /INPUT 1 "clk";
    .port_info 4 /INPUT 1 "rst";
v000001cbfd380670_0 .net "clk", 0 0, o000001cbfd243848;  alias, 0 drivers
v000001cbfd37ee10_0 .net "d", 0 0, L_000001cbfd43d660;  alias, 1 drivers
v000001cbfd3808f0_0 .var "q", 0 0;
v000001cbfd37e5f0_0 .net "rst", 0 0, o000001cbfd2438d8;  alias, 0 drivers
v000001cbfd37ef50_0 .net "wen", 0 0, L_000001cbfd43fd20;  alias, 1 drivers
S_000001cbfd3a1980 .scope module, "bitcells[4]" "bit_cell" 4 14, 5 4 0, S_000001cbfd36e210;
 .timescale 0 0;
    .port_info 0 /INPUT 1 "clk";
    .port_info 1 /INPUT 1 "rst";
    .port_info 2 /INPUT 1 "d";
    .port_info 3 /INPUT 1 "wren";
    .port_info 4 /INPUT 1 "rden1";
    .port_info 5 /INPUT 1 "rden2";
    .port_info 6 /INOUT 1 "bitline1";
    .port_info 7 /INOUT 1 "bitline2";
L_000001cbfd4cf360 .functor BUFIF1 1, v000001cbfd380f30_0, L_000001cbfd442020, C4<0>, C4<0>;
L_000001cbfd4cf830 .functor BUFIF1 1, v000001cbfd380f30_0, L_000001cbfd441620, C4<0>, C4<0>;
v000001cbfd382a10_0 .net8 "bitline1", 0 0, p000001cbfd26f9a8;  1 drivers, strength-aware
v000001cbfd382b50_0 .net8 "bitline2", 0 0, p000001cbfd26f9d8;  1 drivers, strength-aware
v000001cbfd380cb0_0 .net "clk", 0 0, o000001cbfd243848;  alias, 0 drivers
v000001cbfd383050_0 .net "d", 0 0, L_000001cbfd43e420;  1 drivers
v000001cbfd380990_0 .net "q", 0 0, v000001cbfd380f30_0;  1 drivers
v000001cbfd381890_0 .net "rden1", 0 0, L_000001cbfd442020;  alias, 1 drivers
v000001cbfd381110_0 .net "rden2", 0 0, L_000001cbfd441620;  alias, 1 drivers
v000001cbfd381930_0 .net "rst", 0 0, o000001cbfd2438d8;  alias, 0 drivers
v000001cbfd382ab0_0 .net "wren", 0 0, L_000001cbfd43fd20;  alias, 1 drivers
S_000001cbfd39fa40 .scope module, "cell_dff" "dff" 5 19, 6 4 0, S_000001cbfd3a1980;
 .timescale 0 0;
    .port_info 0 /OUTPUT 1 "q";
    .port_info 1 /INPUT 1 "d";
    .port_info 2 /INPUT 1 "wen";
    .port_info 3 /INPUT 1 "clk";
    .port_info 4 /INPUT 1 "rst";
v000001cbfd380ad0_0 .net "clk", 0 0, o000001cbfd243848;  alias, 0 drivers
v000001cbfd3812f0_0 .net "d", 0 0, L_000001cbfd43e420;  alias, 1 drivers
v000001cbfd380f30_0 .var "q", 0 0;
v000001cbfd380b70_0 .net "rst", 0 0, o000001cbfd2438d8;  alias, 0 drivers
v000001cbfd380e90_0 .net "wen", 0 0, L_000001cbfd43fd20;  alias, 1 drivers
S_000001cbfd3a0b70 .scope module, "bitcells[5]" "bit_cell" 4 14, 5 4 0, S_000001cbfd36e210;
 .timescale 0 0;
    .port_info 0 /INPUT 1 "clk";
    .port_info 1 /INPUT 1 "rst";
    .port_info 2 /INPUT 1 "d";
    .port_info 3 /INPUT 1 "wren";
    .port_info 4 /INPUT 1 "rden1";
    .port_info 5 /INPUT 1 "rden2";
    .port_info 6 /INOUT 1 "bitline1";
    .port_info 7 /INOUT 1 "bitline2";
L_000001cbfd4d0080 .functor BUFIF1 1, v000001cbfd381390_0, L_000001cbfd442020, C4<0>, C4<0>;
L_000001cbfd4d00f0 .functor BUFIF1 1, v000001cbfd381390_0, L_000001cbfd441620, C4<0>, C4<0>;
v000001cbfd381c50_0 .net8 "bitline1", 0 0, p000001cbfd26fcd8;  1 drivers, strength-aware
v000001cbfd382bf0_0 .net8 "bitline2", 0 0, p000001cbfd26fd08;  1 drivers, strength-aware
v000001cbfd382790_0 .net "clk", 0 0, o000001cbfd243848;  alias, 0 drivers
v000001cbfd381d90_0 .net "d", 0 0, L_000001cbfd43f3c0;  1 drivers
v000001cbfd381cf0_0 .net "q", 0 0, v000001cbfd381390_0;  1 drivers
v000001cbfd381f70_0 .net "rden1", 0 0, L_000001cbfd442020;  alias, 1 drivers
v000001cbfd380d50_0 .net "rden2", 0 0, L_000001cbfd441620;  alias, 1 drivers
v000001cbfd382c90_0 .net "rst", 0 0, o000001cbfd2438d8;  alias, 0 drivers
v000001cbfd382d30_0 .net "wren", 0 0, L_000001cbfd43fd20;  alias, 1 drivers
S_000001cbfd3a1ca0 .scope module, "cell_dff" "dff" 5 19, 6 4 0, S_000001cbfd3a0b70;
 .timescale 0 0;
    .port_info 0 /OUTPUT 1 "q";
    .port_info 1 /INPUT 1 "d";
    .port_info 2 /INPUT 1 "wen";
    .port_info 3 /INPUT 1 "clk";
    .port_info 4 /INPUT 1 "rst";
v000001cbfd380a30_0 .net "clk", 0 0, o000001cbfd243848;  alias, 0 drivers
v000001cbfd382650_0 .net "d", 0 0, L_000001cbfd43f3c0;  alias, 1 drivers
v000001cbfd381390_0 .var "q", 0 0;
v000001cbfd3811b0_0 .net "rst", 0 0, o000001cbfd2438d8;  alias, 0 drivers
v000001cbfd381ed0_0 .net "wen", 0 0, L_000001cbfd43fd20;  alias, 1 drivers
S_000001cbfd39c840 .scope module, "bitcells[6]" "bit_cell" 4 14, 5 4 0, S_000001cbfd36e210;
 .timescale 0 0;
    .port_info 0 /INPUT 1 "clk";
    .port_info 1 /INPUT 1 "rst";
    .port_info 2 /INPUT 1 "d";
    .port_info 3 /INPUT 1 "wren";
    .port_info 4 /INPUT 1 "rden1";
    .port_info 5 /INPUT 1 "rden2";
    .port_info 6 /INOUT 1 "bitline1";
    .port_info 7 /INOUT 1 "bitline2";
L_000001cbfd4cf8a0 .functor BUFIF1 1, v000001cbfd381a70_0, L_000001cbfd442020, C4<0>, C4<0>;
L_000001cbfd4ce640 .functor BUFIF1 1, v000001cbfd381a70_0, L_000001cbfd441620, C4<0>, C4<0>;
v000001cbfd3821f0_0 .net8 "bitline1", 0 0, p000001cbfd270008;  1 drivers, strength-aware
v000001cbfd382e70_0 .net8 "bitline2", 0 0, p000001cbfd270038;  1 drivers, strength-aware
v000001cbfd382290_0 .net "clk", 0 0, o000001cbfd243848;  alias, 0 drivers
v000001cbfd381250_0 .net "d", 0 0, L_000001cbfd43d5c0;  1 drivers
v000001cbfd382010_0 .net "q", 0 0, v000001cbfd381a70_0;  1 drivers
v000001cbfd381610_0 .net "rden1", 0 0, L_000001cbfd442020;  alias, 1 drivers
v000001cbfd3825b0_0 .net "rden2", 0 0, L_000001cbfd441620;  alias, 1 drivers
v000001cbfd3823d0_0 .net "rst", 0 0, o000001cbfd2438d8;  alias, 0 drivers
v000001cbfd381b10_0 .net "wren", 0 0, L_000001cbfd43fd20;  alias, 1 drivers
S_000001cbfd39bee0 .scope module, "cell_dff" "dff" 5 19, 6 4 0, S_000001cbfd39c840;
 .timescale 0 0;
    .port_info 0 /OUTPUT 1 "q";
    .port_info 1 /INPUT 1 "d";
    .port_info 2 /INPUT 1 "wen";
    .port_info 3 /INPUT 1 "clk";
    .port_info 4 /INPUT 1 "rst";
v000001cbfd380df0_0 .net "clk", 0 0, o000001cbfd243848;  alias, 0 drivers
v000001cbfd3819d0_0 .net "d", 0 0, L_000001cbfd43d5c0;  alias, 1 drivers
v000001cbfd381a70_0 .var "q", 0 0;
v000001cbfd382830_0 .net "rst", 0 0, o000001cbfd2438d8;  alias, 0 drivers
v000001cbfd3820b0_0 .net "wen", 0 0, L_000001cbfd43fd20;  alias, 1 drivers
S_000001cbfd39f8b0 .scope module, "bitcells[7]" "bit_cell" 4 14, 5 4 0, S_000001cbfd36e210;
 .timescale 0 0;
    .port_info 0 /INPUT 1 "clk";
    .port_info 1 /INPUT 1 "rst";
    .port_info 2 /INPUT 1 "d";
    .port_info 3 /INPUT 1 "wren";
    .port_info 4 /INPUT 1 "rden1";
    .port_info 5 /INPUT 1 "rden2";
    .port_info 6 /INOUT 1 "bitline1";
    .port_info 7 /INOUT 1 "bitline2";
L_000001cbfd4cf440 .functor BUFIF1 1, v000001cbfd381bb0_0, L_000001cbfd442020, C4<0>, C4<0>;
L_000001cbfd4ce6b0 .functor BUFIF1 1, v000001cbfd381bb0_0, L_000001cbfd441620, C4<0>, C4<0>;
v000001cbfd381430_0 .net8 "bitline1", 0 0, p000001cbfd270338;  1 drivers, strength-aware
v000001cbfd3828d0_0 .net8 "bitline2", 0 0, p000001cbfd270368;  1 drivers, strength-aware
v000001cbfd382f10_0 .net "clk", 0 0, o000001cbfd243848;  alias, 0 drivers
v000001cbfd3830f0_0 .net "d", 0 0, L_000001cbfd43fc80;  1 drivers
v000001cbfd381070_0 .net "q", 0 0, v000001cbfd381bb0_0;  1 drivers
v000001cbfd3814d0_0 .net "rden1", 0 0, L_000001cbfd442020;  alias, 1 drivers
v000001cbfd381570_0 .net "rden2", 0 0, L_000001cbfd441620;  alias, 1 drivers
v000001cbfd3816b0_0 .net "rst", 0 0, o000001cbfd2438d8;  alias, 0 drivers
v000001cbfd381750_0 .net "wren", 0 0, L_000001cbfd43fd20;  alias, 1 drivers
S_000001cbfd39ec30 .scope module, "cell_dff" "dff" 5 19, 6 4 0, S_000001cbfd39f8b0;
 .timescale 0 0;
    .port_info 0 /OUTPUT 1 "q";
    .port_info 1 /INPUT 1 "d";
    .port_info 2 /INPUT 1 "wen";
    .port_info 3 /INPUT 1 "clk";
    .port_info 4 /INPUT 1 "rst";
v000001cbfd380fd0_0 .net "clk", 0 0, o000001cbfd243848;  alias, 0 drivers
v000001cbfd3826f0_0 .net "d", 0 0, L_000001cbfd43fc80;  alias, 1 drivers
v000001cbfd381bb0_0 .var "q", 0 0;
v000001cbfd382150_0 .net "rst", 0 0, o000001cbfd2438d8;  alias, 0 drivers
v000001cbfd382470_0 .net "wen", 0 0, L_000001cbfd43fd20;  alias, 1 drivers
S_000001cbfd39de20 .scope module, "bitcells[8]" "bit_cell" 4 14, 5 4 0, S_000001cbfd36e210;
 .timescale 0 0;
    .port_info 0 /INPUT 1 "clk";
    .port_info 1 /INPUT 1 "rst";
    .port_info 2 /INPUT 1 "d";
    .port_info 3 /INPUT 1 "wren";
    .port_info 4 /INPUT 1 "rden1";
    .port_info 5 /INPUT 1 "rden2";
    .port_info 6 /INOUT 1 "bitline1";
    .port_info 7 /INOUT 1 "bitline2";
L_000001cbfd4d09b0 .functor BUFIF1 1, v000001cbfd3852b0_0, L_000001cbfd442020, C4<0>, C4<0>;
L_000001cbfd4d0470 .functor BUFIF1 1, v000001cbfd3852b0_0, L_000001cbfd441620, C4<0>, C4<0>;
v000001cbfd383ff0_0 .net8 "bitline1", 0 0, p000001cbfd270668;  1 drivers, strength-aware
v000001cbfd3835f0_0 .net8 "bitline2", 0 0, p000001cbfd270698;  1 drivers, strength-aware
v000001cbfd385530_0 .net "clk", 0 0, o000001cbfd243848;  alias, 0 drivers
v000001cbfd383230_0 .net "d", 0 0, L_000001cbfd43eec0;  1 drivers
v000001cbfd383cd0_0 .net "q", 0 0, v000001cbfd3852b0_0;  1 drivers
v000001cbfd383370_0 .net "rden1", 0 0, L_000001cbfd442020;  alias, 1 drivers
v000001cbfd384090_0 .net "rden2", 0 0, L_000001cbfd441620;  alias, 1 drivers
v000001cbfd383a50_0 .net "rst", 0 0, o000001cbfd2438d8;  alias, 0 drivers
v000001cbfd3841d0_0 .net "wren", 0 0, L_000001cbfd43fd20;  alias, 1 drivers
S_000001cbfd39dfb0 .scope module, "cell_dff" "dff" 5 19, 6 4 0, S_000001cbfd39de20;
 .timescale 0 0;
    .port_info 0 /OUTPUT 1 "q";
    .port_info 1 /INPUT 1 "d";
    .port_info 2 /INPUT 1 "wen";
    .port_info 3 /INPUT 1 "clk";
    .port_info 4 /INPUT 1 "rst";
v000001cbfd3817f0_0 .net "clk", 0 0, o000001cbfd243848;  alias, 0 drivers
v000001cbfd384590_0 .net "d", 0 0, L_000001cbfd43eec0;  alias, 1 drivers
v000001cbfd3852b0_0 .var "q", 0 0;
v000001cbfd3832d0_0 .net "rst", 0 0, o000001cbfd2438d8;  alias, 0 drivers
v000001cbfd385210_0 .net "wen", 0 0, L_000001cbfd43fd20;  alias, 1 drivers
S_000001cbfd39c070 .scope module, "bitcells[9]" "bit_cell" 4 14, 5 4 0, S_000001cbfd36e210;
 .timescale 0 0;
    .port_info 0 /INPUT 1 "clk";
    .port_info 1 /INPUT 1 "rst";
    .port_info 2 /INPUT 1 "d";
    .port_info 3 /INPUT 1 "wren";
    .port_info 4 /INPUT 1 "rden1";
    .port_info 5 /INPUT 1 "rden2";
    .port_info 6 /INOUT 1 "bitline1";
    .port_info 7 /INOUT 1 "bitline2";
L_000001cbfd4d0400 .functor BUFIF1 1, v000001cbfd384d10_0, L_000001cbfd442020, C4<0>, C4<0>;
L_000001cbfd4d0710 .functor BUFIF1 1, v000001cbfd384d10_0, L_000001cbfd441620, C4<0>, C4<0>;
v000001cbfd384db0_0 .net8 "bitline1", 0 0, p000001cbfd270998;  1 drivers, strength-aware
v000001cbfd384130_0 .net8 "bitline2", 0 0, p000001cbfd2709c8;  1 drivers, strength-aware
v000001cbfd384450_0 .net "clk", 0 0, o000001cbfd243848;  alias, 0 drivers
v000001cbfd383b90_0 .net "d", 0 0, L_000001cbfd43eba0;  1 drivers
v000001cbfd3855d0_0 .net "q", 0 0, v000001cbfd384d10_0;  1 drivers
v000001cbfd384e50_0 .net "rden1", 0 0, L_000001cbfd442020;  alias, 1 drivers
v000001cbfd384950_0 .net "rden2", 0 0, L_000001cbfd441620;  alias, 1 drivers
v000001cbfd383410_0 .net "rst", 0 0, o000001cbfd2438d8;  alias, 0 drivers
v000001cbfd384310_0 .net "wren", 0 0, L_000001cbfd43fd20;  alias, 1 drivers
S_000001cbfd3a03a0 .scope module, "cell_dff" "dff" 5 19, 6 4 0, S_000001cbfd39c070;
 .timescale 0 0;
    .port_info 0 /OUTPUT 1 "q";
    .port_info 1 /INPUT 1 "d";
    .port_info 2 /INPUT 1 "wen";
    .port_info 3 /INPUT 1 "clk";
    .port_info 4 /INPUT 1 "rst";
v000001cbfd384630_0 .net "clk", 0 0, o000001cbfd243848;  alias, 0 drivers
v000001cbfd383af0_0 .net "d", 0 0, L_000001cbfd43eba0;  alias, 1 drivers
v000001cbfd384d10_0 .var "q", 0 0;
v000001cbfd383690_0 .net "rst", 0 0, o000001cbfd2438d8;  alias, 0 drivers
v000001cbfd384270_0 .net "wen", 0 0, L_000001cbfd43fd20;  alias, 1 drivers
S_000001cbfd39c9d0 .scope module, "bitcells[10]" "bit_cell" 4 14, 5 4 0, S_000001cbfd36e210;
 .timescale 0 0;
    .port_info 0 /INPUT 1 "clk";
    .port_info 1 /INPUT 1 "rst";
    .port_info 2 /INPUT 1 "d";
    .port_info 3 /INPUT 1 "wren";
    .port_info 4 /INPUT 1 "rden1";
    .port_info 5 /INPUT 1 "rden2";
    .port_info 6 /INOUT 1 "bitline1";
    .port_info 7 /INOUT 1 "bitline2";
L_000001cbfd4d1200 .functor BUFIF1 1, v000001cbfd3846d0_0, L_000001cbfd442020, C4<0>, C4<0>;
L_000001cbfd4d0320 .functor BUFIF1 1, v000001cbfd3846d0_0, L_000001cbfd441620, C4<0>, C4<0>;
v000001cbfd385710_0 .net8 "bitline1", 0 0, p000001cbfd270cc8;  1 drivers, strength-aware
v000001cbfd3857b0_0 .net8 "bitline2", 0 0, p000001cbfd270cf8;  1 drivers, strength-aware
v000001cbfd383550_0 .net "clk", 0 0, o000001cbfd243848;  alias, 0 drivers
v000001cbfd383c30_0 .net "d", 0 0, L_000001cbfd43e740;  1 drivers
v000001cbfd3844f0_0 .net "q", 0 0, v000001cbfd3846d0_0;  1 drivers
v000001cbfd384770_0 .net "rden1", 0 0, L_000001cbfd442020;  alias, 1 drivers
v000001cbfd383870_0 .net "rden2", 0 0, L_000001cbfd441620;  alias, 1 drivers
v000001cbfd3849f0_0 .net "rst", 0 0, o000001cbfd2438d8;  alias, 0 drivers
v000001cbfd384810_0 .net "wren", 0 0, L_000001cbfd43fd20;  alias, 1 drivers
S_000001cbfd39f590 .scope module, "cell_dff" "dff" 5 19, 6 4 0, S_000001cbfd39c9d0;
 .timescale 0 0;
    .port_info 0 /OUTPUT 1 "q";
    .port_info 1 /INPUT 1 "d";
    .port_info 2 /INPUT 1 "wen";
    .port_info 3 /INPUT 1 "clk";
    .port_info 4 /INPUT 1 "rst";
v000001cbfd385670_0 .net "clk", 0 0, o000001cbfd243848;  alias, 0 drivers
v000001cbfd3843b0_0 .net "d", 0 0, L_000001cbfd43e740;  alias, 1 drivers
v000001cbfd3846d0_0 .var "q", 0 0;
v000001cbfd384ef0_0 .net "rst", 0 0, o000001cbfd2438d8;  alias, 0 drivers
v000001cbfd383190_0 .net "wen", 0 0, L_000001cbfd43fd20;  alias, 1 drivers
S_000001cbfd39f400 .scope module, "bitcells[11]" "bit_cell" 4 14, 5 4 0, S_000001cbfd36e210;
 .timescale 0 0;
    .port_info 0 /INPUT 1 "clk";
    .port_info 1 /INPUT 1 "rst";
    .port_info 2 /INPUT 1 "d";
    .port_info 3 /INPUT 1 "wren";
    .port_info 4 /INPUT 1 "rden1";
    .port_info 5 /INPUT 1 "rden2";
    .port_info 6 /INOUT 1 "bitline1";
    .port_info 7 /INOUT 1 "bitline2";
L_000001cbfd4d0160 .functor BUFIF1 1, v000001cbfd3848b0_0, L_000001cbfd442020, C4<0>, C4<0>;
L_000001cbfd4d17b0 .functor BUFIF1 1, v000001cbfd3848b0_0, L_000001cbfd441620, C4<0>, C4<0>;
v000001cbfd384f90_0 .net8 "bitline1", 0 0, p000001cbfd270ff8;  1 drivers, strength-aware
v000001cbfd383730_0 .net8 "bitline2", 0 0, p000001cbfd271028;  1 drivers, strength-aware
v000001cbfd384a90_0 .net "clk", 0 0, o000001cbfd243848;  alias, 0 drivers
v000001cbfd384b30_0 .net "d", 0 0, L_000001cbfd43eb00;  1 drivers
v000001cbfd384bd0_0 .net "q", 0 0, v000001cbfd3848b0_0;  1 drivers
v000001cbfd384c70_0 .net "rden1", 0 0, L_000001cbfd442020;  alias, 1 drivers
v000001cbfd385030_0 .net "rden2", 0 0, L_000001cbfd441620;  alias, 1 drivers
v000001cbfd385350_0 .net "rst", 0 0, o000001cbfd2438d8;  alias, 0 drivers
v000001cbfd385490_0 .net "wren", 0 0, L_000001cbfd43fd20;  alias, 1 drivers
S_000001cbfd39bd50 .scope module, "cell_dff" "dff" 5 19, 6 4 0, S_000001cbfd39f400;
 .timescale 0 0;
    .port_info 0 /OUTPUT 1 "q";
    .port_info 1 /INPUT 1 "d";
    .port_info 2 /INPUT 1 "wen";
    .port_info 3 /INPUT 1 "clk";
    .port_info 4 /INPUT 1 "rst";
v000001cbfd385850_0 .net "clk", 0 0, o000001cbfd243848;  alias, 0 drivers
v000001cbfd383e10_0 .net "d", 0 0, L_000001cbfd43eb00;  alias, 1 drivers
v000001cbfd3848b0_0 .var "q", 0 0;
v000001cbfd3837d0_0 .net "rst", 0 0, o000001cbfd2438d8;  alias, 0 drivers
v000001cbfd3858f0_0 .net "wen", 0 0, L_000001cbfd43fd20;  alias, 1 drivers
S_000001cbfd39d010 .scope module, "bitcells[12]" "bit_cell" 4 14, 5 4 0, S_000001cbfd36e210;
 .timescale 0 0;
    .port_info 0 /INPUT 1 "clk";
    .port_info 1 /INPUT 1 "rst";
    .port_info 2 /INPUT 1 "d";
    .port_info 3 /INPUT 1 "wren";
    .port_info 4 /INPUT 1 "rden1";
    .port_info 5 /INPUT 1 "rden2";
    .port_info 6 /INOUT 1 "bitline1";
    .port_info 7 /INOUT 1 "bitline2";
L_000001cbfd4d1740 .functor BUFIF1 1, v000001cbfd3850d0_0, L_000001cbfd442020, C4<0>, C4<0>;
L_000001cbfd4d1580 .functor BUFIF1 1, v000001cbfd3850d0_0, L_000001cbfd441620, C4<0>, C4<0>;
v000001cbfd3839b0_0 .net8 "bitline1", 0 0, p000001cbfd271328;  1 drivers, strength-aware
v000001cbfd3834b0_0 .net8 "bitline2", 0 0, p000001cbfd271358;  1 drivers, strength-aware
v000001cbfd383eb0_0 .net "clk", 0 0, o000001cbfd243848;  alias, 0 drivers
v000001cbfd383f50_0 .net "d", 0 0, L_000001cbfd43e2e0;  1 drivers
v000001cbfd387d30_0 .net "q", 0 0, v000001cbfd3850d0_0;  1 drivers
v000001cbfd387150_0 .net "rden1", 0 0, L_000001cbfd442020;  alias, 1 drivers
v000001cbfd386e30_0 .net "rden2", 0 0, L_000001cbfd441620;  alias, 1 drivers
v000001cbfd387bf0_0 .net "rst", 0 0, o000001cbfd2438d8;  alias, 0 drivers
v000001cbfd387970_0 .net "wren", 0 0, L_000001cbfd43fd20;  alias, 1 drivers
S_000001cbfd3a0530 .scope module, "cell_dff" "dff" 5 19, 6 4 0, S_000001cbfd39d010;
 .timescale 0 0;
    .port_info 0 /OUTPUT 1 "q";
    .port_info 1 /INPUT 1 "d";
    .port_info 2 /INPUT 1 "wen";
    .port_info 3 /INPUT 1 "clk";
    .port_info 4 /INPUT 1 "rst";
v000001cbfd383910_0 .net "clk", 0 0, o000001cbfd243848;  alias, 0 drivers
v000001cbfd383d70_0 .net "d", 0 0, L_000001cbfd43e2e0;  alias, 1 drivers
v000001cbfd3850d0_0 .var "q", 0 0;
v000001cbfd385170_0 .net "rst", 0 0, o000001cbfd2438d8;  alias, 0 drivers
v000001cbfd3853f0_0 .net "wen", 0 0, L_000001cbfd43fd20;  alias, 1 drivers
S_000001cbfd3a1660 .scope module, "bitcells[13]" "bit_cell" 4 14, 5 4 0, S_000001cbfd36e210;
 .timescale 0 0;
    .port_info 0 /INPUT 1 "clk";
    .port_info 1 /INPUT 1 "rst";
    .port_info 2 /INPUT 1 "d";
    .port_info 3 /INPUT 1 "wren";
    .port_info 4 /INPUT 1 "rden1";
    .port_info 5 /INPUT 1 "rden2";
    .port_info 6 /INOUT 1 "bitline1";
    .port_info 7 /INOUT 1 "bitline2";
L_000001cbfd4d12e0 .functor BUFIF1 1, v000001cbfd387510_0, L_000001cbfd442020, C4<0>, C4<0>;
L_000001cbfd4d16d0 .functor BUFIF1 1, v000001cbfd387510_0, L_000001cbfd441620, C4<0>, C4<0>;
v000001cbfd385b70_0 .net8 "bitline1", 0 0, p000001cbfd271658;  1 drivers, strength-aware
v000001cbfd386430_0 .net8 "bitline2", 0 0, p000001cbfd271688;  1 drivers, strength-aware
v000001cbfd386cf0_0 .net "clk", 0 0, o000001cbfd243848;  alias, 0 drivers
v000001cbfd386bb0_0 .net "d", 0 0, L_000001cbfd43ec40;  1 drivers
v000001cbfd387a10_0 .net "q", 0 0, v000001cbfd387510_0;  1 drivers
v000001cbfd387b50_0 .net "rden1", 0 0, L_000001cbfd442020;  alias, 1 drivers
v000001cbfd387c90_0 .net "rden2", 0 0, L_000001cbfd441620;  alias, 1 drivers
v000001cbfd386d90_0 .net "rst", 0 0, o000001cbfd2438d8;  alias, 0 drivers
v000001cbfd385c10_0 .net "wren", 0 0, L_000001cbfd43fd20;  alias, 1 drivers
S_000001cbfd3a06c0 .scope module, "cell_dff" "dff" 5 19, 6 4 0, S_000001cbfd3a1660;
 .timescale 0 0;
    .port_info 0 /OUTPUT 1 "q";
    .port_info 1 /INPUT 1 "d";
    .port_info 2 /INPUT 1 "wen";
    .port_info 3 /INPUT 1 "clk";
    .port_info 4 /INPUT 1 "rst";
v000001cbfd386610_0 .net "clk", 0 0, o000001cbfd243848;  alias, 0 drivers
v000001cbfd387330_0 .net "d", 0 0, L_000001cbfd43ec40;  alias, 1 drivers
v000001cbfd387510_0 .var "q", 0 0;
v000001cbfd387830_0 .net "rst", 0 0, o000001cbfd2438d8;  alias, 0 drivers
v000001cbfd385ad0_0 .net "wen", 0 0, L_000001cbfd43fd20;  alias, 1 drivers
S_000001cbfd39e2d0 .scope module, "bitcells[14]" "bit_cell" 4 14, 5 4 0, S_000001cbfd36e210;
 .timescale 0 0;
    .port_info 0 /INPUT 1 "clk";
    .port_info 1 /INPUT 1 "rst";
    .port_info 2 /INPUT 1 "d";
    .port_info 3 /INPUT 1 "wren";
    .port_info 4 /INPUT 1 "rden1";
    .port_info 5 /INPUT 1 "rden2";
    .port_info 6 /INOUT 1 "bitline1";
    .port_info 7 /INOUT 1 "bitline2";
L_000001cbfd4d04e0 .functor BUFIF1 1, v000001cbfd387ab0_0, L_000001cbfd442020, C4<0>, C4<0>;
L_000001cbfd4d1820 .functor BUFIF1 1, v000001cbfd387ab0_0, L_000001cbfd441620, C4<0>, C4<0>;
v000001cbfd386b10_0 .net8 "bitline1", 0 0, p000001cbfd271988;  1 drivers, strength-aware
v000001cbfd386ed0_0 .net8 "bitline2", 0 0, p000001cbfd2719b8;  1 drivers, strength-aware
v000001cbfd3866b0_0 .net "clk", 0 0, o000001cbfd243848;  alias, 0 drivers
v000001cbfd3875b0_0 .net "d", 0 0, L_000001cbfd43d8e0;  1 drivers
v000001cbfd385e90_0 .net "q", 0 0, v000001cbfd387ab0_0;  1 drivers
v000001cbfd387e70_0 .net "rden1", 0 0, L_000001cbfd442020;  alias, 1 drivers
v000001cbfd387dd0_0 .net "rden2", 0 0, L_000001cbfd441620;  alias, 1 drivers
v000001cbfd387fb0_0 .net "rst", 0 0, o000001cbfd2438d8;  alias, 0 drivers
v000001cbfd385990_0 .net "wren", 0 0, L_000001cbfd43fd20;  alias, 1 drivers
S_000001cbfd39f720 .scope module, "cell_dff" "dff" 5 19, 6 4 0, S_000001cbfd39e2d0;
 .timescale 0 0;
    .port_info 0 /OUTPUT 1 "q";
    .port_info 1 /INPUT 1 "d";
    .port_info 2 /INPUT 1 "wen";
    .port_info 3 /INPUT 1 "clk";
    .port_info 4 /INPUT 1 "rst";
v000001cbfd386390_0 .net "clk", 0 0, o000001cbfd243848;  alias, 0 drivers
v000001cbfd3878d0_0 .net "d", 0 0, L_000001cbfd43d8e0;  alias, 1 drivers
v000001cbfd387ab0_0 .var "q", 0 0;
v000001cbfd386c50_0 .net "rst", 0 0, o000001cbfd2438d8;  alias, 0 drivers
v000001cbfd385cb0_0 .net "wen", 0 0, L_000001cbfd43fd20;  alias, 1 drivers
S_000001cbfd3a0d00 .scope module, "bitcells[15]" "bit_cell" 4 14, 5 4 0, S_000001cbfd36e210;
 .timescale 0 0;
    .port_info 0 /INPUT 1 "clk";
    .port_info 1 /INPUT 1 "rst";
    .port_info 2 /INPUT 1 "d";
    .port_info 3 /INPUT 1 "wren";
    .port_info 4 /INPUT 1 "rden1";
    .port_info 5 /INPUT 1 "rden2";
    .port_info 6 /INOUT 1 "bitline1";
    .port_info 7 /INOUT 1 "bitline2";
L_000001cbfd4d0be0 .functor BUFIF1 1, v000001cbfd387f10_0, L_000001cbfd442020, C4<0>, C4<0>;
L_000001cbfd4d0940 .functor BUFIF1 1, v000001cbfd387f10_0, L_000001cbfd441620, C4<0>, C4<0>;
v000001cbfd387290_0 .net8 "bitline1", 0 0, p000001cbfd271cb8;  1 drivers, strength-aware
v000001cbfd3870b0_0 .net8 "bitline2", 0 0, p000001cbfd271ce8;  1 drivers, strength-aware
v000001cbfd388050_0 .net "clk", 0 0, o000001cbfd243848;  alias, 0 drivers
v000001cbfd385a30_0 .net "d", 0 0, L_000001cbfd43e4c0;  1 drivers
v000001cbfd385d50_0 .net "q", 0 0, v000001cbfd387f10_0;  1 drivers
v000001cbfd386750_0 .net "rden1", 0 0, L_000001cbfd442020;  alias, 1 drivers
v000001cbfd385df0_0 .net "rden2", 0 0, L_000001cbfd441620;  alias, 1 drivers
v000001cbfd387650_0 .net "rst", 0 0, o000001cbfd2438d8;  alias, 0 drivers
v000001cbfd385f30_0 .net "wren", 0 0, L_000001cbfd43fd20;  alias, 1 drivers
S_000001cbfd3a17f0 .scope module, "cell_dff" "dff" 5 19, 6 4 0, S_000001cbfd3a0d00;
 .timescale 0 0;
    .port_info 0 /OUTPUT 1 "q";
    .port_info 1 /INPUT 1 "d";
    .port_info 2 /INPUT 1 "wen";
    .port_info 3 /INPUT 1 "clk";
    .port_info 4 /INPUT 1 "rst";
v000001cbfd3871f0_0 .net "clk", 0 0, o000001cbfd243848;  alias, 0 drivers
v000001cbfd3864d0_0 .net "d", 0 0, L_000001cbfd43e4c0;  alias, 1 drivers
v000001cbfd387f10_0 .var "q", 0 0;
v000001cbfd386570_0 .net "rst", 0 0, o000001cbfd2438d8;  alias, 0 drivers
v000001cbfd3880f0_0 .net "wen", 0 0, L_000001cbfd43fd20;  alias, 1 drivers
S_000001cbfd3a1fc0 .scope module, "registers[14]" "register" 2 36, 4 4 0, S_000001cbfcbd3120;
 .timescale 0 0;
    .port_info 0 /INPUT 1 "clk";
    .port_info 1 /INPUT 1 "rst";
    .port_info 2 /INPUT 16 "d";
    .port_info 3 /INPUT 1 "write_reg";
    .port_info 4 /INPUT 1 "rden1";
    .port_info 5 /INPUT 1 "rden2";
    .port_info 6 /INOUT 16 "bitline1";
    .port_info 7 /INOUT 16 "bitline2";
v000001cbfd390390_0 .net8 "bitline1", 15 0, p000001cbfd246c38;  alias, 0 drivers, strength-aware
v000001cbfd391d30_0 .net8 "bitline2", 15 0, p000001cbfd246c68;  alias, 0 drivers, strength-aware
v000001cbfd3911f0_0 .net "clk", 0 0, o000001cbfd243848;  alias, 0 drivers
v000001cbfd391bf0_0 .net "d", 15 0, o000001cbfd246c98;  alias, 0 drivers
v000001cbfd391f10_0 .net "rden1", 0 0, L_000001cbfd4409a0;  1 drivers
v000001cbfd391290_0 .net "rden2", 0 0, L_000001cbfd4420c0;  1 drivers
v000001cbfd3915b0_0 .net "rst", 0 0, o000001cbfd2438d8;  alias, 0 drivers
v000001cbfd391e70_0 .net "write_reg", 0 0, L_000001cbfd4405e0;  1 drivers
L_000001cbfd43f280 .part o000001cbfd246c98, 0, 1;
L_000001cbfd43e7e0 .part o000001cbfd246c98, 1, 1;
L_000001cbfd43d700 .part o000001cbfd246c98, 2, 1;
L_000001cbfd43d7a0 .part o000001cbfd246c98, 3, 1;
L_000001cbfd43da20 .part o000001cbfd246c98, 4, 1;
L_000001cbfd43f780 .part o000001cbfd246c98, 5, 1;
L_000001cbfd43df20 .part o000001cbfd246c98, 6, 1;
L_000001cbfd43dd40 .part o000001cbfd246c98, 7, 1;
L_000001cbfd43dc00 .part o000001cbfd246c98, 8, 1;
L_000001cbfd43f820 .part o000001cbfd246c98, 9, 1;
L_000001cbfd43d840 .part o000001cbfd246c98, 10, 1;
L_000001cbfd43f8c0 .part o000001cbfd246c98, 11, 1;
L_000001cbfd43ea60 .part o000001cbfd246c98, 12, 1;
L_000001cbfd43f500 .part o000001cbfd246c98, 13, 1;
L_000001cbfd43dfc0 .part o000001cbfd246c98, 14, 1;
L_000001cbfd43f5a0 .part o000001cbfd246c98, 15, 1;
p000001cbfd3b8208 .port I000001cbfd121800, L_000001cbfd4d0780;
 .tranvp 16 1 0, I000001cbfd121800, p000001cbfd246c38 p000001cbfd3b8208;
p000001cbfd3b8598 .port I000001cbfd121800, L_000001cbfd4d19e0;
 .tranvp 16 1 1, I000001cbfd121800, p000001cbfd246c38 p000001cbfd3b8598;
p000001cbfd3b88c8 .port I000001cbfd121800, L_000001cbfd4d0d30;
 .tranvp 16 1 2, I000001cbfd121800, p000001cbfd246c38 p000001cbfd3b88c8;
p000001cbfd3b8bf8 .port I000001cbfd121800, L_000001cbfd4d1890;
 .tranvp 16 1 3, I000001cbfd121800, p000001cbfd246c38 p000001cbfd3b8bf8;
p000001cbfd3b8f28 .port I000001cbfd121800, L_000001cbfd4d07f0;
 .tranvp 16 1 4, I000001cbfd121800, p000001cbfd246c38 p000001cbfd3b8f28;
p000001cbfd3b9258 .port I000001cbfd121800, L_000001cbfd4d0e80;
 .tranvp 16 1 5, I000001cbfd121800, p000001cbfd246c38 p000001cbfd3b9258;
p000001cbfd3b9588 .port I000001cbfd121800, L_000001cbfd4d01d0;
 .tranvp 16 1 6, I000001cbfd121800, p000001cbfd246c38 p000001cbfd3b9588;
p000001cbfd3b98b8 .port I000001cbfd121800, L_000001cbfd4d0860;
 .tranvp 16 1 7, I000001cbfd121800, p000001cbfd246c38 p000001cbfd3b98b8;
p000001cbfd3b9be8 .port I000001cbfd121800, L_000001cbfd4d13c0;
 .tranvp 16 1 8, I000001cbfd121800, p000001cbfd246c38 p000001cbfd3b9be8;
p000001cbfd3b9f18 .port I000001cbfd121800, L_000001cbfd4d0da0;
 .tranvp 16 1 9, I000001cbfd121800, p000001cbfd246c38 p000001cbfd3b9f18;
p000001cbfd3ba248 .port I000001cbfd121800, L_000001cbfd4d15f0;
 .tranvp 16 1 10, I000001cbfd121800, p000001cbfd246c38 p000001cbfd3ba248;
p000001cbfd3ba578 .port I000001cbfd121800, L_000001cbfd4d08d0;
 .tranvp 16 1 11, I000001cbfd121800, p000001cbfd246c38 p000001cbfd3ba578;
p000001cbfd3ba8a8 .port I000001cbfd121800, L_000001cbfd4d10b0;
 .tranvp 16 1 12, I000001cbfd121800, p000001cbfd246c38 p000001cbfd3ba8a8;
p000001cbfd3babd8 .port I000001cbfd121800, L_000001cbfd4d0b00;
 .tranvp 16 1 13, I000001cbfd121800, p000001cbfd246c38 p000001cbfd3babd8;
p000001cbfd3baf08 .port I000001cbfd121800, L_000001cbfd4d1660;
 .tranvp 16 1 14, I000001cbfd121800, p000001cbfd246c38 p000001cbfd3baf08;
p000001cbfd3bb238 .port I000001cbfd121800, L_000001cbfd4d1270;
 .tranvp 16 1 15, I000001cbfd121800, p000001cbfd246c38 p000001cbfd3bb238;
p000001cbfd3b8238 .port I000001cbfd121380, L_000001cbfd4d0a20;
 .tranvp 16 1 0, I000001cbfd121380, p000001cbfd246c68 p000001cbfd3b8238;
p000001cbfd3b85c8 .port I000001cbfd121380, L_000001cbfd4d1970;
 .tranvp 16 1 1, I000001cbfd121380, p000001cbfd246c68 p000001cbfd3b85c8;
p000001cbfd3b88f8 .port I000001cbfd121380, L_000001cbfd4d1b30;
 .tranvp 16 1 2, I000001cbfd121380, p000001cbfd246c68 p000001cbfd3b88f8;
p000001cbfd3b8c28 .port I000001cbfd121380, L_000001cbfd4d1ba0;
 .tranvp 16 1 3, I000001cbfd121380, p000001cbfd246c68 p000001cbfd3b8c28;
p000001cbfd3b8f58 .port I000001cbfd121380, L_000001cbfd4d0f60;
 .tranvp 16 1 4, I000001cbfd121380, p000001cbfd246c68 p000001cbfd3b8f58;
p000001cbfd3b9288 .port I000001cbfd121380, L_000001cbfd4d0a90;
 .tranvp 16 1 5, I000001cbfd121380, p000001cbfd246c68 p000001cbfd3b9288;
p000001cbfd3b95b8 .port I000001cbfd121380, L_000001cbfd4d0240;
 .tranvp 16 1 6, I000001cbfd121380, p000001cbfd246c68 p000001cbfd3b95b8;
p000001cbfd3b98e8 .port I000001cbfd121380, L_000001cbfd4d1c10;
 .tranvp 16 1 7, I000001cbfd121380, p000001cbfd246c68 p000001cbfd3b98e8;
p000001cbfd3b9c18 .port I000001cbfd121380, L_000001cbfd4d1c80;
 .tranvp 16 1 8, I000001cbfd121380, p000001cbfd246c68 p000001cbfd3b9c18;
p000001cbfd3b9f48 .port I000001cbfd121380, L_000001cbfd4d1190;
 .tranvp 16 1 9, I000001cbfd121380, p000001cbfd246c68 p000001cbfd3b9f48;
p000001cbfd3ba278 .port I000001cbfd121380, L_000001cbfd4d1900;
 .tranvp 16 1 10, I000001cbfd121380, p000001cbfd246c68 p000001cbfd3ba278;
p000001cbfd3ba5a8 .port I000001cbfd121380, L_000001cbfd4d0390;
 .tranvp 16 1 11, I000001cbfd121380, p000001cbfd246c68 p000001cbfd3ba5a8;
p000001cbfd3ba8d8 .port I000001cbfd121380, L_000001cbfd4d0e10;
 .tranvp 16 1 12, I000001cbfd121380, p000001cbfd246c68 p000001cbfd3ba8d8;
p000001cbfd3bac08 .port I000001cbfd121380, L_000001cbfd4d1120;
 .tranvp 16 1 13, I000001cbfd121380, p000001cbfd246c68 p000001cbfd3bac08;
p000001cbfd3baf38 .port I000001cbfd121380, L_000001cbfd4d1cf0;
 .tranvp 16 1 14, I000001cbfd121380, p000001cbfd246c68 p000001cbfd3baf38;
p000001cbfd3bb268 .port I000001cbfd121380, L_000001cbfd4d02b0;
 .tranvp 16 1 15, I000001cbfd121380, p000001cbfd246c68 p000001cbfd3bb268;
S_000001cbfd39e910 .scope module, "bitcells[0]" "bit_cell" 4 14, 5 4 0, S_000001cbfd3a1fc0;
 .timescale 0 0;
    .port_info 0 /INPUT 1 "clk";
    .port_info 1 /INPUT 1 "rst";
    .port_info 2 /INPUT 1 "d";
    .port_info 3 /INPUT 1 "wren";
    .port_info 4 /INPUT 1 "rden1";
    .port_info 5 /INPUT 1 "rden2";
    .port_info 6 /INOUT 1 "bitline1";
    .port_info 7 /INOUT 1 "bitline2";
L_000001cbfd4d0780 .functor BUFIF1 1, v000001cbfd387470_0, L_000001cbfd4409a0, C4<0>, C4<0>;
L_000001cbfd4d0a20 .functor BUFIF1 1, v000001cbfd387470_0, L_000001cbfd4420c0, C4<0>, C4<0>;
v000001cbfd3861b0_0 .net8 "bitline1", 0 0, p000001cbfd3b8208;  1 drivers, strength-aware
v000001cbfd386890_0 .net8 "bitline2", 0 0, p000001cbfd3b8238;  1 drivers, strength-aware
v000001cbfd386250_0 .net "clk", 0 0, o000001cbfd243848;  alias, 0 drivers
v000001cbfd386930_0 .net "d", 0 0, L_000001cbfd43f280;  1 drivers
v000001cbfd38a850_0 .net "q", 0 0, v000001cbfd387470_0;  1 drivers
v000001cbfd389db0_0 .net "rden1", 0 0, L_000001cbfd4409a0;  alias, 1 drivers
v000001cbfd388690_0 .net "rden2", 0 0, L_000001cbfd4420c0;  alias, 1 drivers
v000001cbfd389630_0 .net "rst", 0 0, o000001cbfd2438d8;  alias, 0 drivers
v000001cbfd3884b0_0 .net "wren", 0 0, L_000001cbfd4405e0;  alias, 1 drivers
S_000001cbfd39d7e0 .scope module, "cell_dff" "dff" 5 19, 6 4 0, S_000001cbfd39e910;
 .timescale 0 0;
    .port_info 0 /OUTPUT 1 "q";
    .port_info 1 /INPUT 1 "d";
    .port_info 2 /INPUT 1 "wen";
    .port_info 3 /INPUT 1 "clk";
    .port_info 4 /INPUT 1 "rst";
v000001cbfd3867f0_0 .net "clk", 0 0, o000001cbfd243848;  alias, 0 drivers
v000001cbfd3862f0_0 .net "d", 0 0, L_000001cbfd43f280;  alias, 1 drivers
v000001cbfd387470_0 .var "q", 0 0;
v000001cbfd387790_0 .net "rst", 0 0, o000001cbfd2438d8;  alias, 0 drivers
v000001cbfd386110_0 .net "wen", 0 0, L_000001cbfd4405e0;  alias, 1 drivers
S_000001cbfd39fbd0 .scope module, "bitcells[1]" "bit_cell" 4 14, 5 4 0, S_000001cbfd3a1fc0;
 .timescale 0 0;
    .port_info 0 /INPUT 1 "clk";
    .port_info 1 /INPUT 1 "rst";
    .port_info 2 /INPUT 1 "d";
    .port_info 3 /INPUT 1 "wren";
    .port_info 4 /INPUT 1 "rden1";
    .port_info 5 /INPUT 1 "rden2";
    .port_info 6 /INOUT 1 "bitline1";
    .port_info 7 /INOUT 1 "bitline2";
L_000001cbfd4d19e0 .functor BUFIF1 1, v000001cbfd389090_0, L_000001cbfd4409a0, C4<0>, C4<0>;
L_000001cbfd4d1970 .functor BUFIF1 1, v000001cbfd389090_0, L_000001cbfd4420c0, C4<0>, C4<0>;
v000001cbfd38a0d0_0 .net8 "bitline1", 0 0, p000001cbfd3b8598;  1 drivers, strength-aware
v000001cbfd38a530_0 .net8 "bitline2", 0 0, p000001cbfd3b85c8;  1 drivers, strength-aware
v000001cbfd388370_0 .net "clk", 0 0, o000001cbfd243848;  alias, 0 drivers
v000001cbfd389770_0 .net "d", 0 0, L_000001cbfd43e7e0;  1 drivers
v000001cbfd388410_0 .net "q", 0 0, v000001cbfd389090_0;  1 drivers
v000001cbfd3893b0_0 .net "rden1", 0 0, L_000001cbfd4409a0;  alias, 1 drivers
v000001cbfd389310_0 .net "rden2", 0 0, L_000001cbfd4420c0;  alias, 1 drivers
v000001cbfd3889b0_0 .net "rst", 0 0, o000001cbfd2438d8;  alias, 0 drivers
v000001cbfd3896d0_0 .net "wren", 0 0, L_000001cbfd4405e0;  alias, 1 drivers
S_000001cbfd3a0850 .scope module, "cell_dff" "dff" 5 19, 6 4 0, S_000001cbfd39fbd0;
 .timescale 0 0;
    .port_info 0 /OUTPUT 1 "q";
    .port_info 1 /INPUT 1 "d";
    .port_info 2 /INPUT 1 "wen";
    .port_info 3 /INPUT 1 "clk";
    .port_info 4 /INPUT 1 "rst";
v000001cbfd389270_0 .net "clk", 0 0, o000001cbfd243848;  alias, 0 drivers
v000001cbfd3882d0_0 .net "d", 0 0, L_000001cbfd43e7e0;  alias, 1 drivers
v000001cbfd389090_0 .var "q", 0 0;
v000001cbfd389e50_0 .net "rst", 0 0, o000001cbfd2438d8;  alias, 0 drivers
v000001cbfd38a030_0 .net "wen", 0 0, L_000001cbfd4405e0;  alias, 1 drivers
S_000001cbfd3a1340 .scope module, "bitcells[2]" "bit_cell" 4 14, 5 4 0, S_000001cbfd3a1fc0;
 .timescale 0 0;
    .port_info 0 /INPUT 1 "clk";
    .port_info 1 /INPUT 1 "rst";
    .port_info 2 /INPUT 1 "d";
    .port_info 3 /INPUT 1 "wren";
    .port_info 4 /INPUT 1 "rden1";
    .port_info 5 /INPUT 1 "rden2";
    .port_info 6 /INOUT 1 "bitline1";
    .port_info 7 /INOUT 1 "bitline2";
L_000001cbfd4d0d30 .functor BUFIF1 1, v000001cbfd3898b0_0, L_000001cbfd4409a0, C4<0>, C4<0>;
L_000001cbfd4d1b30 .functor BUFIF1 1, v000001cbfd3898b0_0, L_000001cbfd4420c0, C4<0>, C4<0>;
v000001cbfd388230_0 .net8 "bitline1", 0 0, p000001cbfd3b88c8;  1 drivers, strength-aware
v000001cbfd38a8f0_0 .net8 "bitline2", 0 0, p000001cbfd3b88f8;  1 drivers, strength-aware
v000001cbfd388eb0_0 .net "clk", 0 0, o000001cbfd243848;  alias, 0 drivers
v000001cbfd389a90_0 .net "d", 0 0, L_000001cbfd43d700;  1 drivers
v000001cbfd3891d0_0 .net "q", 0 0, v000001cbfd3898b0_0;  1 drivers
v000001cbfd38a210_0 .net "rden1", 0 0, L_000001cbfd4409a0;  alias, 1 drivers
v000001cbfd389450_0 .net "rden2", 0 0, L_000001cbfd4420c0;  alias, 1 drivers
v000001cbfd38a490_0 .net "rst", 0 0, o000001cbfd2438d8;  alias, 0 drivers
v000001cbfd388730_0 .net "wren", 0 0, L_000001cbfd4405e0;  alias, 1 drivers
S_000001cbfd39db00 .scope module, "cell_dff" "dff" 5 19, 6 4 0, S_000001cbfd3a1340;
 .timescale 0 0;
    .port_info 0 /OUTPUT 1 "q";
    .port_info 1 /INPUT 1 "d";
    .port_info 2 /INPUT 1 "wen";
    .port_info 3 /INPUT 1 "clk";
    .port_info 4 /INPUT 1 "rst";
v000001cbfd388550_0 .net "clk", 0 0, o000001cbfd243848;  alias, 0 drivers
v000001cbfd38a170_0 .net "d", 0 0, L_000001cbfd43d700;  alias, 1 drivers
v000001cbfd3898b0_0 .var "q", 0 0;
v000001cbfd3885f0_0 .net "rst", 0 0, o000001cbfd2438d8;  alias, 0 drivers
v000001cbfd389ef0_0 .net "wen", 0 0, L_000001cbfd4405e0;  alias, 1 drivers
S_000001cbfd39e460 .scope module, "bitcells[3]" "bit_cell" 4 14, 5 4 0, S_000001cbfd3a1fc0;
 .timescale 0 0;
    .port_info 0 /INPUT 1 "clk";
    .port_info 1 /INPUT 1 "rst";
    .port_info 2 /INPUT 1 "d";
    .port_info 3 /INPUT 1 "wren";
    .port_info 4 /INPUT 1 "rden1";
    .port_info 5 /INPUT 1 "rden2";
    .port_info 6 /INOUT 1 "bitline1";
    .port_info 7 /INOUT 1 "bitline2";
L_000001cbfd4d1890 .functor BUFIF1 1, v000001cbfd3894f0_0, L_000001cbfd4409a0, C4<0>, C4<0>;
L_000001cbfd4d1ba0 .functor BUFIF1 1, v000001cbfd3894f0_0, L_000001cbfd4420c0, C4<0>, C4<0>;
v000001cbfd388e10_0 .net8 "bitline1", 0 0, p000001cbfd3b8bf8;  1 drivers, strength-aware
v000001cbfd388910_0 .net8 "bitline2", 0 0, p000001cbfd3b8c28;  1 drivers, strength-aware
v000001cbfd389950_0 .net "clk", 0 0, o000001cbfd243848;  alias, 0 drivers
v000001cbfd389130_0 .net "d", 0 0, L_000001cbfd43d7a0;  1 drivers
v000001cbfd388a50_0 .net "q", 0 0, v000001cbfd3894f0_0;  1 drivers
v000001cbfd38a350_0 .net "rden1", 0 0, L_000001cbfd4409a0;  alias, 1 drivers
v000001cbfd389590_0 .net "rden2", 0 0, L_000001cbfd4420c0;  alias, 1 drivers
v000001cbfd389810_0 .net "rst", 0 0, o000001cbfd2438d8;  alias, 0 drivers
v000001cbfd389f90_0 .net "wren", 0 0, L_000001cbfd4405e0;  alias, 1 drivers
S_000001cbfd39c6b0 .scope module, "cell_dff" "dff" 5 19, 6 4 0, S_000001cbfd39e460;
 .timescale 0 0;
    .port_info 0 /OUTPUT 1 "q";
    .port_info 1 /INPUT 1 "d";
    .port_info 2 /INPUT 1 "wen";
    .port_info 3 /INPUT 1 "clk";
    .port_info 4 /INPUT 1 "rst";
v000001cbfd3887d0_0 .net "clk", 0 0, o000001cbfd243848;  alias, 0 drivers
v000001cbfd388870_0 .net "d", 0 0, L_000001cbfd43d7a0;  alias, 1 drivers
v000001cbfd3894f0_0 .var "q", 0 0;
v000001cbfd388c30_0 .net "rst", 0 0, o000001cbfd2438d8;  alias, 0 drivers
v000001cbfd389d10_0 .net "wen", 0 0, L_000001cbfd4405e0;  alias, 1 drivers
S_000001cbfd39d4c0 .scope module, "bitcells[4]" "bit_cell" 4 14, 5 4 0, S_000001cbfd3a1fc0;
 .timescale 0 0;
    .port_info 0 /INPUT 1 "clk";
    .port_info 1 /INPUT 1 "rst";
    .port_info 2 /INPUT 1 "d";
    .port_info 3 /INPUT 1 "wren";
    .port_info 4 /INPUT 1 "rden1";
    .port_info 5 /INPUT 1 "rden2";
    .port_info 6 /INOUT 1 "bitline1";
    .port_info 7 /INOUT 1 "bitline2";
L_000001cbfd4d07f0 .functor BUFIF1 1, v000001cbfd388d70_0, L_000001cbfd4409a0, C4<0>, C4<0>;
L_000001cbfd4d0f60 .functor BUFIF1 1, v000001cbfd388d70_0, L_000001cbfd4420c0, C4<0>, C4<0>;
v000001cbfd389bd0_0 .net8 "bitline1", 0 0, p000001cbfd3b8f28;  1 drivers, strength-aware
v000001cbfd389c70_0 .net8 "bitline2", 0 0, p000001cbfd3b8f58;  1 drivers, strength-aware
v000001cbfd38a2b0_0 .net "clk", 0 0, o000001cbfd243848;  alias, 0 drivers
v000001cbfd38a3f0_0 .net "d", 0 0, L_000001cbfd43da20;  1 drivers
v000001cbfd388af0_0 .net "q", 0 0, v000001cbfd388d70_0;  1 drivers
v000001cbfd38a7b0_0 .net "rden1", 0 0, L_000001cbfd4409a0;  alias, 1 drivers
v000001cbfd38a670_0 .net "rden2", 0 0, L_000001cbfd4420c0;  alias, 1 drivers
v000001cbfd38a710_0 .net "rst", 0 0, o000001cbfd2438d8;  alias, 0 drivers
v000001cbfd388ff0_0 .net "wren", 0 0, L_000001cbfd4405e0;  alias, 1 drivers
S_000001cbfd39fd60 .scope module, "cell_dff" "dff" 5 19, 6 4 0, S_000001cbfd39d4c0;
 .timescale 0 0;
    .port_info 0 /OUTPUT 1 "q";
    .port_info 1 /INPUT 1 "d";
    .port_info 2 /INPUT 1 "wen";
    .port_info 3 /INPUT 1 "clk";
    .port_info 4 /INPUT 1 "rst";
v000001cbfd388190_0 .net "clk", 0 0, o000001cbfd243848;  alias, 0 drivers
v000001cbfd3899f0_0 .net "d", 0 0, L_000001cbfd43da20;  alias, 1 drivers
v000001cbfd388d70_0 .var "q", 0 0;
v000001cbfd38a5d0_0 .net "rst", 0 0, o000001cbfd2438d8;  alias, 0 drivers
v000001cbfd389b30_0 .net "wen", 0 0, L_000001cbfd4405e0;  alias, 1 drivers
S_000001cbfd39c200 .scope module, "bitcells[5]" "bit_cell" 4 14, 5 4 0, S_000001cbfd3a1fc0;
 .timescale 0 0;
    .port_info 0 /INPUT 1 "clk";
    .port_info 1 /INPUT 1 "rst";
    .port_info 2 /INPUT 1 "d";
    .port_info 3 /INPUT 1 "wren";
    .port_info 4 /INPUT 1 "rden1";
    .port_info 5 /INPUT 1 "rden2";
    .port_info 6 /INOUT 1 "bitline1";
    .port_info 7 /INOUT 1 "bitline2";
L_000001cbfd4d0e80 .functor BUFIF1 1, v000001cbfd388f50_0, L_000001cbfd4409a0, C4<0>, C4<0>;
L_000001cbfd4d0a90 .functor BUFIF1 1, v000001cbfd388f50_0, L_000001cbfd4420c0, C4<0>, C4<0>;
v000001cbfd38b1b0_0 .net8 "bitline1", 0 0, p000001cbfd3b9258;  1 drivers, strength-aware
v000001cbfd38b2f0_0 .net8 "bitline2", 0 0, p000001cbfd3b9288;  1 drivers, strength-aware
v000001cbfd38c510_0 .net "clk", 0 0, o000001cbfd243848;  alias, 0 drivers
v000001cbfd38bb10_0 .net "d", 0 0, L_000001cbfd43f780;  1 drivers
v000001cbfd38ba70_0 .net "q", 0 0, v000001cbfd388f50_0;  1 drivers
v000001cbfd38cdd0_0 .net "rden1", 0 0, L_000001cbfd4409a0;  alias, 1 drivers
v000001cbfd38b9d0_0 .net "rden2", 0 0, L_000001cbfd4420c0;  alias, 1 drivers
v000001cbfd38c6f0_0 .net "rst", 0 0, o000001cbfd2438d8;  alias, 0 drivers
v000001cbfd38c0b0_0 .net "wren", 0 0, L_000001cbfd4405e0;  alias, 1 drivers
S_000001cbfd39fef0 .scope module, "cell_dff" "dff" 5 19, 6 4 0, S_000001cbfd39c200;
 .timescale 0 0;
    .port_info 0 /OUTPUT 1 "q";
    .port_info 1 /INPUT 1 "d";
    .port_info 2 /INPUT 1 "wen";
    .port_info 3 /INPUT 1 "clk";
    .port_info 4 /INPUT 1 "rst";
v000001cbfd388b90_0 .net "clk", 0 0, o000001cbfd243848;  alias, 0 drivers
v000001cbfd388cd0_0 .net "d", 0 0, L_000001cbfd43f780;  alias, 1 drivers
v000001cbfd388f50_0 .var "q", 0 0;
v000001cbfd38aad0_0 .net "rst", 0 0, o000001cbfd2438d8;  alias, 0 drivers
v000001cbfd38c1f0_0 .net "wen", 0 0, L_000001cbfd4405e0;  alias, 1 drivers
S_000001cbfd39d650 .scope module, "bitcells[6]" "bit_cell" 4 14, 5 4 0, S_000001cbfd3a1fc0;
 .timescale 0 0;
    .port_info 0 /INPUT 1 "clk";
    .port_info 1 /INPUT 1 "rst";
    .port_info 2 /INPUT 1 "d";
    .port_info 3 /INPUT 1 "wren";
    .port_info 4 /INPUT 1 "rden1";
    .port_info 5 /INPUT 1 "rden2";
    .port_info 6 /INOUT 1 "bitline1";
    .port_info 7 /INOUT 1 "bitline2";
L_000001cbfd4d01d0 .functor BUFIF1 1, v000001cbfd38c790_0, L_000001cbfd4409a0, C4<0>, C4<0>;
L_000001cbfd4d0240 .functor BUFIF1 1, v000001cbfd38c790_0, L_000001cbfd4420c0, C4<0>, C4<0>;
v000001cbfd38bbb0_0 .net8 "bitline1", 0 0, p000001cbfd3b9588;  1 drivers, strength-aware
v000001cbfd38b7f0_0 .net8 "bitline2", 0 0, p000001cbfd3b95b8;  1 drivers, strength-aware
v000001cbfd38be30_0 .net "clk", 0 0, o000001cbfd243848;  alias, 0 drivers
v000001cbfd38c830_0 .net "d", 0 0, L_000001cbfd43df20;  1 drivers
v000001cbfd38a990_0 .net "q", 0 0, v000001cbfd38c790_0;  1 drivers
v000001cbfd38b250_0 .net "rden1", 0 0, L_000001cbfd4409a0;  alias, 1 drivers
v000001cbfd38ab70_0 .net "rden2", 0 0, L_000001cbfd4420c0;  alias, 1 drivers
v000001cbfd38b570_0 .net "rst", 0 0, o000001cbfd2438d8;  alias, 0 drivers
v000001cbfd38c8d0_0 .net "wren", 0 0, L_000001cbfd4405e0;  alias, 1 drivers
S_000001cbfd3a0080 .scope module, "cell_dff" "dff" 5 19, 6 4 0, S_000001cbfd39d650;
 .timescale 0 0;
    .port_info 0 /OUTPUT 1 "q";
    .port_info 1 /INPUT 1 "d";
    .port_info 2 /INPUT 1 "wen";
    .port_info 3 /INPUT 1 "clk";
    .port_info 4 /INPUT 1 "rst";
v000001cbfd38c150_0 .net "clk", 0 0, o000001cbfd243848;  alias, 0 drivers
v000001cbfd38cb50_0 .net "d", 0 0, L_000001cbfd43df20;  alias, 1 drivers
v000001cbfd38c790_0 .var "q", 0 0;
v000001cbfd38ae90_0 .net "rst", 0 0, o000001cbfd2438d8;  alias, 0 drivers
v000001cbfd38b430_0 .net "wen", 0 0, L_000001cbfd4405e0;  alias, 1 drivers
S_000001cbfd39d970 .scope module, "bitcells[7]" "bit_cell" 4 14, 5 4 0, S_000001cbfd3a1fc0;
 .timescale 0 0;
    .port_info 0 /INPUT 1 "clk";
    .port_info 1 /INPUT 1 "rst";
    .port_info 2 /INPUT 1 "d";
    .port_info 3 /INPUT 1 "wren";
    .port_info 4 /INPUT 1 "rden1";
    .port_info 5 /INPUT 1 "rden2";
    .port_info 6 /INOUT 1 "bitline1";
    .port_info 7 /INOUT 1 "bitline2";
L_000001cbfd4d0860 .functor BUFIF1 1, v000001cbfd38c5b0_0, L_000001cbfd4409a0, C4<0>, C4<0>;
L_000001cbfd4d1c10 .functor BUFIF1 1, v000001cbfd38c5b0_0, L_000001cbfd4420c0, C4<0>, C4<0>;
v000001cbfd38d050_0 .net8 "bitline1", 0 0, p000001cbfd3b98b8;  1 drivers, strength-aware
v000001cbfd38b610_0 .net8 "bitline2", 0 0, p000001cbfd3b98e8;  1 drivers, strength-aware
v000001cbfd38bed0_0 .net "clk", 0 0, o000001cbfd243848;  alias, 0 drivers
v000001cbfd38c650_0 .net "d", 0 0, L_000001cbfd43dd40;  1 drivers
v000001cbfd38d0f0_0 .net "q", 0 0, v000001cbfd38c5b0_0;  1 drivers
v000001cbfd38c970_0 .net "rden1", 0 0, L_000001cbfd4409a0;  alias, 1 drivers
v000001cbfd38b4d0_0 .net "rden2", 0 0, L_000001cbfd4420c0;  alias, 1 drivers
v000001cbfd38af30_0 .net "rst", 0 0, o000001cbfd2438d8;  alias, 0 drivers
v000001cbfd38cd30_0 .net "wren", 0 0, L_000001cbfd4405e0;  alias, 1 drivers
S_000001cbfd39ce80 .scope module, "cell_dff" "dff" 5 19, 6 4 0, S_000001cbfd39d970;
 .timescale 0 0;
    .port_info 0 /OUTPUT 1 "q";
    .port_info 1 /INPUT 1 "d";
    .port_info 2 /INPUT 1 "wen";
    .port_info 3 /INPUT 1 "clk";
    .port_info 4 /INPUT 1 "rst";
v000001cbfd38cf10_0 .net "clk", 0 0, o000001cbfd243848;  alias, 0 drivers
v000001cbfd38c330_0 .net "d", 0 0, L_000001cbfd43dd40;  alias, 1 drivers
v000001cbfd38c5b0_0 .var "q", 0 0;
v000001cbfd38bf70_0 .net "rst", 0 0, o000001cbfd2438d8;  alias, 0 drivers
v000001cbfd38b390_0 .net "wen", 0 0, L_000001cbfd4405e0;  alias, 1 drivers
S_000001cbfd39e780 .scope module, "bitcells[8]" "bit_cell" 4 14, 5 4 0, S_000001cbfd3a1fc0;
 .timescale 0 0;
    .port_info 0 /INPUT 1 "clk";
    .port_info 1 /INPUT 1 "rst";
    .port_info 2 /INPUT 1 "d";
    .port_info 3 /INPUT 1 "wren";
    .port_info 4 /INPUT 1 "rden1";
    .port_info 5 /INPUT 1 "rden2";
    .port_info 6 /INOUT 1 "bitline1";
    .port_info 7 /INOUT 1 "bitline2";
L_000001cbfd4d13c0 .functor BUFIF1 1, v000001cbfd38b890_0, L_000001cbfd4409a0, C4<0>, C4<0>;
L_000001cbfd4d1c80 .functor BUFIF1 1, v000001cbfd38b890_0, L_000001cbfd4420c0, C4<0>, C4<0>;
v000001cbfd38b6b0_0 .net8 "bitline1", 0 0, p000001cbfd3b9be8;  1 drivers, strength-aware
v000001cbfd38ca10_0 .net8 "bitline2", 0 0, p000001cbfd3b9c18;  1 drivers, strength-aware
v000001cbfd38cab0_0 .net "clk", 0 0, o000001cbfd243848;  alias, 0 drivers
v000001cbfd38ac10_0 .net "d", 0 0, L_000001cbfd43dc00;  1 drivers
v000001cbfd38acb0_0 .net "q", 0 0, v000001cbfd38b890_0;  1 drivers
v000001cbfd38b750_0 .net "rden1", 0 0, L_000001cbfd4409a0;  alias, 1 drivers
v000001cbfd38bc50_0 .net "rden2", 0 0, L_000001cbfd4420c0;  alias, 1 drivers
v000001cbfd38bcf0_0 .net "rst", 0 0, o000001cbfd2438d8;  alias, 0 drivers
v000001cbfd38bd90_0 .net "wren", 0 0, L_000001cbfd4405e0;  alias, 1 drivers
S_000001cbfd3a11b0 .scope module, "cell_dff" "dff" 5 19, 6 4 0, S_000001cbfd39e780;
 .timescale 0 0;
    .port_info 0 /OUTPUT 1 "q";
    .port_info 1 /INPUT 1 "d";
    .port_info 2 /INPUT 1 "wen";
    .port_info 3 /INPUT 1 "clk";
    .port_info 4 /INPUT 1 "rst";
v000001cbfd38cfb0_0 .net "clk", 0 0, o000001cbfd243848;  alias, 0 drivers
v000001cbfd38aa30_0 .net "d", 0 0, L_000001cbfd43dc00;  alias, 1 drivers
v000001cbfd38b890_0 .var "q", 0 0;
v000001cbfd38c010_0 .net "rst", 0 0, o000001cbfd2438d8;  alias, 0 drivers
v000001cbfd38b930_0 .net "wen", 0 0, L_000001cbfd4405e0;  alias, 1 drivers
S_000001cbfd39cb60 .scope module, "bitcells[9]" "bit_cell" 4 14, 5 4 0, S_000001cbfd3a1fc0;
 .timescale 0 0;
    .port_info 0 /INPUT 1 "clk";
    .port_info 1 /INPUT 1 "rst";
    .port_info 2 /INPUT 1 "d";
    .port_info 3 /INPUT 1 "wren";
    .port_info 4 /INPUT 1 "rden1";
    .port_info 5 /INPUT 1 "rden2";
    .port_info 6 /INOUT 1 "bitline1";
    .port_info 7 /INOUT 1 "bitline2";
L_000001cbfd4d0da0 .functor BUFIF1 1, v000001cbfd38ad50_0, L_000001cbfd4409a0, C4<0>, C4<0>;
L_000001cbfd4d1190 .functor BUFIF1 1, v000001cbfd38ad50_0, L_000001cbfd4420c0, C4<0>, C4<0>;
v000001cbfd38ce70_0 .net8 "bitline1", 0 0, p000001cbfd3b9f18;  1 drivers, strength-aware
v000001cbfd38c470_0 .net8 "bitline2", 0 0, p000001cbfd3b9f48;  1 drivers, strength-aware
v000001cbfd38adf0_0 .net "clk", 0 0, o000001cbfd243848;  alias, 0 drivers
v000001cbfd38afd0_0 .net "d", 0 0, L_000001cbfd43f820;  1 drivers
v000001cbfd38b070_0 .net "q", 0 0, v000001cbfd38ad50_0;  1 drivers
v000001cbfd38b110_0 .net "rden1", 0 0, L_000001cbfd4409a0;  alias, 1 drivers
v000001cbfd38f8f0_0 .net "rden2", 0 0, L_000001cbfd4420c0;  alias, 1 drivers
v000001cbfd38e270_0 .net "rst", 0 0, o000001cbfd2438d8;  alias, 0 drivers
v000001cbfd38d230_0 .net "wren", 0 0, L_000001cbfd4405e0;  alias, 1 drivers
S_000001cbfd3a1e30 .scope module, "cell_dff" "dff" 5 19, 6 4 0, S_000001cbfd39cb60;
 .timescale 0 0;
    .port_info 0 /OUTPUT 1 "q";
    .port_info 1 /INPUT 1 "d";
    .port_info 2 /INPUT 1 "wen";
    .port_info 3 /INPUT 1 "clk";
    .port_info 4 /INPUT 1 "rst";
v000001cbfd38c290_0 .net "clk", 0 0, o000001cbfd243848;  alias, 0 drivers
v000001cbfd38cbf0_0 .net "d", 0 0, L_000001cbfd43f820;  alias, 1 drivers
v000001cbfd38ad50_0 .var "q", 0 0;
v000001cbfd38c3d0_0 .net "rst", 0 0, o000001cbfd2438d8;  alias, 0 drivers
v000001cbfd38cc90_0 .net "wen", 0 0, L_000001cbfd4405e0;  alias, 1 drivers
S_000001cbfd3a1b10 .scope module, "bitcells[10]" "bit_cell" 4 14, 5 4 0, S_000001cbfd3a1fc0;
 .timescale 0 0;
    .port_info 0 /INPUT 1 "clk";
    .port_info 1 /INPUT 1 "rst";
    .port_info 2 /INPUT 1 "d";
    .port_info 3 /INPUT 1 "wren";
    .port_info 4 /INPUT 1 "rden1";
    .port_info 5 /INPUT 1 "rden2";
    .port_info 6 /INOUT 1 "bitline1";
    .port_info 7 /INOUT 1 "bitline2";
L_000001cbfd4d15f0 .functor BUFIF1 1, v000001cbfd38e630_0, L_000001cbfd4409a0, C4<0>, C4<0>;
L_000001cbfd4d1900 .functor BUFIF1 1, v000001cbfd38e630_0, L_000001cbfd4420c0, C4<0>, C4<0>;
v000001cbfd38f5d0_0 .net8 "bitline1", 0 0, p000001cbfd3ba248;  1 drivers, strength-aware
v000001cbfd38e8b0_0 .net8 "bitline2", 0 0, p000001cbfd3ba278;  1 drivers, strength-aware
v000001cbfd38e950_0 .net "clk", 0 0, o000001cbfd243848;  alias, 0 drivers
v000001cbfd38eb30_0 .net "d", 0 0, L_000001cbfd43d840;  1 drivers
v000001cbfd38f030_0 .net "q", 0 0, v000001cbfd38e630_0;  1 drivers
v000001cbfd38deb0_0 .net "rden1", 0 0, L_000001cbfd4409a0;  alias, 1 drivers
v000001cbfd38db90_0 .net "rden2", 0 0, L_000001cbfd4420c0;  alias, 1 drivers
v000001cbfd38e6d0_0 .net "rst", 0 0, o000001cbfd2438d8;  alias, 0 drivers
v000001cbfd38d410_0 .net "wren", 0 0, L_000001cbfd4405e0;  alias, 1 drivers
S_000001cbfd39c390 .scope module, "cell_dff" "dff" 5 19, 6 4 0, S_000001cbfd3a1b10;
 .timescale 0 0;
    .port_info 0 /OUTPUT 1 "q";
    .port_info 1 /INPUT 1 "d";
    .port_info 2 /INPUT 1 "wen";
    .port_info 3 /INPUT 1 "clk";
    .port_info 4 /INPUT 1 "rst";
v000001cbfd38edb0_0 .net "clk", 0 0, o000001cbfd243848;  alias, 0 drivers
v000001cbfd38ea90_0 .net "d", 0 0, L_000001cbfd43d840;  alias, 1 drivers
v000001cbfd38e630_0 .var "q", 0 0;
v000001cbfd38d550_0 .net "rst", 0 0, o000001cbfd2438d8;  alias, 0 drivers
v000001cbfd38de10_0 .net "wen", 0 0, L_000001cbfd4405e0;  alias, 1 drivers
S_000001cbfd39eaa0 .scope module, "bitcells[11]" "bit_cell" 4 14, 5 4 0, S_000001cbfd3a1fc0;
 .timescale 0 0;
    .port_info 0 /INPUT 1 "clk";
    .port_info 1 /INPUT 1 "rst";
    .port_info 2 /INPUT 1 "d";
    .port_info 3 /INPUT 1 "wren";
    .port_info 4 /INPUT 1 "rden1";
    .port_info 5 /INPUT 1 "rden2";
    .port_info 6 /INOUT 1 "bitline1";
    .port_info 7 /INOUT 1 "bitline2";
L_000001cbfd4d08d0 .functor BUFIF1 1, v000001cbfd38f670_0, L_000001cbfd4409a0, C4<0>, C4<0>;
L_000001cbfd4d0390 .functor BUFIF1 1, v000001cbfd38f670_0, L_000001cbfd4420c0, C4<0>, C4<0>;
v000001cbfd38da50_0 .net8 "bitline1", 0 0, p000001cbfd3ba578;  1 drivers, strength-aware
v000001cbfd38f0d0_0 .net8 "bitline2", 0 0, p000001cbfd3ba5a8;  1 drivers, strength-aware
v000001cbfd38e4f0_0 .net "clk", 0 0, o000001cbfd243848;  alias, 0 drivers
v000001cbfd38f7b0_0 .net "d", 0 0, L_000001cbfd43f8c0;  1 drivers
v000001cbfd38f3f0_0 .net "q", 0 0, v000001cbfd38f670_0;  1 drivers
v000001cbfd38dc30_0 .net "rden1", 0 0, L_000001cbfd4409a0;  alias, 1 drivers
v000001cbfd38dcd0_0 .net "rden2", 0 0, L_000001cbfd4420c0;  alias, 1 drivers
v000001cbfd38e3b0_0 .net "rst", 0 0, o000001cbfd2438d8;  alias, 0 drivers
v000001cbfd38d9b0_0 .net "wren", 0 0, L_000001cbfd4405e0;  alias, 1 drivers
S_000001cbfd39ccf0 .scope module, "cell_dff" "dff" 5 19, 6 4 0, S_000001cbfd39eaa0;
 .timescale 0 0;
    .port_info 0 /OUTPUT 1 "q";
    .port_info 1 /INPUT 1 "d";
    .port_info 2 /INPUT 1 "wen";
    .port_info 3 /INPUT 1 "clk";
    .port_info 4 /INPUT 1 "rst";
v000001cbfd38e810_0 .net "clk", 0 0, o000001cbfd243848;  alias, 0 drivers
v000001cbfd38f530_0 .net "d", 0 0, L_000001cbfd43f8c0;  alias, 1 drivers
v000001cbfd38f670_0 .var "q", 0 0;
v000001cbfd38f710_0 .net "rst", 0 0, o000001cbfd2438d8;  alias, 0 drivers
v000001cbfd38ebd0_0 .net "wen", 0 0, L_000001cbfd4405e0;  alias, 1 drivers
S_000001cbfd3a0210 .scope module, "bitcells[12]" "bit_cell" 4 14, 5 4 0, S_000001cbfd3a1fc0;
 .timescale 0 0;
    .port_info 0 /INPUT 1 "clk";
    .port_info 1 /INPUT 1 "rst";
    .port_info 2 /INPUT 1 "d";
    .port_info 3 /INPUT 1 "wren";
    .port_info 4 /INPUT 1 "rden1";
    .port_info 5 /INPUT 1 "rden2";
    .port_info 6 /INOUT 1 "bitline1";
    .port_info 7 /INOUT 1 "bitline2";
L_000001cbfd4d10b0 .functor BUFIF1 1, v000001cbfd38f850_0, L_000001cbfd4409a0, C4<0>, C4<0>;
L_000001cbfd4d0e10 .functor BUFIF1 1, v000001cbfd38f850_0, L_000001cbfd4420c0, C4<0>, C4<0>;
v000001cbfd38eef0_0 .net8 "bitline1", 0 0, p000001cbfd3ba8a8;  1 drivers, strength-aware
v000001cbfd38d370_0 .net8 "bitline2", 0 0, p000001cbfd3ba8d8;  1 drivers, strength-aware
v000001cbfd38e1d0_0 .net "clk", 0 0, o000001cbfd243848;  alias, 0 drivers
v000001cbfd38e770_0 .net "d", 0 0, L_000001cbfd43ea60;  1 drivers
v000001cbfd38e450_0 .net "q", 0 0, v000001cbfd38f850_0;  1 drivers
v000001cbfd38e590_0 .net "rden1", 0 0, L_000001cbfd4409a0;  alias, 1 drivers
v000001cbfd38e310_0 .net "rden2", 0 0, L_000001cbfd4420c0;  alias, 1 drivers
v000001cbfd38e9f0_0 .net "rst", 0 0, o000001cbfd2438d8;  alias, 0 drivers
v000001cbfd38ed10_0 .net "wren", 0 0, L_000001cbfd4405e0;  alias, 1 drivers
S_000001cbfd3a09e0 .scope module, "cell_dff" "dff" 5 19, 6 4 0, S_000001cbfd3a0210;
 .timescale 0 0;
    .port_info 0 /OUTPUT 1 "q";
    .port_info 1 /INPUT 1 "d";
    .port_info 2 /INPUT 1 "wen";
    .port_info 3 /INPUT 1 "clk";
    .port_info 4 /INPUT 1 "rst";
v000001cbfd38d190_0 .net "clk", 0 0, o000001cbfd243848;  alias, 0 drivers
v000001cbfd38ee50_0 .net "d", 0 0, L_000001cbfd43ea60;  alias, 1 drivers
v000001cbfd38f850_0 .var "q", 0 0;
v000001cbfd38d2d0_0 .net "rst", 0 0, o000001cbfd2438d8;  alias, 0 drivers
v000001cbfd38ec70_0 .net "wen", 0 0, L_000001cbfd4405e0;  alias, 1 drivers
S_000001cbfd39c520 .scope module, "bitcells[13]" "bit_cell" 4 14, 5 4 0, S_000001cbfd3a1fc0;
 .timescale 0 0;
    .port_info 0 /INPUT 1 "clk";
    .port_info 1 /INPUT 1 "rst";
    .port_info 2 /INPUT 1 "d";
    .port_info 3 /INPUT 1 "wren";
    .port_info 4 /INPUT 1 "rden1";
    .port_info 5 /INPUT 1 "rden2";
    .port_info 6 /INOUT 1 "bitline1";
    .port_info 7 /INOUT 1 "bitline2";
L_000001cbfd4d0b00 .functor BUFIF1 1, v000001cbfd38d870_0, L_000001cbfd4409a0, C4<0>, C4<0>;
L_000001cbfd4d1120 .functor BUFIF1 1, v000001cbfd38d870_0, L_000001cbfd4420c0, C4<0>, C4<0>;
v000001cbfd38dff0_0 .net8 "bitline1", 0 0, p000001cbfd3babd8;  1 drivers, strength-aware
v000001cbfd38d4b0_0 .net8 "bitline2", 0 0, p000001cbfd3bac08;  1 drivers, strength-aware
v000001cbfd38f2b0_0 .net "clk", 0 0, o000001cbfd243848;  alias, 0 drivers
v000001cbfd38f350_0 .net "d", 0 0, L_000001cbfd43f500;  1 drivers
v000001cbfd38daf0_0 .net "q", 0 0, v000001cbfd38d870_0;  1 drivers
v000001cbfd38f490_0 .net "rden1", 0 0, L_000001cbfd4409a0;  alias, 1 drivers
v000001cbfd38df50_0 .net "rden2", 0 0, L_000001cbfd4420c0;  alias, 1 drivers
v000001cbfd38d5f0_0 .net "rst", 0 0, o000001cbfd2438d8;  alias, 0 drivers
v000001cbfd38d690_0 .net "wren", 0 0, L_000001cbfd4405e0;  alias, 1 drivers
S_000001cbfd39d1a0 .scope module, "cell_dff" "dff" 5 19, 6 4 0, S_000001cbfd39c520;
 .timescale 0 0;
    .port_info 0 /OUTPUT 1 "q";
    .port_info 1 /INPUT 1 "d";
    .port_info 2 /INPUT 1 "wen";
    .port_info 3 /INPUT 1 "clk";
    .port_info 4 /INPUT 1 "rst";
v000001cbfd38ef90_0 .net "clk", 0 0, o000001cbfd243848;  alias, 0 drivers
v000001cbfd38f170_0 .net "d", 0 0, L_000001cbfd43f500;  alias, 1 drivers
v000001cbfd38d870_0 .var "q", 0 0;
v000001cbfd38dd70_0 .net "rst", 0 0, o000001cbfd2438d8;  alias, 0 drivers
v000001cbfd38f210_0 .net "wen", 0 0, L_000001cbfd4405e0;  alias, 1 drivers
S_000001cbfd39ef50 .scope module, "bitcells[14]" "bit_cell" 4 14, 5 4 0, S_000001cbfd3a1fc0;
 .timescale 0 0;
    .port_info 0 /INPUT 1 "clk";
    .port_info 1 /INPUT 1 "rst";
    .port_info 2 /INPUT 1 "d";
    .port_info 3 /INPUT 1 "wren";
    .port_info 4 /INPUT 1 "rden1";
    .port_info 5 /INPUT 1 "rden2";
    .port_info 6 /INOUT 1 "bitline1";
    .port_info 7 /INOUT 1 "bitline2";
L_000001cbfd4d1660 .functor BUFIF1 1, v000001cbfd38d910_0, L_000001cbfd4409a0, C4<0>, C4<0>;
L_000001cbfd4d1cf0 .functor BUFIF1 1, v000001cbfd38d910_0, L_000001cbfd4420c0, C4<0>, C4<0>;
v000001cbfd3901b0_0 .net8 "bitline1", 0 0, p000001cbfd3baf08;  1 drivers, strength-aware
v000001cbfd3902f0_0 .net8 "bitline2", 0 0, p000001cbfd3baf38;  1 drivers, strength-aware
v000001cbfd391510_0 .net "clk", 0 0, o000001cbfd243848;  alias, 0 drivers
v000001cbfd390b10_0 .net "d", 0 0, L_000001cbfd43dfc0;  1 drivers
v000001cbfd390a70_0 .net "q", 0 0, v000001cbfd38d910_0;  1 drivers
v000001cbfd391dd0_0 .net "rden1", 0 0, L_000001cbfd4409a0;  alias, 1 drivers
v000001cbfd3909d0_0 .net "rden2", 0 0, L_000001cbfd4420c0;  alias, 1 drivers
v000001cbfd3916f0_0 .net "rst", 0 0, o000001cbfd2438d8;  alias, 0 drivers
v000001cbfd3910b0_0 .net "wren", 0 0, L_000001cbfd4405e0;  alias, 1 drivers
S_000001cbfd39edc0 .scope module, "cell_dff" "dff" 5 19, 6 4 0, S_000001cbfd39ef50;
 .timescale 0 0;
    .port_info 0 /OUTPUT 1 "q";
    .port_info 1 /INPUT 1 "d";
    .port_info 2 /INPUT 1 "wen";
    .port_info 3 /INPUT 1 "clk";
    .port_info 4 /INPUT 1 "rst";
v000001cbfd38d730_0 .net "clk", 0 0, o000001cbfd243848;  alias, 0 drivers
v000001cbfd38d7d0_0 .net "d", 0 0, L_000001cbfd43dfc0;  alias, 1 drivers
v000001cbfd38d910_0 .var "q", 0 0;
v000001cbfd38e090_0 .net "rst", 0 0, o000001cbfd2438d8;  alias, 0 drivers
v000001cbfd38e130_0 .net "wen", 0 0, L_000001cbfd4405e0;  alias, 1 drivers
S_000001cbfd39dc90 .scope module, "bitcells[15]" "bit_cell" 4 14, 5 4 0, S_000001cbfd3a1fc0;
 .timescale 0 0;
    .port_info 0 /INPUT 1 "clk";
    .port_info 1 /INPUT 1 "rst";
    .port_info 2 /INPUT 1 "d";
    .port_info 3 /INPUT 1 "wren";
    .port_info 4 /INPUT 1 "rden1";
    .port_info 5 /INPUT 1 "rden2";
    .port_info 6 /INOUT 1 "bitline1";
    .port_info 7 /INOUT 1 "bitline2";
L_000001cbfd4d1270 .functor BUFIF1 1, v000001cbfd391790_0, L_000001cbfd4409a0, C4<0>, C4<0>;
L_000001cbfd4d02b0 .functor BUFIF1 1, v000001cbfd391790_0, L_000001cbfd4420c0, C4<0>, C4<0>;
v000001cbfd390bb0_0 .net8 "bitline1", 0 0, p000001cbfd3bb238;  1 drivers, strength-aware
v000001cbfd3907f0_0 .net8 "bitline2", 0 0, p000001cbfd3bb268;  1 drivers, strength-aware
v000001cbfd390e30_0 .net "clk", 0 0, o000001cbfd243848;  alias, 0 drivers
v000001cbfd391830_0 .net "d", 0 0, L_000001cbfd43f5a0;  1 drivers
v000001cbfd38f990_0 .net "q", 0 0, v000001cbfd391790_0;  1 drivers
v000001cbfd390250_0 .net "rden1", 0 0, L_000001cbfd4409a0;  alias, 1 drivers
v000001cbfd38fb70_0 .net "rden2", 0 0, L_000001cbfd4420c0;  alias, 1 drivers
v000001cbfd390570_0 .net "rst", 0 0, o000001cbfd2438d8;  alias, 0 drivers
v000001cbfd3918d0_0 .net "wren", 0 0, L_000001cbfd4405e0;  alias, 1 drivers
S_000001cbfd3a0e90 .scope module, "cell_dff" "dff" 5 19, 6 4 0, S_000001cbfd39dc90;
 .timescale 0 0;
    .port_info 0 /OUTPUT 1 "q";
    .port_info 1 /INPUT 1 "d";
    .port_info 2 /INPUT 1 "wen";
    .port_info 3 /INPUT 1 "clk";
    .port_info 4 /INPUT 1 "rst";
v000001cbfd391150_0 .net "clk", 0 0, o000001cbfd243848;  alias, 0 drivers
v000001cbfd391b50_0 .net "d", 0 0, L_000001cbfd43f5a0;  alias, 1 drivers
v000001cbfd391790_0 .var "q", 0 0;
v000001cbfd38fe90_0 .net "rst", 0 0, o000001cbfd2438d8;  alias, 0 drivers
v000001cbfd390430_0 .net "wen", 0 0, L_000001cbfd4405e0;  alias, 1 drivers
S_000001cbfd39d330 .scope module, "registers[15]" "register" 2 36, 4 4 0, S_000001cbfcbd3120;
 .timescale 0 0;
    .port_info 0 /INPUT 1 "clk";
    .port_info 1 /INPUT 1 "rst";
    .port_info 2 /INPUT 16 "d";
    .port_info 3 /INPUT 1 "write_reg";
    .port_info 4 /INPUT 1 "rden1";
    .port_info 5 /INPUT 1 "rden2";
    .port_info 6 /INOUT 16 "bitline1";
    .port_info 7 /INOUT 16 "bitline2";
v000001cbfd397550_0 .net8 "bitline1", 15 0, p000001cbfd246c38;  alias, 0 drivers, strength-aware
v000001cbfd39b3d0_0 .net8 "bitline2", 15 0, p000001cbfd246c68;  alias, 0 drivers, strength-aware
v000001cbfd399ad0_0 .net "clk", 0 0, o000001cbfd243848;  alias, 0 drivers
v000001cbfd39b6f0_0 .net "d", 15 0, o000001cbfd246c98;  alias, 0 drivers
v000001cbfd39ab10_0 .net "rden1", 0 0, L_000001cbfd441300;  1 drivers
v000001cbfd39b5b0_0 .net "rden2", 0 0, L_000001cbfd440360;  1 drivers
v000001cbfd39aa70_0 .net "rst", 0 0, o000001cbfd2438d8;  alias, 0 drivers
v000001cbfd399fd0_0 .net "write_reg", 0 0, L_000001cbfd440900;  1 drivers
L_000001cbfd43e560 .part o000001cbfd246c98, 0, 1;
L_000001cbfd43ece0 .part o000001cbfd246c98, 1, 1;
L_000001cbfd43e6a0 .part o000001cbfd246c98, 2, 1;
L_000001cbfd43e880 .part o000001cbfd246c98, 3, 1;
L_000001cbfd43f960 .part o000001cbfd246c98, 4, 1;
L_000001cbfd43ed80 .part o000001cbfd246c98, 5, 1;
L_000001cbfd43dde0 .part o000001cbfd246c98, 6, 1;
L_000001cbfd43db60 .part o000001cbfd246c98, 7, 1;
L_000001cbfd43f460 .part o000001cbfd246c98, 8, 1;
L_000001cbfd43dca0 .part o000001cbfd246c98, 9, 1;
L_000001cbfd43d520 .part o000001cbfd246c98, 10, 1;
L_000001cbfd43e060 .part o000001cbfd246c98, 11, 1;
L_000001cbfd43f640 .part o000001cbfd246c98, 12, 1;
L_000001cbfd43e9c0 .part o000001cbfd246c98, 13, 1;
L_000001cbfd43f6e0 .part o000001cbfd246c98, 14, 1;
L_000001cbfd43fa00 .part o000001cbfd246c98, 15, 1;
p000001cbfd3bb718 .port I000001cbfd121800, L_000001cbfd4d0550;
 .tranvp 16 1 0, I000001cbfd121800, p000001cbfd246c38 p000001cbfd3bb718;
p000001cbfd3bbaa8 .port I000001cbfd121800, L_000001cbfd4d06a0;
 .tranvp 16 1 1, I000001cbfd121800, p000001cbfd246c38 p000001cbfd3bbaa8;
p000001cbfd3bbdd8 .port I000001cbfd121800, L_000001cbfd4d0ef0;
 .tranvp 16 1 2, I000001cbfd121800, p000001cbfd246c38 p000001cbfd3bbdd8;
p000001cbfd3bc108 .port I000001cbfd121800, L_000001cbfd4d0fd0;
 .tranvp 16 1 3, I000001cbfd121800, p000001cbfd246c38 p000001cbfd3bc108;
p000001cbfd3bc438 .port I000001cbfd121800, L_000001cbfd4d1ac0;
 .tranvp 16 1 4, I000001cbfd121800, p000001cbfd246c38 p000001cbfd3bc438;
p000001cbfd3bc768 .port I000001cbfd121800, L_000001cbfd4d0b70;
 .tranvp 16 1 5, I000001cbfd121800, p000001cbfd246c38 p000001cbfd3bc768;
p000001cbfd3bca98 .port I000001cbfd121800, L_000001cbfd4d0cc0;
 .tranvp 16 1 6, I000001cbfd121800, p000001cbfd246c38 p000001cbfd3bca98;
p000001cbfd3bcdc8 .port I000001cbfd121800, L_000001cbfd4d14a0;
 .tranvp 16 1 7, I000001cbfd121800, p000001cbfd246c38 p000001cbfd3bcdc8;
p000001cbfd3bd0f8 .port I000001cbfd121800, L_000001cbfd4d2230;
 .tranvp 16 1 8, I000001cbfd121800, p000001cbfd246c38 p000001cbfd3bd0f8;
p000001cbfd3bd428 .port I000001cbfd121800, L_000001cbfd4d3570;
 .tranvp 16 1 9, I000001cbfd121800, p000001cbfd246c38 p000001cbfd3bd428;
p000001cbfd3bd758 .port I000001cbfd121800, L_000001cbfd4d2ee0;
 .tranvp 16 1 10, I000001cbfd121800, p000001cbfd246c38 p000001cbfd3bd758;
p000001cbfd3bda88 .port I000001cbfd121800, L_000001cbfd4d2c40;
 .tranvp 16 1 11, I000001cbfd121800, p000001cbfd246c38 p000001cbfd3bda88;
p000001cbfd3bddb8 .port I000001cbfd121800, L_000001cbfd4d3110;
 .tranvp 16 1 12, I000001cbfd121800, p000001cbfd246c38 p000001cbfd3bddb8;
p000001cbfd3be0e8 .port I000001cbfd121800, L_000001cbfd4d31f0;
 .tranvp 16 1 13, I000001cbfd121800, p000001cbfd246c38 p000001cbfd3be0e8;
p000001cbfd3be418 .port I000001cbfd121800, L_000001cbfd4d2540;
 .tranvp 16 1 14, I000001cbfd121800, p000001cbfd246c38 p000001cbfd3be418;
p000001cbfd3be748 .port I000001cbfd121800, L_000001cbfd4d2f50;
 .tranvp 16 1 15, I000001cbfd121800, p000001cbfd246c38 p000001cbfd3be748;
p000001cbfd3bb748 .port I000001cbfd121380, L_000001cbfd4d05c0;
 .tranvp 16 1 0, I000001cbfd121380, p000001cbfd246c68 p000001cbfd3bb748;
p000001cbfd3bbad8 .port I000001cbfd121380, L_000001cbfd4d1a50;
 .tranvp 16 1 1, I000001cbfd121380, p000001cbfd246c68 p000001cbfd3bbad8;
p000001cbfd3bbe08 .port I000001cbfd121380, L_000001cbfd4d1350;
 .tranvp 16 1 2, I000001cbfd121380, p000001cbfd246c68 p000001cbfd3bbe08;
p000001cbfd3bc138 .port I000001cbfd121380, L_000001cbfd4d1430;
 .tranvp 16 1 3, I000001cbfd121380, p000001cbfd246c68 p000001cbfd3bc138;
p000001cbfd3bc468 .port I000001cbfd121380, L_000001cbfd4d0630;
 .tranvp 16 1 4, I000001cbfd121380, p000001cbfd246c68 p000001cbfd3bc468;
p000001cbfd3bc798 .port I000001cbfd121380, L_000001cbfd4d0c50;
 .tranvp 16 1 5, I000001cbfd121380, p000001cbfd246c68 p000001cbfd3bc798;
p000001cbfd3bcac8 .port I000001cbfd121380, L_000001cbfd4d1040;
 .tranvp 16 1 6, I000001cbfd121380, p000001cbfd246c68 p000001cbfd3bcac8;
p000001cbfd3bcdf8 .port I000001cbfd121380, L_000001cbfd4d1510;
 .tranvp 16 1 7, I000001cbfd121380, p000001cbfd246c68 p000001cbfd3bcdf8;
p000001cbfd3bd128 .port I000001cbfd121380, L_000001cbfd4d2070;
 .tranvp 16 1 8, I000001cbfd121380, p000001cbfd246c68 p000001cbfd3bd128;
p000001cbfd3bd458 .port I000001cbfd121380, L_000001cbfd4d2930;
 .tranvp 16 1 9, I000001cbfd121380, p000001cbfd246c68 p000001cbfd3bd458;
p000001cbfd3bd788 .port I000001cbfd121380, L_000001cbfd4d2850;
 .tranvp 16 1 10, I000001cbfd121380, p000001cbfd246c68 p000001cbfd3bd788;
p000001cbfd3bdab8 .port I000001cbfd121380, L_000001cbfd4d2e70;
 .tranvp 16 1 11, I000001cbfd121380, p000001cbfd246c68 p000001cbfd3bdab8;
p000001cbfd3bdde8 .port I000001cbfd121380, L_000001cbfd4d28c0;
 .tranvp 16 1 12, I000001cbfd121380, p000001cbfd246c68 p000001cbfd3bdde8;
p000001cbfd3be118 .port I000001cbfd121380, L_000001cbfd4d29a0;
 .tranvp 16 1 13, I000001cbfd121380, p000001cbfd246c68 p000001cbfd3be118;
p000001cbfd3be448 .port I000001cbfd121380, L_000001cbfd4d2bd0;
 .tranvp 16 1 14, I000001cbfd121380, p000001cbfd246c68 p000001cbfd3be448;
p000001cbfd3be778 .port I000001cbfd121380, L_000001cbfd4d2a10;
 .tranvp 16 1 15, I000001cbfd121380, p000001cbfd246c68 p000001cbfd3be778;
S_000001cbfd3a1020 .scope module, "bitcells[0]" "bit_cell" 4 14, 5 4 0, S_000001cbfd39d330;
 .timescale 0 0;
    .port_info 0 /INPUT 1 "clk";
    .port_info 1 /INPUT 1 "rst";
    .port_info 2 /INPUT 1 "d";
    .port_info 3 /INPUT 1 "wren";
    .port_info 4 /INPUT 1 "rden1";
    .port_info 5 /INPUT 1 "rden2";
    .port_info 6 /INOUT 1 "bitline1";
    .port_info 7 /INOUT 1 "bitline2";
L_000001cbfd4d0550 .functor BUFIF1 1, v000001cbfd390ed0_0, L_000001cbfd441300, C4<0>, C4<0>;
L_000001cbfd4d05c0 .functor BUFIF1 1, v000001cbfd390ed0_0, L_000001cbfd440360, C4<0>, C4<0>;
v000001cbfd392050_0 .net8 "bitline1", 0 0, p000001cbfd3bb718;  1 drivers, strength-aware
v000001cbfd391650_0 .net8 "bitline2", 0 0, p000001cbfd3bb748;  1 drivers, strength-aware
v000001cbfd38fa30_0 .net "clk", 0 0, o000001cbfd243848;  alias, 0 drivers
v000001cbfd390c50_0 .net "d", 0 0, L_000001cbfd43e560;  1 drivers
v000001cbfd38fad0_0 .net "q", 0 0, v000001cbfd390ed0_0;  1 drivers
v000001cbfd390cf0_0 .net "rden1", 0 0, L_000001cbfd441300;  alias, 1 drivers
v000001cbfd3920f0_0 .net "rden2", 0 0, L_000001cbfd440360;  alias, 1 drivers
v000001cbfd391970_0 .net "rst", 0 0, o000001cbfd2438d8;  alias, 0 drivers
v000001cbfd390f70_0 .net "wren", 0 0, L_000001cbfd440900;  alias, 1 drivers
S_000001cbfd3a14d0 .scope module, "cell_dff" "dff" 5 19, 6 4 0, S_000001cbfd3a1020;
 .timescale 0 0;
    .port_info 0 /OUTPUT 1 "q";
    .port_info 1 /INPUT 1 "d";
    .port_info 2 /INPUT 1 "wen";
    .port_info 3 /INPUT 1 "clk";
    .port_info 4 /INPUT 1 "rst";
v000001cbfd391fb0_0 .net "clk", 0 0, o000001cbfd243848;  alias, 0 drivers
v000001cbfd390890_0 .net "d", 0 0, L_000001cbfd43e560;  alias, 1 drivers
v000001cbfd390ed0_0 .var "q", 0 0;
v000001cbfd390930_0 .net "rst", 0 0, o000001cbfd2438d8;  alias, 0 drivers
v000001cbfd391c90_0 .net "wen", 0 0, L_000001cbfd440900;  alias, 1 drivers
S_000001cbfd39e140 .scope module, "bitcells[1]" "bit_cell" 4 14, 5 4 0, S_000001cbfd39d330;
 .timescale 0 0;
    .port_info 0 /INPUT 1 "clk";
    .port_info 1 /INPUT 1 "rst";
    .port_info 2 /INPUT 1 "d";
    .port_info 3 /INPUT 1 "wren";
    .port_info 4 /INPUT 1 "rden1";
    .port_info 5 /INPUT 1 "rden2";
    .port_info 6 /INOUT 1 "bitline1";
    .port_info 7 /INOUT 1 "bitline2";
L_000001cbfd4d06a0 .functor BUFIF1 1, v000001cbfd391470_0, L_000001cbfd441300, C4<0>, C4<0>;
L_000001cbfd4d1a50 .functor BUFIF1 1, v000001cbfd391470_0, L_000001cbfd440360, C4<0>, C4<0>;
v000001cbfd391330_0 .net8 "bitline1", 0 0, p000001cbfd3bbaa8;  1 drivers, strength-aware
v000001cbfd3913d0_0 .net8 "bitline2", 0 0, p000001cbfd3bbad8;  1 drivers, strength-aware
v000001cbfd391ab0_0 .net "clk", 0 0, o000001cbfd243848;  alias, 0 drivers
v000001cbfd38fc10_0 .net "d", 0 0, L_000001cbfd43ece0;  1 drivers
v000001cbfd390610_0 .net "q", 0 0, v000001cbfd391470_0;  1 drivers
v000001cbfd38fcb0_0 .net "rden1", 0 0, L_000001cbfd441300;  alias, 1 drivers
v000001cbfd38fd50_0 .net "rden2", 0 0, L_000001cbfd440360;  alias, 1 drivers
v000001cbfd38fdf0_0 .net "rst", 0 0, o000001cbfd2438d8;  alias, 0 drivers
v000001cbfd38ff30_0 .net "wren", 0 0, L_000001cbfd440900;  alias, 1 drivers
S_000001cbfd39e5f0 .scope module, "cell_dff" "dff" 5 19, 6 4 0, S_000001cbfd39e140;
 .timescale 0 0;
    .port_info 0 /OUTPUT 1 "q";
    .port_info 1 /INPUT 1 "d";
    .port_info 2 /INPUT 1 "wen";
    .port_info 3 /INPUT 1 "clk";
    .port_info 4 /INPUT 1 "rst";
v000001cbfd390d90_0 .net "clk", 0 0, o000001cbfd243848;  alias, 0 drivers
v000001cbfd3904d0_0 .net "d", 0 0, L_000001cbfd43ece0;  alias, 1 drivers
v000001cbfd391470_0 .var "q", 0 0;
v000001cbfd391a10_0 .net "rst", 0 0, o000001cbfd2438d8;  alias, 0 drivers
v000001cbfd391010_0 .net "wen", 0 0, L_000001cbfd440900;  alias, 1 drivers
S_000001cbfd39f270 .scope module, "bitcells[2]" "bit_cell" 4 14, 5 4 0, S_000001cbfd39d330;
 .timescale 0 0;
    .port_info 0 /INPUT 1 "clk";
    .port_info 1 /INPUT 1 "rst";
    .port_info 2 /INPUT 1 "d";
    .port_info 3 /INPUT 1 "wren";
    .port_info 4 /INPUT 1 "rden1";
    .port_info 5 /INPUT 1 "rden2";
    .port_info 6 /INOUT 1 "bitline1";
    .port_info 7 /INOUT 1 "bitline2";
L_000001cbfd4d0ef0 .functor BUFIF1 1, v000001cbfd390070_0, L_000001cbfd441300, C4<0>, C4<0>;
L_000001cbfd4d1350 .functor BUFIF1 1, v000001cbfd390070_0, L_000001cbfd440360, C4<0>, C4<0>;
v000001cbfd392a50_0 .net8 "bitline1", 0 0, p000001cbfd3bbdd8;  1 drivers, strength-aware
v000001cbfd394030_0 .net8 "bitline2", 0 0, p000001cbfd3bbe08;  1 drivers, strength-aware
v000001cbfd3934f0_0 .net "clk", 0 0, o000001cbfd243848;  alias, 0 drivers
v000001cbfd394710_0 .net "d", 0 0, L_000001cbfd43e6a0;  1 drivers
v000001cbfd3943f0_0 .net "q", 0 0, v000001cbfd390070_0;  1 drivers
v000001cbfd392b90_0 .net "rden1", 0 0, L_000001cbfd441300;  alias, 1 drivers
v000001cbfd3933b0_0 .net "rden2", 0 0, L_000001cbfd440360;  alias, 1 drivers
v000001cbfd394530_0 .net "rst", 0 0, o000001cbfd2438d8;  alias, 0 drivers
v000001cbfd393590_0 .net "wren", 0 0, L_000001cbfd440900;  alias, 1 drivers
S_000001cbfd3a2c40 .scope module, "cell_dff" "dff" 5 19, 6 4 0, S_000001cbfd39f270;
 .timescale 0 0;
    .port_info 0 /OUTPUT 1 "q";
    .port_info 1 /INPUT 1 "d";
    .port_info 2 /INPUT 1 "wen";
    .port_info 3 /INPUT 1 "clk";
    .port_info 4 /INPUT 1 "rst";
v000001cbfd38ffd0_0 .net "clk", 0 0, o000001cbfd243848;  alias, 0 drivers
v000001cbfd3906b0_0 .net "d", 0 0, L_000001cbfd43e6a0;  alias, 1 drivers
v000001cbfd390070_0 .var "q", 0 0;
v000001cbfd390110_0 .net "rst", 0 0, o000001cbfd2438d8;  alias, 0 drivers
v000001cbfd390750_0 .net "wen", 0 0, L_000001cbfd440900;  alias, 1 drivers
S_000001cbfd3a3280 .scope module, "bitcells[3]" "bit_cell" 4 14, 5 4 0, S_000001cbfd39d330;
 .timescale 0 0;
    .port_info 0 /INPUT 1 "clk";
    .port_info 1 /INPUT 1 "rst";
    .port_info 2 /INPUT 1 "d";
    .port_info 3 /INPUT 1 "wren";
    .port_info 4 /INPUT 1 "rden1";
    .port_info 5 /INPUT 1 "rden2";
    .port_info 6 /INOUT 1 "bitline1";
    .port_info 7 /INOUT 1 "bitline2";
L_000001cbfd4d0fd0 .functor BUFIF1 1, v000001cbfd392e10_0, L_000001cbfd441300, C4<0>, C4<0>;
L_000001cbfd4d1430 .functor BUFIF1 1, v000001cbfd392e10_0, L_000001cbfd440360, C4<0>, C4<0>;
v000001cbfd392690_0 .net8 "bitline1", 0 0, p000001cbfd3bc108;  1 drivers, strength-aware
v000001cbfd392ff0_0 .net8 "bitline2", 0 0, p000001cbfd3bc138;  1 drivers, strength-aware
v000001cbfd3936d0_0 .net "clk", 0 0, o000001cbfd243848;  alias, 0 drivers
v000001cbfd393450_0 .net "d", 0 0, L_000001cbfd43e880;  1 drivers
v000001cbfd394490_0 .net "q", 0 0, v000001cbfd392e10_0;  1 drivers
v000001cbfd393770_0 .net "rden1", 0 0, L_000001cbfd441300;  alias, 1 drivers
v000001cbfd393d10_0 .net "rden2", 0 0, L_000001cbfd440360;  alias, 1 drivers
v000001cbfd394210_0 .net "rst", 0 0, o000001cbfd2438d8;  alias, 0 drivers
v000001cbfd393a90_0 .net "wren", 0 0, L_000001cbfd440900;  alias, 1 drivers
S_000001cbfd3a38c0 .scope module, "cell_dff" "dff" 5 19, 6 4 0, S_000001cbfd3a3280;
 .timescale 0 0;
    .port_info 0 /OUTPUT 1 "q";
    .port_info 1 /INPUT 1 "d";
    .port_info 2 /INPUT 1 "wen";
    .port_info 3 /INPUT 1 "clk";
    .port_info 4 /INPUT 1 "rst";
v000001cbfd393db0_0 .net "clk", 0 0, o000001cbfd243848;  alias, 0 drivers
v000001cbfd394850_0 .net "d", 0 0, L_000001cbfd43e880;  alias, 1 drivers
v000001cbfd392e10_0 .var "q", 0 0;
v000001cbfd393630_0 .net "rst", 0 0, o000001cbfd2438d8;  alias, 0 drivers
v000001cbfd3939f0_0 .net "wen", 0 0, L_000001cbfd440900;  alias, 1 drivers
S_000001cbfd3a2dd0 .scope module, "bitcells[4]" "bit_cell" 4 14, 5 4 0, S_000001cbfd39d330;
 .timescale 0 0;
    .port_info 0 /INPUT 1 "clk";
    .port_info 1 /INPUT 1 "rst";
    .port_info 2 /INPUT 1 "d";
    .port_info 3 /INPUT 1 "wren";
    .port_info 4 /INPUT 1 "rden1";
    .port_info 5 /INPUT 1 "rden2";
    .port_info 6 /INOUT 1 "bitline1";
    .port_info 7 /INOUT 1 "bitline2";
L_000001cbfd4d1ac0 .functor BUFIF1 1, v000001cbfd392c30_0, L_000001cbfd441300, C4<0>, C4<0>;
L_000001cbfd4d0630 .functor BUFIF1 1, v000001cbfd392c30_0, L_000001cbfd440360, C4<0>, C4<0>;
v000001cbfd392f50_0 .net8 "bitline1", 0 0, p000001cbfd3bc438;  1 drivers, strength-aware
v000001cbfd392af0_0 .net8 "bitline2", 0 0, p000001cbfd3bc468;  1 drivers, strength-aware
v000001cbfd3929b0_0 .net "clk", 0 0, o000001cbfd243848;  alias, 0 drivers
v000001cbfd3945d0_0 .net "d", 0 0, L_000001cbfd43f960;  1 drivers
v000001cbfd392eb0_0 .net "q", 0 0, v000001cbfd392c30_0;  1 drivers
v000001cbfd393130_0 .net "rden1", 0 0, L_000001cbfd441300;  alias, 1 drivers
v000001cbfd393810_0 .net "rden2", 0 0, L_000001cbfd440360;  alias, 1 drivers
v000001cbfd394670_0 .net "rst", 0 0, o000001cbfd2438d8;  alias, 0 drivers
v000001cbfd3947b0_0 .net "wren", 0 0, L_000001cbfd440900;  alias, 1 drivers
S_000001cbfd3a35a0 .scope module, "cell_dff" "dff" 5 19, 6 4 0, S_000001cbfd3a2dd0;
 .timescale 0 0;
    .port_info 0 /OUTPUT 1 "q";
    .port_info 1 /INPUT 1 "d";
    .port_info 2 /INPUT 1 "wen";
    .port_info 3 /INPUT 1 "clk";
    .port_info 4 /INPUT 1 "rst";
v000001cbfd393c70_0 .net "clk", 0 0, o000001cbfd243848;  alias, 0 drivers
v000001cbfd392870_0 .net "d", 0 0, L_000001cbfd43f960;  alias, 1 drivers
v000001cbfd392c30_0 .var "q", 0 0;
v000001cbfd393e50_0 .net "rst", 0 0, o000001cbfd2438d8;  alias, 0 drivers
v000001cbfd3942b0_0 .net "wen", 0 0, L_000001cbfd440900;  alias, 1 drivers
S_000001cbfd3a2150 .scope module, "bitcells[5]" "bit_cell" 4 14, 5 4 0, S_000001cbfd39d330;
 .timescale 0 0;
    .port_info 0 /INPUT 1 "clk";
    .port_info 1 /INPUT 1 "rst";
    .port_info 2 /INPUT 1 "d";
    .port_info 3 /INPUT 1 "wren";
    .port_info 4 /INPUT 1 "rden1";
    .port_info 5 /INPUT 1 "rden2";
    .port_info 6 /INOUT 1 "bitline1";
    .port_info 7 /INOUT 1 "bitline2";
L_000001cbfd4d0b70 .functor BUFIF1 1, v000001cbfd3931d0_0, L_000001cbfd441300, C4<0>, C4<0>;
L_000001cbfd4d0c50 .functor BUFIF1 1, v000001cbfd3931d0_0, L_000001cbfd440360, C4<0>, C4<0>;
v000001cbfd392cd0_0 .net8 "bitline1", 0 0, p000001cbfd3bc768;  1 drivers, strength-aware
v000001cbfd393270_0 .net8 "bitline2", 0 0, p000001cbfd3bc798;  1 drivers, strength-aware
v000001cbfd3938b0_0 .net "clk", 0 0, o000001cbfd243848;  alias, 0 drivers
v000001cbfd3948f0_0 .net "d", 0 0, L_000001cbfd43ed80;  1 drivers
v000001cbfd394350_0 .net "q", 0 0, v000001cbfd3931d0_0;  1 drivers
v000001cbfd393b30_0 .net "rden1", 0 0, L_000001cbfd441300;  alias, 1 drivers
v000001cbfd392190_0 .net "rden2", 0 0, L_000001cbfd440360;  alias, 1 drivers
v000001cbfd392d70_0 .net "rst", 0 0, o000001cbfd2438d8;  alias, 0 drivers
v000001cbfd3922d0_0 .net "wren", 0 0, L_000001cbfd440900;  alias, 1 drivers
S_000001cbfd3a30f0 .scope module, "cell_dff" "dff" 5 19, 6 4 0, S_000001cbfd3a2150;
 .timescale 0 0;
    .port_info 0 /OUTPUT 1 "q";
    .port_info 1 /INPUT 1 "d";
    .port_info 2 /INPUT 1 "wen";
    .port_info 3 /INPUT 1 "clk";
    .port_info 4 /INPUT 1 "rst";
v000001cbfd393090_0 .net "clk", 0 0, o000001cbfd243848;  alias, 0 drivers
v000001cbfd393950_0 .net "d", 0 0, L_000001cbfd43ed80;  alias, 1 drivers
v000001cbfd3931d0_0 .var "q", 0 0;
v000001cbfd392230_0 .net "rst", 0 0, o000001cbfd2438d8;  alias, 0 drivers
v000001cbfd393ef0_0 .net "wen", 0 0, L_000001cbfd440900;  alias, 1 drivers
S_000001cbfd3a3410 .scope module, "bitcells[6]" "bit_cell" 4 14, 5 4 0, S_000001cbfd39d330;
 .timescale 0 0;
    .port_info 0 /INPUT 1 "clk";
    .port_info 1 /INPUT 1 "rst";
    .port_info 2 /INPUT 1 "d";
    .port_info 3 /INPUT 1 "wren";
    .port_info 4 /INPUT 1 "rden1";
    .port_info 5 /INPUT 1 "rden2";
    .port_info 6 /INOUT 1 "bitline1";
    .port_info 7 /INOUT 1 "bitline2";
L_000001cbfd4d0cc0 .functor BUFIF1 1, v000001cbfd3940d0_0, L_000001cbfd441300, C4<0>, C4<0>;
L_000001cbfd4d1040 .functor BUFIF1 1, v000001cbfd3940d0_0, L_000001cbfd440360, C4<0>, C4<0>;
v000001cbfd392410_0 .net8 "bitline1", 0 0, p000001cbfd3bca98;  1 drivers, strength-aware
v000001cbfd392910_0 .net8 "bitline2", 0 0, p000001cbfd3bcac8;  1 drivers, strength-aware
v000001cbfd3924b0_0 .net "clk", 0 0, o000001cbfd243848;  alias, 0 drivers
v000001cbfd392550_0 .net "d", 0 0, L_000001cbfd43dde0;  1 drivers
v000001cbfd393310_0 .net "q", 0 0, v000001cbfd3940d0_0;  1 drivers
v000001cbfd3925f0_0 .net "rden1", 0 0, L_000001cbfd441300;  alias, 1 drivers
v000001cbfd392730_0 .net "rden2", 0 0, L_000001cbfd440360;  alias, 1 drivers
v000001cbfd3927d0_0 .net "rst", 0 0, o000001cbfd2438d8;  alias, 0 drivers
v000001cbfd395430_0 .net "wren", 0 0, L_000001cbfd440900;  alias, 1 drivers
S_000001cbfd3a22e0 .scope module, "cell_dff" "dff" 5 19, 6 4 0, S_000001cbfd3a3410;
 .timescale 0 0;
    .port_info 0 /OUTPUT 1 "q";
    .port_info 1 /INPUT 1 "d";
    .port_info 2 /INPUT 1 "wen";
    .port_info 3 /INPUT 1 "clk";
    .port_info 4 /INPUT 1 "rst";
v000001cbfd393bd0_0 .net "clk", 0 0, o000001cbfd243848;  alias, 0 drivers
v000001cbfd393f90_0 .net "d", 0 0, L_000001cbfd43dde0;  alias, 1 drivers
v000001cbfd3940d0_0 .var "q", 0 0;
v000001cbfd394170_0 .net "rst", 0 0, o000001cbfd2438d8;  alias, 0 drivers
v000001cbfd392370_0 .net "wen", 0 0, L_000001cbfd440900;  alias, 1 drivers
S_000001cbfd3a3730 .scope module, "bitcells[7]" "bit_cell" 4 14, 5 4 0, S_000001cbfd39d330;
 .timescale 0 0;
    .port_info 0 /INPUT 1 "clk";
    .port_info 1 /INPUT 1 "rst";
    .port_info 2 /INPUT 1 "d";
    .port_info 3 /INPUT 1 "wren";
    .port_info 4 /INPUT 1 "rden1";
    .port_info 5 /INPUT 1 "rden2";
    .port_info 6 /INOUT 1 "bitline1";
    .port_info 7 /INOUT 1 "bitline2";
L_000001cbfd4d14a0 .functor BUFIF1 1, v000001cbfd396bf0_0, L_000001cbfd441300, C4<0>, C4<0>;
L_000001cbfd4d1510 .functor BUFIF1 1, v000001cbfd396bf0_0, L_000001cbfd440360, C4<0>, C4<0>;
v000001cbfd396c90_0 .net8 "bitline1", 0 0, p000001cbfd3bcdc8;  1 drivers, strength-aware
v000001cbfd394c10_0 .net8 "bitline2", 0 0, p000001cbfd3bcdf8;  1 drivers, strength-aware
v000001cbfd396fb0_0 .net "clk", 0 0, o000001cbfd243848;  alias, 0 drivers
v000001cbfd396dd0_0 .net "d", 0 0, L_000001cbfd43db60;  1 drivers
v000001cbfd395f70_0 .net "q", 0 0, v000001cbfd396bf0_0;  1 drivers
v000001cbfd394cb0_0 .net "rden1", 0 0, L_000001cbfd441300;  alias, 1 drivers
v000001cbfd395570_0 .net "rden2", 0 0, L_000001cbfd440360;  alias, 1 drivers
v000001cbfd394990_0 .net "rst", 0 0, o000001cbfd2438d8;  alias, 0 drivers
v000001cbfd3952f0_0 .net "wren", 0 0, L_000001cbfd440900;  alias, 1 drivers
S_000001cbfd3a2920 .scope module, "cell_dff" "dff" 5 19, 6 4 0, S_000001cbfd3a3730;
 .timescale 0 0;
    .port_info 0 /OUTPUT 1 "q";
    .port_info 1 /INPUT 1 "d";
    .port_info 2 /INPUT 1 "wen";
    .port_info 3 /INPUT 1 "clk";
    .port_info 4 /INPUT 1 "rst";
v000001cbfd396d30_0 .net "clk", 0 0, o000001cbfd243848;  alias, 0 drivers
v000001cbfd394df0_0 .net "d", 0 0, L_000001cbfd43db60;  alias, 1 drivers
v000001cbfd396bf0_0 .var "q", 0 0;
v000001cbfd395390_0 .net "rst", 0 0, o000001cbfd2438d8;  alias, 0 drivers
v000001cbfd3954d0_0 .net "wen", 0 0, L_000001cbfd440900;  alias, 1 drivers
S_000001cbfd3a3a50 .scope module, "bitcells[8]" "bit_cell" 4 14, 5 4 0, S_000001cbfd39d330;
 .timescale 0 0;
    .port_info 0 /INPUT 1 "clk";
    .port_info 1 /INPUT 1 "rst";
    .port_info 2 /INPUT 1 "d";
    .port_info 3 /INPUT 1 "wren";
    .port_info 4 /INPUT 1 "rden1";
    .port_info 5 /INPUT 1 "rden2";
    .port_info 6 /INOUT 1 "bitline1";
    .port_info 7 /INOUT 1 "bitline2";
L_000001cbfd4d2230 .functor BUFIF1 1, v000001cbfd395890_0, L_000001cbfd441300, C4<0>, C4<0>;
L_000001cbfd4d2070 .functor BUFIF1 1, v000001cbfd395890_0, L_000001cbfd440360, C4<0>, C4<0>;
v000001cbfd3965b0_0 .net8 "bitline1", 0 0, p000001cbfd3bd0f8;  1 drivers, strength-aware
v000001cbfd394a30_0 .net8 "bitline2", 0 0, p000001cbfd3bd128;  1 drivers, strength-aware
v000001cbfd395930_0 .net "clk", 0 0, o000001cbfd243848;  alias, 0 drivers
v000001cbfd395110_0 .net "d", 0 0, L_000001cbfd43f460;  1 drivers
v000001cbfd395b10_0 .net "q", 0 0, v000001cbfd395890_0;  1 drivers
v000001cbfd396650_0 .net "rden1", 0 0, L_000001cbfd441300;  alias, 1 drivers
v000001cbfd396010_0 .net "rden2", 0 0, L_000001cbfd440360;  alias, 1 drivers
v000001cbfd396290_0 .net "rst", 0 0, o000001cbfd2438d8;  alias, 0 drivers
v000001cbfd395070_0 .net "wren", 0 0, L_000001cbfd440900;  alias, 1 drivers
S_000001cbfd3a2ab0 .scope module, "cell_dff" "dff" 5 19, 6 4 0, S_000001cbfd3a3a50;
 .timescale 0 0;
    .port_info 0 /OUTPUT 1 "q";
    .port_info 1 /INPUT 1 "d";
    .port_info 2 /INPUT 1 "wen";
    .port_info 3 /INPUT 1 "clk";
    .port_info 4 /INPUT 1 "rst";
v000001cbfd3959d0_0 .net "clk", 0 0, o000001cbfd243848;  alias, 0 drivers
v000001cbfd395ed0_0 .net "d", 0 0, L_000001cbfd43f460;  alias, 1 drivers
v000001cbfd395890_0 .var "q", 0 0;
v000001cbfd395a70_0 .net "rst", 0 0, o000001cbfd2438d8;  alias, 0 drivers
v000001cbfd395bb0_0 .net "wen", 0 0, L_000001cbfd440900;  alias, 1 drivers
S_000001cbfd3a2470 .scope module, "bitcells[9]" "bit_cell" 4 14, 5 4 0, S_000001cbfd39d330;
 .timescale 0 0;
    .port_info 0 /INPUT 1 "clk";
    .port_info 1 /INPUT 1 "rst";
    .port_info 2 /INPUT 1 "d";
    .port_info 3 /INPUT 1 "wren";
    .port_info 4 /INPUT 1 "rden1";
    .port_info 5 /INPUT 1 "rden2";
    .port_info 6 /INOUT 1 "bitline1";
    .port_info 7 /INOUT 1 "bitline2";
L_000001cbfd4d3570 .functor BUFIF1 1, v000001cbfd3956b0_0, L_000001cbfd441300, C4<0>, C4<0>;
L_000001cbfd4d2930 .functor BUFIF1 1, v000001cbfd3956b0_0, L_000001cbfd440360, C4<0>, C4<0>;
v000001cbfd395cf0_0 .net8 "bitline1", 0 0, p000001cbfd3bd428;  1 drivers, strength-aware
v000001cbfd395d90_0 .net8 "bitline2", 0 0, p000001cbfd3bd458;  1 drivers, strength-aware
v000001cbfd395e30_0 .net "clk", 0 0, o000001cbfd243848;  alias, 0 drivers
v000001cbfd396a10_0 .net "d", 0 0, L_000001cbfd43dca0;  1 drivers
v000001cbfd395610_0 .net "q", 0 0, v000001cbfd3956b0_0;  1 drivers
v000001cbfd396150_0 .net "rden1", 0 0, L_000001cbfd441300;  alias, 1 drivers
v000001cbfd396e70_0 .net "rden2", 0 0, L_000001cbfd440360;  alias, 1 drivers
v000001cbfd394d50_0 .net "rst", 0 0, o000001cbfd2438d8;  alias, 0 drivers
v000001cbfd396790_0 .net "wren", 0 0, L_000001cbfd440900;  alias, 1 drivers
S_000001cbfd3a2f60 .scope module, "cell_dff" "dff" 5 19, 6 4 0, S_000001cbfd3a2470;
 .timescale 0 0;
    .port_info 0 /OUTPUT 1 "q";
    .port_info 1 /INPUT 1 "d";
    .port_info 2 /INPUT 1 "wen";
    .port_info 3 /INPUT 1 "clk";
    .port_info 4 /INPUT 1 "rst";
v000001cbfd3966f0_0 .net "clk", 0 0, o000001cbfd243848;  alias, 0 drivers
v000001cbfd3960b0_0 .net "d", 0 0, L_000001cbfd43dca0;  alias, 1 drivers
v000001cbfd3956b0_0 .var "q", 0 0;
v000001cbfd395c50_0 .net "rst", 0 0, o000001cbfd2438d8;  alias, 0 drivers
v000001cbfd394e90_0 .net "wen", 0 0, L_000001cbfd440900;  alias, 1 drivers
S_000001cbfd3a2600 .scope module, "bitcells[10]" "bit_cell" 4 14, 5 4 0, S_000001cbfd39d330;
 .timescale 0 0;
    .port_info 0 /INPUT 1 "clk";
    .port_info 1 /INPUT 1 "rst";
    .port_info 2 /INPUT 1 "d";
    .port_info 3 /INPUT 1 "wren";
    .port_info 4 /INPUT 1 "rden1";
    .port_info 5 /INPUT 1 "rden2";
    .port_info 6 /INOUT 1 "bitline1";
    .port_info 7 /INOUT 1 "bitline2";
L_000001cbfd4d2ee0 .functor BUFIF1 1, v000001cbfd396f10_0, L_000001cbfd441300, C4<0>, C4<0>;
L_000001cbfd4d2850 .functor BUFIF1 1, v000001cbfd396f10_0, L_000001cbfd440360, C4<0>, C4<0>;
v000001cbfd3963d0_0 .net8 "bitline1", 0 0, p000001cbfd3bd758;  1 drivers, strength-aware
v000001cbfd396470_0 .net8 "bitline2", 0 0, p000001cbfd3bd788;  1 drivers, strength-aware
v000001cbfd395750_0 .net "clk", 0 0, o000001cbfd243848;  alias, 0 drivers
v000001cbfd396510_0 .net "d", 0 0, L_000001cbfd43d520;  1 drivers
v000001cbfd394f30_0 .net "q", 0 0, v000001cbfd396f10_0;  1 drivers
v000001cbfd394fd0_0 .net "rden1", 0 0, L_000001cbfd441300;  alias, 1 drivers
v000001cbfd397050_0 .net "rden2", 0 0, L_000001cbfd440360;  alias, 1 drivers
v000001cbfd396830_0 .net "rst", 0 0, o000001cbfd2438d8;  alias, 0 drivers
v000001cbfd3968d0_0 .net "wren", 0 0, L_000001cbfd440900;  alias, 1 drivers
S_000001cbfd3a2790 .scope module, "cell_dff" "dff" 5 19, 6 4 0, S_000001cbfd3a2600;
 .timescale 0 0;
    .port_info 0 /OUTPUT 1 "q";
    .port_info 1 /INPUT 1 "d";
    .port_info 2 /INPUT 1 "wen";
    .port_info 3 /INPUT 1 "clk";
    .port_info 4 /INPUT 1 "rst";
v000001cbfd3957f0_0 .net "clk", 0 0, o000001cbfd243848;  alias, 0 drivers
v000001cbfd3961f0_0 .net "d", 0 0, L_000001cbfd43d520;  alias, 1 drivers
v000001cbfd396f10_0 .var "q", 0 0;
v000001cbfd396330_0 .net "rst", 0 0, o000001cbfd2438d8;  alias, 0 drivers
v000001cbfd394ad0_0 .net "wen", 0 0, L_000001cbfd440900;  alias, 1 drivers
S_000001cbfd41c640 .scope module, "bitcells[11]" "bit_cell" 4 14, 5 4 0, S_000001cbfd39d330;
 .timescale 0 0;
    .port_info 0 /INPUT 1 "clk";
    .port_info 1 /INPUT 1 "rst";
    .port_info 2 /INPUT 1 "d";
    .port_info 3 /INPUT 1 "wren";
    .port_info 4 /INPUT 1 "rden1";
    .port_info 5 /INPUT 1 "rden2";
    .port_info 6 /INOUT 1 "bitline1";
    .port_info 7 /INOUT 1 "bitline2";
L_000001cbfd4d2c40 .functor BUFIF1 1, v000001cbfd396ab0_0, L_000001cbfd441300, C4<0>, C4<0>;
L_000001cbfd4d2e70 .functor BUFIF1 1, v000001cbfd396ab0_0, L_000001cbfd440360, C4<0>, C4<0>;
v000001cbfd394b70_0 .net8 "bitline1", 0 0, p000001cbfd3bda88;  1 drivers, strength-aware
v000001cbfd395250_0 .net8 "bitline2", 0 0, p000001cbfd3bdab8;  1 drivers, strength-aware
v000001cbfd399350_0 .net "clk", 0 0, o000001cbfd243848;  alias, 0 drivers
v000001cbfd399030_0 .net "d", 0 0, L_000001cbfd43e060;  1 drivers
v000001cbfd398c70_0 .net "q", 0 0, v000001cbfd396ab0_0;  1 drivers
v000001cbfd397cd0_0 .net "rden1", 0 0, L_000001cbfd441300;  alias, 1 drivers
v000001cbfd397b90_0 .net "rden2", 0 0, L_000001cbfd440360;  alias, 1 drivers
v000001cbfd397c30_0 .net "rst", 0 0, o000001cbfd2438d8;  alias, 0 drivers
v000001cbfd3990d0_0 .net "wren", 0 0, L_000001cbfd440900;  alias, 1 drivers
S_000001cbfd420010 .scope module, "cell_dff" "dff" 5 19, 6 4 0, S_000001cbfd41c640;
 .timescale 0 0;
    .port_info 0 /OUTPUT 1 "q";
    .port_info 1 /INPUT 1 "d";
    .port_info 2 /INPUT 1 "wen";
    .port_info 3 /INPUT 1 "clk";
    .port_info 4 /INPUT 1 "rst";
v000001cbfd396970_0 .net "clk", 0 0, o000001cbfd243848;  alias, 0 drivers
v000001cbfd396b50_0 .net "d", 0 0, L_000001cbfd43e060;  alias, 1 drivers
v000001cbfd396ab0_0 .var "q", 0 0;
v000001cbfd3951b0_0 .net "rst", 0 0, o000001cbfd2438d8;  alias, 0 drivers
v000001cbfd3970f0_0 .net "wen", 0 0, L_000001cbfd440900;  alias, 1 drivers
S_000001cbfd41c960 .scope module, "bitcells[12]" "bit_cell" 4 14, 5 4 0, S_000001cbfd39d330;
 .timescale 0 0;
    .port_info 0 /INPUT 1 "clk";
    .port_info 1 /INPUT 1 "rst";
    .port_info 2 /INPUT 1 "d";
    .port_info 3 /INPUT 1 "wren";
    .port_info 4 /INPUT 1 "rden1";
    .port_info 5 /INPUT 1 "rden2";
    .port_info 6 /INOUT 1 "bitline1";
    .port_info 7 /INOUT 1 "bitline2";
L_000001cbfd4d3110 .functor BUFIF1 1, v000001cbfd397690_0, L_000001cbfd441300, C4<0>, C4<0>;
L_000001cbfd4d28c0 .functor BUFIF1 1, v000001cbfd397690_0, L_000001cbfd440360, C4<0>, C4<0>;
v000001cbfd3992b0_0 .net8 "bitline1", 0 0, p000001cbfd3bddb8;  1 drivers, strength-aware
v000001cbfd3972d0_0 .net8 "bitline2", 0 0, p000001cbfd3bdde8;  1 drivers, strength-aware
v000001cbfd397af0_0 .net "clk", 0 0, o000001cbfd243848;  alias, 0 drivers
v000001cbfd3988b0_0 .net "d", 0 0, L_000001cbfd43f640;  1 drivers
v000001cbfd3995d0_0 .net "q", 0 0, v000001cbfd397690_0;  1 drivers
v000001cbfd397ff0_0 .net "rden1", 0 0, L_000001cbfd441300;  alias, 1 drivers
v000001cbfd3975f0_0 .net "rden2", 0 0, L_000001cbfd440360;  alias, 1 drivers
v000001cbfd3989f0_0 .net "rst", 0 0, o000001cbfd2438d8;  alias, 0 drivers
v000001cbfd397730_0 .net "wren", 0 0, L_000001cbfd440900;  alias, 1 drivers
S_000001cbfd41f070 .scope module, "cell_dff" "dff" 5 19, 6 4 0, S_000001cbfd41c960;
 .timescale 0 0;
    .port_info 0 /OUTPUT 1 "q";
    .port_info 1 /INPUT 1 "d";
    .port_info 2 /INPUT 1 "wen";
    .port_info 3 /INPUT 1 "clk";
    .port_info 4 /INPUT 1 "rst";
v000001cbfd398d10_0 .net "clk", 0 0, o000001cbfd243848;  alias, 0 drivers
v000001cbfd398950_0 .net "d", 0 0, L_000001cbfd43f640;  alias, 1 drivers
v000001cbfd397690_0 .var "q", 0 0;
v000001cbfd399670_0 .net "rst", 0 0, o000001cbfd2438d8;  alias, 0 drivers
v000001cbfd3993f0_0 .net "wen", 0 0, L_000001cbfd440900;  alias, 1 drivers
S_000001cbfd41e580 .scope module, "bitcells[13]" "bit_cell" 4 14, 5 4 0, S_000001cbfd39d330;
 .timescale 0 0;
    .port_info 0 /INPUT 1 "clk";
    .port_info 1 /INPUT 1 "rst";
    .port_info 2 /INPUT 1 "d";
    .port_info 3 /INPUT 1 "wren";
    .port_info 4 /INPUT 1 "rden1";
    .port_info 5 /INPUT 1 "rden2";
    .port_info 6 /INOUT 1 "bitline1";
    .port_info 7 /INOUT 1 "bitline2";
L_000001cbfd4d31f0 .functor BUFIF1 1, v000001cbfd397370_0, L_000001cbfd441300, C4<0>, C4<0>;
L_000001cbfd4d29a0 .functor BUFIF1 1, v000001cbfd397370_0, L_000001cbfd440360, C4<0>, C4<0>;
v000001cbfd397e10_0 .net8 "bitline1", 0 0, p000001cbfd3be0e8;  1 drivers, strength-aware
v000001cbfd398db0_0 .net8 "bitline2", 0 0, p000001cbfd3be118;  1 drivers, strength-aware
v000001cbfd397870_0 .net "clk", 0 0, o000001cbfd243848;  alias, 0 drivers
v000001cbfd397230_0 .net "d", 0 0, L_000001cbfd43e9c0;  1 drivers
v000001cbfd3997b0_0 .net "q", 0 0, v000001cbfd397370_0;  1 drivers
v000001cbfd398a90_0 .net "rden1", 0 0, L_000001cbfd441300;  alias, 1 drivers
v000001cbfd397eb0_0 .net "rden2", 0 0, L_000001cbfd440360;  alias, 1 drivers
v000001cbfd398e50_0 .net "rst", 0 0, o000001cbfd2438d8;  alias, 0 drivers
v000001cbfd398b30_0 .net "wren", 0 0, L_000001cbfd440900;  alias, 1 drivers
S_000001cbfd4201a0 .scope module, "cell_dff" "dff" 5 19, 6 4 0, S_000001cbfd41e580;
 .timescale 0 0;
    .port_info 0 /OUTPUT 1 "q";
    .port_info 1 /INPUT 1 "d";
    .port_info 2 /INPUT 1 "wen";
    .port_info 3 /INPUT 1 "clk";
    .port_info 4 /INPUT 1 "rst";
v000001cbfd399530_0 .net "clk", 0 0, o000001cbfd243848;  alias, 0 drivers
v000001cbfd3977d0_0 .net "d", 0 0, L_000001cbfd43e9c0;  alias, 1 drivers
v000001cbfd397370_0 .var "q", 0 0;
v000001cbfd397d70_0 .net "rst", 0 0, o000001cbfd2438d8;  alias, 0 drivers
v000001cbfd399710_0 .net "wen", 0 0, L_000001cbfd440900;  alias, 1 drivers
S_000001cbfd41d900 .scope module, "bitcells[14]" "bit_cell" 4 14, 5 4 0, S_000001cbfd39d330;
 .timescale 0 0;
    .port_info 0 /INPUT 1 "clk";
    .port_info 1 /INPUT 1 "rst";
    .port_info 2 /INPUT 1 "d";
    .port_info 3 /INPUT 1 "wren";
    .port_info 4 /INPUT 1 "rden1";
    .port_info 5 /INPUT 1 "rden2";
    .port_info 6 /INOUT 1 "bitline1";
    .port_info 7 /INOUT 1 "bitline2";
L_000001cbfd4d2540 .functor BUFIF1 1, v000001cbfd397910_0, L_000001cbfd441300, C4<0>, C4<0>;
L_000001cbfd4d2bd0 .functor BUFIF1 1, v000001cbfd397910_0, L_000001cbfd440360, C4<0>, C4<0>;
v000001cbfd398090_0 .net8 "bitline1", 0 0, p000001cbfd3be418;  1 drivers, strength-aware
v000001cbfd398630_0 .net8 "bitline2", 0 0, p000001cbfd3be448;  1 drivers, strength-aware
v000001cbfd398f90_0 .net "clk", 0 0, o000001cbfd243848;  alias, 0 drivers
v000001cbfd3983b0_0 .net "d", 0 0, L_000001cbfd43f6e0;  1 drivers
v000001cbfd397a50_0 .net "q", 0 0, v000001cbfd397910_0;  1 drivers
v000001cbfd399170_0 .net "rden1", 0 0, L_000001cbfd441300;  alias, 1 drivers
v000001cbfd397410_0 .net "rden2", 0 0, L_000001cbfd440360;  alias, 1 drivers
v000001cbfd399850_0 .net "rst", 0 0, o000001cbfd2438d8;  alias, 0 drivers
v000001cbfd3984f0_0 .net "wren", 0 0, L_000001cbfd440900;  alias, 1 drivers
S_000001cbfd422720 .scope module, "cell_dff" "dff" 5 19, 6 4 0, S_000001cbfd41d900;
 .timescale 0 0;
    .port_info 0 /OUTPUT 1 "q";
    .port_info 1 /INPUT 1 "d";
    .port_info 2 /INPUT 1 "wen";
    .port_info 3 /INPUT 1 "clk";
    .port_info 4 /INPUT 1 "rst";
v000001cbfd398310_0 .net "clk", 0 0, o000001cbfd243848;  alias, 0 drivers
v000001cbfd398ef0_0 .net "d", 0 0, L_000001cbfd43f6e0;  alias, 1 drivers
v000001cbfd397910_0 .var "q", 0 0;
v000001cbfd397f50_0 .net "rst", 0 0, o000001cbfd2438d8;  alias, 0 drivers
v000001cbfd398450_0 .net "wen", 0 0, L_000001cbfd440900;  alias, 1 drivers
S_000001cbfd421dc0 .scope module, "bitcells[15]" "bit_cell" 4 14, 5 4 0, S_000001cbfd39d330;
 .timescale 0 0;
    .port_info 0 /INPUT 1 "clk";
    .port_info 1 /INPUT 1 "rst";
    .port_info 2 /INPUT 1 "d";
    .port_info 3 /INPUT 1 "wren";
    .port_info 4 /INPUT 1 "rden1";
    .port_info 5 /INPUT 1 "rden2";
    .port_info 6 /INOUT 1 "bitline1";
    .port_info 7 /INOUT 1 "bitline2";
L_000001cbfd4d2f50 .functor BUFIF1 1, v000001cbfd398770_0, L_000001cbfd441300, C4<0>, C4<0>;
L_000001cbfd4d2a10 .functor BUFIF1 1, v000001cbfd398770_0, L_000001cbfd440360, C4<0>, C4<0>;
v000001cbfd3981d0_0 .net8 "bitline1", 0 0, p000001cbfd3be748;  1 drivers, strength-aware
v000001cbfd3986d0_0 .net8 "bitline2", 0 0, p000001cbfd3be778;  1 drivers, strength-aware
v000001cbfd3979b0_0 .net "clk", 0 0, o000001cbfd243848;  alias, 0 drivers
v000001cbfd399490_0 .net "d", 0 0, L_000001cbfd43fa00;  1 drivers
v000001cbfd3998f0_0 .net "q", 0 0, v000001cbfd398770_0;  1 drivers
v000001cbfd397190_0 .net "rden1", 0 0, L_000001cbfd441300;  alias, 1 drivers
v000001cbfd398590_0 .net "rden2", 0 0, L_000001cbfd440360;  alias, 1 drivers
v000001cbfd398270_0 .net "rst", 0 0, o000001cbfd2438d8;  alias, 0 drivers
v000001cbfd398810_0 .net "wren", 0 0, L_000001cbfd440900;  alias, 1 drivers
S_000001cbfd421aa0 .scope module, "cell_dff" "dff" 5 19, 6 4 0, S_000001cbfd421dc0;
 .timescale 0 0;
    .port_info 0 /OUTPUT 1 "q";
    .port_info 1 /INPUT 1 "d";
    .port_info 2 /INPUT 1 "wen";
    .port_info 3 /INPUT 1 "clk";
    .port_info 4 /INPUT 1 "rst";
v000001cbfd398bd0_0 .net "clk", 0 0, o000001cbfd243848;  alias, 0 drivers
v000001cbfd399210_0 .net "d", 0 0, L_000001cbfd43fa00;  alias, 1 drivers
v000001cbfd398770_0 .var "q", 0 0;
v000001cbfd3974b0_0 .net "rst", 0 0, o000001cbfd2438d8;  alias, 0 drivers
v000001cbfd398130_0 .net "wen", 0 0, L_000001cbfd440900;  alias, 1 drivers
S_000001cbfd41c7d0 .scope module, "src_reg1_dec" "read_decoder_4_16" 2 24, 7 20 0, S_000001cbfcbd3120;
 .timescale 0 0;
    .port_info 0 /INPUT 4 "reg_id";
    .port_info 1 /OUTPUT 16 "wordline";
L_000001cbfd45a060 .functor BUFT 1, C4<00000000>, C4<0>, C4<0>, C4<0>;
v000001cbfd42a920_0 .net/2u *"_ivl_10", 7 0, L_000001cbfd45a060;  1 drivers
v000001cbfd42aa60_0 .net *"_ivl_12", 15 0, L_000001cbfd4332a0;  1 drivers
v000001cbfd42b820_0 .net *"_ivl_5", 0 0, L_000001cbfd4301e0;  1 drivers
L_000001cbfd45a018 .functor BUFT 1, C4<00000000>, C4<0>, C4<0>, C4<0>;
v000001cbfd42b0a0_0 .net/2u *"_ivl_6", 7 0, L_000001cbfd45a018;  1 drivers
v000001cbfd42ae20_0 .net *"_ivl_8", 15 0, L_000001cbfd433020;  1 drivers
v000001cbfd429700_0 .net "lower_wordline", 7 0, L_000001cbfd42f1a0;  1 drivers
v000001cbfd429b60_0 .net "reg_id", 3 0, o000001cbfd3c0098;  alias, 0 drivers
v000001cbfd42a600_0 .net "upper_wordline", 7 0, L_000001cbfd42fec0;  1 drivers
v000001cbfd429ca0_0 .net "wordline", 15 0, L_000001cbfd4326c0;  alias, 1 drivers
L_000001cbfd42f060 .part o000001cbfd3c0098, 0, 3;
L_000001cbfd430140 .part o000001cbfd3c0098, 0, 3;
L_000001cbfd4301e0 .part o000001cbfd3c0098, 3, 1;
L_000001cbfd433020 .concat [ 8 8 0 0], L_000001cbfd45a018, L_000001cbfd42fec0;
L_000001cbfd4332a0 .concat [ 8 8 0 0], L_000001cbfd42f1a0, L_000001cbfd45a060;
L_000001cbfd4326c0 .functor MUXZ 16, L_000001cbfd4332a0, L_000001cbfd433020, L_000001cbfd4301e0, C4<>;
S_000001cbfd420970 .scope module, "first" "decoder_3to8" 7 30, 7 2 0, S_000001cbfd41c7d0;
 .timescale 0 0;
    .port_info 0 /INPUT 3 "in";
    .port_info 1 /OUTPUT 8 "out";
L_000001cbfd223240 .functor NOT 1, L_000001cbfd42e660, C4<0>, C4<0>, C4<0>;
L_000001cbfd2227c0 .functor NOT 1, L_000001cbfd4303c0, C4<0>, C4<0>, C4<0>;
L_000001cbfd222b40 .functor AND 1, L_000001cbfd223240, L_000001cbfd2227c0, C4<1>, C4<1>;
L_000001cbfd2239b0 .functor NOT 1, L_000001cbfd42f7e0, C4<0>, C4<0>, C4<0>;
L_000001cbfd223470 .functor AND 1, L_000001cbfd222b40, L_000001cbfd2239b0, C4<1>, C4<1>;
L_000001cbfd2234e0 .functor NOT 1, L_000001cbfd430820, C4<0>, C4<0>, C4<0>;
L_000001cbfd222bb0 .functor NOT 1, L_000001cbfd42eac0, C4<0>, C4<0>, C4<0>;
L_000001cbfd222c20 .functor AND 1, L_000001cbfd2234e0, L_000001cbfd222bb0, C4<1>, C4<1>;
L_000001cbfd2232b0 .functor AND 1, L_000001cbfd222c20, L_000001cbfd42fb00, C4<1>, C4<1>;
L_000001cbfd223550 .functor NOT 1, L_000001cbfd430460, C4<0>, C4<0>, C4<0>;
L_000001cbfd223080 .functor AND 1, L_000001cbfd223550, L_000001cbfd42f740, C4<1>, C4<1>;
L_000001cbfd222d70 .functor NOT 1, L_000001cbfd42f880, C4<0>, C4<0>, C4<0>;
L_000001cbfd223a90 .functor AND 1, L_000001cbfd223080, L_000001cbfd222d70, C4<1>, C4<1>;
L_000001cbfd222e50 .functor NOT 1, L_000001cbfd42f4c0, C4<0>, C4<0>, C4<0>;
L_000001cbfd223630 .functor AND 1, L_000001cbfd222e50, L_000001cbfd430b40, C4<1>, C4<1>;
L_000001cbfd222ec0 .functor AND 1, L_000001cbfd223630, L_000001cbfd430780, C4<1>, C4<1>;
L_000001cbfd2222f0 .functor NOT 1, L_000001cbfd42fd80, C4<0>, C4<0>, C4<0>;
L_000001cbfd2231d0 .functor AND 1, L_000001cbfd430280, L_000001cbfd2222f0, C4<1>, C4<1>;
L_000001cbfd2235c0 .functor NOT 1, L_000001cbfd430aa0, C4<0>, C4<0>, C4<0>;
L_000001cbfd2221a0 .functor AND 1, L_000001cbfd2231d0, L_000001cbfd2235c0, C4<1>, C4<1>;
L_000001cbfd2236a0 .functor NOT 1, L_000001cbfd430be0, C4<0>, C4<0>, C4<0>;
L_000001cbfd2237f0 .functor AND 1, L_000001cbfd42f560, L_000001cbfd2236a0, C4<1>, C4<1>;
L_000001cbfd223710 .functor AND 1, L_000001cbfd2237f0, L_000001cbfd42f100, C4<1>, C4<1>;
L_000001cbfd2229f0 .functor AND 1, L_000001cbfd430c80, L_000001cbfd42e520, C4<1>, C4<1>;
L_000001cbfd222360 .functor NOT 1, L_000001cbfd42f600, C4<0>, C4<0>, C4<0>;
L_000001cbfd223160 .functor AND 1, L_000001cbfd2229f0, L_000001cbfd222360, C4<1>, C4<1>;
L_000001cbfd223320 .functor AND 1, L_000001cbfd42fe20, L_000001cbfd42e5c0, C4<1>, C4<1>;
L_000001cbfd222ad0 .functor AND 1, L_000001cbfd223320, L_000001cbfd42efc0, C4<1>, C4<1>;
v000001cbfd39af70_0 .net *"_ivl_10", 0 0, L_000001cbfd222b40;  1 drivers
v000001cbfd39a930_0 .net *"_ivl_100", 0 0, L_000001cbfd2229f0;  1 drivers
v000001cbfd39a9d0_0 .net *"_ivl_103", 0 0, L_000001cbfd42f600;  1 drivers
v000001cbfd39b510_0 .net *"_ivl_104", 0 0, L_000001cbfd222360;  1 drivers
v000001cbfd39a7f0_0 .net *"_ivl_106", 0 0, L_000001cbfd223160;  1 drivers
v000001cbfd39acf0_0 .net *"_ivl_112", 0 0, L_000001cbfd42fe20;  1 drivers
v000001cbfd39abb0_0 .net *"_ivl_114", 0 0, L_000001cbfd42e5c0;  1 drivers
v000001cbfd39b790_0 .net *"_ivl_115", 0 0, L_000001cbfd223320;  1 drivers
v000001cbfd399df0_0 .net *"_ivl_118", 0 0, L_000001cbfd42efc0;  1 drivers
v000001cbfd399f30_0 .net *"_ivl_119", 0 0, L_000001cbfd222ad0;  1 drivers
v000001cbfd39b290_0 .net *"_ivl_13", 0 0, L_000001cbfd42f7e0;  1 drivers
v000001cbfd39b150_0 .net *"_ivl_14", 0 0, L_000001cbfd2239b0;  1 drivers
v000001cbfd39ad90_0 .net *"_ivl_16", 0 0, L_000001cbfd223470;  1 drivers
v000001cbfd39a110_0 .net *"_ivl_21", 0 0, L_000001cbfd430820;  1 drivers
v000001cbfd39b1f0_0 .net *"_ivl_22", 0 0, L_000001cbfd2234e0;  1 drivers
v000001cbfd39b650_0 .net *"_ivl_25", 0 0, L_000001cbfd42eac0;  1 drivers
v000001cbfd399b70_0 .net *"_ivl_26", 0 0, L_000001cbfd222bb0;  1 drivers
v000001cbfd399c10_0 .net *"_ivl_28", 0 0, L_000001cbfd222c20;  1 drivers
v000001cbfd39a890_0 .net *"_ivl_3", 0 0, L_000001cbfd42e660;  1 drivers
v000001cbfd39b010_0 .net *"_ivl_31", 0 0, L_000001cbfd42fb00;  1 drivers
v000001cbfd39b830_0 .net *"_ivl_32", 0 0, L_000001cbfd2232b0;  1 drivers
v000001cbfd39ac50_0 .net *"_ivl_37", 0 0, L_000001cbfd430460;  1 drivers
v000001cbfd399d50_0 .net *"_ivl_38", 0 0, L_000001cbfd223550;  1 drivers
v000001cbfd399990_0 .net *"_ivl_4", 0 0, L_000001cbfd223240;  1 drivers
v000001cbfd399a30_0 .net *"_ivl_41", 0 0, L_000001cbfd42f740;  1 drivers
v000001cbfd39ae30_0 .net *"_ivl_42", 0 0, L_000001cbfd223080;  1 drivers
v000001cbfd399cb0_0 .net *"_ivl_45", 0 0, L_000001cbfd42f880;  1 drivers
v000001cbfd39a070_0 .net *"_ivl_46", 0 0, L_000001cbfd222d70;  1 drivers
v000001cbfd39a610_0 .net *"_ivl_48", 0 0, L_000001cbfd223a90;  1 drivers
v000001cbfd39b0b0_0 .net *"_ivl_53", 0 0, L_000001cbfd42f4c0;  1 drivers
v000001cbfd39b470_0 .net *"_ivl_54", 0 0, L_000001cbfd222e50;  1 drivers
v000001cbfd39b330_0 .net *"_ivl_57", 0 0, L_000001cbfd430b40;  1 drivers
v000001cbfd39aed0_0 .net *"_ivl_58", 0 0, L_000001cbfd223630;  1 drivers
v000001cbfd399e90_0 .net *"_ivl_61", 0 0, L_000001cbfd430780;  1 drivers
v000001cbfd39a1b0_0 .net *"_ivl_62", 0 0, L_000001cbfd222ec0;  1 drivers
v000001cbfd39a250_0 .net *"_ivl_67", 0 0, L_000001cbfd430280;  1 drivers
v000001cbfd39a2f0_0 .net *"_ivl_69", 0 0, L_000001cbfd42fd80;  1 drivers
v000001cbfd39a390_0 .net *"_ivl_7", 0 0, L_000001cbfd4303c0;  1 drivers
v000001cbfd39a430_0 .net *"_ivl_70", 0 0, L_000001cbfd2222f0;  1 drivers
v000001cbfd39a4d0_0 .net *"_ivl_72", 0 0, L_000001cbfd2231d0;  1 drivers
v000001cbfd39a570_0 .net *"_ivl_75", 0 0, L_000001cbfd430aa0;  1 drivers
v000001cbfd39a6b0_0 .net *"_ivl_76", 0 0, L_000001cbfd2235c0;  1 drivers
v000001cbfd39a750_0 .net *"_ivl_78", 0 0, L_000001cbfd2221a0;  1 drivers
v000001cbfd426d20_0 .net *"_ivl_8", 0 0, L_000001cbfd2227c0;  1 drivers
v000001cbfd4279a0_0 .net *"_ivl_83", 0 0, L_000001cbfd42f560;  1 drivers
v000001cbfd427ea0_0 .net *"_ivl_85", 0 0, L_000001cbfd430be0;  1 drivers
v000001cbfd426dc0_0 .net *"_ivl_86", 0 0, L_000001cbfd2236a0;  1 drivers
v000001cbfd427d60_0 .net *"_ivl_88", 0 0, L_000001cbfd2237f0;  1 drivers
v000001cbfd4277c0_0 .net *"_ivl_91", 0 0, L_000001cbfd42f100;  1 drivers
v000001cbfd427040_0 .net *"_ivl_92", 0 0, L_000001cbfd223710;  1 drivers
v000001cbfd428580_0 .net *"_ivl_97", 0 0, L_000001cbfd430c80;  1 drivers
v000001cbfd428080_0 .net *"_ivl_99", 0 0, L_000001cbfd42e520;  1 drivers
v000001cbfd426fa0_0 .net "in", 2 0, L_000001cbfd42f060;  1 drivers
v000001cbfd4284e0_0 .net "out", 7 0, L_000001cbfd42f1a0;  alias, 1 drivers
L_000001cbfd42e660 .part L_000001cbfd42f060, 2, 1;
L_000001cbfd4303c0 .part L_000001cbfd42f060, 1, 1;
L_000001cbfd42f7e0 .part L_000001cbfd42f060, 0, 1;
L_000001cbfd430820 .part L_000001cbfd42f060, 2, 1;
L_000001cbfd42eac0 .part L_000001cbfd42f060, 1, 1;
L_000001cbfd42fb00 .part L_000001cbfd42f060, 0, 1;
L_000001cbfd430460 .part L_000001cbfd42f060, 2, 1;
L_000001cbfd42f740 .part L_000001cbfd42f060, 1, 1;
L_000001cbfd42f880 .part L_000001cbfd42f060, 0, 1;
L_000001cbfd42f4c0 .part L_000001cbfd42f060, 2, 1;
L_000001cbfd430b40 .part L_000001cbfd42f060, 1, 1;
L_000001cbfd430780 .part L_000001cbfd42f060, 0, 1;
L_000001cbfd430280 .part L_000001cbfd42f060, 2, 1;
L_000001cbfd42fd80 .part L_000001cbfd42f060, 1, 1;
L_000001cbfd430aa0 .part L_000001cbfd42f060, 0, 1;
L_000001cbfd42f560 .part L_000001cbfd42f060, 2, 1;
L_000001cbfd430be0 .part L_000001cbfd42f060, 1, 1;
L_000001cbfd42f100 .part L_000001cbfd42f060, 0, 1;
L_000001cbfd430c80 .part L_000001cbfd42f060, 2, 1;
L_000001cbfd42e520 .part L_000001cbfd42f060, 1, 1;
L_000001cbfd42f600 .part L_000001cbfd42f060, 0, 1;
LS_000001cbfd42f1a0_0_0 .concat8 [ 1 1 1 1], L_000001cbfd223470, L_000001cbfd2232b0, L_000001cbfd223a90, L_000001cbfd222ec0;
LS_000001cbfd42f1a0_0_4 .concat8 [ 1 1 1 1], L_000001cbfd2221a0, L_000001cbfd223710, L_000001cbfd223160, L_000001cbfd222ad0;
L_000001cbfd42f1a0 .concat8 [ 4 4 0 0], LS_000001cbfd42f1a0_0_0, LS_000001cbfd42f1a0_0_4;
L_000001cbfd42fe20 .part L_000001cbfd42f060, 2, 1;
L_000001cbfd42e5c0 .part L_000001cbfd42f060, 1, 1;
L_000001cbfd42efc0 .part L_000001cbfd42f060, 0, 1;
S_000001cbfd41fcf0 .scope module, "second" "decoder_3to8" 7 35, 7 2 0, S_000001cbfd41c7d0;
 .timescale 0 0;
    .port_info 0 /INPUT 3 "in";
    .port_info 1 /OUTPUT 8 "out";
L_000001cbfd222c90 .functor NOT 1, L_000001cbfd42f6a0, C4<0>, C4<0>, C4<0>;
L_000001cbfd222de0 .functor NOT 1, L_000001cbfd430320, C4<0>, C4<0>, C4<0>;
L_000001cbfd222980 .functor AND 1, L_000001cbfd222c90, L_000001cbfd222de0, C4<1>, C4<1>;
L_000001cbfd223860 .functor NOT 1, L_000001cbfd42e980, C4<0>, C4<0>, C4<0>;
L_000001cbfd222830 .functor AND 1, L_000001cbfd222980, L_000001cbfd223860, C4<1>, C4<1>;
L_000001cbfd222fa0 .functor NOT 1, L_000001cbfd42f920, C4<0>, C4<0>, C4<0>;
L_000001cbfd223390 .functor NOT 1, L_000001cbfd42e7a0, C4<0>, C4<0>, C4<0>;
L_000001cbfd223780 .functor AND 1, L_000001cbfd222fa0, L_000001cbfd223390, C4<1>, C4<1>;
L_000001cbfd223940 .functor AND 1, L_000001cbfd223780, L_000001cbfd42ee80, C4<1>, C4<1>;
L_000001cbfd222210 .functor NOT 1, L_000001cbfd42f240, C4<0>, C4<0>, C4<0>;
L_000001cbfd223a20 .functor AND 1, L_000001cbfd222210, L_000001cbfd4300a0, C4<1>, C4<1>;
L_000001cbfd222d00 .functor NOT 1, L_000001cbfd42e840, C4<0>, C4<0>, C4<0>;
L_000001cbfd2226e0 .functor AND 1, L_000001cbfd223a20, L_000001cbfd222d00, C4<1>, C4<1>;
L_000001cbfd223b00 .functor NOT 1, L_000001cbfd42f9c0, C4<0>, C4<0>, C4<0>;
L_000001cbfd222f30 .functor AND 1, L_000001cbfd223b00, L_000001cbfd42e8e0, C4<1>, C4<1>;
L_000001cbfd223010 .functor AND 1, L_000001cbfd222f30, L_000001cbfd42ea20, C4<1>, C4<1>;
L_000001cbfd223b70 .functor NOT 1, L_000001cbfd42eb60, C4<0>, C4<0>, C4<0>;
L_000001cbfd222600 .functor AND 1, L_000001cbfd42f420, L_000001cbfd223b70, C4<1>, C4<1>;
L_000001cbfd223be0 .functor NOT 1, L_000001cbfd4305a0, C4<0>, C4<0>, C4<0>;
L_000001cbfd222280 .functor AND 1, L_000001cbfd222600, L_000001cbfd223be0, C4<1>, C4<1>;
L_000001cbfd223c50 .functor NOT 1, L_000001cbfd42ef20, C4<0>, C4<0>, C4<0>;
L_000001cbfd223cc0 .functor AND 1, L_000001cbfd42f2e0, L_000001cbfd223c50, C4<1>, C4<1>;
L_000001cbfd222130 .functor AND 1, L_000001cbfd223cc0, L_000001cbfd42ec00, C4<1>, C4<1>;
L_000001cbfd2223d0 .functor AND 1, L_000001cbfd42eca0, L_000001cbfd42fa60, C4<1>, C4<1>;
L_000001cbfd2228a0 .functor NOT 1, L_000001cbfd42f380, C4<0>, C4<0>, C4<0>;
L_000001cbfd2224b0 .functor AND 1, L_000001cbfd2223d0, L_000001cbfd2228a0, C4<1>, C4<1>;
L_000001cbfd222910 .functor AND 1, L_000001cbfd42fba0, L_000001cbfd42ff60, C4<1>, C4<1>;
L_000001cbfd222520 .functor AND 1, L_000001cbfd222910, L_000001cbfd430000, C4<1>, C4<1>;
v000001cbfd427f40_0 .net *"_ivl_10", 0 0, L_000001cbfd222980;  1 drivers
v000001cbfd426e60_0 .net *"_ivl_100", 0 0, L_000001cbfd2223d0;  1 drivers
v000001cbfd427860_0 .net *"_ivl_103", 0 0, L_000001cbfd42f380;  1 drivers
v000001cbfd429160_0 .net *"_ivl_104", 0 0, L_000001cbfd2228a0;  1 drivers
v000001cbfd4290c0_0 .net *"_ivl_106", 0 0, L_000001cbfd2224b0;  1 drivers
v000001cbfd428a80_0 .net *"_ivl_112", 0 0, L_000001cbfd42fba0;  1 drivers
v000001cbfd427fe0_0 .net *"_ivl_114", 0 0, L_000001cbfd42ff60;  1 drivers
v000001cbfd426f00_0 .net *"_ivl_115", 0 0, L_000001cbfd222910;  1 drivers
v000001cbfd4270e0_0 .net *"_ivl_118", 0 0, L_000001cbfd430000;  1 drivers
v000001cbfd4292a0_0 .net *"_ivl_119", 0 0, L_000001cbfd222520;  1 drivers
v000001cbfd427180_0 .net *"_ivl_13", 0 0, L_000001cbfd42e980;  1 drivers
v000001cbfd427720_0 .net *"_ivl_14", 0 0, L_000001cbfd223860;  1 drivers
v000001cbfd429200_0 .net *"_ivl_16", 0 0, L_000001cbfd222830;  1 drivers
v000001cbfd428620_0 .net *"_ivl_21", 0 0, L_000001cbfd42f920;  1 drivers
v000001cbfd428d00_0 .net *"_ivl_22", 0 0, L_000001cbfd222fa0;  1 drivers
v000001cbfd427220_0 .net *"_ivl_25", 0 0, L_000001cbfd42e7a0;  1 drivers
v000001cbfd427a40_0 .net *"_ivl_26", 0 0, L_000001cbfd223390;  1 drivers
v000001cbfd4272c0_0 .net *"_ivl_28", 0 0, L_000001cbfd223780;  1 drivers
v000001cbfd427360_0 .net *"_ivl_3", 0 0, L_000001cbfd42f6a0;  1 drivers
v000001cbfd428b20_0 .net *"_ivl_31", 0 0, L_000001cbfd42ee80;  1 drivers
v000001cbfd4288a0_0 .net *"_ivl_32", 0 0, L_000001cbfd223940;  1 drivers
v000001cbfd427ae0_0 .net *"_ivl_37", 0 0, L_000001cbfd42f240;  1 drivers
v000001cbfd429480_0 .net *"_ivl_38", 0 0, L_000001cbfd222210;  1 drivers
v000001cbfd427400_0 .net *"_ivl_4", 0 0, L_000001cbfd222c90;  1 drivers
v000001cbfd427540_0 .net *"_ivl_41", 0 0, L_000001cbfd4300a0;  1 drivers
v000001cbfd4274a0_0 .net *"_ivl_42", 0 0, L_000001cbfd223a20;  1 drivers
v000001cbfd4275e0_0 .net *"_ivl_45", 0 0, L_000001cbfd42e840;  1 drivers
v000001cbfd428ee0_0 .net *"_ivl_46", 0 0, L_000001cbfd222d00;  1 drivers
v000001cbfd428bc0_0 .net *"_ivl_48", 0 0, L_000001cbfd2226e0;  1 drivers
v000001cbfd427680_0 .net *"_ivl_53", 0 0, L_000001cbfd42f9c0;  1 drivers
v000001cbfd427b80_0 .net *"_ivl_54", 0 0, L_000001cbfd223b00;  1 drivers
v000001cbfd427900_0 .net *"_ivl_57", 0 0, L_000001cbfd42e8e0;  1 drivers
v000001cbfd427e00_0 .net *"_ivl_58", 0 0, L_000001cbfd222f30;  1 drivers
v000001cbfd428f80_0 .net *"_ivl_61", 0 0, L_000001cbfd42ea20;  1 drivers
v000001cbfd428c60_0 .net *"_ivl_62", 0 0, L_000001cbfd223010;  1 drivers
v000001cbfd428120_0 .net *"_ivl_67", 0 0, L_000001cbfd42f420;  1 drivers
v000001cbfd427c20_0 .net *"_ivl_69", 0 0, L_000001cbfd42eb60;  1 drivers
v000001cbfd427cc0_0 .net *"_ivl_7", 0 0, L_000001cbfd430320;  1 drivers
v000001cbfd4281c0_0 .net *"_ivl_70", 0 0, L_000001cbfd223b70;  1 drivers
v000001cbfd429020_0 .net *"_ivl_72", 0 0, L_000001cbfd222600;  1 drivers
v000001cbfd428260_0 .net *"_ivl_75", 0 0, L_000001cbfd4305a0;  1 drivers
v000001cbfd428300_0 .net *"_ivl_76", 0 0, L_000001cbfd223be0;  1 drivers
v000001cbfd4283a0_0 .net *"_ivl_78", 0 0, L_000001cbfd222280;  1 drivers
v000001cbfd429340_0 .net *"_ivl_8", 0 0, L_000001cbfd222de0;  1 drivers
v000001cbfd428440_0 .net *"_ivl_83", 0 0, L_000001cbfd42f2e0;  1 drivers
v000001cbfd4293e0_0 .net *"_ivl_85", 0 0, L_000001cbfd42ef20;  1 drivers
v000001cbfd4286c0_0 .net *"_ivl_86", 0 0, L_000001cbfd223c50;  1 drivers
v000001cbfd428da0_0 .net *"_ivl_88", 0 0, L_000001cbfd223cc0;  1 drivers
v000001cbfd428760_0 .net *"_ivl_91", 0 0, L_000001cbfd42ec00;  1 drivers
v000001cbfd428e40_0 .net *"_ivl_92", 0 0, L_000001cbfd222130;  1 drivers
v000001cbfd428800_0 .net *"_ivl_97", 0 0, L_000001cbfd42eca0;  1 drivers
v000001cbfd428940_0 .net *"_ivl_99", 0 0, L_000001cbfd42fa60;  1 drivers
v000001cbfd4289e0_0 .net "in", 2 0, L_000001cbfd430140;  1 drivers
v000001cbfd42b3c0_0 .net "out", 7 0, L_000001cbfd42fec0;  alias, 1 drivers
L_000001cbfd42f6a0 .part L_000001cbfd430140, 2, 1;
L_000001cbfd430320 .part L_000001cbfd430140, 1, 1;
L_000001cbfd42e980 .part L_000001cbfd430140, 0, 1;
L_000001cbfd42f920 .part L_000001cbfd430140, 2, 1;
L_000001cbfd42e7a0 .part L_000001cbfd430140, 1, 1;
L_000001cbfd42ee80 .part L_000001cbfd430140, 0, 1;
L_000001cbfd42f240 .part L_000001cbfd430140, 2, 1;
L_000001cbfd4300a0 .part L_000001cbfd430140, 1, 1;
L_000001cbfd42e840 .part L_000001cbfd430140, 0, 1;
L_000001cbfd42f9c0 .part L_000001cbfd430140, 2, 1;
L_000001cbfd42e8e0 .part L_000001cbfd430140, 1, 1;
L_000001cbfd42ea20 .part L_000001cbfd430140, 0, 1;
L_000001cbfd42f420 .part L_000001cbfd430140, 2, 1;
L_000001cbfd42eb60 .part L_000001cbfd430140, 1, 1;
L_000001cbfd4305a0 .part L_000001cbfd430140, 0, 1;
L_000001cbfd42f2e0 .part L_000001cbfd430140, 2, 1;
L_000001cbfd42ef20 .part L_000001cbfd430140, 1, 1;
L_000001cbfd42ec00 .part L_000001cbfd430140, 0, 1;
L_000001cbfd42eca0 .part L_000001cbfd430140, 2, 1;
L_000001cbfd42fa60 .part L_000001cbfd430140, 1, 1;
L_000001cbfd42f380 .part L_000001cbfd430140, 0, 1;
LS_000001cbfd42fec0_0_0 .concat8 [ 1 1 1 1], L_000001cbfd222830, L_000001cbfd223940, L_000001cbfd2226e0, L_000001cbfd223010;
LS_000001cbfd42fec0_0_4 .concat8 [ 1 1 1 1], L_000001cbfd222280, L_000001cbfd222130, L_000001cbfd2224b0, L_000001cbfd222520;
L_000001cbfd42fec0 .concat8 [ 4 4 0 0], LS_000001cbfd42fec0_0_0, LS_000001cbfd42fec0_0_4;
L_000001cbfd42fba0 .part L_000001cbfd430140, 2, 1;
L_000001cbfd42ff60 .part L_000001cbfd430140, 1, 1;
L_000001cbfd430000 .part L_000001cbfd430140, 0, 1;
S_000001cbfd41fb60 .scope module, "src_reg2_dec" "read_decoder_4_16" 2 28, 7 20 0, S_000001cbfcbd3120;
 .timescale 0 0;
    .port_info 0 /INPUT 4 "reg_id";
    .port_info 1 /OUTPUT 16 "wordline";
L_000001cbfd45a0f0 .functor BUFT 1, C4<00000000>, C4<0>, C4<0>, C4<0>;
v000001cbfd42d8a0_0 .net/2u *"_ivl_10", 7 0, L_000001cbfd45a0f0;  1 drivers
v000001cbfd42c400_0 .net *"_ivl_12", 15 0, L_000001cbfd431220;  1 drivers
v000001cbfd42e020_0 .net *"_ivl_5", 0 0, L_000001cbfd4329e0;  1 drivers
L_000001cbfd45a0a8 .functor BUFT 1, C4<00000000>, C4<0>, C4<0>, C4<0>;
v000001cbfd42d6c0_0 .net/2u *"_ivl_6", 7 0, L_000001cbfd45a0a8;  1 drivers
v000001cbfd42d760_0 .net *"_ivl_8", 15 0, L_000001cbfd432b20;  1 drivers
v000001cbfd42d800_0 .net "lower_wordline", 7 0, L_000001cbfd432440;  1 drivers
v000001cbfd42dc60_0 .net "reg_id", 3 0, o000001cbfd3c1748;  alias, 0 drivers
v000001cbfd42dd00_0 .net "upper_wordline", 7 0, L_000001cbfd430fa0;  1 drivers
v000001cbfd42e3e0_0 .net "wordline", 15 0, L_000001cbfd432bc0;  alias, 1 drivers
L_000001cbfd432760 .part o000001cbfd3c1748, 0, 3;
L_000001cbfd432940 .part o000001cbfd3c1748, 0, 3;
L_000001cbfd4329e0 .part o000001cbfd3c1748, 3, 1;
L_000001cbfd432b20 .concat [ 8 8 0 0], L_000001cbfd45a0a8, L_000001cbfd430fa0;
L_000001cbfd431220 .concat [ 8 8 0 0], L_000001cbfd432440, L_000001cbfd45a0f0;
L_000001cbfd432bc0 .functor MUXZ 16, L_000001cbfd431220, L_000001cbfd432b20, L_000001cbfd4329e0, C4<>;
S_000001cbfd41e0d0 .scope module, "first" "decoder_3to8" 7 30, 7 2 0, S_000001cbfd41fb60;
 .timescale 0 0;
    .port_info 0 /INPUT 3 "in";
    .port_info 1 /OUTPUT 8 "out";
L_000001cbfd222590 .functor NOT 1, L_000001cbfd433160, C4<0>, C4<0>, C4<0>;
L_000001cbfd222670 .functor NOT 1, L_000001cbfd431040, C4<0>, C4<0>, C4<0>;
L_000001cbfd223d30 .functor AND 1, L_000001cbfd222590, L_000001cbfd222670, C4<1>, C4<1>;
L_000001cbfd223da0 .functor NOT 1, L_000001cbfd432300, C4<0>, C4<0>, C4<0>;
L_000001cbfd223f60 .functor AND 1, L_000001cbfd223d30, L_000001cbfd223da0, C4<1>, C4<1>;
L_000001cbfd224270 .functor NOT 1, L_000001cbfd433200, C4<0>, C4<0>, C4<0>;
L_000001cbfd223e10 .functor NOT 1, L_000001cbfd431fe0, C4<0>, C4<0>, C4<0>;
L_000001cbfd2243c0 .functor AND 1, L_000001cbfd224270, L_000001cbfd223e10, C4<1>, C4<1>;
L_000001cbfd224190 .functor AND 1, L_000001cbfd2243c0, L_000001cbfd432e40, C4<1>, C4<1>;
L_000001cbfd2242e0 .functor NOT 1, L_000001cbfd432a80, C4<0>, C4<0>, C4<0>;
L_000001cbfd223ef0 .functor AND 1, L_000001cbfd2242e0, L_000001cbfd431b80, C4<1>, C4<1>;
L_000001cbfd224040 .functor NOT 1, L_000001cbfd430dc0, C4<0>, C4<0>, C4<0>;
L_000001cbfd2240b0 .functor AND 1, L_000001cbfd223ef0, L_000001cbfd224040, C4<1>, C4<1>;
L_000001cbfd223e80 .functor NOT 1, L_000001cbfd4312c0, C4<0>, C4<0>, C4<0>;
L_000001cbfd223fd0 .functor AND 1, L_000001cbfd223e80, L_000001cbfd4314a0, C4<1>, C4<1>;
L_000001cbfd224120 .functor AND 1, L_000001cbfd223fd0, L_000001cbfd431900, C4<1>, C4<1>;
L_000001cbfd224430 .functor NOT 1, L_000001cbfd433340, C4<0>, C4<0>, C4<0>;
L_000001cbfd224350 .functor AND 1, L_000001cbfd4330c0, L_000001cbfd224430, C4<1>, C4<1>;
L_000001cbfd224200 .functor NOT 1, L_000001cbfd431d60, C4<0>, C4<0>, C4<0>;
L_000001cbfd220760 .functor AND 1, L_000001cbfd224350, L_000001cbfd224200, C4<1>, C4<1>;
L_000001cbfd220ae0 .functor NOT 1, L_000001cbfd431c20, C4<0>, C4<0>, C4<0>;
L_000001cbfd221020 .functor AND 1, L_000001cbfd431ae0, L_000001cbfd220ae0, C4<1>, C4<1>;
L_000001cbfd221480 .functor AND 1, L_000001cbfd221020, L_000001cbfd432ee0, C4<1>, C4<1>;
L_000001cbfd2214f0 .functor AND 1, L_000001cbfd4317c0, L_000001cbfd431a40, C4<1>, C4<1>;
L_000001cbfd2207d0 .functor NOT 1, L_000001cbfd431e00, C4<0>, C4<0>, C4<0>;
L_000001cbfd220a70 .functor AND 1, L_000001cbfd2214f0, L_000001cbfd2207d0, C4<1>, C4<1>;
L_000001cbfd220c30 .functor AND 1, L_000001cbfd432f80, L_000001cbfd4333e0, C4<1>, C4<1>;
L_000001cbfd2213a0 .functor AND 1, L_000001cbfd220c30, L_000001cbfd431400, C4<1>, C4<1>;
v000001cbfd42b140_0 .net *"_ivl_10", 0 0, L_000001cbfd223d30;  1 drivers
v000001cbfd42a740_0 .net *"_ivl_100", 0 0, L_000001cbfd2214f0;  1 drivers
v000001cbfd42a100_0 .net *"_ivl_103", 0 0, L_000001cbfd431e00;  1 drivers
v000001cbfd42a7e0_0 .net *"_ivl_104", 0 0, L_000001cbfd2207d0;  1 drivers
v000001cbfd42b1e0_0 .net *"_ivl_106", 0 0, L_000001cbfd220a70;  1 drivers
v000001cbfd42b000_0 .net *"_ivl_112", 0 0, L_000001cbfd432f80;  1 drivers
v000001cbfd42b280_0 .net *"_ivl_114", 0 0, L_000001cbfd4333e0;  1 drivers
v000001cbfd42a880_0 .net *"_ivl_115", 0 0, L_000001cbfd220c30;  1 drivers
v000001cbfd42b780_0 .net *"_ivl_118", 0 0, L_000001cbfd431400;  1 drivers
v000001cbfd42a9c0_0 .net *"_ivl_119", 0 0, L_000001cbfd2213a0;  1 drivers
v000001cbfd42ab00_0 .net *"_ivl_13", 0 0, L_000001cbfd432300;  1 drivers
v000001cbfd42aba0_0 .net *"_ivl_14", 0 0, L_000001cbfd223da0;  1 drivers
v000001cbfd42b500_0 .net *"_ivl_16", 0 0, L_000001cbfd223f60;  1 drivers
v000001cbfd42ac40_0 .net *"_ivl_21", 0 0, L_000001cbfd433200;  1 drivers
v000001cbfd4297a0_0 .net *"_ivl_22", 0 0, L_000001cbfd224270;  1 drivers
v000001cbfd429980_0 .net *"_ivl_25", 0 0, L_000001cbfd431fe0;  1 drivers
v000001cbfd42a060_0 .net *"_ivl_26", 0 0, L_000001cbfd223e10;  1 drivers
v000001cbfd4295c0_0 .net *"_ivl_28", 0 0, L_000001cbfd2243c0;  1 drivers
v000001cbfd42bc80_0 .net *"_ivl_3", 0 0, L_000001cbfd433160;  1 drivers
v000001cbfd42a240_0 .net *"_ivl_31", 0 0, L_000001cbfd432e40;  1 drivers
v000001cbfd429de0_0 .net *"_ivl_32", 0 0, L_000001cbfd224190;  1 drivers
v000001cbfd42a380_0 .net *"_ivl_37", 0 0, L_000001cbfd432a80;  1 drivers
v000001cbfd42ace0_0 .net *"_ivl_38", 0 0, L_000001cbfd2242e0;  1 drivers
v000001cbfd429a20_0 .net *"_ivl_4", 0 0, L_000001cbfd222590;  1 drivers
v000001cbfd429660_0 .net *"_ivl_41", 0 0, L_000001cbfd431b80;  1 drivers
v000001cbfd42a1a0_0 .net *"_ivl_42", 0 0, L_000001cbfd223ef0;  1 drivers
v000001cbfd42b8c0_0 .net *"_ivl_45", 0 0, L_000001cbfd430dc0;  1 drivers
v000001cbfd429840_0 .net *"_ivl_46", 0 0, L_000001cbfd224040;  1 drivers
v000001cbfd429d40_0 .net *"_ivl_48", 0 0, L_000001cbfd2240b0;  1 drivers
v000001cbfd429c00_0 .net *"_ivl_53", 0 0, L_000001cbfd4312c0;  1 drivers
v000001cbfd42b960_0 .net *"_ivl_54", 0 0, L_000001cbfd223e80;  1 drivers
v000001cbfd4298e0_0 .net *"_ivl_57", 0 0, L_000001cbfd4314a0;  1 drivers
v000001cbfd42bb40_0 .net *"_ivl_58", 0 0, L_000001cbfd223fd0;  1 drivers
v000001cbfd42ad80_0 .net *"_ivl_61", 0 0, L_000001cbfd431900;  1 drivers
v000001cbfd42a6a0_0 .net *"_ivl_62", 0 0, L_000001cbfd224120;  1 drivers
v000001cbfd42b460_0 .net *"_ivl_67", 0 0, L_000001cbfd4330c0;  1 drivers
v000001cbfd42a2e0_0 .net *"_ivl_69", 0 0, L_000001cbfd433340;  1 drivers
v000001cbfd42a420_0 .net *"_ivl_7", 0 0, L_000001cbfd431040;  1 drivers
v000001cbfd42aec0_0 .net *"_ivl_70", 0 0, L_000001cbfd224430;  1 drivers
v000001cbfd429e80_0 .net *"_ivl_72", 0 0, L_000001cbfd224350;  1 drivers
v000001cbfd429ac0_0 .net *"_ivl_75", 0 0, L_000001cbfd431d60;  1 drivers
v000001cbfd429f20_0 .net *"_ivl_76", 0 0, L_000001cbfd224200;  1 drivers
v000001cbfd42a4c0_0 .net *"_ivl_78", 0 0, L_000001cbfd220760;  1 drivers
v000001cbfd42af60_0 .net *"_ivl_8", 0 0, L_000001cbfd222670;  1 drivers
v000001cbfd42a560_0 .net *"_ivl_83", 0 0, L_000001cbfd431ae0;  1 drivers
v000001cbfd42b320_0 .net *"_ivl_85", 0 0, L_000001cbfd431c20;  1 drivers
v000001cbfd42b5a0_0 .net *"_ivl_86", 0 0, L_000001cbfd220ae0;  1 drivers
v000001cbfd42b6e0_0 .net *"_ivl_88", 0 0, L_000001cbfd221020;  1 drivers
v000001cbfd429fc0_0 .net *"_ivl_91", 0 0, L_000001cbfd432ee0;  1 drivers
v000001cbfd42b640_0 .net *"_ivl_92", 0 0, L_000001cbfd221480;  1 drivers
v000001cbfd42ba00_0 .net *"_ivl_97", 0 0, L_000001cbfd4317c0;  1 drivers
v000001cbfd42baa0_0 .net *"_ivl_99", 0 0, L_000001cbfd431a40;  1 drivers
v000001cbfd42bbe0_0 .net "in", 2 0, L_000001cbfd432760;  1 drivers
v000001cbfd429520_0 .net "out", 7 0, L_000001cbfd432440;  alias, 1 drivers
L_000001cbfd433160 .part L_000001cbfd432760, 2, 1;
L_000001cbfd431040 .part L_000001cbfd432760, 1, 1;
L_000001cbfd432300 .part L_000001cbfd432760, 0, 1;
L_000001cbfd433200 .part L_000001cbfd432760, 2, 1;
L_000001cbfd431fe0 .part L_000001cbfd432760, 1, 1;
L_000001cbfd432e40 .part L_000001cbfd432760, 0, 1;
L_000001cbfd432a80 .part L_000001cbfd432760, 2, 1;
L_000001cbfd431b80 .part L_000001cbfd432760, 1, 1;
L_000001cbfd430dc0 .part L_000001cbfd432760, 0, 1;
L_000001cbfd4312c0 .part L_000001cbfd432760, 2, 1;
L_000001cbfd4314a0 .part L_000001cbfd432760, 1, 1;
L_000001cbfd431900 .part L_000001cbfd432760, 0, 1;
L_000001cbfd4330c0 .part L_000001cbfd432760, 2, 1;
L_000001cbfd433340 .part L_000001cbfd432760, 1, 1;
L_000001cbfd431d60 .part L_000001cbfd432760, 0, 1;
L_000001cbfd431ae0 .part L_000001cbfd432760, 2, 1;
L_000001cbfd431c20 .part L_000001cbfd432760, 1, 1;
L_000001cbfd432ee0 .part L_000001cbfd432760, 0, 1;
L_000001cbfd4317c0 .part L_000001cbfd432760, 2, 1;
L_000001cbfd431a40 .part L_000001cbfd432760, 1, 1;
L_000001cbfd431e00 .part L_000001cbfd432760, 0, 1;
LS_000001cbfd432440_0_0 .concat8 [ 1 1 1 1], L_000001cbfd223f60, L_000001cbfd224190, L_000001cbfd2240b0, L_000001cbfd224120;
LS_000001cbfd432440_0_4 .concat8 [ 1 1 1 1], L_000001cbfd220760, L_000001cbfd221480, L_000001cbfd220a70, L_000001cbfd2213a0;
L_000001cbfd432440 .concat8 [ 4 4 0 0], LS_000001cbfd432440_0_0, LS_000001cbfd432440_0_4;
L_000001cbfd432f80 .part L_000001cbfd432760, 2, 1;
L_000001cbfd4333e0 .part L_000001cbfd432760, 1, 1;
L_000001cbfd431400 .part L_000001cbfd432760, 0, 1;
S_000001cbfd41ddb0 .scope module, "second" "decoder_3to8" 7 35, 7 2 0, S_000001cbfd41fb60;
 .timescale 0 0;
    .port_info 0 /INPUT 3 "in";
    .port_info 1 /OUTPUT 8 "out";
L_000001cbfd221b80 .functor NOT 1, L_000001cbfd4319a0, C4<0>, C4<0>, C4<0>;
L_000001cbfd220ed0 .functor NOT 1, L_000001cbfd4323a0, C4<0>, C4<0>, C4<0>;
L_000001cbfd221cd0 .functor AND 1, L_000001cbfd221b80, L_000001cbfd220ed0, C4<1>, C4<1>;
L_000001cbfd221330 .functor NOT 1, L_000001cbfd431680, C4<0>, C4<0>, C4<0>;
L_000001cbfd221410 .functor AND 1, L_000001cbfd221cd0, L_000001cbfd221330, C4<1>, C4<1>;
L_000001cbfd2218e0 .functor NOT 1, L_000001cbfd432080, C4<0>, C4<0>, C4<0>;
L_000001cbfd221fe0 .functor NOT 1, L_000001cbfd432120, C4<0>, C4<0>, C4<0>;
L_000001cbfd221100 .functor AND 1, L_000001cbfd2218e0, L_000001cbfd221fe0, C4<1>, C4<1>;
L_000001cbfd2220c0 .functor AND 1, L_000001cbfd221100, L_000001cbfd431cc0, C4<1>, C4<1>;
L_000001cbfd221b10 .functor NOT 1, L_000001cbfd433480, C4<0>, C4<0>, C4<0>;
L_000001cbfd221560 .functor AND 1, L_000001cbfd221b10, L_000001cbfd430d20, C4<1>, C4<1>;
L_000001cbfd2205a0 .functor NOT 1, L_000001cbfd431ea0, C4<0>, C4<0>, C4<0>;
L_000001cbfd221170 .functor AND 1, L_000001cbfd221560, L_000001cbfd2205a0, C4<1>, C4<1>;
L_000001cbfd221090 .functor NOT 1, L_000001cbfd4315e0, C4<0>, C4<0>, C4<0>;
L_000001cbfd2215d0 .functor AND 1, L_000001cbfd221090, L_000001cbfd432260, C4<1>, C4<1>;
L_000001cbfd221db0 .functor AND 1, L_000001cbfd2215d0, L_000001cbfd430e60, C4<1>, C4<1>;
L_000001cbfd221640 .functor NOT 1, L_000001cbfd432800, C4<0>, C4<0>, C4<0>;
L_000001cbfd2219c0 .functor AND 1, L_000001cbfd4321c0, L_000001cbfd221640, C4<1>, C4<1>;
L_000001cbfd2216b0 .functor NOT 1, L_000001cbfd4310e0, C4<0>, C4<0>, C4<0>;
L_000001cbfd220610 .functor AND 1, L_000001cbfd2219c0, L_000001cbfd2216b0, C4<1>, C4<1>;
L_000001cbfd2211e0 .functor NOT 1, L_000001cbfd432580, C4<0>, C4<0>, C4<0>;
L_000001cbfd220680 .functor AND 1, L_000001cbfd4324e0, L_000001cbfd2211e0, C4<1>, C4<1>;
L_000001cbfd220d10 .functor AND 1, L_000001cbfd220680, L_000001cbfd432620, C4<1>, C4<1>;
L_000001cbfd221950 .functor AND 1, L_000001cbfd431f40, L_000001cbfd431540, C4<1>, C4<1>;
L_000001cbfd221aa0 .functor NOT 1, L_000001cbfd430f00, C4<0>, C4<0>, C4<0>;
L_000001cbfd220840 .functor AND 1, L_000001cbfd221950, L_000001cbfd221aa0, C4<1>, C4<1>;
L_000001cbfd221720 .functor AND 1, L_000001cbfd432d00, L_000001cbfd431180, C4<1>, C4<1>;
L_000001cbfd221bf0 .functor AND 1, L_000001cbfd221720, L_000001cbfd4328a0, C4<1>, C4<1>;
v000001cbfd42de40_0 .net *"_ivl_10", 0 0, L_000001cbfd221cd0;  1 drivers
v000001cbfd42bf00_0 .net *"_ivl_100", 0 0, L_000001cbfd221950;  1 drivers
v000001cbfd42bfa0_0 .net *"_ivl_103", 0 0, L_000001cbfd430f00;  1 drivers
v000001cbfd42c680_0 .net *"_ivl_104", 0 0, L_000001cbfd221aa0;  1 drivers
v000001cbfd42c540_0 .net *"_ivl_106", 0 0, L_000001cbfd220840;  1 drivers
v000001cbfd42ca40_0 .net *"_ivl_112", 0 0, L_000001cbfd432d00;  1 drivers
v000001cbfd42ccc0_0 .net *"_ivl_114", 0 0, L_000001cbfd431180;  1 drivers
v000001cbfd42cae0_0 .net *"_ivl_115", 0 0, L_000001cbfd221720;  1 drivers
v000001cbfd42e340_0 .net *"_ivl_118", 0 0, L_000001cbfd4328a0;  1 drivers
v000001cbfd42d120_0 .net *"_ivl_119", 0 0, L_000001cbfd221bf0;  1 drivers
v000001cbfd42dee0_0 .net *"_ivl_13", 0 0, L_000001cbfd431680;  1 drivers
v000001cbfd42be60_0 .net *"_ivl_14", 0 0, L_000001cbfd221330;  1 drivers
v000001cbfd42c720_0 .net *"_ivl_16", 0 0, L_000001cbfd221410;  1 drivers
v000001cbfd42d440_0 .net *"_ivl_21", 0 0, L_000001cbfd432080;  1 drivers
v000001cbfd42d9e0_0 .net *"_ivl_22", 0 0, L_000001cbfd2218e0;  1 drivers
v000001cbfd42d4e0_0 .net *"_ivl_25", 0 0, L_000001cbfd432120;  1 drivers
v000001cbfd42cd60_0 .net *"_ivl_26", 0 0, L_000001cbfd221fe0;  1 drivers
v000001cbfd42da80_0 .net *"_ivl_28", 0 0, L_000001cbfd221100;  1 drivers
v000001cbfd42ce00_0 .net *"_ivl_3", 0 0, L_000001cbfd4319a0;  1 drivers
v000001cbfd42cc20_0 .net *"_ivl_31", 0 0, L_000001cbfd431cc0;  1 drivers
v000001cbfd42cea0_0 .net *"_ivl_32", 0 0, L_000001cbfd2220c0;  1 drivers
v000001cbfd42d1c0_0 .net *"_ivl_37", 0 0, L_000001cbfd433480;  1 drivers
v000001cbfd42c4a0_0 .net *"_ivl_38", 0 0, L_000001cbfd221b10;  1 drivers
v000001cbfd42d580_0 .net *"_ivl_4", 0 0, L_000001cbfd221b80;  1 drivers
v000001cbfd42e200_0 .net *"_ivl_41", 0 0, L_000001cbfd430d20;  1 drivers
v000001cbfd42d940_0 .net *"_ivl_42", 0 0, L_000001cbfd221560;  1 drivers
v000001cbfd42d300_0 .net *"_ivl_45", 0 0, L_000001cbfd431ea0;  1 drivers
v000001cbfd42bd20_0 .net *"_ivl_46", 0 0, L_000001cbfd2205a0;  1 drivers
v000001cbfd42c9a0_0 .net *"_ivl_48", 0 0, L_000001cbfd221170;  1 drivers
v000001cbfd42cf40_0 .net *"_ivl_53", 0 0, L_000001cbfd4315e0;  1 drivers
v000001cbfd42bdc0_0 .net *"_ivl_54", 0 0, L_000001cbfd221090;  1 drivers
v000001cbfd42cfe0_0 .net *"_ivl_57", 0 0, L_000001cbfd432260;  1 drivers
v000001cbfd42c7c0_0 .net *"_ivl_58", 0 0, L_000001cbfd2215d0;  1 drivers
v000001cbfd42cb80_0 .net *"_ivl_61", 0 0, L_000001cbfd430e60;  1 drivers
v000001cbfd42e480_0 .net *"_ivl_62", 0 0, L_000001cbfd221db0;  1 drivers
v000001cbfd42c040_0 .net *"_ivl_67", 0 0, L_000001cbfd4321c0;  1 drivers
v000001cbfd42c5e0_0 .net *"_ivl_69", 0 0, L_000001cbfd432800;  1 drivers
v000001cbfd42c0e0_0 .net *"_ivl_7", 0 0, L_000001cbfd4323a0;  1 drivers
v000001cbfd42c860_0 .net *"_ivl_70", 0 0, L_000001cbfd221640;  1 drivers
v000001cbfd42df80_0 .net *"_ivl_72", 0 0, L_000001cbfd2219c0;  1 drivers
v000001cbfd42db20_0 .net *"_ivl_75", 0 0, L_000001cbfd4310e0;  1 drivers
v000001cbfd42c220_0 .net *"_ivl_76", 0 0, L_000001cbfd2216b0;  1 drivers
v000001cbfd42d080_0 .net *"_ivl_78", 0 0, L_000001cbfd220610;  1 drivers
v000001cbfd42c900_0 .net *"_ivl_8", 0 0, L_000001cbfd220ed0;  1 drivers
v000001cbfd42e160_0 .net *"_ivl_83", 0 0, L_000001cbfd4324e0;  1 drivers
v000001cbfd42c180_0 .net *"_ivl_85", 0 0, L_000001cbfd432580;  1 drivers
v000001cbfd42c2c0_0 .net *"_ivl_86", 0 0, L_000001cbfd2211e0;  1 drivers
v000001cbfd42dbc0_0 .net *"_ivl_88", 0 0, L_000001cbfd220680;  1 drivers
v000001cbfd42d620_0 .net *"_ivl_91", 0 0, L_000001cbfd432620;  1 drivers
v000001cbfd42d260_0 .net *"_ivl_92", 0 0, L_000001cbfd220d10;  1 drivers
v000001cbfd42e0c0_0 .net *"_ivl_97", 0 0, L_000001cbfd431f40;  1 drivers
v000001cbfd42e2a0_0 .net *"_ivl_99", 0 0, L_000001cbfd431540;  1 drivers
v000001cbfd42c360_0 .net "in", 2 0, L_000001cbfd432940;  1 drivers
v000001cbfd42d3a0_0 .net "out", 7 0, L_000001cbfd430fa0;  alias, 1 drivers
L_000001cbfd4319a0 .part L_000001cbfd432940, 2, 1;
L_000001cbfd4323a0 .part L_000001cbfd432940, 1, 1;
L_000001cbfd431680 .part L_000001cbfd432940, 0, 1;
L_000001cbfd432080 .part L_000001cbfd432940, 2, 1;
L_000001cbfd432120 .part L_000001cbfd432940, 1, 1;
L_000001cbfd431cc0 .part L_000001cbfd432940, 0, 1;
L_000001cbfd433480 .part L_000001cbfd432940, 2, 1;
L_000001cbfd430d20 .part L_000001cbfd432940, 1, 1;
L_000001cbfd431ea0 .part L_000001cbfd432940, 0, 1;
L_000001cbfd4315e0 .part L_000001cbfd432940, 2, 1;
L_000001cbfd432260 .part L_000001cbfd432940, 1, 1;
L_000001cbfd430e60 .part L_000001cbfd432940, 0, 1;
L_000001cbfd4321c0 .part L_000001cbfd432940, 2, 1;
L_000001cbfd432800 .part L_000001cbfd432940, 1, 1;
L_000001cbfd4310e0 .part L_000001cbfd432940, 0, 1;
L_000001cbfd4324e0 .part L_000001cbfd432940, 2, 1;
L_000001cbfd432580 .part L_000001cbfd432940, 1, 1;
L_000001cbfd432620 .part L_000001cbfd432940, 0, 1;
L_000001cbfd431f40 .part L_000001cbfd432940, 2, 1;
L_000001cbfd431540 .part L_000001cbfd432940, 1, 1;
L_000001cbfd430f00 .part L_000001cbfd432940, 0, 1;
LS_000001cbfd430fa0_0_0 .concat8 [ 1 1 1 1], L_000001cbfd221410, L_000001cbfd2220c0, L_000001cbfd221170, L_000001cbfd221db0;
LS_000001cbfd430fa0_0_4 .concat8 [ 1 1 1 1], L_000001cbfd220610, L_000001cbfd220d10, L_000001cbfd220840, L_000001cbfd221bf0;
L_000001cbfd430fa0 .concat8 [ 4 4 0 0], LS_000001cbfd430fa0_0_0, LS_000001cbfd430fa0_0_4;
L_000001cbfd432d00 .part L_000001cbfd432940, 2, 1;
L_000001cbfd431180 .part L_000001cbfd432940, 1, 1;
L_000001cbfd4328a0 .part L_000001cbfd432940, 0, 1;
    .scope S_000001cbfcbd6000;
T_0 ;
    %wait E_000001cbfd121940;
    %load/vec4 v000001cbfd230ae0_0;
    %flag_set/vec4 8;
    %jmp/0 T_0.0, 8;
    %pushi/vec4 0, 0, 1;
    %jmp/1 T_0.1, 8;
T_0.0 ; End of true expr.
    %load/vec4 v000001cbfd230900_0;
    %flag_set/vec4 9;
    %jmp/0 T_0.2, 9;
    %load/vec4 v000001cbfd230d60_0;
    %jmp/1 T_0.3, 9;
T_0.2 ; End of true expr.
    %load/vec4 v000001cbfd230680_0;
    %jmp/0 T_0.3, 9;
 ; End of false expr.
    %blend;
T_0.3;
    %jmp/0 T_0.1, 8;
 ; End of false expr.
    %blend;
T_0.1;
    %assign/vec4 v000001cbfd230680_0, 0;
    %jmp T_0;
    .thread T_0;
    .scope S_000001cbfcbce0d0;
T_1 ;
    %wait E_000001cbfd121940;
    %load/vec4 v000001cbfd230a40_0;
    %flag_set/vec4 8;
    %jmp/0 T_1.0, 8;
    %pushi/vec4 0, 0, 1;
    %jmp/1 T_1.1, 8;
T_1.0 ; End of true expr.
    %load/vec4 v000001cbfd230ea0_0;
    %flag_set/vec4 9;
    %jmp/0 T_1.2, 9;
    %load/vec4 v000001cbfd231c60_0;
    %jmp/1 T_1.3, 9;
T_1.2 ; End of true expr.
    %load/vec4 v000001cbfd230e00_0;
    %jmp/0 T_1.3, 9;
 ; End of false expr.
    %blend;
T_1.3;
    %jmp/0 T_1.1, 8;
 ; End of false expr.
    %blend;
T_1.1;
    %assign/vec4 v000001cbfd230e00_0, 0;
    %jmp T_1;
    .thread T_1;
    .scope S_000001cbfd2284f0;
T_2 ;
    %wait E_000001cbfd121940;
    %load/vec4 v000001cbfd1d3940_0;
    %flag_set/vec4 8;
    %jmp/0 T_2.0, 8;
    %pushi/vec4 0, 0, 1;
    %jmp/1 T_2.1, 8;
T_2.0 ; End of true expr.
    %load/vec4 v000001cbfd1d1e60_0;
    %flag_set/vec4 9;
    %jmp/0 T_2.2, 9;
    %load/vec4 v000001cbfd1d2900_0;
    %jmp/1 T_2.3, 9;
T_2.2 ; End of true expr.
    %load/vec4 v000001cbfd1d2e00_0;
    %jmp/0 T_2.3, 9;
 ; End of false expr.
    %blend;
T_2.3;
    %jmp/0 T_2.1, 8;
 ; End of false expr.
    %blend;
T_2.1;
    %assign/vec4 v000001cbfd1d2e00_0, 0;
    %jmp T_2;
    .thread T_2;
    .scope S_000001cbfd228810;
T_3 ;
    %wait E_000001cbfd121940;
    %load/vec4 v000001cbfd1d3a80_0;
    %flag_set/vec4 8;
    %jmp/0 T_3.0, 8;
    %pushi/vec4 0, 0, 1;
    %jmp/1 T_3.1, 8;
T_3.0 ; End of true expr.
    %load/vec4 v000001cbfd1d5880_0;
    %flag_set/vec4 9;
    %jmp/0 T_3.2, 9;
    %load/vec4 v000001cbfd1d1fa0_0;
    %jmp/1 T_3.3, 9;
T_3.2 ; End of true expr.
    %load/vec4 v000001cbfd1d4c00_0;
    %jmp/0 T_3.3, 9;
 ; End of false expr.
    %blend;
T_3.3;
    %jmp/0 T_3.1, 8;
 ; End of false expr.
    %blend;
T_3.1;
    %assign/vec4 v000001cbfd1d4c00_0, 0;
    %jmp T_3;
    .thread T_3;
    .scope S_000001cbfd228b30;
T_4 ;
    %wait E_000001cbfd121940;
    %load/vec4 v000001cbfd1d5380_0;
    %flag_set/vec4 8;
    %jmp/0 T_4.0, 8;
    %pushi/vec4 0, 0, 1;
    %jmp/1 T_4.1, 8;
T_4.0 ; End of true expr.
    %load/vec4 v000001cbfd1d84e0_0;
    %flag_set/vec4 9;
    %jmp/0 T_4.2, 9;
    %load/vec4 v000001cbfd1d47a0_0;
    %jmp/1 T_4.3, 9;
T_4.2 ; End of true expr.
    %load/vec4 v000001cbfd1d51a0_0;
    %jmp/0 T_4.3, 9;
 ; End of false expr.
    %blend;
T_4.3;
    %jmp/0 T_4.1, 8;
 ; End of false expr.
    %blend;
T_4.1;
    %assign/vec4 v000001cbfd1d51a0_0, 0;
    %jmp T_4;
    .thread T_4;
    .scope S_000001cbfd16d300;
T_5 ;
    %wait E_000001cbfd121940;
    %load/vec4 v000001cbfd1d7540_0;
    %flag_set/vec4 8;
    %jmp/0 T_5.0, 8;
    %pushi/vec4 0, 0, 1;
    %jmp/1 T_5.1, 8;
T_5.0 ; End of true expr.
    %load/vec4 v000001cbfd1d7720_0;
    %flag_set/vec4 9;
    %jmp/0 T_5.2, 9;
    %load/vec4 v000001cbfd1d6820_0;
    %jmp/1 T_5.3, 9;
T_5.2 ; End of true expr.
    %load/vec4 v000001cbfd1d72c0_0;
    %jmp/0 T_5.3, 9;
 ; End of false expr.
    %blend;
T_5.3;
    %jmp/0 T_5.1, 8;
 ; End of false expr.
    %blend;
T_5.1;
    %assign/vec4 v000001cbfd1d72c0_0, 0;
    %jmp T_5;
    .thread T_5;
    .scope S_000001cbfd16cfe0;
T_6 ;
    %wait E_000001cbfd121940;
    %load/vec4 v000001cbfd1fe790_0;
    %flag_set/vec4 8;
    %jmp/0 T_6.0, 8;
    %pushi/vec4 0, 0, 1;
    %jmp/1 T_6.1, 8;
T_6.0 ; End of true expr.
    %load/vec4 v000001cbfd1fea10_0;
    %flag_set/vec4 9;
    %jmp/0 T_6.2, 9;
    %load/vec4 v000001cbfd1fdb10_0;
    %jmp/1 T_6.3, 9;
T_6.2 ; End of true expr.
    %load/vec4 v000001cbfd1fdc50_0;
    %jmp/0 T_6.3, 9;
 ; End of false expr.
    %blend;
T_6.3;
    %jmp/0 T_6.1, 8;
 ; End of false expr.
    %blend;
T_6.1;
    %assign/vec4 v000001cbfd1fdc50_0, 0;
    %jmp T_6;
    .thread T_6;
    .scope S_000001cbfd290ce0;
T_7 ;
    %wait E_000001cbfd121940;
    %load/vec4 v000001cbfd2010d0_0;
    %flag_set/vec4 8;
    %jmp/0 T_7.0, 8;
    %pushi/vec4 0, 0, 1;
    %jmp/1 T_7.1, 8;
T_7.0 ; End of true expr.
    %load/vec4 v000001cbfd201350_0;
    %flag_set/vec4 9;
    %jmp/0 T_7.2, 9;
    %load/vec4 v000001cbfd200db0_0;
    %jmp/1 T_7.3, 9;
T_7.2 ; End of true expr.
    %load/vec4 v000001cbfd200770_0;
    %jmp/0 T_7.3, 9;
 ; End of false expr.
    %blend;
T_7.3;
    %jmp/0 T_7.1, 8;
 ; End of false expr.
    %blend;
T_7.1;
    %assign/vec4 v000001cbfd200770_0, 0;
    %jmp T_7;
    .thread T_7;
    .scope S_000001cbfd290e70;
T_8 ;
    %wait E_000001cbfd121940;
    %load/vec4 v000001cbfd203fb0_0;
    %flag_set/vec4 8;
    %jmp/0 T_8.0, 8;
    %pushi/vec4 0, 0, 1;
    %jmp/1 T_8.1, 8;
T_8.0 ; End of true expr.
    %load/vec4 v000001cbfd202e30_0;
    %flag_set/vec4 9;
    %jmp/0 T_8.2, 9;
    %load/vec4 v000001cbfd203c90_0;
    %jmp/1 T_8.3, 9;
T_8.2 ; End of true expr.
    %load/vec4 v000001cbfd204190_0;
    %jmp/0 T_8.3, 9;
 ; End of false expr.
    %blend;
T_8.3;
    %jmp/0 T_8.1, 8;
 ; End of false expr.
    %blend;
T_8.1;
    %assign/vec4 v000001cbfd204190_0, 0;
    %jmp T_8;
    .thread T_8;
    .scope S_000001cbfd2906a0;
T_9 ;
    %wait E_000001cbfd121940;
    %load/vec4 v000001cbfd17f380_0;
    %flag_set/vec4 8;
    %jmp/0 T_9.0, 8;
    %pushi/vec4 0, 0, 1;
    %jmp/1 T_9.1, 8;
T_9.0 ; End of true expr.
    %load/vec4 v000001cbfd17fd80_0;
    %flag_set/vec4 9;
    %jmp/0 T_9.2, 9;
    %load/vec4 v000001cbfd203790_0;
    %jmp/1 T_9.3, 9;
T_9.2 ; End of true expr.
    %load/vec4 v000001cbfd2053b0_0;
    %jmp/0 T_9.3, 9;
 ; End of false expr.
    %blend;
T_9.3;
    %jmp/0 T_9.1, 8;
 ; End of false expr.
    %blend;
T_9.1;
    %assign/vec4 v000001cbfd2053b0_0, 0;
    %jmp T_9;
    .thread T_9;
    .scope S_000001cbfd291960;
T_10 ;
    %wait E_000001cbfd121940;
    %load/vec4 v000001cbfd17d3a0_0;
    %flag_set/vec4 8;
    %jmp/0 T_10.0, 8;
    %pushi/vec4 0, 0, 1;
    %jmp/1 T_10.1, 8;
T_10.0 ; End of true expr.
    %load/vec4 v000001cbfd17eca0_0;
    %flag_set/vec4 9;
    %jmp/0 T_10.2, 9;
    %load/vec4 v000001cbfd17d800_0;
    %jmp/1 T_10.3, 9;
T_10.2 ; End of true expr.
    %load/vec4 v000001cbfd17ede0_0;
    %jmp/0 T_10.3, 9;
 ; End of false expr.
    %blend;
T_10.3;
    %jmp/0 T_10.1, 8;
 ; End of false expr.
    %blend;
T_10.1;
    %assign/vec4 v000001cbfd17ede0_0, 0;
    %jmp T_10;
    .thread T_10;
    .scope S_000001cbfd2909c0;
T_11 ;
    %wait E_000001cbfd121940;
    %load/vec4 v000001cbfd1b2e40_0;
    %flag_set/vec4 8;
    %jmp/0 T_11.0, 8;
    %pushi/vec4 0, 0, 1;
    %jmp/1 T_11.1, 8;
T_11.0 ; End of true expr.
    %load/vec4 v000001cbfd1b1ea0_0;
    %flag_set/vec4 9;
    %jmp/0 T_11.2, 9;
    %load/vec4 v000001cbfd17c9a0_0;
    %jmp/1 T_11.3, 9;
T_11.2 ; End of true expr.
    %load/vec4 v000001cbfd1b33e0_0;
    %jmp/0 T_11.3, 9;
 ; End of false expr.
    %blend;
T_11.3;
    %jmp/0 T_11.1, 8;
 ; End of false expr.
    %blend;
T_11.1;
    %assign/vec4 v000001cbfd1b33e0_0, 0;
    %jmp T_11;
    .thread T_11;
    .scope S_000001cbfd291320;
T_12 ;
    %wait E_000001cbfd121940;
    %load/vec4 v000001cbfd1b24e0_0;
    %flag_set/vec4 8;
    %jmp/0 T_12.0, 8;
    %pushi/vec4 0, 0, 1;
    %jmp/1 T_12.1, 8;
T_12.0 ; End of true expr.
    %load/vec4 v000001cbfd1b4b00_0;
    %flag_set/vec4 9;
    %jmp/0 T_12.2, 9;
    %load/vec4 v000001cbfd1b1b80_0;
    %jmp/1 T_12.3, 9;
T_12.2 ; End of true expr.
    %load/vec4 v000001cbfd1b21c0_0;
    %jmp/0 T_12.3, 9;
 ; End of false expr.
    %blend;
T_12.3;
    %jmp/0 T_12.1, 8;
 ; End of false expr.
    %blend;
T_12.1;
    %assign/vec4 v000001cbfd1b21c0_0, 0;
    %jmp T_12;
    .thread T_12;
    .scope S_000001cbfd290380;
T_13 ;
    %wait E_000001cbfd121940;
    %load/vec4 v000001cbfd18c880_0;
    %flag_set/vec4 8;
    %jmp/0 T_13.0, 8;
    %pushi/vec4 0, 0, 1;
    %jmp/1 T_13.1, 8;
T_13.0 ; End of true expr.
    %load/vec4 v000001cbfd18daa0_0;
    %flag_set/vec4 9;
    %jmp/0 T_13.2, 9;
    %load/vec4 v000001cbfd18d3c0_0;
    %jmp/1 T_13.3, 9;
T_13.2 ; End of true expr.
    %load/vec4 v000001cbfd18da00_0;
    %jmp/0 T_13.3, 9;
 ; End of false expr.
    %blend;
T_13.3;
    %jmp/0 T_13.1, 8;
 ; End of false expr.
    %blend;
T_13.1;
    %assign/vec4 v000001cbfd18da00_0, 0;
    %jmp T_13;
    .thread T_13;
    .scope S_000001cbfd291e10;
T_14 ;
    %wait E_000001cbfd121940;
    %load/vec4 v000001cbfd18bde0_0;
    %flag_set/vec4 8;
    %jmp/0 T_14.0, 8;
    %pushi/vec4 0, 0, 1;
    %jmp/1 T_14.1, 8;
T_14.0 ; End of true expr.
    %load/vec4 v000001cbfd18aee0_0;
    %flag_set/vec4 9;
    %jmp/0 T_14.2, 9;
    %load/vec4 v000001cbfd18a580_0;
    %jmp/1 T_14.3, 9;
T_14.2 ; End of true expr.
    %load/vec4 v000001cbfd18a6c0_0;
    %jmp/0 T_14.3, 9;
 ; End of false expr.
    %blend;
T_14.3;
    %jmp/0 T_14.1, 8;
 ; End of false expr.
    %blend;
T_14.1;
    %assign/vec4 v000001cbfd18a6c0_0, 0;
    %jmp T_14;
    .thread T_14;
    .scope S_000001cbfd290060;
T_15 ;
    %wait E_000001cbfd121940;
    %load/vec4 v000001cbfd19ffc0_0;
    %flag_set/vec4 8;
    %jmp/0 T_15.0, 8;
    %pushi/vec4 0, 0, 1;
    %jmp/1 T_15.1, 8;
T_15.0 ; End of true expr.
    %load/vec4 v000001cbfd1a0060_0;
    %flag_set/vec4 9;
    %jmp/0 T_15.2, 9;
    %load/vec4 v000001cbfd1a07e0_0;
    %jmp/1 T_15.3, 9;
T_15.2 ; End of true expr.
    %load/vec4 v000001cbfd19fde0_0;
    %jmp/0 T_15.3, 9;
 ; End of false expr.
    %blend;
T_15.3;
    %jmp/0 T_15.1, 8;
 ; End of false expr.
    %blend;
T_15.1;
    %assign/vec4 v000001cbfd19fde0_0, 0;
    %jmp T_15;
    .thread T_15;
    .scope S_000001cbfd291af0;
T_16 ;
    %wait E_000001cbfd121940;
    %load/vec4 v000001cbfd16bce0_0;
    %flag_set/vec4 8;
    %jmp/0 T_16.0, 8;
    %pushi/vec4 0, 0, 1;
    %jmp/1 T_16.1, 8;
T_16.0 ; End of true expr.
    %load/vec4 v000001cbfd16bf60_0;
    %flag_set/vec4 9;
    %jmp/0 T_16.2, 9;
    %load/vec4 v000001cbfd16c1e0_0;
    %jmp/1 T_16.3, 9;
T_16.2 ; End of true expr.
    %load/vec4 v000001cbfd16bc40_0;
    %jmp/0 T_16.3, 9;
 ; End of false expr.
    %blend;
T_16.3;
    %jmp/0 T_16.1, 8;
 ; End of false expr.
    %blend;
T_16.1;
    %assign/vec4 v000001cbfd16bc40_0, 0;
    %jmp T_16;
    .thread T_16;
    .scope S_000001cbfd298180;
T_17 ;
    %wait E_000001cbfd121940;
    %load/vec4 v000001cbfd169c60_0;
    %flag_set/vec4 8;
    %jmp/0 T_17.0, 8;
    %pushi/vec4 0, 0, 1;
    %jmp/1 T_17.1, 8;
T_17.0 ; End of true expr.
    %load/vec4 v000001cbfd16b380_0;
    %flag_set/vec4 9;
    %jmp/0 T_17.2, 9;
    %load/vec4 v000001cbfd169a80_0;
    %jmp/1 T_17.3, 9;
T_17.2 ; End of true expr.
    %load/vec4 v000001cbfd16ad40_0;
    %jmp/0 T_17.3, 9;
 ; End of false expr.
    %blend;
T_17.3;
    %jmp/0 T_17.1, 8;
 ; End of false expr.
    %blend;
T_17.1;
    %assign/vec4 v000001cbfd16ad40_0, 0;
    %jmp T_17;
    .thread T_17;
    .scope S_000001cbfd2984a0;
T_18 ;
    %wait E_000001cbfd121940;
    %load/vec4 v000001cbfd150350_0;
    %flag_set/vec4 8;
    %jmp/0 T_18.0, 8;
    %pushi/vec4 0, 0, 1;
    %jmp/1 T_18.1, 8;
T_18.0 ; End of true expr.
    %load/vec4 v000001cbfd14f450_0;
    %flag_set/vec4 9;
    %jmp/0 T_18.2, 9;
    %load/vec4 v000001cbfd14f4f0_0;
    %jmp/1 T_18.3, 9;
T_18.2 ; End of true expr.
    %load/vec4 v000001cbfd150210_0;
    %jmp/0 T_18.3, 9;
 ; End of false expr.
    %blend;
T_18.3;
    %jmp/0 T_18.1, 8;
 ; End of false expr.
    %blend;
T_18.1;
    %assign/vec4 v000001cbfd150210_0, 0;
    %jmp T_18;
    .thread T_18;
    .scope S_000001cbfd297500;
T_19 ;
    %wait E_000001cbfd121940;
    %load/vec4 v000001cbfd15a010_0;
    %flag_set/vec4 8;
    %jmp/0 T_19.0, 8;
    %pushi/vec4 0, 0, 1;
    %jmp/1 T_19.1, 8;
T_19.0 ; End of true expr.
    %load/vec4 v000001cbfd15a5b0_0;
    %flag_set/vec4 9;
    %jmp/0 T_19.2, 9;
    %load/vec4 v000001cbfd158f30_0;
    %jmp/1 T_19.3, 9;
T_19.2 ; End of true expr.
    %load/vec4 v000001cbfd15a290_0;
    %jmp/0 T_19.3, 9;
 ; End of false expr.
    %blend;
T_19.3;
    %jmp/0 T_19.1, 8;
 ; End of false expr.
    %blend;
T_19.1;
    %assign/vec4 v000001cbfd15a290_0, 0;
    %jmp T_19;
    .thread T_19;
    .scope S_000001cbfd297690;
T_20 ;
    %wait E_000001cbfd121940;
    %load/vec4 v000001cbfd299480_0;
    %flag_set/vec4 8;
    %jmp/0 T_20.0, 8;
    %pushi/vec4 0, 0, 1;
    %jmp/1 T_20.1, 8;
T_20.0 ; End of true expr.
    %load/vec4 v000001cbfd29b140_0;
    %flag_set/vec4 9;
    %jmp/0 T_20.2, 9;
    %load/vec4 v000001cbfd29a2e0_0;
    %jmp/1 T_20.3, 9;
T_20.2 ; End of true expr.
    %load/vec4 v000001cbfd29a880_0;
    %jmp/0 T_20.3, 9;
 ; End of false expr.
    %blend;
T_20.3;
    %jmp/0 T_20.1, 8;
 ; End of false expr.
    %blend;
T_20.1;
    %assign/vec4 v000001cbfd29a880_0, 0;
    %jmp T_20;
    .thread T_20;
    .scope S_000001cbfd2987c0;
T_21 ;
    %wait E_000001cbfd121940;
    %load/vec4 v000001cbfd29ab00_0;
    %flag_set/vec4 8;
    %jmp/0 T_21.0, 8;
    %pushi/vec4 0, 0, 1;
    %jmp/1 T_21.1, 8;
T_21.0 ; End of true expr.
    %load/vec4 v000001cbfd29b5a0_0;
    %flag_set/vec4 9;
    %jmp/0 T_21.2, 9;
    %load/vec4 v000001cbfd29a740_0;
    %jmp/1 T_21.3, 9;
T_21.2 ; End of true expr.
    %load/vec4 v000001cbfd29b460_0;
    %jmp/0 T_21.3, 9;
 ; End of false expr.
    %blend;
T_21.3;
    %jmp/0 T_21.1, 8;
 ; End of false expr.
    %blend;
T_21.1;
    %assign/vec4 v000001cbfd29b460_0, 0;
    %jmp T_21;
    .thread T_21;
    .scope S_000001cbfd298630;
T_22 ;
    %wait E_000001cbfd121940;
    %load/vec4 v000001cbfd299980_0;
    %flag_set/vec4 8;
    %jmp/0 T_22.0, 8;
    %pushi/vec4 0, 0, 1;
    %jmp/1 T_22.1, 8;
T_22.0 ; End of true expr.
    %load/vec4 v000001cbfd29b0a0_0;
    %flag_set/vec4 9;
    %jmp/0 T_22.2, 9;
    %load/vec4 v000001cbfd2990c0_0;
    %jmp/1 T_22.3, 9;
T_22.2 ; End of true expr.
    %load/vec4 v000001cbfd298ee0_0;
    %jmp/0 T_22.3, 9;
 ; End of false expr.
    %blend;
T_22.3;
    %jmp/0 T_22.1, 8;
 ; End of false expr.
    %blend;
T_22.1;
    %assign/vec4 v000001cbfd298ee0_0, 0;
    %jmp T_22;
    .thread T_22;
    .scope S_000001cbfd296ec0;
T_23 ;
    %wait E_000001cbfd121940;
    %load/vec4 v000001cbfd299660_0;
    %flag_set/vec4 8;
    %jmp/0 T_23.0, 8;
    %pushi/vec4 0, 0, 1;
    %jmp/1 T_23.1, 8;
T_23.0 ; End of true expr.
    %load/vec4 v000001cbfd299ac0_0;
    %flag_set/vec4 9;
    %jmp/0 T_23.2, 9;
    %load/vec4 v000001cbfd299160_0;
    %jmp/1 T_23.3, 9;
T_23.2 ; End of true expr.
    %load/vec4 v000001cbfd298f80_0;
    %jmp/0 T_23.3, 9;
 ; End of false expr.
    %blend;
T_23.3;
    %jmp/0 T_23.1, 8;
 ; End of false expr.
    %blend;
T_23.1;
    %assign/vec4 v000001cbfd298f80_0, 0;
    %jmp T_23;
    .thread T_23;
    .scope S_000001cbfd297b40;
T_24 ;
    %wait E_000001cbfd121940;
    %load/vec4 v000001cbfd29bfa0_0;
    %flag_set/vec4 8;
    %jmp/0 T_24.0, 8;
    %pushi/vec4 0, 0, 1;
    %jmp/1 T_24.1, 8;
T_24.0 ; End of true expr.
    %load/vec4 v000001cbfd29d300_0;
    %flag_set/vec4 9;
    %jmp/0 T_24.2, 9;
    %load/vec4 v000001cbfd29a920_0;
    %jmp/1 T_24.3, 9;
T_24.2 ; End of true expr.
    %load/vec4 v000001cbfd29a9c0_0;
    %jmp/0 T_24.3, 9;
 ; End of false expr.
    %blend;
T_24.3;
    %jmp/0 T_24.1, 8;
 ; End of false expr.
    %blend;
T_24.1;
    %assign/vec4 v000001cbfd29a9c0_0, 0;
    %jmp T_24;
    .thread T_24;
    .scope S_000001cbfd297050;
T_25 ;
    %wait E_000001cbfd121940;
    %load/vec4 v000001cbfd29cfe0_0;
    %flag_set/vec4 8;
    %jmp/0 T_25.0, 8;
    %pushi/vec4 0, 0, 1;
    %jmp/1 T_25.1, 8;
T_25.0 ; End of true expr.
    %load/vec4 v000001cbfd29b960_0;
    %flag_set/vec4 9;
    %jmp/0 T_25.2, 9;
    %load/vec4 v000001cbfd29cb80_0;
    %jmp/1 T_25.3, 9;
T_25.2 ; End of true expr.
    %load/vec4 v000001cbfd29cf40_0;
    %jmp/0 T_25.3, 9;
 ; End of false expr.
    %blend;
T_25.3;
    %jmp/0 T_25.1, 8;
 ; End of false expr.
    %blend;
T_25.1;
    %assign/vec4 v000001cbfd29cf40_0, 0;
    %jmp T_25;
    .thread T_25;
    .scope S_000001cbfd297370;
T_26 ;
    %wait E_000001cbfd121940;
    %load/vec4 v000001cbfd29bdc0_0;
    %flag_set/vec4 8;
    %jmp/0 T_26.0, 8;
    %pushi/vec4 0, 0, 1;
    %jmp/1 T_26.1, 8;
T_26.0 ; End of true expr.
    %load/vec4 v000001cbfd29dda0_0;
    %flag_set/vec4 9;
    %jmp/0 T_26.2, 9;
    %load/vec4 v000001cbfd29cc20_0;
    %jmp/1 T_26.3, 9;
T_26.2 ; End of true expr.
    %load/vec4 v000001cbfd29d440_0;
    %jmp/0 T_26.3, 9;
 ; End of false expr.
    %blend;
T_26.3;
    %jmp/0 T_26.1, 8;
 ; End of false expr.
    %blend;
T_26.1;
    %assign/vec4 v000001cbfd29d440_0, 0;
    %jmp T_26;
    .thread T_26;
    .scope S_000001cbfd2a1cf0;
T_27 ;
    %wait E_000001cbfd121940;
    %load/vec4 v000001cbfd29d1c0_0;
    %flag_set/vec4 8;
    %jmp/0 T_27.0, 8;
    %pushi/vec4 0, 0, 1;
    %jmp/1 T_27.1, 8;
T_27.0 ; End of true expr.
    %load/vec4 v000001cbfd29d800_0;
    %flag_set/vec4 9;
    %jmp/0 T_27.2, 9;
    %load/vec4 v000001cbfd29d620_0;
    %jmp/1 T_27.3, 9;
T_27.2 ; End of true expr.
    %load/vec4 v000001cbfd29dc60_0;
    %jmp/0 T_27.3, 9;
 ; End of false expr.
    %blend;
T_27.3;
    %jmp/0 T_27.1, 8;
 ; End of false expr.
    %blend;
T_27.1;
    %assign/vec4 v000001cbfd29dc60_0, 0;
    %jmp T_27;
    .thread T_27;
    .scope S_000001cbfd2a21a0;
T_28 ;
    %wait E_000001cbfd121940;
    %load/vec4 v000001cbfd29c540_0;
    %flag_set/vec4 8;
    %jmp/0 T_28.0, 8;
    %pushi/vec4 0, 0, 1;
    %jmp/1 T_28.1, 8;
T_28.0 ; End of true expr.
    %load/vec4 v000001cbfd29c5e0_0;
    %flag_set/vec4 9;
    %jmp/0 T_28.2, 9;
    %load/vec4 v000001cbfd29c2c0_0;
    %jmp/1 T_28.3, 9;
T_28.2 ; End of true expr.
    %load/vec4 v000001cbfd29c4a0_0;
    %jmp/0 T_28.3, 9;
 ; End of false expr.
    %blend;
T_28.3;
    %jmp/0 T_28.1, 8;
 ; End of false expr.
    %blend;
T_28.1;
    %assign/vec4 v000001cbfd29c4a0_0, 0;
    %jmp T_28;
    .thread T_28;
    .scope S_000001cbfd2a1390;
T_29 ;
    %wait E_000001cbfd121940;
    %load/vec4 v000001cbfd29f920_0;
    %flag_set/vec4 8;
    %jmp/0 T_29.0, 8;
    %pushi/vec4 0, 0, 1;
    %jmp/1 T_29.1, 8;
T_29.0 ; End of true expr.
    %load/vec4 v000001cbfd29e2a0_0;
    %flag_set/vec4 9;
    %jmp/0 T_29.2, 9;
    %load/vec4 v000001cbfd29ff60_0;
    %jmp/1 T_29.3, 9;
T_29.2 ; End of true expr.
    %load/vec4 v000001cbfd2a01e0_0;
    %jmp/0 T_29.3, 9;
 ; End of false expr.
    %blend;
T_29.3;
    %jmp/0 T_29.1, 8;
 ; End of false expr.
    %blend;
T_29.1;
    %assign/vec4 v000001cbfd2a01e0_0, 0;
    %jmp T_29;
    .thread T_29;
    .scope S_000001cbfd2a24c0;
T_30 ;
    %wait E_000001cbfd121940;
    %load/vec4 v000001cbfd29e160_0;
    %flag_set/vec4 8;
    %jmp/0 T_30.0, 8;
    %pushi/vec4 0, 0, 1;
    %jmp/1 T_30.1, 8;
T_30.0 ; End of true expr.
    %load/vec4 v000001cbfd29fba0_0;
    %flag_set/vec4 9;
    %jmp/0 T_30.2, 9;
    %load/vec4 v000001cbfd29fec0_0;
    %jmp/1 T_30.3, 9;
T_30.2 ; End of true expr.
    %load/vec4 v000001cbfd29f600_0;
    %jmp/0 T_30.3, 9;
 ; End of false expr.
    %blend;
T_30.3;
    %jmp/0 T_30.1, 8;
 ; End of false expr.
    %blend;
T_30.1;
    %assign/vec4 v000001cbfd29f600_0, 0;
    %jmp T_30;
    .thread T_30;
    .scope S_000001cbfd2a2330;
T_31 ;
    %wait E_000001cbfd121940;
    %load/vec4 v000001cbfd29ef20_0;
    %flag_set/vec4 8;
    %jmp/0 T_31.0, 8;
    %pushi/vec4 0, 0, 1;
    %jmp/1 T_31.1, 8;
T_31.0 ; End of true expr.
    %load/vec4 v000001cbfd29fce0_0;
    %flag_set/vec4 9;
    %jmp/0 T_31.2, 9;
    %load/vec4 v000001cbfd29fc40_0;
    %jmp/1 T_31.3, 9;
T_31.2 ; End of true expr.
    %load/vec4 v000001cbfd29e3e0_0;
    %jmp/0 T_31.3, 9;
 ; End of false expr.
    %blend;
T_31.3;
    %jmp/0 T_31.1, 8;
 ; End of false expr.
    %blend;
T_31.1;
    %assign/vec4 v000001cbfd29e3e0_0, 0;
    %jmp T_31;
    .thread T_31;
    .scope S_000001cbfd2a2c90;
T_32 ;
    %wait E_000001cbfd121940;
    %load/vec4 v000001cbfd29df80_0;
    %flag_set/vec4 8;
    %jmp/0 T_32.0, 8;
    %pushi/vec4 0, 0, 1;
    %jmp/1 T_32.1, 8;
T_32.0 ; End of true expr.
    %load/vec4 v000001cbfd29e660_0;
    %flag_set/vec4 9;
    %jmp/0 T_32.2, 9;
    %load/vec4 v000001cbfd29e200_0;
    %jmp/1 T_32.3, 9;
T_32.2 ; End of true expr.
    %load/vec4 v000001cbfd29e5c0_0;
    %jmp/0 T_32.3, 9;
 ; End of false expr.
    %blend;
T_32.3;
    %jmp/0 T_32.1, 8;
 ; End of false expr.
    %blend;
T_32.1;
    %assign/vec4 v000001cbfd29e5c0_0, 0;
    %jmp T_32;
    .thread T_32;
    .scope S_000001cbfd2a1070;
T_33 ;
    %wait E_000001cbfd121940;
    %load/vec4 v000001cbfd2a0a00_0;
    %flag_set/vec4 8;
    %jmp/0 T_33.0, 8;
    %pushi/vec4 0, 0, 1;
    %jmp/1 T_33.1, 8;
T_33.0 ; End of true expr.
    %load/vec4 v000001cbfd2a0d20_0;
    %flag_set/vec4 9;
    %jmp/0 T_33.2, 9;
    %load/vec4 v000001cbfd2a0c80_0;
    %jmp/1 T_33.3, 9;
T_33.2 ; End of true expr.
    %load/vec4 v000001cbfd2a08c0_0;
    %jmp/0 T_33.3, 9;
 ; End of false expr.
    %blend;
T_33.3;
    %jmp/0 T_33.1, 8;
 ; End of false expr.
    %blend;
T_33.1;
    %assign/vec4 v000001cbfd2a08c0_0, 0;
    %jmp T_33;
    .thread T_33;
    .scope S_000001cbfd2a19d0;
T_34 ;
    %wait E_000001cbfd121940;
    %load/vec4 v000001cbfd2b4090_0;
    %flag_set/vec4 8;
    %jmp/0 T_34.0, 8;
    %pushi/vec4 0, 0, 1;
    %jmp/1 T_34.1, 8;
T_34.0 ; End of true expr.
    %load/vec4 v000001cbfd2b61b0_0;
    %flag_set/vec4 9;
    %jmp/0 T_34.2, 9;
    %load/vec4 v000001cbfd2b53f0_0;
    %jmp/1 T_34.3, 9;
T_34.2 ; End of true expr.
    %load/vec4 v000001cbfd2b6110_0;
    %jmp/0 T_34.3, 9;
 ; End of false expr.
    %blend;
T_34.3;
    %jmp/0 T_34.1, 8;
 ; End of false expr.
    %blend;
T_34.1;
    %assign/vec4 v000001cbfd2b6110_0, 0;
    %jmp T_34;
    .thread T_34;
    .scope S_000001cbfd2a1840;
T_35 ;
    %wait E_000001cbfd121940;
    %load/vec4 v000001cbfd2b5a30_0;
    %flag_set/vec4 8;
    %jmp/0 T_35.0, 8;
    %pushi/vec4 0, 0, 1;
    %jmp/1 T_35.1, 8;
T_35.0 ; End of true expr.
    %load/vec4 v000001cbfd2b4810_0;
    %flag_set/vec4 9;
    %jmp/0 T_35.2, 9;
    %load/vec4 v000001cbfd2b48b0_0;
    %jmp/1 T_35.3, 9;
T_35.2 ; End of true expr.
    %load/vec4 v000001cbfd2b5850_0;
    %jmp/0 T_35.3, 9;
 ; End of false expr.
    %blend;
T_35.3;
    %jmp/0 T_35.1, 8;
 ; End of false expr.
    %blend;
T_35.1;
    %assign/vec4 v000001cbfd2b5850_0, 0;
    %jmp T_35;
    .thread T_35;
    .scope S_000001cbfd2c59c0;
T_36 ;
    %wait E_000001cbfd121940;
    %load/vec4 v000001cbfd2b5c10_0;
    %flag_set/vec4 8;
    %jmp/0 T_36.0, 8;
    %pushi/vec4 0, 0, 1;
    %jmp/1 T_36.1, 8;
T_36.0 ; End of true expr.
    %load/vec4 v000001cbfd2b55d0_0;
    %flag_set/vec4 9;
    %jmp/0 T_36.2, 9;
    %load/vec4 v000001cbfd2b4450_0;
    %jmp/1 T_36.3, 9;
T_36.2 ; End of true expr.
    %load/vec4 v000001cbfd2b5e90_0;
    %jmp/0 T_36.3, 9;
 ; End of false expr.
    %blend;
T_36.3;
    %jmp/0 T_36.1, 8;
 ; End of false expr.
    %blend;
T_36.1;
    %assign/vec4 v000001cbfd2b5e90_0, 0;
    %jmp T_36;
    .thread T_36;
    .scope S_000001cbfd2c40c0;
T_37 ;
    %wait E_000001cbfd121940;
    %load/vec4 v000001cbfd2b3f50_0;
    %flag_set/vec4 8;
    %jmp/0 T_37.0, 8;
    %pushi/vec4 0, 0, 1;
    %jmp/1 T_37.1, 8;
T_37.0 ; End of true expr.
    %load/vec4 v000001cbfd2b4270_0;
    %flag_set/vec4 9;
    %jmp/0 T_37.2, 9;
    %load/vec4 v000001cbfd2b6610_0;
    %jmp/1 T_37.3, 9;
T_37.2 ; End of true expr.
    %load/vec4 v000001cbfd2b46d0_0;
    %jmp/0 T_37.3, 9;
 ; End of false expr.
    %blend;
T_37.3;
    %jmp/0 T_37.1, 8;
 ; End of false expr.
    %blend;
T_37.1;
    %assign/vec4 v000001cbfd2b46d0_0, 0;
    %jmp T_37;
    .thread T_37;
    .scope S_000001cbfd2c4890;
T_38 ;
    %wait E_000001cbfd121940;
    %load/vec4 v000001cbfd2b6b10_0;
    %flag_set/vec4 8;
    %jmp/0 T_38.0, 8;
    %pushi/vec4 0, 0, 1;
    %jmp/1 T_38.1, 8;
T_38.0 ; End of true expr.
    %load/vec4 v000001cbfd2b89b0_0;
    %flag_set/vec4 9;
    %jmp/0 T_38.2, 9;
    %load/vec4 v000001cbfd2b5350_0;
    %jmp/1 T_38.3, 9;
T_38.2 ; End of true expr.
    %load/vec4 v000001cbfd2b5990_0;
    %jmp/0 T_38.3, 9;
 ; End of false expr.
    %blend;
T_38.3;
    %jmp/0 T_38.1, 8;
 ; End of false expr.
    %blend;
T_38.1;
    %assign/vec4 v000001cbfd2b5990_0, 0;
    %jmp T_38;
    .thread T_38;
    .scope S_000001cbfd2c5b50;
T_39 ;
    %wait E_000001cbfd121940;
    %load/vec4 v000001cbfd2b8c30_0;
    %flag_set/vec4 8;
    %jmp/0 T_39.0, 8;
    %pushi/vec4 0, 0, 1;
    %jmp/1 T_39.1, 8;
T_39.0 ; End of true expr.
    %load/vec4 v000001cbfd2b7330_0;
    %flag_set/vec4 9;
    %jmp/0 T_39.2, 9;
    %load/vec4 v000001cbfd2b7650_0;
    %jmp/1 T_39.3, 9;
T_39.2 ; End of true expr.
    %load/vec4 v000001cbfd2b7fb0_0;
    %jmp/0 T_39.3, 9;
 ; End of false expr.
    %blend;
T_39.3;
    %jmp/0 T_39.1, 8;
 ; End of false expr.
    %blend;
T_39.1;
    %assign/vec4 v000001cbfd2b7fb0_0, 0;
    %jmp T_39;
    .thread T_39;
    .scope S_000001cbfd2c4570;
T_40 ;
    %wait E_000001cbfd121940;
    %load/vec4 v000001cbfd2b87d0_0;
    %flag_set/vec4 8;
    %jmp/0 T_40.0, 8;
    %pushi/vec4 0, 0, 1;
    %jmp/1 T_40.1, 8;
T_40.0 ; End of true expr.
    %load/vec4 v000001cbfd2b7ab0_0;
    %flag_set/vec4 9;
    %jmp/0 T_40.2, 9;
    %load/vec4 v000001cbfd2b8690_0;
    %jmp/1 T_40.3, 9;
T_40.2 ; End of true expr.
    %load/vec4 v000001cbfd2b73d0_0;
    %jmp/0 T_40.3, 9;
 ; End of false expr.
    %blend;
T_40.3;
    %jmp/0 T_40.1, 8;
 ; End of false expr.
    %blend;
T_40.1;
    %assign/vec4 v000001cbfd2b73d0_0, 0;
    %jmp T_40;
    .thread T_40;
    .scope S_000001cbfd2c5ce0;
T_41 ;
    %wait E_000001cbfd121940;
    %load/vec4 v000001cbfd2b6750_0;
    %flag_set/vec4 8;
    %jmp/0 T_41.0, 8;
    %pushi/vec4 0, 0, 1;
    %jmp/1 T_41.1, 8;
T_41.0 ; End of true expr.
    %load/vec4 v000001cbfd2b7150_0;
    %flag_set/vec4 9;
    %jmp/0 T_41.2, 9;
    %load/vec4 v000001cbfd2b6930_0;
    %jmp/1 T_41.3, 9;
T_41.2 ; End of true expr.
    %load/vec4 v000001cbfd2b8cd0_0;
    %jmp/0 T_41.3, 9;
 ; End of false expr.
    %blend;
T_41.3;
    %jmp/0 T_41.1, 8;
 ; End of false expr.
    %blend;
T_41.1;
    %assign/vec4 v000001cbfd2b8cd0_0, 0;
    %jmp T_41;
    .thread T_41;
    .scope S_000001cbfd2c4bb0;
T_42 ;
    %wait E_000001cbfd121940;
    %load/vec4 v000001cbfd2b7b50_0;
    %flag_set/vec4 8;
    %jmp/0 T_42.0, 8;
    %pushi/vec4 0, 0, 1;
    %jmp/1 T_42.1, 8;
T_42.0 ; End of true expr.
    %load/vec4 v000001cbfd2b6d90_0;
    %flag_set/vec4 9;
    %jmp/0 T_42.2, 9;
    %load/vec4 v000001cbfd2b6cf0_0;
    %jmp/1 T_42.3, 9;
T_42.2 ; End of true expr.
    %load/vec4 v000001cbfd2b6a70_0;
    %jmp/0 T_42.3, 9;
 ; End of false expr.
    %blend;
T_42.3;
    %jmp/0 T_42.1, 8;
 ; End of false expr.
    %blend;
T_42.1;
    %assign/vec4 v000001cbfd2b6a70_0, 0;
    %jmp T_42;
    .thread T_42;
    .scope S_000001cbfd2c43e0;
T_43 ;
    %wait E_000001cbfd121940;
    %load/vec4 v000001cbfd2bb110_0;
    %flag_set/vec4 8;
    %jmp/0 T_43.0, 8;
    %pushi/vec4 0, 0, 1;
    %jmp/1 T_43.1, 8;
T_43.0 ; End of true expr.
    %load/vec4 v000001cbfd2ba0d0_0;
    %flag_set/vec4 9;
    %jmp/0 T_43.2, 9;
    %load/vec4 v000001cbfd2baf30_0;
    %jmp/1 T_43.3, 9;
T_43.2 ; End of true expr.
    %load/vec4 v000001cbfd2b9810_0;
    %jmp/0 T_43.3, 9;
 ; End of false expr.
    %blend;
T_43.3;
    %jmp/0 T_43.1, 8;
 ; End of false expr.
    %blend;
T_43.1;
    %assign/vec4 v000001cbfd2b9810_0, 0;
    %jmp T_43;
    .thread T_43;
    .scope S_000001cbfd2c56a0;
T_44 ;
    %wait E_000001cbfd121940;
    %load/vec4 v000001cbfd2b9f90_0;
    %flag_set/vec4 8;
    %jmp/0 T_44.0, 8;
    %pushi/vec4 0, 0, 1;
    %jmp/1 T_44.1, 8;
T_44.0 ; End of true expr.
    %load/vec4 v000001cbfd2b9950_0;
    %flag_set/vec4 9;
    %jmp/0 T_44.2, 9;
    %load/vec4 v000001cbfd2bb2f0_0;
    %jmp/1 T_44.3, 9;
T_44.2 ; End of true expr.
    %load/vec4 v000001cbfd2b98b0_0;
    %jmp/0 T_44.3, 9;
 ; End of false expr.
    %blend;
T_44.3;
    %jmp/0 T_44.1, 8;
 ; End of false expr.
    %blend;
T_44.1;
    %assign/vec4 v000001cbfd2b98b0_0, 0;
    %jmp T_44;
    .thread T_44;
    .scope S_000001cbfd2c5830;
T_45 ;
    %wait E_000001cbfd121940;
    %load/vec4 v000001cbfd2b96d0_0;
    %flag_set/vec4 8;
    %jmp/0 T_45.0, 8;
    %pushi/vec4 0, 0, 1;
    %jmp/1 T_45.1, 8;
T_45.0 ; End of true expr.
    %load/vec4 v000001cbfd2b8ff0_0;
    %flag_set/vec4 9;
    %jmp/0 T_45.2, 9;
    %load/vec4 v000001cbfd2bb390_0;
    %jmp/1 T_45.3, 9;
T_45.2 ; End of true expr.
    %load/vec4 v000001cbfd2b9270_0;
    %jmp/0 T_45.3, 9;
 ; End of false expr.
    %blend;
T_45.3;
    %jmp/0 T_45.1, 8;
 ; End of false expr.
    %blend;
T_45.1;
    %assign/vec4 v000001cbfd2b9270_0, 0;
    %jmp T_45;
    .thread T_45;
    .scope S_000001cbfd2c68a0;
T_46 ;
    %wait E_000001cbfd121940;
    %load/vec4 v000001cbfd2ba3f0_0;
    %flag_set/vec4 8;
    %jmp/0 T_46.0, 8;
    %pushi/vec4 0, 0, 1;
    %jmp/1 T_46.1, 8;
T_46.0 ; End of true expr.
    %load/vec4 v000001cbfd2bacb0_0;
    %flag_set/vec4 9;
    %jmp/0 T_46.2, 9;
    %load/vec4 v000001cbfd2ba8f0_0;
    %jmp/1 T_46.3, 9;
T_46.2 ; End of true expr.
    %load/vec4 v000001cbfd2ba350_0;
    %jmp/0 T_46.3, 9;
 ; End of false expr.
    %blend;
T_46.3;
    %jmp/0 T_46.1, 8;
 ; End of false expr.
    %blend;
T_46.1;
    %assign/vec4 v000001cbfd2ba350_0, 0;
    %jmp T_46;
    .thread T_46;
    .scope S_000001cbfd2c79d0;
T_47 ;
    %wait E_000001cbfd121940;
    %load/vec4 v000001cbfd2ba710_0;
    %flag_set/vec4 8;
    %jmp/0 T_47.0, 8;
    %pushi/vec4 0, 0, 1;
    %jmp/1 T_47.1, 8;
T_47.0 ; End of true expr.
    %load/vec4 v000001cbfd2ba7b0_0;
    %flag_set/vec4 9;
    %jmp/0 T_47.2, 9;
    %load/vec4 v000001cbfd2ba5d0_0;
    %jmp/1 T_47.3, 9;
T_47.2 ; End of true expr.
    %load/vec4 v000001cbfd2ba670_0;
    %jmp/0 T_47.3, 9;
 ; End of false expr.
    %blend;
T_47.3;
    %jmp/0 T_47.1, 8;
 ; End of false expr.
    %blend;
T_47.1;
    %assign/vec4 v000001cbfd2ba670_0, 0;
    %jmp T_47;
    .thread T_47;
    .scope S_000001cbfd2c6ee0;
T_48 ;
    %wait E_000001cbfd121940;
    %load/vec4 v000001cbfd2bdaf0_0;
    %flag_set/vec4 8;
    %jmp/0 T_48.0, 8;
    %pushi/vec4 0, 0, 1;
    %jmp/1 T_48.1, 8;
T_48.0 ; End of true expr.
    %load/vec4 v000001cbfd2bbcf0_0;
    %flag_set/vec4 9;
    %jmp/0 T_48.2, 9;
    %load/vec4 v000001cbfd2bde10_0;
    %jmp/1 T_48.3, 9;
T_48.2 ; End of true expr.
    %load/vec4 v000001cbfd2bd370_0;
    %jmp/0 T_48.3, 9;
 ; End of false expr.
    %blend;
T_48.3;
    %jmp/0 T_48.1, 8;
 ; End of false expr.
    %blend;
T_48.1;
    %assign/vec4 v000001cbfd2bd370_0, 0;
    %jmp T_48;
    .thread T_48;
    .scope S_000001cbfd2c7840;
T_49 ;
    %wait E_000001cbfd121940;
    %load/vec4 v000001cbfd2bc8d0_0;
    %flag_set/vec4 8;
    %jmp/0 T_49.0, 8;
    %pushi/vec4 0, 0, 1;
    %jmp/1 T_49.1, 8;
T_49.0 ; End of true expr.
    %load/vec4 v000001cbfd2bd550_0;
    %flag_set/vec4 9;
    %jmp/0 T_49.2, 9;
    %load/vec4 v000001cbfd2bc290_0;
    %jmp/1 T_49.3, 9;
T_49.2 ; End of true expr.
    %load/vec4 v000001cbfd2bb750_0;
    %jmp/0 T_49.3, 9;
 ; End of false expr.
    %blend;
T_49.3;
    %jmp/0 T_49.1, 8;
 ; End of false expr.
    %blend;
T_49.1;
    %assign/vec4 v000001cbfd2bb750_0, 0;
    %jmp T_49;
    .thread T_49;
    .scope S_000001cbfd2c6a30;
T_50 ;
    %wait E_000001cbfd121940;
    %load/vec4 v000001cbfd2bca10_0;
    %flag_set/vec4 8;
    %jmp/0 T_50.0, 8;
    %pushi/vec4 0, 0, 1;
    %jmp/1 T_50.1, 8;
T_50.0 ; End of true expr.
    %load/vec4 v000001cbfd2bbb10_0;
    %flag_set/vec4 9;
    %jmp/0 T_50.2, 9;
    %load/vec4 v000001cbfd2bbf70_0;
    %jmp/1 T_50.3, 9;
T_50.2 ; End of true expr.
    %load/vec4 v000001cbfd2bcbf0_0;
    %jmp/0 T_50.3, 9;
 ; End of false expr.
    %blend;
T_50.3;
    %jmp/0 T_50.1, 8;
 ; End of false expr.
    %blend;
T_50.1;
    %assign/vec4 v000001cbfd2bcbf0_0, 0;
    %jmp T_50;
    .thread T_50;
    .scope S_000001cbfd2c7b60;
T_51 ;
    %wait E_000001cbfd121940;
    %load/vec4 v000001cbfd2bce70_0;
    %flag_set/vec4 8;
    %jmp/0 T_51.0, 8;
    %pushi/vec4 0, 0, 1;
    %jmp/1 T_51.1, 8;
T_51.0 ; End of true expr.
    %load/vec4 v000001cbfd2bd5f0_0;
    %flag_set/vec4 9;
    %jmp/0 T_51.2, 9;
    %load/vec4 v000001cbfd2bcd30_0;
    %jmp/1 T_51.3, 9;
T_51.2 ; End of true expr.
    %load/vec4 v000001cbfd2bcdd0_0;
    %jmp/0 T_51.3, 9;
 ; End of false expr.
    %blend;
T_51.3;
    %jmp/0 T_51.1, 8;
 ; End of false expr.
    %blend;
T_51.1;
    %assign/vec4 v000001cbfd2bcdd0_0, 0;
    %jmp T_51;
    .thread T_51;
    .scope S_000001cbfd2c5f40;
T_52 ;
    %wait E_000001cbfd121940;
    %load/vec4 v000001cbfd2beef0_0;
    %flag_set/vec4 8;
    %jmp/0 T_52.0, 8;
    %pushi/vec4 0, 0, 1;
    %jmp/1 T_52.1, 8;
T_52.0 ; End of true expr.
    %load/vec4 v000001cbfd2be770_0;
    %flag_set/vec4 9;
    %jmp/0 T_52.2, 9;
    %load/vec4 v000001cbfd2c0430_0;
    %jmp/1 T_52.3, 9;
T_52.2 ; End of true expr.
    %load/vec4 v000001cbfd2bfb70_0;
    %jmp/0 T_52.3, 9;
 ; End of false expr.
    %blend;
T_52.3;
    %jmp/0 T_52.1, 8;
 ; End of false expr.
    %blend;
T_52.1;
    %assign/vec4 v000001cbfd2bfb70_0, 0;
    %jmp T_52;
    .thread T_52;
    .scope S_000001cbfd2c6d50;
T_53 ;
    %wait E_000001cbfd121940;
    %load/vec4 v000001cbfd2c0110_0;
    %flag_set/vec4 8;
    %jmp/0 T_53.0, 8;
    %pushi/vec4 0, 0, 1;
    %jmp/1 T_53.1, 8;
T_53.0 ; End of true expr.
    %load/vec4 v000001cbfd2bf3f0_0;
    %flag_set/vec4 9;
    %jmp/0 T_53.2, 9;
    %load/vec4 v000001cbfd2bf7b0_0;
    %jmp/1 T_53.3, 9;
T_53.2 ; End of true expr.
    %load/vec4 v000001cbfd2c04d0_0;
    %jmp/0 T_53.3, 9;
 ; End of false expr.
    %blend;
T_53.3;
    %jmp/0 T_53.1, 8;
 ; End of false expr.
    %blend;
T_53.1;
    %assign/vec4 v000001cbfd2c04d0_0, 0;
    %jmp T_53;
    .thread T_53;
    .scope S_000001cbfd2c63f0;
T_54 ;
    %wait E_000001cbfd121940;
    %load/vec4 v000001cbfd2bf030_0;
    %flag_set/vec4 8;
    %jmp/0 T_54.0, 8;
    %pushi/vec4 0, 0, 1;
    %jmp/1 T_54.1, 8;
T_54.0 ; End of true expr.
    %load/vec4 v000001cbfd2bf490_0;
    %flag_set/vec4 9;
    %jmp/0 T_54.2, 9;
    %load/vec4 v000001cbfd2bdf50_0;
    %jmp/1 T_54.3, 9;
T_54.2 ; End of true expr.
    %load/vec4 v000001cbfd2bdff0_0;
    %jmp/0 T_54.3, 9;
 ; End of false expr.
    %blend;
T_54.3;
    %jmp/0 T_54.1, 8;
 ; End of false expr.
    %blend;
T_54.1;
    %assign/vec4 v000001cbfd2bdff0_0, 0;
    %jmp T_54;
    .thread T_54;
    .scope S_000001cbfd2c7070;
T_55 ;
    %wait E_000001cbfd121940;
    %load/vec4 v000001cbfd2bf850_0;
    %flag_set/vec4 8;
    %jmp/0 T_55.0, 8;
    %pushi/vec4 0, 0, 1;
    %jmp/1 T_55.1, 8;
T_55.0 ; End of true expr.
    %load/vec4 v000001cbfd2bec70_0;
    %flag_set/vec4 9;
    %jmp/0 T_55.2, 9;
    %load/vec4 v000001cbfd2bf670_0;
    %jmp/1 T_55.3, 9;
T_55.2 ; End of true expr.
    %load/vec4 v000001cbfd2bedb0_0;
    %jmp/0 T_55.3, 9;
 ; End of false expr.
    %blend;
T_55.3;
    %jmp/0 T_55.1, 8;
 ; End of false expr.
    %blend;
T_55.1;
    %assign/vec4 v000001cbfd2bedb0_0, 0;
    %jmp T_55;
    .thread T_55;
    .scope S_000001cbfd2c9850;
T_56 ;
    %wait E_000001cbfd121940;
    %load/vec4 v000001cbfd2c1330_0;
    %flag_set/vec4 8;
    %jmp/0 T_56.0, 8;
    %pushi/vec4 0, 0, 1;
    %jmp/1 T_56.1, 8;
T_56.0 ; End of true expr.
    %load/vec4 v000001cbfd2c2c30_0;
    %flag_set/vec4 9;
    %jmp/0 T_56.2, 9;
    %load/vec4 v000001cbfd2c18d0_0;
    %jmp/1 T_56.3, 9;
T_56.2 ; End of true expr.
    %load/vec4 v000001cbfd2c1970_0;
    %jmp/0 T_56.3, 9;
 ; End of false expr.
    %blend;
T_56.3;
    %jmp/0 T_56.1, 8;
 ; End of false expr.
    %blend;
T_56.1;
    %assign/vec4 v000001cbfd2c1970_0, 0;
    %jmp T_56;
    .thread T_56;
    .scope S_000001cbfd2c9530;
T_57 ;
    %wait E_000001cbfd121940;
    %load/vec4 v000001cbfd2c09d0_0;
    %flag_set/vec4 8;
    %jmp/0 T_57.0, 8;
    %pushi/vec4 0, 0, 1;
    %jmp/1 T_57.1, 8;
T_57.0 ; End of true expr.
    %load/vec4 v000001cbfd2c11f0_0;
    %flag_set/vec4 9;
    %jmp/0 T_57.2, 9;
    %load/vec4 v000001cbfd2c2a50_0;
    %jmp/1 T_57.3, 9;
T_57.2 ; End of true expr.
    %load/vec4 v000001cbfd2c22d0_0;
    %jmp/0 T_57.3, 9;
 ; End of false expr.
    %blend;
T_57.3;
    %jmp/0 T_57.1, 8;
 ; End of false expr.
    %blend;
T_57.1;
    %assign/vec4 v000001cbfd2c22d0_0, 0;
    %jmp T_57;
    .thread T_57;
    .scope S_000001cbfd2c8ef0;
T_58 ;
    %wait E_000001cbfd121940;
    %load/vec4 v000001cbfd2c27d0_0;
    %flag_set/vec4 8;
    %jmp/0 T_58.0, 8;
    %pushi/vec4 0, 0, 1;
    %jmp/1 T_58.1, 8;
T_58.0 ; End of true expr.
    %load/vec4 v000001cbfd2c0c50_0;
    %flag_set/vec4 9;
    %jmp/0 T_58.2, 9;
    %load/vec4 v000001cbfd2c1830_0;
    %jmp/1 T_58.3, 9;
T_58.2 ; End of true expr.
    %load/vec4 v000001cbfd2c0ed0_0;
    %jmp/0 T_58.3, 9;
 ; End of false expr.
    %blend;
T_58.3;
    %jmp/0 T_58.1, 8;
 ; End of false expr.
    %blend;
T_58.1;
    %assign/vec4 v000001cbfd2c0ed0_0, 0;
    %jmp T_58;
    .thread T_58;
    .scope S_000001cbfd2c96c0;
T_59 ;
    %wait E_000001cbfd121940;
    %load/vec4 v000001cbfd2c13d0_0;
    %flag_set/vec4 8;
    %jmp/0 T_59.0, 8;
    %pushi/vec4 0, 0, 1;
    %jmp/1 T_59.1, 8;
T_59.0 ; End of true expr.
    %load/vec4 v000001cbfd2c0930_0;
    %flag_set/vec4 9;
    %jmp/0 T_59.2, 9;
    %load/vec4 v000001cbfd2c2eb0_0;
    %jmp/1 T_59.3, 9;
T_59.2 ; End of true expr.
    %load/vec4 v000001cbfd2c0890_0;
    %jmp/0 T_59.3, 9;
 ; End of false expr.
    %blend;
T_59.3;
    %jmp/0 T_59.1, 8;
 ; End of false expr.
    %blend;
T_59.1;
    %assign/vec4 v000001cbfd2c0890_0, 0;
    %jmp T_59;
    .thread T_59;
    .scope S_000001cbfd2c7f50;
T_60 ;
    %wait E_000001cbfd121940;
    %load/vec4 v000001cbfd2c1d30_0;
    %flag_set/vec4 8;
    %jmp/0 T_60.0, 8;
    %pushi/vec4 0, 0, 1;
    %jmp/1 T_60.1, 8;
T_60.0 ; End of true expr.
    %load/vec4 v000001cbfd2c1e70_0;
    %flag_set/vec4 9;
    %jmp/0 T_60.2, 9;
    %load/vec4 v000001cbfd2c1b50_0;
    %jmp/1 T_60.3, 9;
T_60.2 ; End of true expr.
    %load/vec4 v000001cbfd2c1bf0_0;
    %jmp/0 T_60.3, 9;
 ; End of false expr.
    %blend;
T_60.3;
    %jmp/0 T_60.1, 8;
 ; End of false expr.
    %blend;
T_60.1;
    %assign/vec4 v000001cbfd2c1bf0_0, 0;
    %jmp T_60;
    .thread T_60;
    .scope S_000001cbfd2c8270;
T_61 ;
    %wait E_000001cbfd121940;
    %load/vec4 v000001cbfd2c3c70_0;
    %flag_set/vec4 8;
    %jmp/0 T_61.0, 8;
    %pushi/vec4 0, 0, 1;
    %jmp/1 T_61.1, 8;
T_61.0 ; End of true expr.
    %load/vec4 v000001cbfd2c3db0_0;
    %flag_set/vec4 9;
    %jmp/0 T_61.2, 9;
    %load/vec4 v000001cbfd2c3950_0;
    %jmp/1 T_61.3, 9;
T_61.2 ; End of true expr.
    %load/vec4 v000001cbfd2c3270_0;
    %jmp/0 T_61.3, 9;
 ; End of false expr.
    %blend;
T_61.3;
    %jmp/0 T_61.1, 8;
 ; End of false expr.
    %blend;
T_61.1;
    %assign/vec4 v000001cbfd2c3270_0, 0;
    %jmp T_61;
    .thread T_61;
    .scope S_000001cbfd2c9080;
T_62 ;
    %wait E_000001cbfd121940;
    %load/vec4 v000001cbfd2d3120_0;
    %flag_set/vec4 8;
    %jmp/0 T_62.0, 8;
    %pushi/vec4 0, 0, 1;
    %jmp/1 T_62.1, 8;
T_62.0 ; End of true expr.
    %load/vec4 v000001cbfd2d24a0_0;
    %flag_set/vec4 9;
    %jmp/0 T_62.2, 9;
    %load/vec4 v000001cbfd2c38b0_0;
    %jmp/1 T_62.3, 9;
T_62.2 ; End of true expr.
    %load/vec4 v000001cbfd2c39f0_0;
    %jmp/0 T_62.3, 9;
 ; End of false expr.
    %blend;
T_62.3;
    %jmp/0 T_62.1, 8;
 ; End of false expr.
    %blend;
T_62.1;
    %assign/vec4 v000001cbfd2c39f0_0, 0;
    %jmp T_62;
    .thread T_62;
    .scope S_000001cbfd2c93a0;
T_63 ;
    %wait E_000001cbfd121940;
    %load/vec4 v000001cbfd2d2180_0;
    %flag_set/vec4 8;
    %jmp/0 T_63.0, 8;
    %pushi/vec4 0, 0, 1;
    %jmp/1 T_63.1, 8;
T_63.0 ; End of true expr.
    %load/vec4 v000001cbfd2d3c60_0;
    %flag_set/vec4 9;
    %jmp/0 T_63.2, 9;
    %load/vec4 v000001cbfd2d4160_0;
    %jmp/1 T_63.3, 9;
T_63.2 ; End of true expr.
    %load/vec4 v000001cbfd2d4200_0;
    %jmp/0 T_63.3, 9;
 ; End of false expr.
    %blend;
T_63.3;
    %jmp/0 T_63.1, 8;
 ; End of false expr.
    %blend;
T_63.1;
    %assign/vec4 v000001cbfd2d4200_0, 0;
    %jmp T_63;
    .thread T_63;
    .scope S_000001cbfd2c8a40;
T_64 ;
    %wait E_000001cbfd121940;
    %load/vec4 v000001cbfd2d4340_0;
    %flag_set/vec4 8;
    %jmp/0 T_64.0, 8;
    %pushi/vec4 0, 0, 1;
    %jmp/1 T_64.1, 8;
T_64.0 ; End of true expr.
    %load/vec4 v000001cbfd2d2900_0;
    %flag_set/vec4 9;
    %jmp/0 T_64.2, 9;
    %load/vec4 v000001cbfd2d2860_0;
    %jmp/1 T_64.3, 9;
T_64.2 ; End of true expr.
    %load/vec4 v000001cbfd2d2f40_0;
    %jmp/0 T_64.3, 9;
 ; End of false expr.
    %blend;
T_64.3;
    %jmp/0 T_64.1, 8;
 ; End of false expr.
    %blend;
T_64.1;
    %assign/vec4 v000001cbfd2d2f40_0, 0;
    %jmp T_64;
    .thread T_64;
    .scope S_000001cbfd2f3890;
T_65 ;
    %wait E_000001cbfd121940;
    %load/vec4 v000001cbfd2d2720_0;
    %flag_set/vec4 8;
    %jmp/0 T_65.0, 8;
    %pushi/vec4 0, 0, 1;
    %jmp/1 T_65.1, 8;
T_65.0 ; End of true expr.
    %load/vec4 v000001cbfd2d3080_0;
    %flag_set/vec4 9;
    %jmp/0 T_65.2, 9;
    %load/vec4 v000001cbfd2d33a0_0;
    %jmp/1 T_65.3, 9;
T_65.2 ; End of true expr.
    %load/vec4 v000001cbfd2d2040_0;
    %jmp/0 T_65.3, 9;
 ; End of false expr.
    %blend;
T_65.3;
    %jmp/0 T_65.1, 8;
 ; End of false expr.
    %blend;
T_65.1;
    %assign/vec4 v000001cbfd2d2040_0, 0;
    %jmp T_65;
    .thread T_65;
    .scope S_000001cbfd2f22b0;
T_66 ;
    %wait E_000001cbfd121940;
    %load/vec4 v000001cbfd2d48e0_0;
    %flag_set/vec4 8;
    %jmp/0 T_66.0, 8;
    %pushi/vec4 0, 0, 1;
    %jmp/1 T_66.1, 8;
T_66.0 ; End of true expr.
    %load/vec4 v000001cbfd2d6820_0;
    %flag_set/vec4 9;
    %jmp/0 T_66.2, 9;
    %load/vec4 v000001cbfd2d39e0_0;
    %jmp/1 T_66.3, 9;
T_66.2 ; End of true expr.
    %load/vec4 v000001cbfd2d3a80_0;
    %jmp/0 T_66.3, 9;
 ; End of false expr.
    %blend;
T_66.3;
    %jmp/0 T_66.1, 8;
 ; End of false expr.
    %blend;
T_66.1;
    %assign/vec4 v000001cbfd2d3a80_0, 0;
    %jmp T_66;
    .thread T_66;
    .scope S_000001cbfd2f3700;
T_67 ;
    %wait E_000001cbfd121940;
    %load/vec4 v000001cbfd2d4ca0_0;
    %flag_set/vec4 8;
    %jmp/0 T_67.0, 8;
    %pushi/vec4 0, 0, 1;
    %jmp/1 T_67.1, 8;
T_67.0 ; End of true expr.
    %load/vec4 v000001cbfd2d5880_0;
    %flag_set/vec4 9;
    %jmp/0 T_67.2, 9;
    %load/vec4 v000001cbfd2d5100_0;
    %jmp/1 T_67.3, 9;
T_67.2 ; End of true expr.
    %load/vec4 v000001cbfd2d6320_0;
    %jmp/0 T_67.3, 9;
 ; End of false expr.
    %blend;
T_67.3;
    %jmp/0 T_67.1, 8;
 ; End of false expr.
    %blend;
T_67.1;
    %assign/vec4 v000001cbfd2d6320_0, 0;
    %jmp T_67;
    .thread T_67;
    .scope S_000001cbfd2f2c10;
T_68 ;
    %wait E_000001cbfd121940;
    %load/vec4 v000001cbfd2d4b60_0;
    %flag_set/vec4 8;
    %jmp/0 T_68.0, 8;
    %pushi/vec4 0, 0, 1;
    %jmp/1 T_68.1, 8;
T_68.0 ; End of true expr.
    %load/vec4 v000001cbfd2d6460_0;
    %flag_set/vec4 9;
    %jmp/0 T_68.2, 9;
    %load/vec4 v000001cbfd2d6a00_0;
    %jmp/1 T_68.3, 9;
T_68.2 ; End of true expr.
    %load/vec4 v000001cbfd2d6aa0_0;
    %jmp/0 T_68.3, 9;
 ; End of false expr.
    %blend;
T_68.3;
    %jmp/0 T_68.1, 8;
 ; End of false expr.
    %blend;
T_68.1;
    %assign/vec4 v000001cbfd2d6aa0_0, 0;
    %jmp T_68;
    .thread T_68;
    .scope S_000001cbfd2f3570;
T_69 ;
    %wait E_000001cbfd121940;
    %load/vec4 v000001cbfd2d5740_0;
    %flag_set/vec4 8;
    %jmp/0 T_69.0, 8;
    %pushi/vec4 0, 0, 1;
    %jmp/1 T_69.1, 8;
T_69.0 ; End of true expr.
    %load/vec4 v000001cbfd2d5ce0_0;
    %flag_set/vec4 9;
    %jmp/0 T_69.2, 9;
    %load/vec4 v000001cbfd2d4de0_0;
    %jmp/1 T_69.3, 9;
T_69.2 ; End of true expr.
    %load/vec4 v000001cbfd2d6640_0;
    %jmp/0 T_69.3, 9;
 ; End of false expr.
    %blend;
T_69.3;
    %jmp/0 T_69.1, 8;
 ; End of false expr.
    %blend;
T_69.1;
    %assign/vec4 v000001cbfd2d6640_0, 0;
    %jmp T_69;
    .thread T_69;
    .scope S_000001cbfd2f2120;
T_70 ;
    %wait E_000001cbfd121940;
    %load/vec4 v000001cbfd2d59c0_0;
    %flag_set/vec4 8;
    %jmp/0 T_70.0, 8;
    %pushi/vec4 0, 0, 1;
    %jmp/1 T_70.1, 8;
T_70.0 ; End of true expr.
    %load/vec4 v000001cbfd2d5420_0;
    %flag_set/vec4 9;
    %jmp/0 T_70.2, 9;
    %load/vec4 v000001cbfd2d51a0_0;
    %jmp/1 T_70.3, 9;
T_70.2 ; End of true expr.
    %load/vec4 v000001cbfd2d5240_0;
    %jmp/0 T_70.3, 9;
 ; End of false expr.
    %blend;
T_70.3;
    %jmp/0 T_70.1, 8;
 ; End of false expr.
    %blend;
T_70.1;
    %assign/vec4 v000001cbfd2d5240_0, 0;
    %jmp T_70;
    .thread T_70;
    .scope S_000001cbfd2f3250;
T_71 ;
    %wait E_000001cbfd121940;
    %load/vec4 v000001cbfd2d9200_0;
    %flag_set/vec4 8;
    %jmp/0 T_71.0, 8;
    %pushi/vec4 0, 0, 1;
    %jmp/1 T_71.1, 8;
T_71.0 ; End of true expr.
    %load/vec4 v000001cbfd2d7cc0_0;
    %flag_set/vec4 9;
    %jmp/0 T_71.2, 9;
    %load/vec4 v000001cbfd2d9480_0;
    %jmp/1 T_71.3, 9;
T_71.2 ; End of true expr.
    %load/vec4 v000001cbfd2d8760_0;
    %jmp/0 T_71.3, 9;
 ; End of false expr.
    %blend;
T_71.3;
    %jmp/0 T_71.1, 8;
 ; End of false expr.
    %blend;
T_71.1;
    %assign/vec4 v000001cbfd2d8760_0, 0;
    %jmp T_71;
    .thread T_71;
    .scope S_000001cbfd2f25d0;
T_72 ;
    %wait E_000001cbfd121940;
    %load/vec4 v000001cbfd2d9660_0;
    %flag_set/vec4 8;
    %jmp/0 T_72.0, 8;
    %pushi/vec4 0, 0, 1;
    %jmp/1 T_72.1, 8;
T_72.0 ; End of true expr.
    %load/vec4 v000001cbfd2d8d00_0;
    %flag_set/vec4 9;
    %jmp/0 T_72.2, 9;
    %load/vec4 v000001cbfd2d72c0_0;
    %jmp/1 T_72.3, 9;
T_72.2 ; End of true expr.
    %load/vec4 v000001cbfd2d7900_0;
    %jmp/0 T_72.3, 9;
 ; End of false expr.
    %blend;
T_72.3;
    %jmp/0 T_72.1, 8;
 ; End of false expr.
    %blend;
T_72.1;
    %assign/vec4 v000001cbfd2d7900_0, 0;
    %jmp T_72;
    .thread T_72;
    .scope S_000001cbfd2f2f30;
T_73 ;
    %wait E_000001cbfd121940;
    %load/vec4 v000001cbfd2d9700_0;
    %flag_set/vec4 8;
    %jmp/0 T_73.0, 8;
    %pushi/vec4 0, 0, 1;
    %jmp/1 T_73.1, 8;
T_73.0 ; End of true expr.
    %load/vec4 v000001cbfd2d7040_0;
    %flag_set/vec4 9;
    %jmp/0 T_73.2, 9;
    %load/vec4 v000001cbfd2d93e0_0;
    %jmp/1 T_73.3, 9;
T_73.2 ; End of true expr.
    %load/vec4 v000001cbfd2d6fa0_0;
    %jmp/0 T_73.3, 9;
 ; End of false expr.
    %blend;
T_73.3;
    %jmp/0 T_73.1, 8;
 ; End of false expr.
    %blend;
T_73.1;
    %assign/vec4 v000001cbfd2d6fa0_0, 0;
    %jmp T_73;
    .thread T_73;
    .scope S_000001cbfd2f2440;
T_74 ;
    %wait E_000001cbfd121940;
    %load/vec4 v000001cbfd2d8a80_0;
    %flag_set/vec4 8;
    %jmp/0 T_74.0, 8;
    %pushi/vec4 0, 0, 1;
    %jmp/1 T_74.1, 8;
T_74.0 ; End of true expr.
    %load/vec4 v000001cbfd2d88a0_0;
    %flag_set/vec4 9;
    %jmp/0 T_74.2, 9;
    %load/vec4 v000001cbfd2d7fe0_0;
    %jmp/1 T_74.3, 9;
T_74.2 ; End of true expr.
    %load/vec4 v000001cbfd2d8bc0_0;
    %jmp/0 T_74.3, 9;
 ; End of false expr.
    %blend;
T_74.3;
    %jmp/0 T_74.1, 8;
 ; End of false expr.
    %blend;
T_74.1;
    %assign/vec4 v000001cbfd2d8bc0_0, 0;
    %jmp T_74;
    .thread T_74;
    .scope S_000001cbfd2f8910;
T_75 ;
    %wait E_000001cbfd121940;
    %load/vec4 v000001cbfd2d8620_0;
    %flag_set/vec4 8;
    %jmp/0 T_75.0, 8;
    %pushi/vec4 0, 0, 1;
    %jmp/1 T_75.1, 8;
T_75.0 ; End of true expr.
    %load/vec4 v000001cbfd2d89e0_0;
    %flag_set/vec4 9;
    %jmp/0 T_75.2, 9;
    %load/vec4 v000001cbfd2d7400_0;
    %jmp/1 T_75.3, 9;
T_75.2 ; End of true expr.
    %load/vec4 v000001cbfd2d86c0_0;
    %jmp/0 T_75.3, 9;
 ; End of false expr.
    %blend;
T_75.3;
    %jmp/0 T_75.1, 8;
 ; End of false expr.
    %blend;
T_75.1;
    %assign/vec4 v000001cbfd2d86c0_0, 0;
    %jmp T_75;
    .thread T_75;
    .scope S_000001cbfd2f8f50;
T_76 ;
    %wait E_000001cbfd121940;
    %load/vec4 v000001cbfd2da7e0_0;
    %flag_set/vec4 8;
    %jmp/0 T_76.0, 8;
    %pushi/vec4 0, 0, 1;
    %jmp/1 T_76.1, 8;
T_76.0 ; End of true expr.
    %load/vec4 v000001cbfd2db500_0;
    %flag_set/vec4 9;
    %jmp/0 T_76.2, 9;
    %load/vec4 v000001cbfd2da920_0;
    %jmp/1 T_76.3, 9;
T_76.2 ; End of true expr.
    %load/vec4 v000001cbfd2d9840_0;
    %jmp/0 T_76.3, 9;
 ; End of false expr.
    %blend;
T_76.3;
    %jmp/0 T_76.1, 8;
 ; End of false expr.
    %blend;
T_76.1;
    %assign/vec4 v000001cbfd2d9840_0, 0;
    %jmp T_76;
    .thread T_76;
    .scope S_000001cbfd2f8aa0;
T_77 ;
    %wait E_000001cbfd121940;
    %load/vec4 v000001cbfd2da6a0_0;
    %flag_set/vec4 8;
    %jmp/0 T_77.0, 8;
    %pushi/vec4 0, 0, 1;
    %jmp/1 T_77.1, 8;
T_77.0 ; End of true expr.
    %load/vec4 v000001cbfd2dad80_0;
    %flag_set/vec4 9;
    %jmp/0 T_77.2, 9;
    %load/vec4 v000001cbfd2db820_0;
    %jmp/1 T_77.3, 9;
T_77.2 ; End of true expr.
    %load/vec4 v000001cbfd2db460_0;
    %jmp/0 T_77.3, 9;
 ; End of false expr.
    %blend;
T_77.3;
    %jmp/0 T_77.1, 8;
 ; End of false expr.
    %blend;
T_77.1;
    %assign/vec4 v000001cbfd2db460_0, 0;
    %jmp T_77;
    .thread T_77;
    .scope S_000001cbfd2f9270;
T_78 ;
    %wait E_000001cbfd121940;
    %load/vec4 v000001cbfd2dab00_0;
    %flag_set/vec4 8;
    %jmp/0 T_78.0, 8;
    %pushi/vec4 0, 0, 1;
    %jmp/1 T_78.1, 8;
T_78.0 ; End of true expr.
    %load/vec4 v000001cbfd2d9fc0_0;
    %flag_set/vec4 9;
    %jmp/0 T_78.2, 9;
    %load/vec4 v000001cbfd2d9ac0_0;
    %jmp/1 T_78.3, 9;
T_78.2 ; End of true expr.
    %load/vec4 v000001cbfd2db8c0_0;
    %jmp/0 T_78.3, 9;
 ; End of false expr.
    %blend;
T_78.3;
    %jmp/0 T_78.1, 8;
 ; End of false expr.
    %blend;
T_78.1;
    %assign/vec4 v000001cbfd2db8c0_0, 0;
    %jmp T_78;
    .thread T_78;
    .scope S_000001cbfd2f85f0;
T_79 ;
    %wait E_000001cbfd121940;
    %load/vec4 v000001cbfd2dbe60_0;
    %flag_set/vec4 8;
    %jmp/0 T_79.0, 8;
    %pushi/vec4 0, 0, 1;
    %jmp/1 T_79.1, 8;
T_79.0 ; End of true expr.
    %load/vec4 v000001cbfd2d9e80_0;
    %flag_set/vec4 9;
    %jmp/0 T_79.2, 9;
    %load/vec4 v000001cbfd2d9de0_0;
    %jmp/1 T_79.3, 9;
T_79.2 ; End of true expr.
    %load/vec4 v000001cbfd2da4c0_0;
    %jmp/0 T_79.3, 9;
 ; End of false expr.
    %blend;
T_79.3;
    %jmp/0 T_79.1, 8;
 ; End of false expr.
    %blend;
T_79.1;
    %assign/vec4 v000001cbfd2da4c0_0, 0;
    %jmp T_79;
    .thread T_79;
    .scope S_000001cbfd2f9d60;
T_80 ;
    %wait E_000001cbfd121940;
    %load/vec4 v000001cbfd2dcfe0_0;
    %flag_set/vec4 8;
    %jmp/0 T_80.0, 8;
    %pushi/vec4 0, 0, 1;
    %jmp/1 T_80.1, 8;
T_80.0 ; End of true expr.
    %load/vec4 v000001cbfd2de340_0;
    %flag_set/vec4 9;
    %jmp/0 T_80.2, 9;
    %load/vec4 v000001cbfd2ddc60_0;
    %jmp/1 T_80.3, 9;
T_80.2 ; End of true expr.
    %load/vec4 v000001cbfd2dd760_0;
    %jmp/0 T_80.3, 9;
 ; End of false expr.
    %blend;
T_80.3;
    %jmp/0 T_80.1, 8;
 ; End of false expr.
    %blend;
T_80.1;
    %assign/vec4 v000001cbfd2dd760_0, 0;
    %jmp T_80;
    .thread T_80;
    .scope S_000001cbfd2f8460;
T_81 ;
    %wait E_000001cbfd121940;
    %load/vec4 v000001cbfd2dc860_0;
    %flag_set/vec4 8;
    %jmp/0 T_81.0, 8;
    %pushi/vec4 0, 0, 1;
    %jmp/1 T_81.1, 8;
T_81.0 ; End of true expr.
    %load/vec4 v000001cbfd2dd120_0;
    %flag_set/vec4 9;
    %jmp/0 T_81.2, 9;
    %load/vec4 v000001cbfd2dc2c0_0;
    %jmp/1 T_81.3, 9;
T_81.2 ; End of true expr.
    %load/vec4 v000001cbfd2dc4a0_0;
    %jmp/0 T_81.3, 9;
 ; End of false expr.
    %blend;
T_81.3;
    %jmp/0 T_81.1, 8;
 ; End of false expr.
    %blend;
T_81.1;
    %assign/vec4 v000001cbfd2dc4a0_0, 0;
    %jmp T_81;
    .thread T_81;
    .scope S_000001cbfd2f8c30;
T_82 ;
    %wait E_000001cbfd121940;
    %load/vec4 v000001cbfd2dcea0_0;
    %flag_set/vec4 8;
    %jmp/0 T_82.0, 8;
    %pushi/vec4 0, 0, 1;
    %jmp/1 T_82.1, 8;
T_82.0 ; End of true expr.
    %load/vec4 v000001cbfd2dd3a0_0;
    %flag_set/vec4 9;
    %jmp/0 T_82.2, 9;
    %load/vec4 v000001cbfd2dd440_0;
    %jmp/1 T_82.3, 9;
T_82.2 ; End of true expr.
    %load/vec4 v000001cbfd2de200_0;
    %jmp/0 T_82.3, 9;
 ; End of false expr.
    %blend;
T_82.3;
    %jmp/0 T_82.1, 8;
 ; End of false expr.
    %blend;
T_82.1;
    %assign/vec4 v000001cbfd2de200_0, 0;
    %jmp T_82;
    .thread T_82;
    .scope S_000001cbfd2f8dc0;
T_83 ;
    %wait E_000001cbfd121940;
    %load/vec4 v000001cbfd2dc180_0;
    %flag_set/vec4 8;
    %jmp/0 T_83.0, 8;
    %pushi/vec4 0, 0, 1;
    %jmp/1 T_83.1, 8;
T_83.0 ; End of true expr.
    %load/vec4 v000001cbfd2dcf40_0;
    %flag_set/vec4 9;
    %jmp/0 T_83.2, 9;
    %load/vec4 v000001cbfd2dd620_0;
    %jmp/1 T_83.3, 9;
T_83.2 ; End of true expr.
    %load/vec4 v000001cbfd2dd580_0;
    %jmp/0 T_83.3, 9;
 ; End of false expr.
    %blend;
T_83.3;
    %jmp/0 T_83.1, 8;
 ; End of false expr.
    %blend;
T_83.1;
    %assign/vec4 v000001cbfd2dd580_0, 0;
    %jmp T_83;
    .thread T_83;
    .scope S_000001cbfd2f9bd0;
T_84 ;
    %wait E_000001cbfd121940;
    %load/vec4 v000001cbfd2e0320_0;
    %flag_set/vec4 8;
    %jmp/0 T_84.0, 8;
    %pushi/vec4 0, 0, 1;
    %jmp/1 T_84.1, 8;
T_84.0 ; End of true expr.
    %load/vec4 v000001cbfd2df4c0_0;
    %flag_set/vec4 9;
    %jmp/0 T_84.2, 9;
    %load/vec4 v000001cbfd2df7e0_0;
    %jmp/1 T_84.3, 9;
T_84.2 ; End of true expr.
    %load/vec4 v000001cbfd2e08c0_0;
    %jmp/0 T_84.3, 9;
 ; End of false expr.
    %blend;
T_84.3;
    %jmp/0 T_84.1, 8;
 ; End of false expr.
    %blend;
T_84.1;
    %assign/vec4 v000001cbfd2e08c0_0, 0;
    %jmp T_84;
    .thread T_84;
    .scope S_000001cbfd2f9fc0;
T_85 ;
    %wait E_000001cbfd121940;
    %load/vec4 v000001cbfd2e0960_0;
    %flag_set/vec4 8;
    %jmp/0 T_85.0, 8;
    %pushi/vec4 0, 0, 1;
    %jmp/1 T_85.1, 8;
T_85.0 ; End of true expr.
    %load/vec4 v000001cbfd2e0780_0;
    %flag_set/vec4 9;
    %jmp/0 T_85.2, 9;
    %load/vec4 v000001cbfd2df6a0_0;
    %jmp/1 T_85.3, 9;
T_85.2 ; End of true expr.
    %load/vec4 v000001cbfd2dfe20_0;
    %jmp/0 T_85.3, 9;
 ; End of false expr.
    %blend;
T_85.3;
    %jmp/0 T_85.1, 8;
 ; End of false expr.
    %blend;
T_85.1;
    %assign/vec4 v000001cbfd2dfe20_0, 0;
    %jmp T_85;
    .thread T_85;
    .scope S_000001cbfd2fa2e0;
T_86 ;
    %wait E_000001cbfd121940;
    %load/vec4 v000001cbfd2e0c80_0;
    %flag_set/vec4 8;
    %jmp/0 T_86.0, 8;
    %pushi/vec4 0, 0, 1;
    %jmp/1 T_86.1, 8;
T_86.0 ; End of true expr.
    %load/vec4 v000001cbfd2df560_0;
    %flag_set/vec4 9;
    %jmp/0 T_86.2, 9;
    %load/vec4 v000001cbfd2e0aa0_0;
    %jmp/1 T_86.3, 9;
T_86.2 ; End of true expr.
    %load/vec4 v000001cbfd2e0be0_0;
    %jmp/0 T_86.3, 9;
 ; End of false expr.
    %blend;
T_86.3;
    %jmp/0 T_86.1, 8;
 ; End of false expr.
    %blend;
T_86.1;
    %assign/vec4 v000001cbfd2e0be0_0, 0;
    %jmp T_86;
    .thread T_86;
    .scope S_000001cbfd2faab0;
T_87 ;
    %wait E_000001cbfd121940;
    %load/vec4 v000001cbfd2df420_0;
    %flag_set/vec4 8;
    %jmp/0 T_87.0, 8;
    %pushi/vec4 0, 0, 1;
    %jmp/1 T_87.1, 8;
T_87.0 ; End of true expr.
    %load/vec4 v000001cbfd2dea20_0;
    %flag_set/vec4 9;
    %jmp/0 T_87.2, 9;
    %load/vec4 v000001cbfd2dfec0_0;
    %jmp/1 T_87.3, 9;
T_87.2 ; End of true expr.
    %load/vec4 v000001cbfd2dee80_0;
    %jmp/0 T_87.3, 9;
 ; End of false expr.
    %blend;
T_87.3;
    %jmp/0 T_87.1, 8;
 ; End of false expr.
    %blend;
T_87.1;
    %assign/vec4 v000001cbfd2dee80_0, 0;
    %jmp T_87;
    .thread T_87;
    .scope S_000001cbfd2fa600;
T_88 ;
    %wait E_000001cbfd121940;
    %load/vec4 v000001cbfd2df060_0;
    %flag_set/vec4 8;
    %jmp/0 T_88.0, 8;
    %pushi/vec4 0, 0, 1;
    %jmp/1 T_88.1, 8;
T_88.0 ; End of true expr.
    %load/vec4 v000001cbfd2dfba0_0;
    %flag_set/vec4 9;
    %jmp/0 T_88.2, 9;
    %load/vec4 v000001cbfd2def20_0;
    %jmp/1 T_88.3, 9;
T_88.2 ; End of true expr.
    %load/vec4 v000001cbfd2df740_0;
    %jmp/0 T_88.3, 9;
 ; End of false expr.
    %blend;
T_88.3;
    %jmp/0 T_88.1, 8;
 ; End of false expr.
    %blend;
T_88.1;
    %assign/vec4 v000001cbfd2df740_0, 0;
    %jmp T_88;
    .thread T_88;
    .scope S_000001cbfd2fb410;
T_89 ;
    %wait E_000001cbfd121940;
    %load/vec4 v000001cbfd2e1540_0;
    %flag_set/vec4 8;
    %jmp/0 T_89.0, 8;
    %pushi/vec4 0, 0, 1;
    %jmp/1 T_89.1, 8;
T_89.0 ; End of true expr.
    %load/vec4 v000001cbfd2e12c0_0;
    %flag_set/vec4 9;
    %jmp/0 T_89.2, 9;
    %load/vec4 v000001cbfd2e1ae0_0;
    %jmp/1 T_89.3, 9;
T_89.2 ; End of true expr.
    %load/vec4 v000001cbfd2e1c20_0;
    %jmp/0 T_89.3, 9;
 ; End of false expr.
    %blend;
T_89.3;
    %jmp/0 T_89.1, 8;
 ; End of false expr.
    %blend;
T_89.1;
    %assign/vec4 v000001cbfd2e1c20_0, 0;
    %jmp T_89;
    .thread T_89;
    .scope S_000001cbfd2fa790;
T_90 ;
    %wait E_000001cbfd121940;
    %load/vec4 v000001cbfd2feb20_0;
    %flag_set/vec4 8;
    %jmp/0 T_90.0, 8;
    %pushi/vec4 0, 0, 1;
    %jmp/1 T_90.1, 8;
T_90.0 ; End of true expr.
    %load/vec4 v000001cbfd300a60_0;
    %flag_set/vec4 9;
    %jmp/0 T_90.2, 9;
    %load/vec4 v000001cbfd2e1220_0;
    %jmp/1 T_90.3, 9;
T_90.2 ; End of true expr.
    %load/vec4 v000001cbfd2e1400_0;
    %jmp/0 T_90.3, 9;
 ; End of false expr.
    %blend;
T_90.3;
    %jmp/0 T_90.1, 8;
 ; End of false expr.
    %blend;
T_90.1;
    %assign/vec4 v000001cbfd2e1400_0, 0;
    %jmp T_90;
    .thread T_90;
    .scope S_000001cbfd2fa920;
T_91 ;
    %wait E_000001cbfd121940;
    %load/vec4 v000001cbfd2fe800_0;
    %flag_set/vec4 8;
    %jmp/0 T_91.0, 8;
    %pushi/vec4 0, 0, 1;
    %jmp/1 T_91.1, 8;
T_91.0 ; End of true expr.
    %load/vec4 v000001cbfd2ff160_0;
    %flag_set/vec4 9;
    %jmp/0 T_91.2, 9;
    %load/vec4 v000001cbfd2fea80_0;
    %jmp/1 T_91.3, 9;
T_91.2 ; End of true expr.
    %load/vec4 v000001cbfd300c40_0;
    %jmp/0 T_91.3, 9;
 ; End of false expr.
    %blend;
T_91.3;
    %jmp/0 T_91.1, 8;
 ; End of false expr.
    %blend;
T_91.1;
    %assign/vec4 v000001cbfd300c40_0, 0;
    %jmp T_91;
    .thread T_91;
    .scope S_000001cbfd2faf60;
T_92 ;
    %wait E_000001cbfd121940;
    %load/vec4 v000001cbfd300560_0;
    %flag_set/vec4 8;
    %jmp/0 T_92.0, 8;
    %pushi/vec4 0, 0, 1;
    %jmp/1 T_92.1, 8;
T_92.0 ; End of true expr.
    %load/vec4 v000001cbfd3007e0_0;
    %flag_set/vec4 9;
    %jmp/0 T_92.2, 9;
    %load/vec4 v000001cbfd2fec60_0;
    %jmp/1 T_92.3, 9;
T_92.2 ; End of true expr.
    %load/vec4 v000001cbfd2ff700_0;
    %jmp/0 T_92.3, 9;
 ; End of false expr.
    %blend;
T_92.3;
    %jmp/0 T_92.1, 8;
 ; End of false expr.
    %blend;
T_92.1;
    %assign/vec4 v000001cbfd2ff700_0, 0;
    %jmp T_92;
    .thread T_92;
    .scope S_000001cbfd2fb8c0;
T_93 ;
    %wait E_000001cbfd121940;
    %load/vec4 v000001cbfd300e20_0;
    %flag_set/vec4 8;
    %jmp/0 T_93.0, 8;
    %pushi/vec4 0, 0, 1;
    %jmp/1 T_93.1, 8;
T_93.0 ; End of true expr.
    %load/vec4 v000001cbfd2fff20_0;
    %flag_set/vec4 9;
    %jmp/0 T_93.2, 9;
    %load/vec4 v000001cbfd2fee40_0;
    %jmp/1 T_93.3, 9;
T_93.2 ; End of true expr.
    %load/vec4 v000001cbfd300d80_0;
    %jmp/0 T_93.3, 9;
 ; End of false expr.
    %blend;
T_93.3;
    %jmp/0 T_93.1, 8;
 ; End of false expr.
    %blend;
T_93.1;
    %assign/vec4 v000001cbfd300d80_0, 0;
    %jmp T_93;
    .thread T_93;
    .scope S_000001cbfd2fbd70;
T_94 ;
    %wait E_000001cbfd121940;
    %load/vec4 v000001cbfd2ffde0_0;
    %flag_set/vec4 8;
    %jmp/0 T_94.0, 8;
    %pushi/vec4 0, 0, 1;
    %jmp/1 T_94.1, 8;
T_94.0 ; End of true expr.
    %load/vec4 v000001cbfd2ff660_0;
    %flag_set/vec4 9;
    %jmp/0 T_94.2, 9;
    %load/vec4 v000001cbfd2ff480_0;
    %jmp/1 T_94.3, 9;
T_94.2 ; End of true expr.
    %load/vec4 v000001cbfd3001a0_0;
    %jmp/0 T_94.3, 9;
 ; End of false expr.
    %blend;
T_94.3;
    %jmp/0 T_94.1, 8;
 ; End of false expr.
    %blend;
T_94.1;
    %assign/vec4 v000001cbfd3001a0_0, 0;
    %jmp T_94;
    .thread T_94;
    .scope S_000001cbfd30f690;
T_95 ;
    %wait E_000001cbfd121940;
    %load/vec4 v000001cbfd302cc0_0;
    %flag_set/vec4 8;
    %jmp/0 T_95.0, 8;
    %pushi/vec4 0, 0, 1;
    %jmp/1 T_95.1, 8;
T_95.0 ; End of true expr.
    %load/vec4 v000001cbfd302540_0;
    %flag_set/vec4 9;
    %jmp/0 T_95.2, 9;
    %load/vec4 v000001cbfd301500_0;
    %jmp/1 T_95.3, 9;
T_95.2 ; End of true expr.
    %load/vec4 v000001cbfd302f40_0;
    %jmp/0 T_95.3, 9;
 ; End of false expr.
    %blend;
T_95.3;
    %jmp/0 T_95.1, 8;
 ; End of false expr.
    %blend;
T_95.1;
    %assign/vec4 v000001cbfd302f40_0, 0;
    %jmp T_95;
    .thread T_95;
    .scope S_000001cbfd30f820;
T_96 ;
    %wait E_000001cbfd121940;
    %load/vec4 v000001cbfd301be0_0;
    %flag_set/vec4 8;
    %jmp/0 T_96.0, 8;
    %pushi/vec4 0, 0, 1;
    %jmp/1 T_96.1, 8;
T_96.0 ; End of true expr.
    %load/vec4 v000001cbfd303120_0;
    %flag_set/vec4 9;
    %jmp/0 T_96.2, 9;
    %load/vec4 v000001cbfd301b40_0;
    %jmp/1 T_96.3, 9;
T_96.2 ; End of true expr.
    %load/vec4 v000001cbfd3029a0_0;
    %jmp/0 T_96.3, 9;
 ; End of false expr.
    %blend;
T_96.3;
    %jmp/0 T_96.1, 8;
 ; End of false expr.
    %blend;
T_96.1;
    %assign/vec4 v000001cbfd3029a0_0, 0;
    %jmp T_96;
    .thread T_96;
    .scope S_000001cbfd30dd90;
T_97 ;
    %wait E_000001cbfd121940;
    %load/vec4 v000001cbfd302a40_0;
    %flag_set/vec4 8;
    %jmp/0 T_97.0, 8;
    %pushi/vec4 0, 0, 1;
    %jmp/1 T_97.1, 8;
T_97.0 ; End of true expr.
    %load/vec4 v000001cbfd303440_0;
    %flag_set/vec4 9;
    %jmp/0 T_97.2, 9;
    %load/vec4 v000001cbfd3010a0_0;
    %jmp/1 T_97.3, 9;
T_97.2 ; End of true expr.
    %load/vec4 v000001cbfd303080_0;
    %jmp/0 T_97.3, 9;
 ; End of false expr.
    %blend;
T_97.3;
    %jmp/0 T_97.1, 8;
 ; End of false expr.
    %blend;
T_97.1;
    %assign/vec4 v000001cbfd303080_0, 0;
    %jmp T_97;
    .thread T_97;
    .scope S_000001cbfd30df20;
T_98 ;
    %wait E_000001cbfd121940;
    %load/vec4 v000001cbfd303760_0;
    %flag_set/vec4 8;
    %jmp/0 T_98.0, 8;
    %pushi/vec4 0, 0, 1;
    %jmp/1 T_98.1, 8;
T_98.0 ; End of true expr.
    %load/vec4 v000001cbfd302220_0;
    %flag_set/vec4 9;
    %jmp/0 T_98.2, 9;
    %load/vec4 v000001cbfd303620_0;
    %jmp/1 T_98.3, 9;
T_98.2 ; End of true expr.
    %load/vec4 v000001cbfd3036c0_0;
    %jmp/0 T_98.3, 9;
 ; End of false expr.
    %blend;
T_98.3;
    %jmp/0 T_98.1, 8;
 ; End of false expr.
    %blend;
T_98.1;
    %assign/vec4 v000001cbfd3036c0_0, 0;
    %jmp T_98;
    .thread T_98;
    .scope S_000001cbfd30f050;
T_99 ;
    %wait E_000001cbfd121940;
    %load/vec4 v000001cbfd304520_0;
    %flag_set/vec4 8;
    %jmp/0 T_99.0, 8;
    %pushi/vec4 0, 0, 1;
    %jmp/1 T_99.1, 8;
T_99.0 ; End of true expr.
    %load/vec4 v000001cbfd305880_0;
    %flag_set/vec4 9;
    %jmp/0 T_99.2, 9;
    %load/vec4 v000001cbfd304ac0_0;
    %jmp/1 T_99.3, 9;
T_99.2 ; End of true expr.
    %load/vec4 v000001cbfd305ba0_0;
    %jmp/0 T_99.3, 9;
 ; End of false expr.
    %blend;
T_99.3;
    %jmp/0 T_99.1, 8;
 ; End of false expr.
    %blend;
T_99.1;
    %assign/vec4 v000001cbfd305ba0_0, 0;
    %jmp T_99;
    .thread T_99;
    .scope S_000001cbfd30dc00;
T_100 ;
    %wait E_000001cbfd121940;
    %load/vec4 v000001cbfd303da0_0;
    %flag_set/vec4 8;
    %jmp/0 T_100.0, 8;
    %pushi/vec4 0, 0, 1;
    %jmp/1 T_100.1, 8;
T_100.0 ; End of true expr.
    %load/vec4 v000001cbfd3048e0_0;
    %flag_set/vec4 9;
    %jmp/0 T_100.2, 9;
    %load/vec4 v000001cbfd304c00_0;
    %jmp/1 T_100.3, 9;
T_100.2 ; End of true expr.
    %load/vec4 v000001cbfd305e20_0;
    %jmp/0 T_100.3, 9;
 ; End of false expr.
    %blend;
T_100.3;
    %jmp/0 T_100.1, 8;
 ; End of false expr.
    %blend;
T_100.1;
    %assign/vec4 v000001cbfd305e20_0, 0;
    %jmp T_100;
    .thread T_100;
    .scope S_000001cbfd30f500;
T_101 ;
    %wait E_000001cbfd121940;
    %load/vec4 v000001cbfd303ee0_0;
    %flag_set/vec4 8;
    %jmp/0 T_101.0, 8;
    %pushi/vec4 0, 0, 1;
    %jmp/1 T_101.1, 8;
T_101.0 ; End of true expr.
    %load/vec4 v000001cbfd304b60_0;
    %flag_set/vec4 9;
    %jmp/0 T_101.2, 9;
    %load/vec4 v000001cbfd305600_0;
    %jmp/1 T_101.3, 9;
T_101.2 ; End of true expr.
    %load/vec4 v000001cbfd3043e0_0;
    %jmp/0 T_101.3, 9;
 ; End of false expr.
    %blend;
T_101.3;
    %jmp/0 T_101.1, 8;
 ; End of false expr.
    %blend;
T_101.1;
    %assign/vec4 v000001cbfd3043e0_0, 0;
    %jmp T_101;
    .thread T_101;
    .scope S_000001cbfd30c620;
T_102 ;
    %wait E_000001cbfd121940;
    %load/vec4 v000001cbfd304160_0;
    %flag_set/vec4 8;
    %jmp/0 T_102.0, 8;
    %pushi/vec4 0, 0, 1;
    %jmp/1 T_102.1, 8;
T_102.0 ; End of true expr.
    %load/vec4 v000001cbfd304480_0;
    %flag_set/vec4 9;
    %jmp/0 T_102.2, 9;
    %load/vec4 v000001cbfd305240_0;
    %jmp/1 T_102.3, 9;
T_102.2 ; End of true expr.
    %load/vec4 v000001cbfd304ca0_0;
    %jmp/0 T_102.3, 9;
 ; End of false expr.
    %blend;
T_102.3;
    %jmp/0 T_102.1, 8;
 ; End of false expr.
    %blend;
T_102.1;
    %assign/vec4 v000001cbfd304ca0_0, 0;
    %jmp T_102;
    .thread T_102;
    .scope S_000001cbfd30cdf0;
T_103 ;
    %wait E_000001cbfd121940;
    %load/vec4 v000001cbfd305920_0;
    %flag_set/vec4 8;
    %jmp/0 T_103.0, 8;
    %pushi/vec4 0, 0, 1;
    %jmp/1 T_103.1, 8;
T_103.0 ; End of true expr.
    %load/vec4 v000001cbfd305b00_0;
    %flag_set/vec4 9;
    %jmp/0 T_103.2, 9;
    %load/vec4 v000001cbfd305060_0;
    %jmp/1 T_103.3, 9;
T_103.2 ; End of true expr.
    %load/vec4 v000001cbfd3052e0_0;
    %jmp/0 T_103.3, 9;
 ; End of false expr.
    %blend;
T_103.3;
    %jmp/0 T_103.1, 8;
 ; End of false expr.
    %blend;
T_103.1;
    %assign/vec4 v000001cbfd3052e0_0, 0;
    %jmp T_103;
    .thread T_103;
    .scope S_000001cbfd30d750;
T_104 ;
    %wait E_000001cbfd121940;
    %load/vec4 v000001cbfd308120_0;
    %flag_set/vec4 8;
    %jmp/0 T_104.0, 8;
    %pushi/vec4 0, 0, 1;
    %jmp/1 T_104.1, 8;
T_104.0 ; End of true expr.
    %load/vec4 v000001cbfd3065a0_0;
    %flag_set/vec4 9;
    %jmp/0 T_104.2, 9;
    %load/vec4 v000001cbfd3083a0_0;
    %jmp/1 T_104.3, 9;
T_104.2 ; End of true expr.
    %load/vec4 v000001cbfd306d20_0;
    %jmp/0 T_104.3, 9;
 ; End of false expr.
    %blend;
T_104.3;
    %jmp/0 T_104.1, 8;
 ; End of false expr.
    %blend;
T_104.1;
    %assign/vec4 v000001cbfd306d20_0, 0;
    %jmp T_104;
    .thread T_104;
    .scope S_000001cbfd30d2a0;
T_105 ;
    %wait E_000001cbfd121940;
    %load/vec4 v000001cbfd3084e0_0;
    %flag_set/vec4 8;
    %jmp/0 T_105.0, 8;
    %pushi/vec4 0, 0, 1;
    %jmp/1 T_105.1, 8;
T_105.0 ; End of true expr.
    %load/vec4 v000001cbfd306640_0;
    %flag_set/vec4 9;
    %jmp/0 T_105.2, 9;
    %load/vec4 v000001cbfd306f00_0;
    %jmp/1 T_105.3, 9;
T_105.2 ; End of true expr.
    %load/vec4 v000001cbfd306dc0_0;
    %jmp/0 T_105.3, 9;
 ; End of false expr.
    %blend;
T_105.3;
    %jmp/0 T_105.1, 8;
 ; End of false expr.
    %blend;
T_105.1;
    %assign/vec4 v000001cbfd306dc0_0, 0;
    %jmp T_105;
    .thread T_105;
    .scope S_000001cbfd30f9b0;
T_106 ;
    %wait E_000001cbfd121940;
    %load/vec4 v000001cbfd306000_0;
    %flag_set/vec4 8;
    %jmp/0 T_106.0, 8;
    %pushi/vec4 0, 0, 1;
    %jmp/1 T_106.1, 8;
T_106.0 ; End of true expr.
    %load/vec4 v000001cbfd3060a0_0;
    %flag_set/vec4 9;
    %jmp/0 T_106.2, 9;
    %load/vec4 v000001cbfd306fa0_0;
    %jmp/1 T_106.3, 9;
T_106.2 ; End of true expr.
    %load/vec4 v000001cbfd307f40_0;
    %jmp/0 T_106.3, 9;
 ; End of false expr.
    %blend;
T_106.3;
    %jmp/0 T_106.1, 8;
 ; End of false expr.
    %blend;
T_106.1;
    %assign/vec4 v000001cbfd307f40_0, 0;
    %jmp T_106;
    .thread T_106;
    .scope S_000001cbfd30d5c0;
T_107 ;
    %wait E_000001cbfd121940;
    %load/vec4 v000001cbfd3075e0_0;
    %flag_set/vec4 8;
    %jmp/0 T_107.0, 8;
    %pushi/vec4 0, 0, 1;
    %jmp/1 T_107.1, 8;
T_107.0 ; End of true expr.
    %load/vec4 v000001cbfd307720_0;
    %flag_set/vec4 9;
    %jmp/0 T_107.2, 9;
    %load/vec4 v000001cbfd307400_0;
    %jmp/1 T_107.3, 9;
T_107.2 ; End of true expr.
    %load/vec4 v000001cbfd307540_0;
    %jmp/0 T_107.3, 9;
 ; End of false expr.
    %blend;
T_107.3;
    %jmp/0 T_107.1, 8;
 ; End of false expr.
    %blend;
T_107.1;
    %assign/vec4 v000001cbfd307540_0, 0;
    %jmp T_107;
    .thread T_107;
    .scope S_000001cbfd30da70;
T_108 ;
    %wait E_000001cbfd121940;
    %load/vec4 v000001cbfd308f80_0;
    %flag_set/vec4 8;
    %jmp/0 T_108.0, 8;
    %pushi/vec4 0, 0, 1;
    %jmp/1 T_108.1, 8;
T_108.0 ; End of true expr.
    %load/vec4 v000001cbfd308d00_0;
    %flag_set/vec4 9;
    %jmp/0 T_108.2, 9;
    %load/vec4 v000001cbfd309f20_0;
    %jmp/1 T_108.3, 9;
T_108.2 ; End of true expr.
    %load/vec4 v000001cbfd309fc0_0;
    %jmp/0 T_108.3, 9;
 ; End of false expr.
    %blend;
T_108.3;
    %jmp/0 T_108.1, 8;
 ; End of false expr.
    %blend;
T_108.1;
    %assign/vec4 v000001cbfd309fc0_0, 0;
    %jmp T_108;
    .thread T_108;
    .scope S_000001cbfd30e240;
T_109 ;
    %wait E_000001cbfd121940;
    %load/vec4 v000001cbfd3088a0_0;
    %flag_set/vec4 8;
    %jmp/0 T_109.0, 8;
    %pushi/vec4 0, 0, 1;
    %jmp/1 T_109.1, 8;
T_109.0 ; End of true expr.
    %load/vec4 v000001cbfd30a100_0;
    %flag_set/vec4 9;
    %jmp/0 T_109.2, 9;
    %load/vec4 v000001cbfd30aba0_0;
    %jmp/1 T_109.3, 9;
T_109.2 ; End of true expr.
    %load/vec4 v000001cbfd308b20_0;
    %jmp/0 T_109.3, 9;
 ; End of false expr.
    %blend;
T_109.3;
    %jmp/0 T_109.1, 8;
 ; End of false expr.
    %blend;
T_109.1;
    %assign/vec4 v000001cbfd308b20_0, 0;
    %jmp T_109;
    .thread T_109;
    .scope S_000001cbfd30e3d0;
T_110 ;
    %wait E_000001cbfd121940;
    %load/vec4 v000001cbfd308bc0_0;
    %flag_set/vec4 8;
    %jmp/0 T_110.0, 8;
    %pushi/vec4 0, 0, 1;
    %jmp/1 T_110.1, 8;
T_110.0 ; End of true expr.
    %load/vec4 v000001cbfd308e40_0;
    %flag_set/vec4 9;
    %jmp/0 T_110.2, 9;
    %load/vec4 v000001cbfd30ac40_0;
    %jmp/1 T_110.3, 9;
T_110.2 ; End of true expr.
    %load/vec4 v000001cbfd309340_0;
    %jmp/0 T_110.3, 9;
 ; End of false expr.
    %blend;
T_110.3;
    %jmp/0 T_110.1, 8;
 ; End of false expr.
    %blend;
T_110.1;
    %assign/vec4 v000001cbfd309340_0, 0;
    %jmp T_110;
    .thread T_110;
    .scope S_000001cbfd30e560;
T_111 ;
    %wait E_000001cbfd121940;
    %load/vec4 v000001cbfd30ae20_0;
    %flag_set/vec4 8;
    %jmp/0 T_111.0, 8;
    %pushi/vec4 0, 0, 1;
    %jmp/1 T_111.1, 8;
T_111.0 ; End of true expr.
    %load/vec4 v000001cbfd309160_0;
    %flag_set/vec4 9;
    %jmp/0 T_111.2, 9;
    %load/vec4 v000001cbfd308ee0_0;
    %jmp/1 T_111.3, 9;
T_111.2 ; End of true expr.
    %load/vec4 v000001cbfd3090c0_0;
    %jmp/0 T_111.3, 9;
 ; End of false expr.
    %blend;
T_111.3;
    %jmp/0 T_111.1, 8;
 ; End of false expr.
    %blend;
T_111.1;
    %assign/vec4 v000001cbfd3090c0_0, 0;
    %jmp T_111;
    .thread T_111;
    .scope S_000001cbfd30fcd0;
T_112 ;
    %wait E_000001cbfd121940;
    %load/vec4 v000001cbfd30bdc0_0;
    %flag_set/vec4 8;
    %jmp/0 T_112.0, 8;
    %pushi/vec4 0, 0, 1;
    %jmp/1 T_112.1, 8;
T_112.0 ; End of true expr.
    %load/vec4 v000001cbfd30b1e0_0;
    %flag_set/vec4 9;
    %jmp/0 T_112.2, 9;
    %load/vec4 v000001cbfd30b5a0_0;
    %jmp/1 T_112.3, 9;
T_112.2 ; End of true expr.
    %load/vec4 v000001cbfd30b500_0;
    %jmp/0 T_112.3, 9;
 ; End of false expr.
    %blend;
T_112.3;
    %jmp/0 T_112.1, 8;
 ; End of false expr.
    %blend;
T_112.1;
    %assign/vec4 v000001cbfd30b500_0, 0;
    %jmp T_112;
    .thread T_112;
    .scope S_000001cbfd30eec0;
T_113 ;
    %wait E_000001cbfd121940;
    %load/vec4 v000001cbfd30b000_0;
    %flag_set/vec4 8;
    %jmp/0 T_113.0, 8;
    %pushi/vec4 0, 0, 1;
    %jmp/1 T_113.1, 8;
T_113.0 ; End of true expr.
    %load/vec4 v000001cbfd30bd20_0;
    %flag_set/vec4 9;
    %jmp/0 T_113.2, 9;
    %load/vec4 v000001cbfd30b820_0;
    %jmp/1 T_113.3, 9;
T_113.2 ; End of true expr.
    %load/vec4 v000001cbfd30b8c0_0;
    %jmp/0 T_113.3, 9;
 ; End of false expr.
    %blend;
T_113.3;
    %jmp/0 T_113.1, 8;
 ; End of false expr.
    %blend;
T_113.1;
    %assign/vec4 v000001cbfd30b8c0_0, 0;
    %jmp T_113;
    .thread T_113;
    .scope S_000001cbfd3151c0;
T_114 ;
    %wait E_000001cbfd121940;
    %load/vec4 v000001cbfd2fd680_0;
    %flag_set/vec4 8;
    %jmp/0 T_114.0, 8;
    %pushi/vec4 0, 0, 1;
    %jmp/1 T_114.1, 8;
T_114.0 ; End of true expr.
    %load/vec4 v000001cbfd2fcaa0_0;
    %flag_set/vec4 9;
    %jmp/0 T_114.2, 9;
    %load/vec4 v000001cbfd2fc1e0_0;
    %jmp/1 T_114.3, 9;
T_114.2 ; End of true expr.
    %load/vec4 v000001cbfd2fc140_0;
    %jmp/0 T_114.3, 9;
 ; End of false expr.
    %blend;
T_114.3;
    %jmp/0 T_114.1, 8;
 ; End of false expr.
    %blend;
T_114.1;
    %assign/vec4 v000001cbfd2fc140_0, 0;
    %jmp T_114;
    .thread T_114;
    .scope S_000001cbfd313a50;
T_115 ;
    %wait E_000001cbfd121940;
    %load/vec4 v000001cbfd2fe760_0;
    %flag_set/vec4 8;
    %jmp/0 T_115.0, 8;
    %pushi/vec4 0, 0, 1;
    %jmp/1 T_115.1, 8;
T_115.0 ; End of true expr.
    %load/vec4 v000001cbfd2fe6c0_0;
    %flag_set/vec4 9;
    %jmp/0 T_115.2, 9;
    %load/vec4 v000001cbfd2fe3a0_0;
    %jmp/1 T_115.3, 9;
T_115.2 ; End of true expr.
    %load/vec4 v000001cbfd2fc000_0;
    %jmp/0 T_115.3, 9;
 ; End of false expr.
    %blend;
T_115.3;
    %jmp/0 T_115.1, 8;
 ; End of false expr.
    %blend;
T_115.1;
    %assign/vec4 v000001cbfd2fc000_0, 0;
    %jmp T_115;
    .thread T_115;
    .scope S_000001cbfd313410;
T_116 ;
    %wait E_000001cbfd121940;
    %load/vec4 v000001cbfd2fd9a0_0;
    %flag_set/vec4 8;
    %jmp/0 T_116.0, 8;
    %pushi/vec4 0, 0, 1;
    %jmp/1 T_116.1, 8;
T_116.0 ; End of true expr.
    %load/vec4 v000001cbfd2fc6e0_0;
    %flag_set/vec4 9;
    %jmp/0 T_116.2, 9;
    %load/vec4 v000001cbfd2fe080_0;
    %jmp/1 T_116.3, 9;
T_116.2 ; End of true expr.
    %load/vec4 v000001cbfd2fdf40_0;
    %jmp/0 T_116.3, 9;
 ; End of false expr.
    %blend;
T_116.3;
    %jmp/0 T_116.1, 8;
 ; End of false expr.
    %blend;
T_116.1;
    %assign/vec4 v000001cbfd2fdf40_0, 0;
    %jmp T_116;
    .thread T_116;
    .scope S_000001cbfd314860;
T_117 ;
    %wait E_000001cbfd121940;
    %load/vec4 v000001cbfd2fe300_0;
    %flag_set/vec4 8;
    %jmp/0 T_117.0, 8;
    %pushi/vec4 0, 0, 1;
    %jmp/1 T_117.1, 8;
T_117.0 ; End of true expr.
    %load/vec4 v000001cbfd2fc460_0;
    %flag_set/vec4 9;
    %jmp/0 T_117.2, 9;
    %load/vec4 v000001cbfd2fdae0_0;
    %jmp/1 T_117.3, 9;
T_117.2 ; End of true expr.
    %load/vec4 v000001cbfd2fe1c0_0;
    %jmp/0 T_117.3, 9;
 ; End of false expr.
    %blend;
T_117.3;
    %jmp/0 T_117.1, 8;
 ; End of false expr.
    %blend;
T_117.1;
    %assign/vec4 v000001cbfd2fe1c0_0, 0;
    %jmp T_117;
    .thread T_117;
    .scope S_000001cbfd3138c0;
T_118 ;
    %wait E_000001cbfd121940;
    %load/vec4 v000001cbfd31ef70_0;
    %flag_set/vec4 8;
    %jmp/0 T_118.0, 8;
    %pushi/vec4 0, 0, 1;
    %jmp/1 T_118.1, 8;
T_118.0 ; End of true expr.
    %load/vec4 v000001cbfd31f5b0_0;
    %flag_set/vec4 9;
    %jmp/0 T_118.2, 9;
    %load/vec4 v000001cbfd2fd180_0;
    %jmp/1 T_118.3, 9;
T_118.2 ; End of true expr.
    %load/vec4 v000001cbfd2fd400_0;
    %jmp/0 T_118.3, 9;
 ; End of false expr.
    %blend;
T_118.3;
    %jmp/0 T_118.1, 8;
 ; End of false expr.
    %blend;
T_118.1;
    %assign/vec4 v000001cbfd2fd400_0, 0;
    %jmp T_118;
    .thread T_118;
    .scope S_000001cbfd315fd0;
T_119 ;
    %wait E_000001cbfd121940;
    %load/vec4 v000001cbfd31e390_0;
    %flag_set/vec4 8;
    %jmp/0 T_119.0, 8;
    %pushi/vec4 0, 0, 1;
    %jmp/1 T_119.1, 8;
T_119.0 ; End of true expr.
    %load/vec4 v000001cbfd31d670_0;
    %flag_set/vec4 9;
    %jmp/0 T_119.2, 9;
    %load/vec4 v000001cbfd31f470_0;
    %jmp/1 T_119.3, 9;
T_119.2 ; End of true expr.
    %load/vec4 v000001cbfd31d490_0;
    %jmp/0 T_119.3, 9;
 ; End of false expr.
    %blend;
T_119.3;
    %jmp/0 T_119.1, 8;
 ; End of false expr.
    %blend;
T_119.1;
    %assign/vec4 v000001cbfd31d490_0, 0;
    %jmp T_119;
    .thread T_119;
    .scope S_000001cbfd314ea0;
T_120 ;
    %wait E_000001cbfd121940;
    %load/vec4 v000001cbfd31d990_0;
    %flag_set/vec4 8;
    %jmp/0 T_120.0, 8;
    %pushi/vec4 0, 0, 1;
    %jmp/1 T_120.1, 8;
T_120.0 ; End of true expr.
    %load/vec4 v000001cbfd31e750_0;
    %flag_set/vec4 9;
    %jmp/0 T_120.2, 9;
    %load/vec4 v000001cbfd31f790_0;
    %jmp/1 T_120.3, 9;
T_120.2 ; End of true expr.
    %load/vec4 v000001cbfd31e070_0;
    %jmp/0 T_120.3, 9;
 ; End of false expr.
    %blend;
T_120.3;
    %jmp/0 T_120.1, 8;
 ; End of false expr.
    %blend;
T_120.1;
    %assign/vec4 v000001cbfd31e070_0, 0;
    %jmp T_120;
    .thread T_120;
    .scope S_000001cbfd313f00;
T_121 ;
    %wait E_000001cbfd121940;
    %load/vec4 v000001cbfd31eed0_0;
    %flag_set/vec4 8;
    %jmp/0 T_121.0, 8;
    %pushi/vec4 0, 0, 1;
    %jmp/1 T_121.1, 8;
T_121.0 ; End of true expr.
    %load/vec4 v000001cbfd31e610_0;
    %flag_set/vec4 9;
    %jmp/0 T_121.2, 9;
    %load/vec4 v000001cbfd31e930_0;
    %jmp/1 T_121.3, 9;
T_121.2 ; End of true expr.
    %load/vec4 v000001cbfd31dad0_0;
    %jmp/0 T_121.3, 9;
 ; End of false expr.
    %blend;
T_121.3;
    %jmp/0 T_121.1, 8;
 ; End of false expr.
    %blend;
T_121.1;
    %assign/vec4 v000001cbfd31dad0_0, 0;
    %jmp T_121;
    .thread T_121;
    .scope S_000001cbfd315030;
T_122 ;
    %wait E_000001cbfd121940;
    %load/vec4 v000001cbfd31fb50_0;
    %flag_set/vec4 8;
    %jmp/0 T_122.0, 8;
    %pushi/vec4 0, 0, 1;
    %jmp/1 T_122.1, 8;
T_122.0 ; End of true expr.
    %load/vec4 v000001cbfd31fbf0_0;
    %flag_set/vec4 9;
    %jmp/0 T_122.2, 9;
    %load/vec4 v000001cbfd31f8d0_0;
    %jmp/1 T_122.3, 9;
T_122.2 ; End of true expr.
    %load/vec4 v000001cbfd31fa10_0;
    %jmp/0 T_122.3, 9;
 ; End of false expr.
    %blend;
T_122.3;
    %jmp/0 T_122.1, 8;
 ; End of false expr.
    %blend;
T_122.1;
    %assign/vec4 v000001cbfd31fa10_0, 0;
    %jmp T_122;
    .thread T_122;
    .scope S_000001cbfd313730;
T_123 ;
    %wait E_000001cbfd121940;
    %load/vec4 v000001cbfd320f50_0;
    %flag_set/vec4 8;
    %jmp/0 T_123.0, 8;
    %pushi/vec4 0, 0, 1;
    %jmp/1 T_123.1, 8;
T_123.0 ; End of true expr.
    %load/vec4 v000001cbfd321310_0;
    %flag_set/vec4 9;
    %jmp/0 T_123.2, 9;
    %load/vec4 v000001cbfd320e10_0;
    %jmp/1 T_123.3, 9;
T_123.2 ; End of true expr.
    %load/vec4 v000001cbfd320730_0;
    %jmp/0 T_123.3, 9;
 ; End of false expr.
    %blend;
T_123.3;
    %jmp/0 T_123.1, 8;
 ; End of false expr.
    %blend;
T_123.1;
    %assign/vec4 v000001cbfd320730_0, 0;
    %jmp T_123;
    .thread T_123;
    .scope S_000001cbfd315350;
T_124 ;
    %wait E_000001cbfd121940;
    %load/vec4 v000001cbfd31fd30_0;
    %flag_set/vec4 8;
    %jmp/0 T_124.0, 8;
    %pushi/vec4 0, 0, 1;
    %jmp/1 T_124.1, 8;
T_124.0 ; End of true expr.
    %load/vec4 v000001cbfd3205f0_0;
    %flag_set/vec4 9;
    %jmp/0 T_124.2, 9;
    %load/vec4 v000001cbfd321e50_0;
    %jmp/1 T_124.3, 9;
T_124.2 ; End of true expr.
    %load/vec4 v000001cbfd322030_0;
    %jmp/0 T_124.3, 9;
 ; End of false expr.
    %blend;
T_124.3;
    %jmp/0 T_124.1, 8;
 ; End of false expr.
    %blend;
T_124.1;
    %assign/vec4 v000001cbfd322030_0, 0;
    %jmp T_124;
    .thread T_124;
    .scope S_000001cbfd315b20;
T_125 ;
    %wait E_000001cbfd121940;
    %load/vec4 v000001cbfd321950_0;
    %flag_set/vec4 8;
    %jmp/0 T_125.0, 8;
    %pushi/vec4 0, 0, 1;
    %jmp/1 T_125.1, 8;
T_125.0 ; End of true expr.
    %load/vec4 v000001cbfd321c70_0;
    %flag_set/vec4 9;
    %jmp/0 T_125.2, 9;
    %load/vec4 v000001cbfd31ff10_0;
    %jmp/1 T_125.3, 9;
T_125.2 ; End of true expr.
    %load/vec4 v000001cbfd320b90_0;
    %jmp/0 T_125.3, 9;
 ; End of false expr.
    %blend;
T_125.3;
    %jmp/0 T_125.1, 8;
 ; End of false expr.
    %blend;
T_125.1;
    %assign/vec4 v000001cbfd320b90_0, 0;
    %jmp T_125;
    .thread T_125;
    .scope S_000001cbfd312c40;
T_126 ;
    %wait E_000001cbfd121940;
    %load/vec4 v000001cbfd3220d0_0;
    %flag_set/vec4 8;
    %jmp/0 T_126.0, 8;
    %pushi/vec4 0, 0, 1;
    %jmp/1 T_126.1, 8;
T_126.0 ; End of true expr.
    %load/vec4 v000001cbfd321630_0;
    %flag_set/vec4 9;
    %jmp/0 T_126.2, 9;
    %load/vec4 v000001cbfd320370_0;
    %jmp/1 T_126.3, 9;
T_126.2 ; End of true expr.
    %load/vec4 v000001cbfd321f90_0;
    %jmp/0 T_126.3, 9;
 ; End of false expr.
    %blend;
T_126.3;
    %jmp/0 T_126.1, 8;
 ; End of false expr.
    %blend;
T_126.1;
    %assign/vec4 v000001cbfd321f90_0, 0;
    %jmp T_126;
    .thread T_126;
    .scope S_000001cbfd316610;
T_127 ;
    %wait E_000001cbfd121940;
    %load/vec4 v000001cbfd320cd0_0;
    %flag_set/vec4 8;
    %jmp/0 T_127.0, 8;
    %pushi/vec4 0, 0, 1;
    %jmp/1 T_127.1, 8;
T_127.0 ; End of true expr.
    %load/vec4 v000001cbfd320af0_0;
    %flag_set/vec4 9;
    %jmp/0 T_127.2, 9;
    %load/vec4 v000001cbfd3223f0_0;
    %jmp/1 T_127.3, 9;
T_127.2 ; End of true expr.
    %load/vec4 v000001cbfd3209b0_0;
    %jmp/0 T_127.3, 9;
 ; End of false expr.
    %blend;
T_127.3;
    %jmp/0 T_127.1, 8;
 ; End of false expr.
    %blend;
T_127.1;
    %assign/vec4 v000001cbfd3209b0_0, 0;
    %jmp T_127;
    .thread T_127;
    .scope S_000001cbfd3149f0;
T_128 ;
    %wait E_000001cbfd121940;
    %load/vec4 v000001cbfd3246f0_0;
    %flag_set/vec4 8;
    %jmp/0 T_128.0, 8;
    %pushi/vec4 0, 0, 1;
    %jmp/1 T_128.1, 8;
T_128.0 ; End of true expr.
    %load/vec4 v000001cbfd323110_0;
    %flag_set/vec4 9;
    %jmp/0 T_128.2, 9;
    %load/vec4 v000001cbfd322710_0;
    %jmp/1 T_128.3, 9;
T_128.2 ; End of true expr.
    %load/vec4 v000001cbfd323b10_0;
    %jmp/0 T_128.3, 9;
 ; End of false expr.
    %blend;
T_128.3;
    %jmp/0 T_128.1, 8;
 ; End of false expr.
    %blend;
T_128.1;
    %assign/vec4 v000001cbfd323b10_0, 0;
    %jmp T_128;
    .thread T_128;
    .scope S_000001cbfd314220;
T_129 ;
    %wait E_000001cbfd121940;
    %load/vec4 v000001cbfd324330_0;
    %flag_set/vec4 8;
    %jmp/0 T_129.0, 8;
    %pushi/vec4 0, 0, 1;
    %jmp/1 T_129.1, 8;
T_129.0 ; End of true expr.
    %load/vec4 v000001cbfd323250_0;
    %flag_set/vec4 9;
    %jmp/0 T_129.2, 9;
    %load/vec4 v000001cbfd3241f0_0;
    %jmp/1 T_129.3, 9;
T_129.2 ; End of true expr.
    %load/vec4 v000001cbfd324290_0;
    %jmp/0 T_129.3, 9;
 ; End of false expr.
    %blend;
T_129.3;
    %jmp/0 T_129.1, 8;
 ; End of false expr.
    %blend;
T_129.1;
    %assign/vec4 v000001cbfd324290_0, 0;
    %jmp T_129;
    .thread T_129;
    .scope S_000001cbfd3167a0;
T_130 ;
    %wait E_000001cbfd121940;
    %load/vec4 v000001cbfd324650_0;
    %flag_set/vec4 8;
    %jmp/0 T_130.0, 8;
    %pushi/vec4 0, 0, 1;
    %jmp/1 T_130.1, 8;
T_130.0 ; End of true expr.
    %load/vec4 v000001cbfd324830_0;
    %flag_set/vec4 9;
    %jmp/0 T_130.2, 9;
    %load/vec4 v000001cbfd3232f0_0;
    %jmp/1 T_130.3, 9;
T_130.2 ; End of true expr.
    %load/vec4 v000001cbfd3245b0_0;
    %jmp/0 T_130.3, 9;
 ; End of false expr.
    %blend;
T_130.3;
    %jmp/0 T_130.1, 8;
 ; End of false expr.
    %blend;
T_130.1;
    %assign/vec4 v000001cbfd3245b0_0, 0;
    %jmp T_130;
    .thread T_130;
    .scope S_000001cbfd313be0;
T_131 ;
    %wait E_000001cbfd121940;
    %load/vec4 v000001cbfd324bf0_0;
    %flag_set/vec4 8;
    %jmp/0 T_131.0, 8;
    %pushi/vec4 0, 0, 1;
    %jmp/1 T_131.1, 8;
T_131.0 ; End of true expr.
    %load/vec4 v000001cbfd323890_0;
    %flag_set/vec4 9;
    %jmp/0 T_131.2, 9;
    %load/vec4 v000001cbfd323570_0;
    %jmp/1 T_131.3, 9;
T_131.2 ; End of true expr.
    %load/vec4 v000001cbfd324b50_0;
    %jmp/0 T_131.3, 9;
 ; End of false expr.
    %blend;
T_131.3;
    %jmp/0 T_131.1, 8;
 ; End of false expr.
    %blend;
T_131.1;
    %assign/vec4 v000001cbfd324b50_0, 0;
    %jmp T_131;
    .thread T_131;
    .scope S_000001cbfd316930;
T_132 ;
    %wait E_000001cbfd121940;
    %load/vec4 v000001cbfd326c70_0;
    %flag_set/vec4 8;
    %jmp/0 T_132.0, 8;
    %pushi/vec4 0, 0, 1;
    %jmp/1 T_132.1, 8;
T_132.0 ; End of true expr.
    %load/vec4 v000001cbfd3261d0_0;
    %flag_set/vec4 9;
    %jmp/0 T_132.2, 9;
    %load/vec4 v000001cbfd3270d0_0;
    %jmp/1 T_132.3, 9;
T_132.2 ; End of true expr.
    %load/vec4 v000001cbfd324f10_0;
    %jmp/0 T_132.3, 9;
 ; End of false expr.
    %blend;
T_132.3;
    %jmp/0 T_132.1, 8;
 ; End of false expr.
    %blend;
T_132.1;
    %assign/vec4 v000001cbfd324f10_0, 0;
    %jmp T_132;
    .thread T_132;
    .scope S_000001cbfd338730;
T_133 ;
    %wait E_000001cbfd121940;
    %load/vec4 v000001cbfd324c90_0;
    %flag_set/vec4 8;
    %jmp/0 T_133.0, 8;
    %pushi/vec4 0, 0, 1;
    %jmp/1 T_133.1, 8;
T_133.0 ; End of true expr.
    %load/vec4 v000001cbfd325230_0;
    %flag_set/vec4 9;
    %jmp/0 T_133.2, 9;
    %load/vec4 v000001cbfd326f90_0;
    %jmp/1 T_133.3, 9;
T_133.2 ; End of true expr.
    %load/vec4 v000001cbfd326950_0;
    %jmp/0 T_133.3, 9;
 ; End of false expr.
    %blend;
T_133.3;
    %jmp/0 T_133.1, 8;
 ; End of false expr.
    %blend;
T_133.1;
    %assign/vec4 v000001cbfd326950_0, 0;
    %jmp T_133;
    .thread T_133;
    .scope S_000001cbfd33a350;
T_134 ;
    %wait E_000001cbfd121940;
    %load/vec4 v000001cbfd326090_0;
    %flag_set/vec4 8;
    %jmp/0 T_134.0, 8;
    %pushi/vec4 0, 0, 1;
    %jmp/1 T_134.1, 8;
T_134.0 ; End of true expr.
    %load/vec4 v000001cbfd325870_0;
    %flag_set/vec4 9;
    %jmp/0 T_134.2, 9;
    %load/vec4 v000001cbfd326630_0;
    %jmp/1 T_134.3, 9;
T_134.2 ; End of true expr.
    %load/vec4 v000001cbfd324fb0_0;
    %jmp/0 T_134.3, 9;
 ; End of false expr.
    %blend;
T_134.3;
    %jmp/0 T_134.1, 8;
 ; End of false expr.
    %blend;
T_134.1;
    %assign/vec4 v000001cbfd324fb0_0, 0;
    %jmp T_134;
    .thread T_134;
    .scope S_000001cbfd338280;
T_135 ;
    %wait E_000001cbfd121940;
    %load/vec4 v000001cbfd325ff0_0;
    %flag_set/vec4 8;
    %jmp/0 T_135.0, 8;
    %pushi/vec4 0, 0, 1;
    %jmp/1 T_135.1, 8;
T_135.0 ; End of true expr.
    %load/vec4 v000001cbfd326770_0;
    %flag_set/vec4 9;
    %jmp/0 T_135.2, 9;
    %load/vec4 v000001cbfd3259b0_0;
    %jmp/1 T_135.3, 9;
T_135.2 ; End of true expr.
    %load/vec4 v000001cbfd3257d0_0;
    %jmp/0 T_135.3, 9;
 ; End of false expr.
    %blend;
T_135.3;
    %jmp/0 T_135.1, 8;
 ; End of false expr.
    %blend;
T_135.1;
    %assign/vec4 v000001cbfd3257d0_0, 0;
    %jmp T_135;
    .thread T_135;
    .scope S_000001cbfd338410;
T_136 ;
    %wait E_000001cbfd121940;
    %load/vec4 v000001cbfd327cb0_0;
    %flag_set/vec4 8;
    %jmp/0 T_136.0, 8;
    %pushi/vec4 0, 0, 1;
    %jmp/1 T_136.1, 8;
T_136.0 ; End of true expr.
    %load/vec4 v000001cbfd328930_0;
    %flag_set/vec4 9;
    %jmp/0 T_136.2, 9;
    %load/vec4 v000001cbfd328070_0;
    %jmp/1 T_136.3, 9;
T_136.2 ; End of true expr.
    %load/vec4 v000001cbfd329b50_0;
    %jmp/0 T_136.3, 9;
 ; End of false expr.
    %blend;
T_136.3;
    %jmp/0 T_136.1, 8;
 ; End of false expr.
    %blend;
T_136.1;
    %assign/vec4 v000001cbfd329b50_0, 0;
    %jmp T_136;
    .thread T_136;
    .scope S_000001cbfd336e30;
T_137 ;
    %wait E_000001cbfd121940;
    %load/vec4 v000001cbfd3289d0_0;
    %flag_set/vec4 8;
    %jmp/0 T_137.0, 8;
    %pushi/vec4 0, 0, 1;
    %jmp/1 T_137.1, 8;
T_137.0 ; End of true expr.
    %load/vec4 v000001cbfd3295b0_0;
    %flag_set/vec4 9;
    %jmp/0 T_137.2, 9;
    %load/vec4 v000001cbfd327f30_0;
    %jmp/1 T_137.3, 9;
T_137.2 ; End of true expr.
    %load/vec4 v000001cbfd328110_0;
    %jmp/0 T_137.3, 9;
 ; End of false expr.
    %blend;
T_137.3;
    %jmp/0 T_137.1, 8;
 ; End of false expr.
    %blend;
T_137.1;
    %assign/vec4 v000001cbfd328110_0, 0;
    %jmp T_137;
    .thread T_137;
    .scope S_000001cbfd33a4e0;
T_138 ;
    %wait E_000001cbfd121940;
    %load/vec4 v000001cbfd328a70_0;
    %flag_set/vec4 8;
    %jmp/0 T_138.0, 8;
    %pushi/vec4 0, 0, 1;
    %jmp/1 T_138.1, 8;
T_138.0 ; End of true expr.
    %load/vec4 v000001cbfd3290b0_0;
    %flag_set/vec4 9;
    %jmp/0 T_138.2, 9;
    %load/vec4 v000001cbfd327df0_0;
    %jmp/1 T_138.3, 9;
T_138.2 ; End of true expr.
    %load/vec4 v000001cbfd329bf0_0;
    %jmp/0 T_138.3, 9;
 ; End of false expr.
    %blend;
T_138.3;
    %jmp/0 T_138.1, 8;
 ; End of false expr.
    %blend;
T_138.1;
    %assign/vec4 v000001cbfd329bf0_0, 0;
    %jmp T_138;
    .thread T_138;
    .scope S_000001cbfd337150;
T_139 ;
    %wait E_000001cbfd121940;
    %load/vec4 v000001cbfd328250_0;
    %flag_set/vec4 8;
    %jmp/0 T_139.0, 8;
    %pushi/vec4 0, 0, 1;
    %jmp/1 T_139.1, 8;
T_139.0 ; End of true expr.
    %load/vec4 v000001cbfd3282f0_0;
    %flag_set/vec4 9;
    %jmp/0 T_139.2, 9;
    %load/vec4 v000001cbfd329330_0;
    %jmp/1 T_139.3, 9;
T_139.2 ; End of true expr.
    %load/vec4 v000001cbfd328ed0_0;
    %jmp/0 T_139.3, 9;
 ; End of false expr.
    %blend;
T_139.3;
    %jmp/0 T_139.1, 8;
 ; End of false expr.
    %blend;
T_139.1;
    %assign/vec4 v000001cbfd328ed0_0, 0;
    %jmp T_139;
    .thread T_139;
    .scope S_000001cbfd337dd0;
T_140 ;
    %wait E_000001cbfd121940;
    %load/vec4 v000001cbfd329ab0_0;
    %flag_set/vec4 8;
    %jmp/0 T_140.0, 8;
    %pushi/vec4 0, 0, 1;
    %jmp/1 T_140.1, 8;
T_140.0 ; End of true expr.
    %load/vec4 v000001cbfd327490_0;
    %flag_set/vec4 9;
    %jmp/0 T_140.2, 9;
    %load/vec4 v000001cbfd3284d0_0;
    %jmp/1 T_140.3, 9;
T_140.2 ; End of true expr.
    %load/vec4 v000001cbfd3293d0_0;
    %jmp/0 T_140.3, 9;
 ; End of false expr.
    %blend;
T_140.3;
    %jmp/0 T_140.1, 8;
 ; End of false expr.
    %blend;
T_140.1;
    %assign/vec4 v000001cbfd3293d0_0, 0;
    %jmp T_140;
    .thread T_140;
    .scope S_000001cbfd337ab0;
T_141 ;
    %wait E_000001cbfd121940;
    %load/vec4 v000001cbfd329fb0_0;
    %flag_set/vec4 8;
    %jmp/0 T_141.0, 8;
    %pushi/vec4 0, 0, 1;
    %jmp/1 T_141.1, 8;
T_141.0 ; End of true expr.
    %load/vec4 v000001cbfd329f10_0;
    %flag_set/vec4 9;
    %jmp/0 T_141.2, 9;
    %load/vec4 v000001cbfd32a690_0;
    %jmp/1 T_141.3, 9;
T_141.2 ; End of true expr.
    %load/vec4 v000001cbfd32a730_0;
    %jmp/0 T_141.3, 9;
 ; End of false expr.
    %blend;
T_141.3;
    %jmp/0 T_141.1, 8;
 ; End of false expr.
    %blend;
T_141.1;
    %assign/vec4 v000001cbfd32a730_0, 0;
    %jmp T_141;
    .thread T_141;
    .scope S_000001cbfd339d10;
T_142 ;
    %wait E_000001cbfd121940;
    %load/vec4 v000001cbfd31afb0_0;
    %flag_set/vec4 8;
    %jmp/0 T_142.0, 8;
    %pushi/vec4 0, 0, 1;
    %jmp/1 T_142.1, 8;
T_142.0 ; End of true expr.
    %load/vec4 v000001cbfd31cef0_0;
    %flag_set/vec4 9;
    %jmp/0 T_142.2, 9;
    %load/vec4 v000001cbfd32aa50_0;
    %jmp/1 T_142.3, 9;
T_142.2 ; End of true expr.
    %load/vec4 v000001cbfd329e70_0;
    %jmp/0 T_142.3, 9;
 ; End of false expr.
    %blend;
T_142.3;
    %jmp/0 T_142.1, 8;
 ; End of false expr.
    %blend;
T_142.1;
    %assign/vec4 v000001cbfd329e70_0, 0;
    %jmp T_142;
    .thread T_142;
    .scope S_000001cbfd337c40;
T_143 ;
    %wait E_000001cbfd121940;
    %load/vec4 v000001cbfd31b230_0;
    %flag_set/vec4 8;
    %jmp/0 T_143.0, 8;
    %pushi/vec4 0, 0, 1;
    %jmp/1 T_143.1, 8;
T_143.0 ; End of true expr.
    %load/vec4 v000001cbfd31b730_0;
    %flag_set/vec4 9;
    %jmp/0 T_143.2, 9;
    %load/vec4 v000001cbfd31d0d0_0;
    %jmp/1 T_143.3, 9;
T_143.2 ; End of true expr.
    %load/vec4 v000001cbfd31cbd0_0;
    %jmp/0 T_143.3, 9;
 ; End of false expr.
    %blend;
T_143.3;
    %jmp/0 T_143.1, 8;
 ; End of false expr.
    %blend;
T_143.1;
    %assign/vec4 v000001cbfd31cbd0_0, 0;
    %jmp T_143;
    .thread T_143;
    .scope S_000001cbfd337f60;
T_144 ;
    %wait E_000001cbfd121940;
    %load/vec4 v000001cbfd31ba50_0;
    %flag_set/vec4 8;
    %jmp/0 T_144.0, 8;
    %pushi/vec4 0, 0, 1;
    %jmp/1 T_144.1, 8;
T_144.0 ; End of true expr.
    %load/vec4 v000001cbfd31ca90_0;
    %flag_set/vec4 9;
    %jmp/0 T_144.2, 9;
    %load/vec4 v000001cbfd31d3f0_0;
    %jmp/1 T_144.3, 9;
T_144.2 ; End of true expr.
    %load/vec4 v000001cbfd31bc30_0;
    %jmp/0 T_144.3, 9;
 ; End of false expr.
    %blend;
T_144.3;
    %jmp/0 T_144.1, 8;
 ; End of false expr.
    %blend;
T_144.1;
    %assign/vec4 v000001cbfd31bc30_0, 0;
    %jmp T_144;
    .thread T_144;
    .scope S_000001cbfd33a030;
T_145 ;
    %wait E_000001cbfd121940;
    %load/vec4 v000001cbfd31d2b0_0;
    %flag_set/vec4 8;
    %jmp/0 T_145.0, 8;
    %pushi/vec4 0, 0, 1;
    %jmp/1 T_145.1, 8;
T_145.0 ; End of true expr.
    %load/vec4 v000001cbfd31bf50_0;
    %flag_set/vec4 9;
    %jmp/0 T_145.2, 9;
    %load/vec4 v000001cbfd31bd70_0;
    %jmp/1 T_145.3, 9;
T_145.2 ; End of true expr.
    %load/vec4 v000001cbfd31cc70_0;
    %jmp/0 T_145.3, 9;
 ; End of false expr.
    %blend;
T_145.3;
    %jmp/0 T_145.1, 8;
 ; End of false expr.
    %blend;
T_145.1;
    %assign/vec4 v000001cbfd31cc70_0, 0;
    %jmp T_145;
    .thread T_145;
    .scope S_000001cbfd33a800;
T_146 ;
    %wait E_000001cbfd121940;
    %load/vec4 v000001cbfd33d5b0_0;
    %flag_set/vec4 8;
    %jmp/0 T_146.0, 8;
    %pushi/vec4 0, 0, 1;
    %jmp/1 T_146.1, 8;
T_146.0 ; End of true expr.
    %load/vec4 v000001cbfd33e230_0;
    %flag_set/vec4 9;
    %jmp/0 T_146.2, 9;
    %load/vec4 v000001cbfd31b0f0_0;
    %jmp/1 T_146.3, 9;
T_146.2 ; End of true expr.
    %load/vec4 v000001cbfd31c6d0_0;
    %jmp/0 T_146.3, 9;
 ; End of false expr.
    %blend;
T_146.3;
    %jmp/0 T_146.1, 8;
 ; End of false expr.
    %blend;
T_146.1;
    %assign/vec4 v000001cbfd31c6d0_0, 0;
    %jmp T_146;
    .thread T_146;
    .scope S_000001cbfd339540;
T_147 ;
    %wait E_000001cbfd121940;
    %load/vec4 v000001cbfd33ecd0_0;
    %flag_set/vec4 8;
    %jmp/0 T_147.0, 8;
    %pushi/vec4 0, 0, 1;
    %jmp/1 T_147.1, 8;
T_147.0 ; End of true expr.
    %load/vec4 v000001cbfd33d6f0_0;
    %flag_set/vec4 9;
    %jmp/0 T_147.2, 9;
    %load/vec4 v000001cbfd33ddd0_0;
    %jmp/1 T_147.3, 9;
T_147.2 ; End of true expr.
    %load/vec4 v000001cbfd33d790_0;
    %jmp/0 T_147.3, 9;
 ; End of false expr.
    %blend;
T_147.3;
    %jmp/0 T_147.1, 8;
 ; End of false expr.
    %blend;
T_147.1;
    %assign/vec4 v000001cbfd33d790_0, 0;
    %jmp T_147;
    .thread T_147;
    .scope S_000001cbfd3393b0;
T_148 ;
    %wait E_000001cbfd121940;
    %load/vec4 v000001cbfd33d970_0;
    %flag_set/vec4 8;
    %jmp/0 T_148.0, 8;
    %pushi/vec4 0, 0, 1;
    %jmp/1 T_148.1, 8;
T_148.0 ; End of true expr.
    %load/vec4 v000001cbfd33ed70_0;
    %flag_set/vec4 9;
    %jmp/0 T_148.2, 9;
    %load/vec4 v000001cbfd33df10_0;
    %jmp/1 T_148.3, 9;
T_148.2 ; End of true expr.
    %load/vec4 v000001cbfd33f8b0_0;
    %jmp/0 T_148.3, 9;
 ; End of false expr.
    %blend;
T_148.3;
    %jmp/0 T_148.1, 8;
 ; End of false expr.
    %blend;
T_148.1;
    %assign/vec4 v000001cbfd33f8b0_0, 0;
    %jmp T_148;
    .thread T_148;
    .scope S_000001cbfd338f00;
T_149 ;
    %wait E_000001cbfd121940;
    %load/vec4 v000001cbfd33fb30_0;
    %flag_set/vec4 8;
    %jmp/0 T_149.0, 8;
    %pushi/vec4 0, 0, 1;
    %jmp/1 T_149.1, 8;
T_149.0 ; End of true expr.
    %load/vec4 v000001cbfd33e0f0_0;
    %flag_set/vec4 9;
    %jmp/0 T_149.2, 9;
    %load/vec4 v000001cbfd33e370_0;
    %jmp/1 T_149.3, 9;
T_149.2 ; End of true expr.
    %load/vec4 v000001cbfd33ec30_0;
    %jmp/0 T_149.3, 9;
 ; End of false expr.
    %blend;
T_149.3;
    %jmp/0 T_149.1, 8;
 ; End of false expr.
    %blend;
T_149.1;
    %assign/vec4 v000001cbfd33ec30_0, 0;
    %jmp T_149;
    .thread T_149;
    .scope S_000001cbfd339090;
T_150 ;
    %wait E_000001cbfd121940;
    %load/vec4 v000001cbfd33dc90_0;
    %flag_set/vec4 8;
    %jmp/0 T_150.0, 8;
    %pushi/vec4 0, 0, 1;
    %jmp/1 T_150.1, 8;
T_150.0 ; End of true expr.
    %load/vec4 v000001cbfd33e4b0_0;
    %flag_set/vec4 9;
    %jmp/0 T_150.2, 9;
    %load/vec4 v000001cbfd33f3b0_0;
    %jmp/1 T_150.3, 9;
T_150.2 ; End of true expr.
    %load/vec4 v000001cbfd33dbf0_0;
    %jmp/0 T_150.3, 9;
 ; End of false expr.
    %blend;
T_150.3;
    %jmp/0 T_150.1, 8;
 ; End of false expr.
    %blend;
T_150.1;
    %assign/vec4 v000001cbfd33dbf0_0, 0;
    %jmp T_150;
    .thread T_150;
    .scope S_000001cbfd33a990;
T_151 ;
    %wait E_000001cbfd121940;
    %load/vec4 v000001cbfd3420b0_0;
    %flag_set/vec4 8;
    %jmp/0 T_151.0, 8;
    %pushi/vec4 0, 0, 1;
    %jmp/1 T_151.1, 8;
T_151.0 ; End of true expr.
    %load/vec4 v000001cbfd33ff90_0;
    %flag_set/vec4 9;
    %jmp/0 T_151.2, 9;
    %load/vec4 v000001cbfd341890_0;
    %jmp/1 T_151.3, 9;
T_151.2 ; End of true expr.
    %load/vec4 v000001cbfd341e30_0;
    %jmp/0 T_151.3, 9;
 ; End of false expr.
    %blend;
T_151.3;
    %jmp/0 T_151.1, 8;
 ; End of false expr.
    %blend;
T_151.1;
    %assign/vec4 v000001cbfd341e30_0, 0;
    %jmp T_151;
    .thread T_151;
    .scope S_000001cbfd3396d0;
T_152 ;
    %wait E_000001cbfd121940;
    %load/vec4 v000001cbfd341d90_0;
    %flag_set/vec4 8;
    %jmp/0 T_152.0, 8;
    %pushi/vec4 0, 0, 1;
    %jmp/1 T_152.1, 8;
T_152.0 ; End of true expr.
    %load/vec4 v000001cbfd341ed0_0;
    %flag_set/vec4 9;
    %jmp/0 T_152.2, 9;
    %load/vec4 v000001cbfd340df0_0;
    %jmp/1 T_152.3, 9;
T_152.2 ; End of true expr.
    %load/vec4 v000001cbfd340490_0;
    %jmp/0 T_152.3, 9;
 ; End of false expr.
    %blend;
T_152.3;
    %jmp/0 T_152.1, 8;
 ; End of false expr.
    %blend;
T_152.1;
    %assign/vec4 v000001cbfd340490_0, 0;
    %jmp T_152;
    .thread T_152;
    .scope S_000001cbfd35c8e0;
T_153 ;
    %wait E_000001cbfd121940;
    %load/vec4 v000001cbfd340d50_0;
    %flag_set/vec4 8;
    %jmp/0 T_153.0, 8;
    %pushi/vec4 0, 0, 1;
    %jmp/1 T_153.1, 8;
T_153.0 ; End of true expr.
    %load/vec4 v000001cbfd341c50_0;
    %flag_set/vec4 9;
    %jmp/0 T_153.2, 9;
    %load/vec4 v000001cbfd340fd0_0;
    %jmp/1 T_153.3, 9;
T_153.2 ; End of true expr.
    %load/vec4 v000001cbfd3400d0_0;
    %jmp/0 T_153.3, 9;
 ; End of false expr.
    %blend;
T_153.3;
    %jmp/0 T_153.1, 8;
 ; End of false expr.
    %blend;
T_153.1;
    %assign/vec4 v000001cbfd3400d0_0, 0;
    %jmp T_153;
    .thread T_153;
    .scope S_000001cbfd35c110;
T_154 ;
    %wait E_000001cbfd121940;
    %load/vec4 v000001cbfd340850_0;
    %flag_set/vec4 8;
    %jmp/0 T_154.0, 8;
    %pushi/vec4 0, 0, 1;
    %jmp/1 T_154.1, 8;
T_154.0 ; End of true expr.
    %load/vec4 v000001cbfd3416b0_0;
    %flag_set/vec4 9;
    %jmp/0 T_154.2, 9;
    %load/vec4 v000001cbfd342010_0;
    %jmp/1 T_154.3, 9;
T_154.2 ; End of true expr.
    %load/vec4 v000001cbfd341070_0;
    %jmp/0 T_154.3, 9;
 ; End of false expr.
    %blend;
T_154.3;
    %jmp/0 T_154.1, 8;
 ; End of false expr.
    %blend;
T_154.1;
    %assign/vec4 v000001cbfd341070_0, 0;
    %jmp T_154;
    .thread T_154;
    .scope S_000001cbfd35dba0;
T_155 ;
    %wait E_000001cbfd121940;
    %load/vec4 v000001cbfd341750_0;
    %flag_set/vec4 8;
    %jmp/0 T_155.0, 8;
    %pushi/vec4 0, 0, 1;
    %jmp/1 T_155.1, 8;
T_155.0 ; End of true expr.
    %load/vec4 v000001cbfd3417f0_0;
    %flag_set/vec4 9;
    %jmp/0 T_155.2, 9;
    %load/vec4 v000001cbfd3412f0_0;
    %jmp/1 T_155.3, 9;
T_155.2 ; End of true expr.
    %load/vec4 v000001cbfd341430_0;
    %jmp/0 T_155.3, 9;
 ; End of false expr.
    %blend;
T_155.3;
    %jmp/0 T_155.1, 8;
 ; End of false expr.
    %blend;
T_155.1;
    %assign/vec4 v000001cbfd341430_0, 0;
    %jmp T_155;
    .thread T_155;
    .scope S_000001cbfd35b7b0;
T_156 ;
    %wait E_000001cbfd121940;
    %load/vec4 v000001cbfd343e10_0;
    %flag_set/vec4 8;
    %jmp/0 T_156.0, 8;
    %pushi/vec4 0, 0, 1;
    %jmp/1 T_156.1, 8;
T_156.0 ; End of true expr.
    %load/vec4 v000001cbfd3425b0_0;
    %flag_set/vec4 9;
    %jmp/0 T_156.2, 9;
    %load/vec4 v000001cbfd344630_0;
    %jmp/1 T_156.3, 9;
T_156.2 ; End of true expr.
    %load/vec4 v000001cbfd343730_0;
    %jmp/0 T_156.3, 9;
 ; End of false expr.
    %blend;
T_156.3;
    %jmp/0 T_156.1, 8;
 ; End of false expr.
    %blend;
T_156.1;
    %assign/vec4 v000001cbfd343730_0, 0;
    %jmp T_156;
    .thread T_156;
    .scope S_000001cbfd35dec0;
T_157 ;
    %wait E_000001cbfd121940;
    %load/vec4 v000001cbfd3435f0_0;
    %flag_set/vec4 8;
    %jmp/0 T_157.0, 8;
    %pushi/vec4 0, 0, 1;
    %jmp/1 T_157.1, 8;
T_157.0 ; End of true expr.
    %load/vec4 v000001cbfd342650_0;
    %flag_set/vec4 9;
    %jmp/0 T_157.2, 9;
    %load/vec4 v000001cbfd3448b0_0;
    %jmp/1 T_157.3, 9;
T_157.2 ; End of true expr.
    %load/vec4 v000001cbfd344270_0;
    %jmp/0 T_157.3, 9;
 ; End of false expr.
    %blend;
T_157.3;
    %jmp/0 T_157.1, 8;
 ; End of false expr.
    %blend;
T_157.1;
    %assign/vec4 v000001cbfd344270_0, 0;
    %jmp T_157;
    .thread T_157;
    .scope S_000001cbfd35e050;
T_158 ;
    %wait E_000001cbfd121940;
    %load/vec4 v000001cbfd344950_0;
    %flag_set/vec4 8;
    %jmp/0 T_158.0, 8;
    %pushi/vec4 0, 0, 1;
    %jmp/1 T_158.1, 8;
T_158.0 ; End of true expr.
    %load/vec4 v000001cbfd3428d0_0;
    %flag_set/vec4 9;
    %jmp/0 T_158.2, 9;
    %load/vec4 v000001cbfd342f10_0;
    %jmp/1 T_158.3, 9;
T_158.2 ; End of true expr.
    %load/vec4 v000001cbfd344770_0;
    %jmp/0 T_158.3, 9;
 ; End of false expr.
    %blend;
T_158.3;
    %jmp/0 T_158.1, 8;
 ; End of false expr.
    %blend;
T_158.1;
    %assign/vec4 v000001cbfd344770_0, 0;
    %jmp T_158;
    .thread T_158;
    .scope S_000001cbfd35e1e0;
T_159 ;
    %wait E_000001cbfd121940;
    %load/vec4 v000001cbfd342dd0_0;
    %flag_set/vec4 8;
    %jmp/0 T_159.0, 8;
    %pushi/vec4 0, 0, 1;
    %jmp/1 T_159.1, 8;
T_159.0 ; End of true expr.
    %load/vec4 v000001cbfd342e70_0;
    %flag_set/vec4 9;
    %jmp/0 T_159.2, 9;
    %load/vec4 v000001cbfd342c90_0;
    %jmp/1 T_159.3, 9;
T_159.2 ; End of true expr.
    %load/vec4 v000001cbfd3430f0_0;
    %jmp/0 T_159.3, 9;
 ; End of false expr.
    %blend;
T_159.3;
    %jmp/0 T_159.1, 8;
 ; End of false expr.
    %blend;
T_159.1;
    %assign/vec4 v000001cbfd3430f0_0, 0;
    %jmp T_159;
    .thread T_159;
    .scope S_000001cbfd35e370;
T_160 ;
    %wait E_000001cbfd121940;
    %load/vec4 v000001cbfd345a30_0;
    %flag_set/vec4 8;
    %jmp/0 T_160.0, 8;
    %pushi/vec4 0, 0, 1;
    %jmp/1 T_160.1, 8;
T_160.0 ; End of true expr.
    %load/vec4 v000001cbfd346d90_0;
    %flag_set/vec4 9;
    %jmp/0 T_160.2, 9;
    %load/vec4 v000001cbfd345fd0_0;
    %jmp/1 T_160.3, 9;
T_160.2 ; End of true expr.
    %load/vec4 v000001cbfd3470b0_0;
    %jmp/0 T_160.3, 9;
 ; End of false expr.
    %blend;
T_160.3;
    %jmp/0 T_160.1, 8;
 ; End of false expr.
    %blend;
T_160.1;
    %assign/vec4 v000001cbfd3470b0_0, 0;
    %jmp T_160;
    .thread T_160;
    .scope S_000001cbfd35e820;
T_161 ;
    %wait E_000001cbfd121940;
    %load/vec4 v000001cbfd346b10_0;
    %flag_set/vec4 8;
    %jmp/0 T_161.0, 8;
    %pushi/vec4 0, 0, 1;
    %jmp/1 T_161.1, 8;
T_161.0 ; End of true expr.
    %load/vec4 v000001cbfd347330_0;
    %flag_set/vec4 9;
    %jmp/0 T_161.2, 9;
    %load/vec4 v000001cbfd3473d0_0;
    %jmp/1 T_161.3, 9;
T_161.2 ; End of true expr.
    %load/vec4 v000001cbfd346250_0;
    %jmp/0 T_161.3, 9;
 ; End of false expr.
    %blend;
T_161.3;
    %jmp/0 T_161.1, 8;
 ; End of false expr.
    %blend;
T_161.1;
    %assign/vec4 v000001cbfd346250_0, 0;
    %jmp T_161;
    .thread T_161;
    .scope S_000001cbfd35e9b0;
T_162 ;
    %wait E_000001cbfd121940;
    %load/vec4 v000001cbfd346390_0;
    %flag_set/vec4 8;
    %jmp/0 T_162.0, 8;
    %pushi/vec4 0, 0, 1;
    %jmp/1 T_162.1, 8;
T_162.0 ; End of true expr.
    %load/vec4 v000001cbfd347470_0;
    %flag_set/vec4 9;
    %jmp/0 T_162.2, 9;
    %load/vec4 v000001cbfd346bb0_0;
    %jmp/1 T_162.3, 9;
T_162.2 ; End of true expr.
    %load/vec4 v000001cbfd345210_0;
    %jmp/0 T_162.3, 9;
 ; End of false expr.
    %blend;
T_162.3;
    %jmp/0 T_162.1, 8;
 ; End of false expr.
    %blend;
T_162.1;
    %assign/vec4 v000001cbfd345210_0, 0;
    %jmp T_162;
    .thread T_162;
    .scope S_000001cbfd35d6f0;
T_163 ;
    %wait E_000001cbfd121940;
    %load/vec4 v000001cbfd345ad0_0;
    %flag_set/vec4 8;
    %jmp/0 T_163.0, 8;
    %pushi/vec4 0, 0, 1;
    %jmp/1 T_163.1, 8;
T_163.0 ; End of true expr.
    %load/vec4 v000001cbfd346750_0;
    %flag_set/vec4 9;
    %jmp/0 T_163.2, 9;
    %load/vec4 v000001cbfd346610_0;
    %jmp/1 T_163.3, 9;
T_163.2 ; End of true expr.
    %load/vec4 v000001cbfd3466b0_0;
    %jmp/0 T_163.3, 9;
 ; End of false expr.
    %blend;
T_163.3;
    %jmp/0 T_163.1, 8;
 ; End of false expr.
    %blend;
T_163.1;
    %assign/vec4 v000001cbfd3466b0_0, 0;
    %jmp T_163;
    .thread T_163;
    .scope S_000001cbfd35b170;
T_164 ;
    %wait E_000001cbfd121940;
    %load/vec4 v000001cbfd348910_0;
    %flag_set/vec4 8;
    %jmp/0 T_164.0, 8;
    %pushi/vec4 0, 0, 1;
    %jmp/1 T_164.1, 8;
T_164.0 ; End of true expr.
    %load/vec4 v000001cbfd349590_0;
    %flag_set/vec4 9;
    %jmp/0 T_164.2, 9;
    %load/vec4 v000001cbfd3489b0_0;
    %jmp/1 T_164.3, 9;
T_164.2 ; End of true expr.
    %load/vec4 v000001cbfd348730_0;
    %jmp/0 T_164.3, 9;
 ; End of false expr.
    %blend;
T_164.3;
    %jmp/0 T_164.1, 8;
 ; End of false expr.
    %blend;
T_164.1;
    %assign/vec4 v000001cbfd348730_0, 0;
    %jmp T_164;
    .thread T_164;
    .scope S_000001cbfd35b300;
T_165 ;
    %wait E_000001cbfd121940;
    %load/vec4 v000001cbfd347a10_0;
    %flag_set/vec4 8;
    %jmp/0 T_165.0, 8;
    %pushi/vec4 0, 0, 1;
    %jmp/1 T_165.1, 8;
T_165.0 ; End of true expr.
    %load/vec4 v000001cbfd347fb0_0;
    %flag_set/vec4 9;
    %jmp/0 T_165.2, 9;
    %load/vec4 v000001cbfd3496d0_0;
    %jmp/1 T_165.3, 9;
T_165.2 ; End of true expr.
    %load/vec4 v000001cbfd349310_0;
    %jmp/0 T_165.3, 9;
 ; End of false expr.
    %blend;
T_165.3;
    %jmp/0 T_165.1, 8;
 ; End of false expr.
    %blend;
T_165.1;
    %assign/vec4 v000001cbfd349310_0, 0;
    %jmp T_165;
    .thread T_165;
    .scope S_000001cbfd35c5c0;
T_166 ;
    %wait E_000001cbfd121940;
    %load/vec4 v000001cbfd348050_0;
    %flag_set/vec4 8;
    %jmp/0 T_166.0, 8;
    %pushi/vec4 0, 0, 1;
    %jmp/1 T_166.1, 8;
T_166.0 ; End of true expr.
    %load/vec4 v000001cbfd347d30_0;
    %flag_set/vec4 9;
    %jmp/0 T_166.2, 9;
    %load/vec4 v000001cbfd347650_0;
    %jmp/1 T_166.3, 9;
T_166.2 ; End of true expr.
    %load/vec4 v000001cbfd347c90_0;
    %jmp/0 T_166.3, 9;
 ; End of false expr.
    %blend;
T_166.3;
    %jmp/0 T_166.1, 8;
 ; End of false expr.
    %blend;
T_166.1;
    %assign/vec4 v000001cbfd347c90_0, 0;
    %jmp T_166;
    .thread T_166;
    .scope S_000001cbfd35cc00;
T_167 ;
    %wait E_000001cbfd121940;
    %load/vec4 v000001cbfd347b50_0;
    %flag_set/vec4 8;
    %jmp/0 T_167.0, 8;
    %pushi/vec4 0, 0, 1;
    %jmp/1 T_167.1, 8;
T_167.0 ; End of true expr.
    %load/vec4 v000001cbfd348870_0;
    %flag_set/vec4 9;
    %jmp/0 T_167.2, 9;
    %load/vec4 v000001cbfd349770_0;
    %jmp/1 T_167.3, 9;
T_167.2 ; End of true expr.
    %load/vec4 v000001cbfd347f10_0;
    %jmp/0 T_167.3, 9;
 ; End of false expr.
    %blend;
T_167.3;
    %jmp/0 T_167.1, 8;
 ; End of false expr.
    %blend;
T_167.1;
    %assign/vec4 v000001cbfd347f10_0, 0;
    %jmp T_167;
    .thread T_167;
    .scope S_000001cbfd35b490;
T_168 ;
    %wait E_000001cbfd121940;
    %load/vec4 v000001cbfd3499f0_0;
    %flag_set/vec4 8;
    %jmp/0 T_168.0, 8;
    %pushi/vec4 0, 0, 1;
    %jmp/1 T_168.1, 8;
T_168.0 ; End of true expr.
    %load/vec4 v000001cbfd349a90_0;
    %flag_set/vec4 9;
    %jmp/0 T_168.2, 9;
    %load/vec4 v000001cbfd3498b0_0;
    %jmp/1 T_168.3, 9;
T_168.2 ; End of true expr.
    %load/vec4 v000001cbfd3485f0_0;
    %jmp/0 T_168.3, 9;
 ; End of false expr.
    %blend;
T_168.3;
    %jmp/0 T_168.1, 8;
 ; End of false expr.
    %blend;
T_168.1;
    %assign/vec4 v000001cbfd3485f0_0, 0;
    %jmp T_168;
    .thread T_168;
    .scope S_000001cbfd35d0b0;
T_169 ;
    %wait E_000001cbfd121940;
    %load/vec4 v000001cbfd349db0_0;
    %flag_set/vec4 8;
    %jmp/0 T_169.0, 8;
    %pushi/vec4 0, 0, 1;
    %jmp/1 T_169.1, 8;
T_169.0 ; End of true expr.
    %load/vec4 v000001cbfd34b4d0_0;
    %flag_set/vec4 9;
    %jmp/0 T_169.2, 9;
    %load/vec4 v000001cbfd34c0b0_0;
    %jmp/1 T_169.3, 9;
T_169.2 ; End of true expr.
    %load/vec4 v000001cbfd349e50_0;
    %jmp/0 T_169.3, 9;
 ; End of false expr.
    %blend;
T_169.3;
    %jmp/0 T_169.1, 8;
 ; End of false expr.
    %blend;
T_169.1;
    %assign/vec4 v000001cbfd349e50_0, 0;
    %jmp T_169;
    .thread T_169;
    .scope S_000001cbfd35d3d0;
T_170 ;
    %wait E_000001cbfd121940;
    %load/vec4 v000001cbfd349f90_0;
    %flag_set/vec4 8;
    %jmp/0 T_170.0, 8;
    %pushi/vec4 0, 0, 1;
    %jmp/1 T_170.1, 8;
T_170.0 ; End of true expr.
    %load/vec4 v000001cbfd34aad0_0;
    %flag_set/vec4 9;
    %jmp/0 T_170.2, 9;
    %load/vec4 v000001cbfd34bf70_0;
    %jmp/1 T_170.3, 9;
T_170.2 ; End of true expr.
    %load/vec4 v000001cbfd34a850_0;
    %jmp/0 T_170.3, 9;
 ; End of false expr.
    %blend;
T_170.3;
    %jmp/0 T_170.1, 8;
 ; End of false expr.
    %blend;
T_170.1;
    %assign/vec4 v000001cbfd34a850_0, 0;
    %jmp T_170;
    .thread T_170;
    .scope S_000001cbfd35d240;
T_171 ;
    %wait E_000001cbfd121940;
    %load/vec4 v000001cbfd34b390_0;
    %flag_set/vec4 8;
    %jmp/0 T_171.0, 8;
    %pushi/vec4 0, 0, 1;
    %jmp/1 T_171.1, 8;
T_171.0 ; End of true expr.
    %load/vec4 v000001cbfd34b7f0_0;
    %flag_set/vec4 9;
    %jmp/0 T_171.2, 9;
    %load/vec4 v000001cbfd34ae90_0;
    %jmp/1 T_171.3, 9;
T_171.2 ; End of true expr.
    %load/vec4 v000001cbfd34a7b0_0;
    %jmp/0 T_171.3, 9;
 ; End of false expr.
    %blend;
T_171.3;
    %jmp/0 T_171.1, 8;
 ; End of false expr.
    %blend;
T_171.1;
    %assign/vec4 v000001cbfd34a7b0_0, 0;
    %jmp T_171;
    .thread T_171;
    .scope S_000001cbfd371280;
T_172 ;
    %wait E_000001cbfd121940;
    %load/vec4 v000001cbfd34a670_0;
    %flag_set/vec4 8;
    %jmp/0 T_172.0, 8;
    %pushi/vec4 0, 0, 1;
    %jmp/1 T_172.1, 8;
T_172.0 ; End of true expr.
    %load/vec4 v000001cbfd34bcf0_0;
    %flag_set/vec4 9;
    %jmp/0 T_172.2, 9;
    %load/vec4 v000001cbfd34a990_0;
    %jmp/1 T_172.3, 9;
T_172.2 ; End of true expr.
    %load/vec4 v000001cbfd34a2b0_0;
    %jmp/0 T_172.3, 9;
 ; End of false expr.
    %blend;
T_172.3;
    %jmp/0 T_172.1, 8;
 ; End of false expr.
    %blend;
T_172.1;
    %assign/vec4 v000001cbfd34a2b0_0, 0;
    %jmp T_172;
    .thread T_172;
    .scope S_000001cbfd3729f0;
T_173 ;
    %wait E_000001cbfd121940;
    %load/vec4 v000001cbfd34e3b0_0;
    %flag_set/vec4 8;
    %jmp/0 T_173.0, 8;
    %pushi/vec4 0, 0, 1;
    %jmp/1 T_173.1, 8;
T_173.0 ; End of true expr.
    %load/vec4 v000001cbfd34daf0_0;
    %flag_set/vec4 9;
    %jmp/0 T_173.2, 9;
    %load/vec4 v000001cbfd34cc90_0;
    %jmp/1 T_173.3, 9;
T_173.2 ; End of true expr.
    %load/vec4 v000001cbfd34e590_0;
    %jmp/0 T_173.3, 9;
 ; End of false expr.
    %blend;
T_173.3;
    %jmp/0 T_173.1, 8;
 ; End of false expr.
    %blend;
T_173.1;
    %assign/vec4 v000001cbfd34e590_0, 0;
    %jmp T_173;
    .thread T_173;
    .scope S_000001cbfd3723b0;
T_174 ;
    %wait E_000001cbfd121940;
    %load/vec4 v000001cbfd34dc30_0;
    %flag_set/vec4 8;
    %jmp/0 T_174.0, 8;
    %pushi/vec4 0, 0, 1;
    %jmp/1 T_174.1, 8;
T_174.0 ; End of true expr.
    %load/vec4 v000001cbfd34dd70_0;
    %flag_set/vec4 9;
    %jmp/0 T_174.2, 9;
    %load/vec4 v000001cbfd34d7d0_0;
    %jmp/1 T_174.3, 9;
T_174.2 ; End of true expr.
    %load/vec4 v000001cbfd34e4f0_0;
    %jmp/0 T_174.3, 9;
 ; End of false expr.
    %blend;
T_174.3;
    %jmp/0 T_174.1, 8;
 ; End of false expr.
    %blend;
T_174.1;
    %assign/vec4 v000001cbfd34e4f0_0, 0;
    %jmp T_174;
    .thread T_174;
    .scope S_000001cbfd372090;
T_175 ;
    %wait E_000001cbfd121940;
    %load/vec4 v000001cbfd34c5b0_0;
    %flag_set/vec4 8;
    %jmp/0 T_175.0, 8;
    %pushi/vec4 0, 0, 1;
    %jmp/1 T_175.1, 8;
T_175.0 ; End of true expr.
    %load/vec4 v000001cbfd34c790_0;
    %flag_set/vec4 9;
    %jmp/0 T_175.2, 9;
    %load/vec4 v000001cbfd34d190_0;
    %jmp/1 T_175.3, 9;
T_175.2 ; End of true expr.
    %load/vec4 v000001cbfd34d870_0;
    %jmp/0 T_175.3, 9;
 ; End of false expr.
    %blend;
T_175.3;
    %jmp/0 T_175.1, 8;
 ; End of false expr.
    %blend;
T_175.1;
    %assign/vec4 v000001cbfd34d870_0, 0;
    %jmp T_175;
    .thread T_175;
    .scope S_000001cbfd371d70;
T_176 ;
    %wait E_000001cbfd121940;
    %load/vec4 v000001cbfd34cbf0_0;
    %flag_set/vec4 8;
    %jmp/0 T_176.0, 8;
    %pushi/vec4 0, 0, 1;
    %jmp/1 T_176.1, 8;
T_176.0 ; End of true expr.
    %load/vec4 v000001cbfd34dff0_0;
    %flag_set/vec4 9;
    %jmp/0 T_176.2, 9;
    %load/vec4 v000001cbfd34deb0_0;
    %jmp/1 T_176.3, 9;
T_176.2 ; End of true expr.
    %load/vec4 v000001cbfd34df50_0;
    %jmp/0 T_176.3, 9;
 ; End of false expr.
    %blend;
T_176.3;
    %jmp/0 T_176.1, 8;
 ; End of false expr.
    %blend;
T_176.1;
    %assign/vec4 v000001cbfd34df50_0, 0;
    %jmp T_176;
    .thread T_176;
    .scope S_000001cbfd371f00;
T_177 ;
    %wait E_000001cbfd121940;
    %load/vec4 v000001cbfd350930_0;
    %flag_set/vec4 8;
    %jmp/0 T_177.0, 8;
    %pushi/vec4 0, 0, 1;
    %jmp/1 T_177.1, 8;
T_177.0 ; End of true expr.
    %load/vec4 v000001cbfd351330_0;
    %flag_set/vec4 9;
    %jmp/0 T_177.2, 9;
    %load/vec4 v000001cbfd350570_0;
    %jmp/1 T_177.3, 9;
T_177.2 ; End of true expr.
    %load/vec4 v000001cbfd351010_0;
    %jmp/0 T_177.3, 9;
 ; End of false expr.
    %blend;
T_177.3;
    %jmp/0 T_177.1, 8;
 ; End of false expr.
    %blend;
T_177.1;
    %assign/vec4 v000001cbfd351010_0, 0;
    %jmp T_177;
    .thread T_177;
    .scope S_000001cbfd371730;
T_178 ;
    %wait E_000001cbfd121940;
    %load/vec4 v000001cbfd34f8f0_0;
    %flag_set/vec4 8;
    %jmp/0 T_178.0, 8;
    %pushi/vec4 0, 0, 1;
    %jmp/1 T_178.1, 8;
T_178.0 ; End of true expr.
    %load/vec4 v000001cbfd34ffd0_0;
    %flag_set/vec4 9;
    %jmp/0 T_178.2, 9;
    %load/vec4 v000001cbfd350f70_0;
    %jmp/1 T_178.3, 9;
T_178.2 ; End of true expr.
    %load/vec4 v000001cbfd350b10_0;
    %jmp/0 T_178.3, 9;
 ; End of false expr.
    %blend;
T_178.3;
    %jmp/0 T_178.1, 8;
 ; End of false expr.
    %blend;
T_178.1;
    %assign/vec4 v000001cbfd350b10_0, 0;
    %jmp T_178;
    .thread T_178;
    .scope S_000001cbfd371be0;
T_179 ;
    %wait E_000001cbfd121940;
    %load/vec4 v000001cbfd34f0d0_0;
    %flag_set/vec4 8;
    %jmp/0 T_179.0, 8;
    %pushi/vec4 0, 0, 1;
    %jmp/1 T_179.1, 8;
T_179.0 ; End of true expr.
    %load/vec4 v000001cbfd34f990_0;
    %flag_set/vec4 9;
    %jmp/0 T_179.2, 9;
    %load/vec4 v000001cbfd350610_0;
    %jmp/1 T_179.3, 9;
T_179.2 ; End of true expr.
    %load/vec4 v000001cbfd3501b0_0;
    %jmp/0 T_179.3, 9;
 ; End of false expr.
    %blend;
T_179.3;
    %jmp/0 T_179.1, 8;
 ; End of false expr.
    %blend;
T_179.1;
    %assign/vec4 v000001cbfd3501b0_0, 0;
    %jmp T_179;
    .thread T_179;
    .scope S_000001cbfd370600;
T_180 ;
    %wait E_000001cbfd121940;
    %load/vec4 v000001cbfd350110_0;
    %flag_set/vec4 8;
    %jmp/0 T_180.0, 8;
    %pushi/vec4 0, 0, 1;
    %jmp/1 T_180.1, 8;
T_180.0 ; End of true expr.
    %load/vec4 v000001cbfd34f490_0;
    %flag_set/vec4 9;
    %jmp/0 T_180.2, 9;
    %load/vec4 v000001cbfd350ed0_0;
    %jmp/1 T_180.3, 9;
T_180.2 ; End of true expr.
    %load/vec4 v000001cbfd350070_0;
    %jmp/0 T_180.3, 9;
 ; End of false expr.
    %blend;
T_180.3;
    %jmp/0 T_180.1, 8;
 ; End of false expr.
    %blend;
T_180.1;
    %assign/vec4 v000001cbfd350070_0, 0;
    %jmp T_180;
    .thread T_180;
    .scope S_000001cbfd36b970;
T_181 ;
    %wait E_000001cbfd121940;
    %load/vec4 v000001cbfd34f030_0;
    %flag_set/vec4 8;
    %jmp/0 T_181.0, 8;
    %pushi/vec4 0, 0, 1;
    %jmp/1 T_181.1, 8;
T_181.0 ; End of true expr.
    %load/vec4 v000001cbfd350390_0;
    %flag_set/vec4 9;
    %jmp/0 T_181.2, 9;
    %load/vec4 v000001cbfd3502f0_0;
    %jmp/1 T_181.3, 9;
T_181.2 ; End of true expr.
    %load/vec4 v000001cbfd350bb0_0;
    %jmp/0 T_181.3, 9;
 ; End of false expr.
    %blend;
T_181.3;
    %jmp/0 T_181.1, 8;
 ; End of false expr.
    %blend;
T_181.1;
    %assign/vec4 v000001cbfd350bb0_0, 0;
    %jmp T_181;
    .thread T_181;
    .scope S_000001cbfd36d8b0;
T_182 ;
    %wait E_000001cbfd121940;
    %load/vec4 v000001cbfd3539f0_0;
    %flag_set/vec4 8;
    %jmp/0 T_182.0, 8;
    %pushi/vec4 0, 0, 1;
    %jmp/1 T_182.1, 8;
T_182.0 ; End of true expr.
    %load/vec4 v000001cbfd353770_0;
    %flag_set/vec4 9;
    %jmp/0 T_182.2, 9;
    %load/vec4 v000001cbfd352cd0_0;
    %jmp/1 T_182.3, 9;
T_182.2 ; End of true expr.
    %load/vec4 v000001cbfd351a10_0;
    %jmp/0 T_182.3, 9;
 ; End of false expr.
    %blend;
T_182.3;
    %jmp/0 T_182.1, 8;
 ; End of false expr.
    %blend;
T_182.1;
    %assign/vec4 v000001cbfd351a10_0, 0;
    %jmp T_182;
    .thread T_182;
    .scope S_000001cbfd36e080;
T_183 ;
    %wait E_000001cbfd121940;
    %load/vec4 v000001cbfd3520f0_0;
    %flag_set/vec4 8;
    %jmp/0 T_183.0, 8;
    %pushi/vec4 0, 0, 1;
    %jmp/1 T_183.1, 8;
T_183.0 ; End of true expr.
    %load/vec4 v000001cbfd353a90_0;
    %flag_set/vec4 9;
    %jmp/0 T_183.2, 9;
    %load/vec4 v000001cbfd352910_0;
    %jmp/1 T_183.3, 9;
T_183.2 ; End of true expr.
    %load/vec4 v000001cbfd351790_0;
    %jmp/0 T_183.3, 9;
 ; End of false expr.
    %blend;
T_183.3;
    %jmp/0 T_183.1, 8;
 ; End of false expr.
    %blend;
T_183.1;
    %assign/vec4 v000001cbfd351790_0, 0;
    %jmp T_183;
    .thread T_183;
    .scope S_000001cbfd36bfb0;
T_184 ;
    %wait E_000001cbfd121940;
    %load/vec4 v000001cbfd3527d0_0;
    %flag_set/vec4 8;
    %jmp/0 T_184.0, 8;
    %pushi/vec4 0, 0, 1;
    %jmp/1 T_184.1, 8;
T_184.0 ; End of true expr.
    %load/vec4 v000001cbfd352b90_0;
    %flag_set/vec4 9;
    %jmp/0 T_184.2, 9;
    %load/vec4 v000001cbfd352690_0;
    %jmp/1 T_184.3, 9;
T_184.2 ; End of true expr.
    %load/vec4 v000001cbfd3522d0_0;
    %jmp/0 T_184.3, 9;
 ; End of false expr.
    %blend;
T_184.3;
    %jmp/0 T_184.1, 8;
 ; End of false expr.
    %blend;
T_184.1;
    %assign/vec4 v000001cbfd3522d0_0, 0;
    %jmp T_184;
    .thread T_184;
    .scope S_000001cbfd36bc90;
T_185 ;
    %wait E_000001cbfd121940;
    %load/vec4 v000001cbfd353810_0;
    %flag_set/vec4 8;
    %jmp/0 T_185.0, 8;
    %pushi/vec4 0, 0, 1;
    %jmp/1 T_185.1, 8;
T_185.0 ; End of true expr.
    %load/vec4 v000001cbfd3538b0_0;
    %flag_set/vec4 9;
    %jmp/0 T_185.2, 9;
    %load/vec4 v000001cbfd353590_0;
    %jmp/1 T_185.3, 9;
T_185.2 ; End of true expr.
    %load/vec4 v000001cbfd3536d0_0;
    %jmp/0 T_185.3, 9;
 ; End of false expr.
    %blend;
T_185.3;
    %jmp/0 T_185.1, 8;
 ; End of false expr.
    %blend;
T_185.1;
    %assign/vec4 v000001cbfd3536d0_0, 0;
    %jmp T_185;
    .thread T_185;
    .scope S_000001cbfd36dbd0;
T_186 ;
    %wait E_000001cbfd121940;
    %load/vec4 v000001cbfd355430_0;
    %flag_set/vec4 8;
    %jmp/0 T_186.0, 8;
    %pushi/vec4 0, 0, 1;
    %jmp/1 T_186.1, 8;
T_186.0 ; End of true expr.
    %load/vec4 v000001cbfd356150_0;
    %flag_set/vec4 9;
    %jmp/0 T_186.2, 9;
    %load/vec4 v000001cbfd3529b0_0;
    %jmp/1 T_186.3, 9;
T_186.2 ; End of true expr.
    %load/vec4 v000001cbfd352a50_0;
    %jmp/0 T_186.3, 9;
 ; End of false expr.
    %blend;
T_186.3;
    %jmp/0 T_186.1, 8;
 ; End of false expr.
    %blend;
T_186.1;
    %assign/vec4 v000001cbfd352a50_0, 0;
    %jmp T_186;
    .thread T_186;
    .scope S_000001cbfd36d400;
T_187 ;
    %wait E_000001cbfd121940;
    %load/vec4 v000001cbfd353f90_0;
    %flag_set/vec4 8;
    %jmp/0 T_187.0, 8;
    %pushi/vec4 0, 0, 1;
    %jmp/1 T_187.1, 8;
T_187.0 ; End of true expr.
    %load/vec4 v000001cbfd3561f0_0;
    %flag_set/vec4 9;
    %jmp/0 T_187.2, 9;
    %load/vec4 v000001cbfd355890_0;
    %jmp/1 T_187.3, 9;
T_187.2 ; End of true expr.
    %load/vec4 v000001cbfd354210_0;
    %jmp/0 T_187.3, 9;
 ; End of false expr.
    %blend;
T_187.3;
    %jmp/0 T_187.1, 8;
 ; End of false expr.
    %blend;
T_187.1;
    %assign/vec4 v000001cbfd354210_0, 0;
    %jmp T_187;
    .thread T_187;
    .scope S_000001cbfd3702e0;
T_188 ;
    %wait E_000001cbfd121940;
    %load/vec4 v000001cbfd355610_0;
    %flag_set/vec4 8;
    %jmp/0 T_188.0, 8;
    %pushi/vec4 0, 0, 1;
    %jmp/1 T_188.1, 8;
T_188.0 ; End of true expr.
    %load/vec4 v000001cbfd3545d0_0;
    %flag_set/vec4 9;
    %jmp/0 T_188.2, 9;
    %load/vec4 v000001cbfd355570_0;
    %jmp/1 T_188.3, 9;
T_188.2 ; End of true expr.
    %load/vec4 v000001cbfd3559d0_0;
    %jmp/0 T_188.3, 9;
 ; End of false expr.
    %blend;
T_188.3;
    %jmp/0 T_188.1, 8;
 ; End of false expr.
    %blend;
T_188.1;
    %assign/vec4 v000001cbfd3559d0_0, 0;
    %jmp T_188;
    .thread T_188;
    .scope S_000001cbfd36f660;
T_189 ;
    %wait E_000001cbfd121940;
    %load/vec4 v000001cbfd356010_0;
    %flag_set/vec4 8;
    %jmp/0 T_189.0, 8;
    %pushi/vec4 0, 0, 1;
    %jmp/1 T_189.1, 8;
T_189.0 ; End of true expr.
    %load/vec4 v000001cbfd353ef0_0;
    %flag_set/vec4 9;
    %jmp/0 T_189.2, 9;
    %load/vec4 v000001cbfd3542b0_0;
    %jmp/1 T_189.3, 9;
T_189.2 ; End of true expr.
    %load/vec4 v000001cbfd354850_0;
    %jmp/0 T_189.3, 9;
 ; End of false expr.
    %blend;
T_189.3;
    %jmp/0 T_189.1, 8;
 ; End of false expr.
    %blend;
T_189.1;
    %assign/vec4 v000001cbfd354850_0, 0;
    %jmp T_189;
    .thread T_189;
    .scope S_000001cbfd36ae80;
T_190 ;
    %wait E_000001cbfd121940;
    %load/vec4 v000001cbfd355bb0_0;
    %flag_set/vec4 8;
    %jmp/0 T_190.0, 8;
    %pushi/vec4 0, 0, 1;
    %jmp/1 T_190.1, 8;
T_190.0 ; End of true expr.
    %load/vec4 v000001cbfd3543f0_0;
    %flag_set/vec4 9;
    %jmp/0 T_190.2, 9;
    %load/vec4 v000001cbfd355b10_0;
    %jmp/1 T_190.3, 9;
T_190.2 ; End of true expr.
    %load/vec4 v000001cbfd354f30_0;
    %jmp/0 T_190.3, 9;
 ; End of false expr.
    %blend;
T_190.3;
    %jmp/0 T_190.1, 8;
 ; End of false expr.
    %blend;
T_190.1;
    %assign/vec4 v000001cbfd354f30_0, 0;
    %jmp T_190;
    .thread T_190;
    .scope S_000001cbfd36da40;
T_191 ;
    %wait E_000001cbfd121940;
    %load/vec4 v000001cbfd3568d0_0;
    %flag_set/vec4 8;
    %jmp/0 T_191.0, 8;
    %pushi/vec4 0, 0, 1;
    %jmp/1 T_191.1, 8;
T_191.0 ; End of true expr.
    %load/vec4 v000001cbfd358630_0;
    %flag_set/vec4 9;
    %jmp/0 T_191.2, 9;
    %load/vec4 v000001cbfd3588b0_0;
    %jmp/1 T_191.3, 9;
T_191.2 ; End of true expr.
    %load/vec4 v000001cbfd358a90_0;
    %jmp/0 T_191.3, 9;
 ; End of false expr.
    %blend;
T_191.3;
    %jmp/0 T_191.1, 8;
 ; End of false expr.
    %blend;
T_191.1;
    %assign/vec4 v000001cbfd358a90_0, 0;
    %jmp T_191;
    .thread T_191;
    .scope S_000001cbfd36d270;
T_192 ;
    %wait E_000001cbfd121940;
    %load/vec4 v000001cbfd357050_0;
    %flag_set/vec4 8;
    %jmp/0 T_192.0, 8;
    %pushi/vec4 0, 0, 1;
    %jmp/1 T_192.1, 8;
T_192.0 ; End of true expr.
    %load/vec4 v000001cbfd356f10_0;
    %flag_set/vec4 9;
    %jmp/0 T_192.2, 9;
    %load/vec4 v000001cbfd358130_0;
    %jmp/1 T_192.3, 9;
T_192.2 ; End of true expr.
    %load/vec4 v000001cbfd3581d0_0;
    %jmp/0 T_192.3, 9;
 ; End of false expr.
    %blend;
T_192.3;
    %jmp/0 T_192.1, 8;
 ; End of false expr.
    %blend;
T_192.1;
    %assign/vec4 v000001cbfd3581d0_0, 0;
    %jmp T_192;
    .thread T_192;
    .scope S_000001cbfd36fca0;
T_193 ;
    %wait E_000001cbfd121940;
    %load/vec4 v000001cbfd358810_0;
    %flag_set/vec4 8;
    %jmp/0 T_193.0, 8;
    %pushi/vec4 0, 0, 1;
    %jmp/1 T_193.1, 8;
T_193.0 ; End of true expr.
    %load/vec4 v000001cbfd357e10_0;
    %flag_set/vec4 9;
    %jmp/0 T_193.2, 9;
    %load/vec4 v000001cbfd358770_0;
    %jmp/1 T_193.3, 9;
T_193.2 ; End of true expr.
    %load/vec4 v000001cbfd358bd0_0;
    %jmp/0 T_193.3, 9;
 ; End of false expr.
    %blend;
T_193.3;
    %jmp/0 T_193.1, 8;
 ; End of false expr.
    %blend;
T_193.1;
    %assign/vec4 v000001cbfd358bd0_0, 0;
    %jmp T_193;
    .thread T_193;
    .scope S_000001cbfd36ed00;
T_194 ;
    %wait E_000001cbfd121940;
    %load/vec4 v000001cbfd357730_0;
    %flag_set/vec4 8;
    %jmp/0 T_194.0, 8;
    %pushi/vec4 0, 0, 1;
    %jmp/1 T_194.1, 8;
T_194.0 ; End of true expr.
    %load/vec4 v000001cbfd357eb0_0;
    %flag_set/vec4 9;
    %jmp/0 T_194.2, 9;
    %load/vec4 v000001cbfd3575f0_0;
    %jmp/1 T_194.3, 9;
T_194.2 ; End of true expr.
    %load/vec4 v000001cbfd357690_0;
    %jmp/0 T_194.3, 9;
 ; End of false expr.
    %blend;
T_194.3;
    %jmp/0 T_194.1, 8;
 ; End of false expr.
    %blend;
T_194.1;
    %assign/vec4 v000001cbfd357690_0, 0;
    %jmp T_194;
    .thread T_194;
    .scope S_000001cbfd36d0e0;
T_195 ;
    %wait E_000001cbfd121940;
    %load/vec4 v000001cbfd3598f0_0;
    %flag_set/vec4 8;
    %jmp/0 T_195.0, 8;
    %pushi/vec4 0, 0, 1;
    %jmp/1 T_195.1, 8;
T_195.0 ; End of true expr.
    %load/vec4 v000001cbfd35abb0_0;
    %flag_set/vec4 9;
    %jmp/0 T_195.2, 9;
    %load/vec4 v000001cbfd35a930_0;
    %jmp/1 T_195.3, 9;
T_195.2 ; End of true expr.
    %load/vec4 v000001cbfd35a250_0;
    %jmp/0 T_195.3, 9;
 ; End of false expr.
    %blend;
T_195.3;
    %jmp/0 T_195.1, 8;
 ; End of false expr.
    %blend;
T_195.1;
    %assign/vec4 v000001cbfd35a250_0, 0;
    %jmp T_195;
    .thread T_195;
    .scope S_000001cbfd36ffc0;
T_196 ;
    %wait E_000001cbfd121940;
    %load/vec4 v000001cbfd35a890_0;
    %flag_set/vec4 8;
    %jmp/0 T_196.0, 8;
    %pushi/vec4 0, 0, 1;
    %jmp/1 T_196.1, 8;
T_196.0 ; End of true expr.
    %load/vec4 v000001cbfd35a610_0;
    %flag_set/vec4 9;
    %jmp/0 T_196.2, 9;
    %load/vec4 v000001cbfd3593f0_0;
    %jmp/1 T_196.3, 9;
T_196.2 ; End of true expr.
    %load/vec4 v000001cbfd359210_0;
    %jmp/0 T_196.3, 9;
 ; End of false expr.
    %blend;
T_196.3;
    %jmp/0 T_196.1, 8;
 ; End of false expr.
    %blend;
T_196.1;
    %assign/vec4 v000001cbfd359210_0, 0;
    %jmp T_196;
    .thread T_196;
    .scope S_000001cbfd370ab0;
T_197 ;
    %wait E_000001cbfd121940;
    %load/vec4 v000001cbfd35ab10_0;
    %flag_set/vec4 8;
    %jmp/0 T_197.0, 8;
    %pushi/vec4 0, 0, 1;
    %jmp/1 T_197.1, 8;
T_197.0 ; End of true expr.
    %load/vec4 v000001cbfd359850_0;
    %flag_set/vec4 9;
    %jmp/0 T_197.2, 9;
    %load/vec4 v000001cbfd35a110_0;
    %jmp/1 T_197.3, 9;
T_197.2 ; End of true expr.
    %load/vec4 v000001cbfd359e90_0;
    %jmp/0 T_197.3, 9;
 ; End of false expr.
    %blend;
T_197.3;
    %jmp/0 T_197.1, 8;
 ; End of false expr.
    %blend;
T_197.1;
    %assign/vec4 v000001cbfd359e90_0, 0;
    %jmp T_197;
    .thread T_197;
    .scope S_000001cbfd36b7e0;
T_198 ;
    %wait E_000001cbfd121940;
    %load/vec4 v000001cbfd35a4d0_0;
    %flag_set/vec4 8;
    %jmp/0 T_198.0, 8;
    %pushi/vec4 0, 0, 1;
    %jmp/1 T_198.1, 8;
T_198.0 ; End of true expr.
    %load/vec4 v000001cbfd35a570_0;
    %flag_set/vec4 9;
    %jmp/0 T_198.2, 9;
    %load/vec4 v000001cbfd35a070_0;
    %jmp/1 T_198.3, 9;
T_198.2 ; End of true expr.
    %load/vec4 v000001cbfd35a1b0_0;
    %jmp/0 T_198.3, 9;
 ; End of false expr.
    %blend;
T_198.3;
    %jmp/0 T_198.1, 8;
 ; End of false expr.
    %blend;
T_198.1;
    %assign/vec4 v000001cbfd35a1b0_0, 0;
    %jmp T_198;
    .thread T_198;
    .scope S_000001cbfd36f020;
T_199 ;
    %wait E_000001cbfd121940;
    %load/vec4 v000001cbfd33c4d0_0;
    %flag_set/vec4 8;
    %jmp/0 T_199.0, 8;
    %pushi/vec4 0, 0, 1;
    %jmp/1 T_199.1, 8;
T_199.0 ; End of true expr.
    %load/vec4 v000001cbfd33ae50_0;
    %flag_set/vec4 9;
    %jmp/0 T_199.2, 9;
    %load/vec4 v000001cbfd33b5d0_0;
    %jmp/1 T_199.3, 9;
T_199.2 ; End of true expr.
    %load/vec4 v000001cbfd33af90_0;
    %jmp/0 T_199.3, 9;
 ; End of false expr.
    %blend;
T_199.3;
    %jmp/0 T_199.1, 8;
 ; End of false expr.
    %blend;
T_199.1;
    %assign/vec4 v000001cbfd33af90_0, 0;
    %jmp T_199;
    .thread T_199;
    .scope S_000001cbfd36bb00;
T_200 ;
    %wait E_000001cbfd121940;
    %load/vec4 v000001cbfd33c570_0;
    %flag_set/vec4 8;
    %jmp/0 T_200.0, 8;
    %pushi/vec4 0, 0, 1;
    %jmp/1 T_200.1, 8;
T_200.0 ; End of true expr.
    %load/vec4 v000001cbfd33c610_0;
    %flag_set/vec4 9;
    %jmp/0 T_200.2, 9;
    %load/vec4 v000001cbfd33b710_0;
    %jmp/1 T_200.3, 9;
T_200.2 ; End of true expr.
    %load/vec4 v000001cbfd33d0b0_0;
    %jmp/0 T_200.3, 9;
 ; End of false expr.
    %blend;
T_200.3;
    %jmp/0 T_200.1, 8;
 ; End of false expr.
    %blend;
T_200.1;
    %assign/vec4 v000001cbfd33d0b0_0, 0;
    %jmp T_200;
    .thread T_200;
    .scope S_000001cbfd36c780;
T_201 ;
    %wait E_000001cbfd121940;
    %load/vec4 v000001cbfd33b170_0;
    %flag_set/vec4 8;
    %jmp/0 T_201.0, 8;
    %pushi/vec4 0, 0, 1;
    %jmp/1 T_201.1, 8;
T_201.0 ; End of true expr.
    %load/vec4 v000001cbfd33c930_0;
    %flag_set/vec4 9;
    %jmp/0 T_201.2, 9;
    %load/vec4 v000001cbfd33ced0_0;
    %jmp/1 T_201.3, 9;
T_201.2 ; End of true expr.
    %load/vec4 v000001cbfd33cf70_0;
    %jmp/0 T_201.3, 9;
 ; End of false expr.
    %blend;
T_201.3;
    %jmp/0 T_201.1, 8;
 ; End of false expr.
    %blend;
T_201.1;
    %assign/vec4 v000001cbfd33cf70_0, 0;
    %jmp T_201;
    .thread T_201;
    .scope S_000001cbfd36c2d0;
T_202 ;
    %wait E_000001cbfd121940;
    %load/vec4 v000001cbfd33bdf0_0;
    %flag_set/vec4 8;
    %jmp/0 T_202.0, 8;
    %pushi/vec4 0, 0, 1;
    %jmp/1 T_202.1, 8;
T_202.0 ; End of true expr.
    %load/vec4 v000001cbfd33b210_0;
    %flag_set/vec4 9;
    %jmp/0 T_202.2, 9;
    %load/vec4 v000001cbfd33bcb0_0;
    %jmp/1 T_202.3, 9;
T_202.2 ; End of true expr.
    %load/vec4 v000001cbfd33bd50_0;
    %jmp/0 T_202.3, 9;
 ; End of false expr.
    %blend;
T_202.3;
    %jmp/0 T_202.1, 8;
 ; End of false expr.
    %blend;
T_202.1;
    %assign/vec4 v000001cbfd33bd50_0, 0;
    %jmp T_202;
    .thread T_202;
    .scope S_000001cbfd370c40;
T_203 ;
    %wait E_000001cbfd121940;
    %load/vec4 v000001cbfd37c2f0_0;
    %flag_set/vec4 8;
    %jmp/0 T_203.0, 8;
    %pushi/vec4 0, 0, 1;
    %jmp/1 T_203.1, 8;
T_203.0 ; End of true expr.
    %load/vec4 v000001cbfd37be90_0;
    %flag_set/vec4 9;
    %jmp/0 T_203.2, 9;
    %load/vec4 v000001cbfd37d510_0;
    %jmp/1 T_203.3, 9;
T_203.2 ; End of true expr.
    %load/vec4 v000001cbfd37d830_0;
    %jmp/0 T_203.3, 9;
 ; End of false expr.
    %blend;
T_203.3;
    %jmp/0 T_203.1, 8;
 ; End of false expr.
    %blend;
T_203.1;
    %assign/vec4 v000001cbfd37d830_0, 0;
    %jmp T_203;
    .thread T_203;
    .scope S_000001cbfd36be20;
T_204 ;
    %wait E_000001cbfd121940;
    %load/vec4 v000001cbfd37d290_0;
    %flag_set/vec4 8;
    %jmp/0 T_204.0, 8;
    %pushi/vec4 0, 0, 1;
    %jmp/1 T_204.1, 8;
T_204.0 ; End of true expr.
    %load/vec4 v000001cbfd37ba30_0;
    %flag_set/vec4 9;
    %jmp/0 T_204.2, 9;
    %load/vec4 v000001cbfd37dab0_0;
    %jmp/1 T_204.3, 9;
T_204.2 ; End of true expr.
    %load/vec4 v000001cbfd37cbb0_0;
    %jmp/0 T_204.3, 9;
 ; End of false expr.
    %blend;
T_204.3;
    %jmp/0 T_204.1, 8;
 ; End of false expr.
    %blend;
T_204.1;
    %assign/vec4 v000001cbfd37cbb0_0, 0;
    %jmp T_204;
    .thread T_204;
    .scope S_000001cbfd36fe30;
T_205 ;
    %wait E_000001cbfd121940;
    %load/vec4 v000001cbfd37ca70_0;
    %flag_set/vec4 8;
    %jmp/0 T_205.0, 8;
    %pushi/vec4 0, 0, 1;
    %jmp/1 T_205.1, 8;
T_205.0 ; End of true expr.
    %load/vec4 v000001cbfd37bad0_0;
    %flag_set/vec4 9;
    %jmp/0 T_205.2, 9;
    %load/vec4 v000001cbfd37dd30_0;
    %jmp/1 T_205.3, 9;
T_205.2 ; End of true expr.
    %load/vec4 v000001cbfd37d970_0;
    %jmp/0 T_205.3, 9;
 ; End of false expr.
    %blend;
T_205.3;
    %jmp/0 T_205.1, 8;
 ; End of false expr.
    %blend;
T_205.1;
    %assign/vec4 v000001cbfd37d970_0, 0;
    %jmp T_205;
    .thread T_205;
    .scope S_000001cbfd370150;
T_206 ;
    %wait E_000001cbfd121940;
    %load/vec4 v000001cbfd37df10_0;
    %flag_set/vec4 8;
    %jmp/0 T_206.0, 8;
    %pushi/vec4 0, 0, 1;
    %jmp/1 T_206.1, 8;
T_206.0 ; End of true expr.
    %load/vec4 v000001cbfd37bd50_0;
    %flag_set/vec4 9;
    %jmp/0 T_206.2, 9;
    %load/vec4 v000001cbfd37c110_0;
    %jmp/1 T_206.3, 9;
T_206.2 ; End of true expr.
    %load/vec4 v000001cbfd37bdf0_0;
    %jmp/0 T_206.3, 9;
 ; End of false expr.
    %blend;
T_206.3;
    %jmp/0 T_206.1, 8;
 ; End of false expr.
    %blend;
T_206.1;
    %assign/vec4 v000001cbfd37bdf0_0, 0;
    %jmp T_206;
    .thread T_206;
    .scope S_000001cbfd36c460;
T_207 ;
    %wait E_000001cbfd121940;
    %load/vec4 v000001cbfd37c890_0;
    %flag_set/vec4 8;
    %jmp/0 T_207.0, 8;
    %pushi/vec4 0, 0, 1;
    %jmp/1 T_207.1, 8;
T_207.0 ; End of true expr.
    %load/vec4 v000001cbfd37c9d0_0;
    %flag_set/vec4 9;
    %jmp/0 T_207.2, 9;
    %load/vec4 v000001cbfd37c7f0_0;
    %jmp/1 T_207.3, 9;
T_207.2 ; End of true expr.
    %load/vec4 v000001cbfd37ced0_0;
    %jmp/0 T_207.3, 9;
 ; End of false expr.
    %blend;
T_207.3;
    %jmp/0 T_207.1, 8;
 ; End of false expr.
    %blend;
T_207.1;
    %assign/vec4 v000001cbfd37ced0_0, 0;
    %jmp T_207;
    .thread T_207;
    .scope S_000001cbfd370f60;
T_208 ;
    %wait E_000001cbfd121940;
    %load/vec4 v000001cbfd37fd10_0;
    %flag_set/vec4 8;
    %jmp/0 T_208.0, 8;
    %pushi/vec4 0, 0, 1;
    %jmp/1 T_208.1, 8;
T_208.0 ; End of true expr.
    %load/vec4 v000001cbfd37fb30_0;
    %flag_set/vec4 9;
    %jmp/0 T_208.2, 9;
    %load/vec4 v000001cbfd37e9b0_0;
    %jmp/1 T_208.3, 9;
T_208.2 ; End of true expr.
    %load/vec4 v000001cbfd37eaf0_0;
    %jmp/0 T_208.3, 9;
 ; End of false expr.
    %blend;
T_208.3;
    %jmp/0 T_208.1, 8;
 ; End of false expr.
    %blend;
T_208.1;
    %assign/vec4 v000001cbfd37eaf0_0, 0;
    %jmp T_208;
    .thread T_208;
    .scope S_000001cbfd36c5f0;
T_209 ;
    %wait E_000001cbfd121940;
    %load/vec4 v000001cbfd37f3b0_0;
    %flag_set/vec4 8;
    %jmp/0 T_209.0, 8;
    %pushi/vec4 0, 0, 1;
    %jmp/1 T_209.1, 8;
T_209.0 ; End of true expr.
    %load/vec4 v000001cbfd37fbd0_0;
    %flag_set/vec4 9;
    %jmp/0 T_209.2, 9;
    %load/vec4 v000001cbfd37e730_0;
    %jmp/1 T_209.3, 9;
T_209.2 ; End of true expr.
    %load/vec4 v000001cbfd3800d0_0;
    %jmp/0 T_209.3, 9;
 ; End of false expr.
    %blend;
T_209.3;
    %jmp/0 T_209.1, 8;
 ; End of false expr.
    %blend;
T_209.1;
    %assign/vec4 v000001cbfd3800d0_0, 0;
    %jmp T_209;
    .thread T_209;
    .scope S_000001cbfd36e3a0;
T_210 ;
    %wait E_000001cbfd121940;
    %load/vec4 v000001cbfd37e870_0;
    %flag_set/vec4 8;
    %jmp/0 T_210.0, 8;
    %pushi/vec4 0, 0, 1;
    %jmp/1 T_210.1, 8;
T_210.0 ; End of true expr.
    %load/vec4 v000001cbfd380530_0;
    %flag_set/vec4 9;
    %jmp/0 T_210.2, 9;
    %load/vec4 v000001cbfd37e7d0_0;
    %jmp/1 T_210.3, 9;
T_210.2 ; End of true expr.
    %load/vec4 v000001cbfd37e370_0;
    %jmp/0 T_210.3, 9;
 ; End of false expr.
    %blend;
T_210.3;
    %jmp/0 T_210.1, 8;
 ; End of false expr.
    %blend;
T_210.1;
    %assign/vec4 v000001cbfd37e370_0, 0;
    %jmp T_210;
    .thread T_210;
    .scope S_000001cbfd39f0e0;
T_211 ;
    %wait E_000001cbfd121940;
    %load/vec4 v000001cbfd37e5f0_0;
    %flag_set/vec4 8;
    %jmp/0 T_211.0, 8;
    %pushi/vec4 0, 0, 1;
    %jmp/1 T_211.1, 8;
T_211.0 ; End of true expr.
    %load/vec4 v000001cbfd37ef50_0;
    %flag_set/vec4 9;
    %jmp/0 T_211.2, 9;
    %load/vec4 v000001cbfd37ee10_0;
    %jmp/1 T_211.3, 9;
T_211.2 ; End of true expr.
    %load/vec4 v000001cbfd3808f0_0;
    %jmp/0 T_211.3, 9;
 ; End of false expr.
    %blend;
T_211.3;
    %jmp/0 T_211.1, 8;
 ; End of false expr.
    %blend;
T_211.1;
    %assign/vec4 v000001cbfd3808f0_0, 0;
    %jmp T_211;
    .thread T_211;
    .scope S_000001cbfd39fa40;
T_212 ;
    %wait E_000001cbfd121940;
    %load/vec4 v000001cbfd380b70_0;
    %flag_set/vec4 8;
    %jmp/0 T_212.0, 8;
    %pushi/vec4 0, 0, 1;
    %jmp/1 T_212.1, 8;
T_212.0 ; End of true expr.
    %load/vec4 v000001cbfd380e90_0;
    %flag_set/vec4 9;
    %jmp/0 T_212.2, 9;
    %load/vec4 v000001cbfd3812f0_0;
    %jmp/1 T_212.3, 9;
T_212.2 ; End of true expr.
    %load/vec4 v000001cbfd380f30_0;
    %jmp/0 T_212.3, 9;
 ; End of false expr.
    %blend;
T_212.3;
    %jmp/0 T_212.1, 8;
 ; End of false expr.
    %blend;
T_212.1;
    %assign/vec4 v000001cbfd380f30_0, 0;
    %jmp T_212;
    .thread T_212;
    .scope S_000001cbfd3a1ca0;
T_213 ;
    %wait E_000001cbfd121940;
    %load/vec4 v000001cbfd3811b0_0;
    %flag_set/vec4 8;
    %jmp/0 T_213.0, 8;
    %pushi/vec4 0, 0, 1;
    %jmp/1 T_213.1, 8;
T_213.0 ; End of true expr.
    %load/vec4 v000001cbfd381ed0_0;
    %flag_set/vec4 9;
    %jmp/0 T_213.2, 9;
    %load/vec4 v000001cbfd382650_0;
    %jmp/1 T_213.3, 9;
T_213.2 ; End of true expr.
    %load/vec4 v000001cbfd381390_0;
    %jmp/0 T_213.3, 9;
 ; End of false expr.
    %blend;
T_213.3;
    %jmp/0 T_213.1, 8;
 ; End of false expr.
    %blend;
T_213.1;
    %assign/vec4 v000001cbfd381390_0, 0;
    %jmp T_213;
    .thread T_213;
    .scope S_000001cbfd39bee0;
T_214 ;
    %wait E_000001cbfd121940;
    %load/vec4 v000001cbfd382830_0;
    %flag_set/vec4 8;
    %jmp/0 T_214.0, 8;
    %pushi/vec4 0, 0, 1;
    %jmp/1 T_214.1, 8;
T_214.0 ; End of true expr.
    %load/vec4 v000001cbfd3820b0_0;
    %flag_set/vec4 9;
    %jmp/0 T_214.2, 9;
    %load/vec4 v000001cbfd3819d0_0;
    %jmp/1 T_214.3, 9;
T_214.2 ; End of true expr.
    %load/vec4 v000001cbfd381a70_0;
    %jmp/0 T_214.3, 9;
 ; End of false expr.
    %blend;
T_214.3;
    %jmp/0 T_214.1, 8;
 ; End of false expr.
    %blend;
T_214.1;
    %assign/vec4 v000001cbfd381a70_0, 0;
    %jmp T_214;
    .thread T_214;
    .scope S_000001cbfd39ec30;
T_215 ;
    %wait E_000001cbfd121940;
    %load/vec4 v000001cbfd382150_0;
    %flag_set/vec4 8;
    %jmp/0 T_215.0, 8;
    %pushi/vec4 0, 0, 1;
    %jmp/1 T_215.1, 8;
T_215.0 ; End of true expr.
    %load/vec4 v000001cbfd382470_0;
    %flag_set/vec4 9;
    %jmp/0 T_215.2, 9;
    %load/vec4 v000001cbfd3826f0_0;
    %jmp/1 T_215.3, 9;
T_215.2 ; End of true expr.
    %load/vec4 v000001cbfd381bb0_0;
    %jmp/0 T_215.3, 9;
 ; End of false expr.
    %blend;
T_215.3;
    %jmp/0 T_215.1, 8;
 ; End of false expr.
    %blend;
T_215.1;
    %assign/vec4 v000001cbfd381bb0_0, 0;
    %jmp T_215;
    .thread T_215;
    .scope S_000001cbfd39dfb0;
T_216 ;
    %wait E_000001cbfd121940;
    %load/vec4 v000001cbfd3832d0_0;
    %flag_set/vec4 8;
    %jmp/0 T_216.0, 8;
    %pushi/vec4 0, 0, 1;
    %jmp/1 T_216.1, 8;
T_216.0 ; End of true expr.
    %load/vec4 v000001cbfd385210_0;
    %flag_set/vec4 9;
    %jmp/0 T_216.2, 9;
    %load/vec4 v000001cbfd384590_0;
    %jmp/1 T_216.3, 9;
T_216.2 ; End of true expr.
    %load/vec4 v000001cbfd3852b0_0;
    %jmp/0 T_216.3, 9;
 ; End of false expr.
    %blend;
T_216.3;
    %jmp/0 T_216.1, 8;
 ; End of false expr.
    %blend;
T_216.1;
    %assign/vec4 v000001cbfd3852b0_0, 0;
    %jmp T_216;
    .thread T_216;
    .scope S_000001cbfd3a03a0;
T_217 ;
    %wait E_000001cbfd121940;
    %load/vec4 v000001cbfd383690_0;
    %flag_set/vec4 8;
    %jmp/0 T_217.0, 8;
    %pushi/vec4 0, 0, 1;
    %jmp/1 T_217.1, 8;
T_217.0 ; End of true expr.
    %load/vec4 v000001cbfd384270_0;
    %flag_set/vec4 9;
    %jmp/0 T_217.2, 9;
    %load/vec4 v000001cbfd383af0_0;
    %jmp/1 T_217.3, 9;
T_217.2 ; End of true expr.
    %load/vec4 v000001cbfd384d10_0;
    %jmp/0 T_217.3, 9;
 ; End of false expr.
    %blend;
T_217.3;
    %jmp/0 T_217.1, 8;
 ; End of false expr.
    %blend;
T_217.1;
    %assign/vec4 v000001cbfd384d10_0, 0;
    %jmp T_217;
    .thread T_217;
    .scope S_000001cbfd39f590;
T_218 ;
    %wait E_000001cbfd121940;
    %load/vec4 v000001cbfd384ef0_0;
    %flag_set/vec4 8;
    %jmp/0 T_218.0, 8;
    %pushi/vec4 0, 0, 1;
    %jmp/1 T_218.1, 8;
T_218.0 ; End of true expr.
    %load/vec4 v000001cbfd383190_0;
    %flag_set/vec4 9;
    %jmp/0 T_218.2, 9;
    %load/vec4 v000001cbfd3843b0_0;
    %jmp/1 T_218.3, 9;
T_218.2 ; End of true expr.
    %load/vec4 v000001cbfd3846d0_0;
    %jmp/0 T_218.3, 9;
 ; End of false expr.
    %blend;
T_218.3;
    %jmp/0 T_218.1, 8;
 ; End of false expr.
    %blend;
T_218.1;
    %assign/vec4 v000001cbfd3846d0_0, 0;
    %jmp T_218;
    .thread T_218;
    .scope S_000001cbfd39bd50;
T_219 ;
    %wait E_000001cbfd121940;
    %load/vec4 v000001cbfd3837d0_0;
    %flag_set/vec4 8;
    %jmp/0 T_219.0, 8;
    %pushi/vec4 0, 0, 1;
    %jmp/1 T_219.1, 8;
T_219.0 ; End of true expr.
    %load/vec4 v000001cbfd3858f0_0;
    %flag_set/vec4 9;
    %jmp/0 T_219.2, 9;
    %load/vec4 v000001cbfd383e10_0;
    %jmp/1 T_219.3, 9;
T_219.2 ; End of true expr.
    %load/vec4 v000001cbfd3848b0_0;
    %jmp/0 T_219.3, 9;
 ; End of false expr.
    %blend;
T_219.3;
    %jmp/0 T_219.1, 8;
 ; End of false expr.
    %blend;
T_219.1;
    %assign/vec4 v000001cbfd3848b0_0, 0;
    %jmp T_219;
    .thread T_219;
    .scope S_000001cbfd3a0530;
T_220 ;
    %wait E_000001cbfd121940;
    %load/vec4 v000001cbfd385170_0;
    %flag_set/vec4 8;
    %jmp/0 T_220.0, 8;
    %pushi/vec4 0, 0, 1;
    %jmp/1 T_220.1, 8;
T_220.0 ; End of true expr.
    %load/vec4 v000001cbfd3853f0_0;
    %flag_set/vec4 9;
    %jmp/0 T_220.2, 9;
    %load/vec4 v000001cbfd383d70_0;
    %jmp/1 T_220.3, 9;
T_220.2 ; End of true expr.
    %load/vec4 v000001cbfd3850d0_0;
    %jmp/0 T_220.3, 9;
 ; End of false expr.
    %blend;
T_220.3;
    %jmp/0 T_220.1, 8;
 ; End of false expr.
    %blend;
T_220.1;
    %assign/vec4 v000001cbfd3850d0_0, 0;
    %jmp T_220;
    .thread T_220;
    .scope S_000001cbfd3a06c0;
T_221 ;
    %wait E_000001cbfd121940;
    %load/vec4 v000001cbfd387830_0;
    %flag_set/vec4 8;
    %jmp/0 T_221.0, 8;
    %pushi/vec4 0, 0, 1;
    %jmp/1 T_221.1, 8;
T_221.0 ; End of true expr.
    %load/vec4 v000001cbfd385ad0_0;
    %flag_set/vec4 9;
    %jmp/0 T_221.2, 9;
    %load/vec4 v000001cbfd387330_0;
    %jmp/1 T_221.3, 9;
T_221.2 ; End of true expr.
    %load/vec4 v000001cbfd387510_0;
    %jmp/0 T_221.3, 9;
 ; End of false expr.
    %blend;
T_221.3;
    %jmp/0 T_221.1, 8;
 ; End of false expr.
    %blend;
T_221.1;
    %assign/vec4 v000001cbfd387510_0, 0;
    %jmp T_221;
    .thread T_221;
    .scope S_000001cbfd39f720;
T_222 ;
    %wait E_000001cbfd121940;
    %load/vec4 v000001cbfd386c50_0;
    %flag_set/vec4 8;
    %jmp/0 T_222.0, 8;
    %pushi/vec4 0, 0, 1;
    %jmp/1 T_222.1, 8;
T_222.0 ; End of true expr.
    %load/vec4 v000001cbfd385cb0_0;
    %flag_set/vec4 9;
    %jmp/0 T_222.2, 9;
    %load/vec4 v000001cbfd3878d0_0;
    %jmp/1 T_222.3, 9;
T_222.2 ; End of true expr.
    %load/vec4 v000001cbfd387ab0_0;
    %jmp/0 T_222.3, 9;
 ; End of false expr.
    %blend;
T_222.3;
    %jmp/0 T_222.1, 8;
 ; End of false expr.
    %blend;
T_222.1;
    %assign/vec4 v000001cbfd387ab0_0, 0;
    %jmp T_222;
    .thread T_222;
    .scope S_000001cbfd3a17f0;
T_223 ;
    %wait E_000001cbfd121940;
    %load/vec4 v000001cbfd386570_0;
    %flag_set/vec4 8;
    %jmp/0 T_223.0, 8;
    %pushi/vec4 0, 0, 1;
    %jmp/1 T_223.1, 8;
T_223.0 ; End of true expr.
    %load/vec4 v000001cbfd3880f0_0;
    %flag_set/vec4 9;
    %jmp/0 T_223.2, 9;
    %load/vec4 v000001cbfd3864d0_0;
    %jmp/1 T_223.3, 9;
T_223.2 ; End of true expr.
    %load/vec4 v000001cbfd387f10_0;
    %jmp/0 T_223.3, 9;
 ; End of false expr.
    %blend;
T_223.3;
    %jmp/0 T_223.1, 8;
 ; End of false expr.
    %blend;
T_223.1;
    %assign/vec4 v000001cbfd387f10_0, 0;
    %jmp T_223;
    .thread T_223;
    .scope S_000001cbfd39d7e0;
T_224 ;
    %wait E_000001cbfd121940;
    %load/vec4 v000001cbfd387790_0;
    %flag_set/vec4 8;
    %jmp/0 T_224.0, 8;
    %pushi/vec4 0, 0, 1;
    %jmp/1 T_224.1, 8;
T_224.0 ; End of true expr.
    %load/vec4 v000001cbfd386110_0;
    %flag_set/vec4 9;
    %jmp/0 T_224.2, 9;
    %load/vec4 v000001cbfd3862f0_0;
    %jmp/1 T_224.3, 9;
T_224.2 ; End of true expr.
    %load/vec4 v000001cbfd387470_0;
    %jmp/0 T_224.3, 9;
 ; End of false expr.
    %blend;
T_224.3;
    %jmp/0 T_224.1, 8;
 ; End of false expr.
    %blend;
T_224.1;
    %assign/vec4 v000001cbfd387470_0, 0;
    %jmp T_224;
    .thread T_224;
    .scope S_000001cbfd3a0850;
T_225 ;
    %wait E_000001cbfd121940;
    %load/vec4 v000001cbfd389e50_0;
    %flag_set/vec4 8;
    %jmp/0 T_225.0, 8;
    %pushi/vec4 0, 0, 1;
    %jmp/1 T_225.1, 8;
T_225.0 ; End of true expr.
    %load/vec4 v000001cbfd38a030_0;
    %flag_set/vec4 9;
    %jmp/0 T_225.2, 9;
    %load/vec4 v000001cbfd3882d0_0;
    %jmp/1 T_225.3, 9;
T_225.2 ; End of true expr.
    %load/vec4 v000001cbfd389090_0;
    %jmp/0 T_225.3, 9;
 ; End of false expr.
    %blend;
T_225.3;
    %jmp/0 T_225.1, 8;
 ; End of false expr.
    %blend;
T_225.1;
    %assign/vec4 v000001cbfd389090_0, 0;
    %jmp T_225;
    .thread T_225;
    .scope S_000001cbfd39db00;
T_226 ;
    %wait E_000001cbfd121940;
    %load/vec4 v000001cbfd3885f0_0;
    %flag_set/vec4 8;
    %jmp/0 T_226.0, 8;
    %pushi/vec4 0, 0, 1;
    %jmp/1 T_226.1, 8;
T_226.0 ; End of true expr.
    %load/vec4 v000001cbfd389ef0_0;
    %flag_set/vec4 9;
    %jmp/0 T_226.2, 9;
    %load/vec4 v000001cbfd38a170_0;
    %jmp/1 T_226.3, 9;
T_226.2 ; End of true expr.
    %load/vec4 v000001cbfd3898b0_0;
    %jmp/0 T_226.3, 9;
 ; End of false expr.
    %blend;
T_226.3;
    %jmp/0 T_226.1, 8;
 ; End of false expr.
    %blend;
T_226.1;
    %assign/vec4 v000001cbfd3898b0_0, 0;
    %jmp T_226;
    .thread T_226;
    .scope S_000001cbfd39c6b0;
T_227 ;
    %wait E_000001cbfd121940;
    %load/vec4 v000001cbfd388c30_0;
    %flag_set/vec4 8;
    %jmp/0 T_227.0, 8;
    %pushi/vec4 0, 0, 1;
    %jmp/1 T_227.1, 8;
T_227.0 ; End of true expr.
    %load/vec4 v000001cbfd389d10_0;
    %flag_set/vec4 9;
    %jmp/0 T_227.2, 9;
    %load/vec4 v000001cbfd388870_0;
    %jmp/1 T_227.3, 9;
T_227.2 ; End of true expr.
    %load/vec4 v000001cbfd3894f0_0;
    %jmp/0 T_227.3, 9;
 ; End of false expr.
    %blend;
T_227.3;
    %jmp/0 T_227.1, 8;
 ; End of false expr.
    %blend;
T_227.1;
    %assign/vec4 v000001cbfd3894f0_0, 0;
    %jmp T_227;
    .thread T_227;
    .scope S_000001cbfd39fd60;
T_228 ;
    %wait E_000001cbfd121940;
    %load/vec4 v000001cbfd38a5d0_0;
    %flag_set/vec4 8;
    %jmp/0 T_228.0, 8;
    %pushi/vec4 0, 0, 1;
    %jmp/1 T_228.1, 8;
T_228.0 ; End of true expr.
    %load/vec4 v000001cbfd389b30_0;
    %flag_set/vec4 9;
    %jmp/0 T_228.2, 9;
    %load/vec4 v000001cbfd3899f0_0;
    %jmp/1 T_228.3, 9;
T_228.2 ; End of true expr.
    %load/vec4 v000001cbfd388d70_0;
    %jmp/0 T_228.3, 9;
 ; End of false expr.
    %blend;
T_228.3;
    %jmp/0 T_228.1, 8;
 ; End of false expr.
    %blend;
T_228.1;
    %assign/vec4 v000001cbfd388d70_0, 0;
    %jmp T_228;
    .thread T_228;
    .scope S_000001cbfd39fef0;
T_229 ;
    %wait E_000001cbfd121940;
    %load/vec4 v000001cbfd38aad0_0;
    %flag_set/vec4 8;
    %jmp/0 T_229.0, 8;
    %pushi/vec4 0, 0, 1;
    %jmp/1 T_229.1, 8;
T_229.0 ; End of true expr.
    %load/vec4 v000001cbfd38c1f0_0;
    %flag_set/vec4 9;
    %jmp/0 T_229.2, 9;
    %load/vec4 v000001cbfd388cd0_0;
    %jmp/1 T_229.3, 9;
T_229.2 ; End of true expr.
    %load/vec4 v000001cbfd388f50_0;
    %jmp/0 T_229.3, 9;
 ; End of false expr.
    %blend;
T_229.3;
    %jmp/0 T_229.1, 8;
 ; End of false expr.
    %blend;
T_229.1;
    %assign/vec4 v000001cbfd388f50_0, 0;
    %jmp T_229;
    .thread T_229;
    .scope S_000001cbfd3a0080;
T_230 ;
    %wait E_000001cbfd121940;
    %load/vec4 v000001cbfd38ae90_0;
    %flag_set/vec4 8;
    %jmp/0 T_230.0, 8;
    %pushi/vec4 0, 0, 1;
    %jmp/1 T_230.1, 8;
T_230.0 ; End of true expr.
    %load/vec4 v000001cbfd38b430_0;
    %flag_set/vec4 9;
    %jmp/0 T_230.2, 9;
    %load/vec4 v000001cbfd38cb50_0;
    %jmp/1 T_230.3, 9;
T_230.2 ; End of true expr.
    %load/vec4 v000001cbfd38c790_0;
    %jmp/0 T_230.3, 9;
 ; End of false expr.
    %blend;
T_230.3;
    %jmp/0 T_230.1, 8;
 ; End of false expr.
    %blend;
T_230.1;
    %assign/vec4 v000001cbfd38c790_0, 0;
    %jmp T_230;
    .thread T_230;
    .scope S_000001cbfd39ce80;
T_231 ;
    %wait E_000001cbfd121940;
    %load/vec4 v000001cbfd38bf70_0;
    %flag_set/vec4 8;
    %jmp/0 T_231.0, 8;
    %pushi/vec4 0, 0, 1;
    %jmp/1 T_231.1, 8;
T_231.0 ; End of true expr.
    %load/vec4 v000001cbfd38b390_0;
    %flag_set/vec4 9;
    %jmp/0 T_231.2, 9;
    %load/vec4 v000001cbfd38c330_0;
    %jmp/1 T_231.3, 9;
T_231.2 ; End of true expr.
    %load/vec4 v000001cbfd38c5b0_0;
    %jmp/0 T_231.3, 9;
 ; End of false expr.
    %blend;
T_231.3;
    %jmp/0 T_231.1, 8;
 ; End of false expr.
    %blend;
T_231.1;
    %assign/vec4 v000001cbfd38c5b0_0, 0;
    %jmp T_231;
    .thread T_231;
    .scope S_000001cbfd3a11b0;
T_232 ;
    %wait E_000001cbfd121940;
    %load/vec4 v000001cbfd38c010_0;
    %flag_set/vec4 8;
    %jmp/0 T_232.0, 8;
    %pushi/vec4 0, 0, 1;
    %jmp/1 T_232.1, 8;
T_232.0 ; End of true expr.
    %load/vec4 v000001cbfd38b930_0;
    %flag_set/vec4 9;
    %jmp/0 T_232.2, 9;
    %load/vec4 v000001cbfd38aa30_0;
    %jmp/1 T_232.3, 9;
T_232.2 ; End of true expr.
    %load/vec4 v000001cbfd38b890_0;
    %jmp/0 T_232.3, 9;
 ; End of false expr.
    %blend;
T_232.3;
    %jmp/0 T_232.1, 8;
 ; End of false expr.
    %blend;
T_232.1;
    %assign/vec4 v000001cbfd38b890_0, 0;
    %jmp T_232;
    .thread T_232;
    .scope S_000001cbfd3a1e30;
T_233 ;
    %wait E_000001cbfd121940;
    %load/vec4 v000001cbfd38c3d0_0;
    %flag_set/vec4 8;
    %jmp/0 T_233.0, 8;
    %pushi/vec4 0, 0, 1;
    %jmp/1 T_233.1, 8;
T_233.0 ; End of true expr.
    %load/vec4 v000001cbfd38cc90_0;
    %flag_set/vec4 9;
    %jmp/0 T_233.2, 9;
    %load/vec4 v000001cbfd38cbf0_0;
    %jmp/1 T_233.3, 9;
T_233.2 ; End of true expr.
    %load/vec4 v000001cbfd38ad50_0;
    %jmp/0 T_233.3, 9;
 ; End of false expr.
    %blend;
T_233.3;
    %jmp/0 T_233.1, 8;
 ; End of false expr.
    %blend;
T_233.1;
    %assign/vec4 v000001cbfd38ad50_0, 0;
    %jmp T_233;
    .thread T_233;
    .scope S_000001cbfd39c390;
T_234 ;
    %wait E_000001cbfd121940;
    %load/vec4 v000001cbfd38d550_0;
    %flag_set/vec4 8;
    %jmp/0 T_234.0, 8;
    %pushi/vec4 0, 0, 1;
    %jmp/1 T_234.1, 8;
T_234.0 ; End of true expr.
    %load/vec4 v000001cbfd38de10_0;
    %flag_set/vec4 9;
    %jmp/0 T_234.2, 9;
    %load/vec4 v000001cbfd38ea90_0;
    %jmp/1 T_234.3, 9;
T_234.2 ; End of true expr.
    %load/vec4 v000001cbfd38e630_0;
    %jmp/0 T_234.3, 9;
 ; End of false expr.
    %blend;
T_234.3;
    %jmp/0 T_234.1, 8;
 ; End of false expr.
    %blend;
T_234.1;
    %assign/vec4 v000001cbfd38e630_0, 0;
    %jmp T_234;
    .thread T_234;
    .scope S_000001cbfd39ccf0;
T_235 ;
    %wait E_000001cbfd121940;
    %load/vec4 v000001cbfd38f710_0;
    %flag_set/vec4 8;
    %jmp/0 T_235.0, 8;
    %pushi/vec4 0, 0, 1;
    %jmp/1 T_235.1, 8;
T_235.0 ; End of true expr.
    %load/vec4 v000001cbfd38ebd0_0;
    %flag_set/vec4 9;
    %jmp/0 T_235.2, 9;
    %load/vec4 v000001cbfd38f530_0;
    %jmp/1 T_235.3, 9;
T_235.2 ; End of true expr.
    %load/vec4 v000001cbfd38f670_0;
    %jmp/0 T_235.3, 9;
 ; End of false expr.
    %blend;
T_235.3;
    %jmp/0 T_235.1, 8;
 ; End of false expr.
    %blend;
T_235.1;
    %assign/vec4 v000001cbfd38f670_0, 0;
    %jmp T_235;
    .thread T_235;
    .scope S_000001cbfd3a09e0;
T_236 ;
    %wait E_000001cbfd121940;
    %load/vec4 v000001cbfd38d2d0_0;
    %flag_set/vec4 8;
    %jmp/0 T_236.0, 8;
    %pushi/vec4 0, 0, 1;
    %jmp/1 T_236.1, 8;
T_236.0 ; End of true expr.
    %load/vec4 v000001cbfd38ec70_0;
    %flag_set/vec4 9;
    %jmp/0 T_236.2, 9;
    %load/vec4 v000001cbfd38ee50_0;
    %jmp/1 T_236.3, 9;
T_236.2 ; End of true expr.
    %load/vec4 v000001cbfd38f850_0;
    %jmp/0 T_236.3, 9;
 ; End of false expr.
    %blend;
T_236.3;
    %jmp/0 T_236.1, 8;
 ; End of false expr.
    %blend;
T_236.1;
    %assign/vec4 v000001cbfd38f850_0, 0;
    %jmp T_236;
    .thread T_236;
    .scope S_000001cbfd39d1a0;
T_237 ;
    %wait E_000001cbfd121940;
    %load/vec4 v000001cbfd38dd70_0;
    %flag_set/vec4 8;
    %jmp/0 T_237.0, 8;
    %pushi/vec4 0, 0, 1;
    %jmp/1 T_237.1, 8;
T_237.0 ; End of true expr.
    %load/vec4 v000001cbfd38f210_0;
    %flag_set/vec4 9;
    %jmp/0 T_237.2, 9;
    %load/vec4 v000001cbfd38f170_0;
    %jmp/1 T_237.3, 9;
T_237.2 ; End of true expr.
    %load/vec4 v000001cbfd38d870_0;
    %jmp/0 T_237.3, 9;
 ; End of false expr.
    %blend;
T_237.3;
    %jmp/0 T_237.1, 8;
 ; End of false expr.
    %blend;
T_237.1;
    %assign/vec4 v000001cbfd38d870_0, 0;
    %jmp T_237;
    .thread T_237;
    .scope S_000001cbfd39edc0;
T_238 ;
    %wait E_000001cbfd121940;
    %load/vec4 v000001cbfd38e090_0;
    %flag_set/vec4 8;
    %jmp/0 T_238.0, 8;
    %pushi/vec4 0, 0, 1;
    %jmp/1 T_238.1, 8;
T_238.0 ; End of true expr.
    %load/vec4 v000001cbfd38e130_0;
    %flag_set/vec4 9;
    %jmp/0 T_238.2, 9;
    %load/vec4 v000001cbfd38d7d0_0;
    %jmp/1 T_238.3, 9;
T_238.2 ; End of true expr.
    %load/vec4 v000001cbfd38d910_0;
    %jmp/0 T_238.3, 9;
 ; End of false expr.
    %blend;
T_238.3;
    %jmp/0 T_238.1, 8;
 ; End of false expr.
    %blend;
T_238.1;
    %assign/vec4 v000001cbfd38d910_0, 0;
    %jmp T_238;
    .thread T_238;
    .scope S_000001cbfd3a0e90;
T_239 ;
    %wait E_000001cbfd121940;
    %load/vec4 v000001cbfd38fe90_0;
    %flag_set/vec4 8;
    %jmp/0 T_239.0, 8;
    %pushi/vec4 0, 0, 1;
    %jmp/1 T_239.1, 8;
T_239.0 ; End of true expr.
    %load/vec4 v000001cbfd390430_0;
    %flag_set/vec4 9;
    %jmp/0 T_239.2, 9;
    %load/vec4 v000001cbfd391b50_0;
    %jmp/1 T_239.3, 9;
T_239.2 ; End of true expr.
    %load/vec4 v000001cbfd391790_0;
    %jmp/0 T_239.3, 9;
 ; End of false expr.
    %blend;
T_239.3;
    %jmp/0 T_239.1, 8;
 ; End of false expr.
    %blend;
T_239.1;
    %assign/vec4 v000001cbfd391790_0, 0;
    %jmp T_239;
    .thread T_239;
    .scope S_000001cbfd3a14d0;
T_240 ;
    %wait E_000001cbfd121940;
    %load/vec4 v000001cbfd390930_0;
    %flag_set/vec4 8;
    %jmp/0 T_240.0, 8;
    %pushi/vec4 0, 0, 1;
    %jmp/1 T_240.1, 8;
T_240.0 ; End of true expr.
    %load/vec4 v000001cbfd391c90_0;
    %flag_set/vec4 9;
    %jmp/0 T_240.2, 9;
    %load/vec4 v000001cbfd390890_0;
    %jmp/1 T_240.3, 9;
T_240.2 ; End of true expr.
    %load/vec4 v000001cbfd390ed0_0;
    %jmp/0 T_240.3, 9;
 ; End of false expr.
    %blend;
T_240.3;
    %jmp/0 T_240.1, 8;
 ; End of false expr.
    %blend;
T_240.1;
    %assign/vec4 v000001cbfd390ed0_0, 0;
    %jmp T_240;
    .thread T_240;
    .scope S_000001cbfd39e5f0;
T_241 ;
    %wait E_000001cbfd121940;
    %load/vec4 v000001cbfd391a10_0;
    %flag_set/vec4 8;
    %jmp/0 T_241.0, 8;
    %pushi/vec4 0, 0, 1;
    %jmp/1 T_241.1, 8;
T_241.0 ; End of true expr.
    %load/vec4 v000001cbfd391010_0;
    %flag_set/vec4 9;
    %jmp/0 T_241.2, 9;
    %load/vec4 v000001cbfd3904d0_0;
    %jmp/1 T_241.3, 9;
T_241.2 ; End of true expr.
    %load/vec4 v000001cbfd391470_0;
    %jmp/0 T_241.3, 9;
 ; End of false expr.
    %blend;
T_241.3;
    %jmp/0 T_241.1, 8;
 ; End of false expr.
    %blend;
T_241.1;
    %assign/vec4 v000001cbfd391470_0, 0;
    %jmp T_241;
    .thread T_241;
    .scope S_000001cbfd3a2c40;
T_242 ;
    %wait E_000001cbfd121940;
    %load/vec4 v000001cbfd390110_0;
    %flag_set/vec4 8;
    %jmp/0 T_242.0, 8;
    %pushi/vec4 0, 0, 1;
    %jmp/1 T_242.1, 8;
T_242.0 ; End of true expr.
    %load/vec4 v000001cbfd390750_0;
    %flag_set/vec4 9;
    %jmp/0 T_242.2, 9;
    %load/vec4 v000001cbfd3906b0_0;
    %jmp/1 T_242.3, 9;
T_242.2 ; End of true expr.
    %load/vec4 v000001cbfd390070_0;
    %jmp/0 T_242.3, 9;
 ; End of false expr.
    %blend;
T_242.3;
    %jmp/0 T_242.1, 8;
 ; End of false expr.
    %blend;
T_242.1;
    %assign/vec4 v000001cbfd390070_0, 0;
    %jmp T_242;
    .thread T_242;
    .scope S_000001cbfd3a38c0;
T_243 ;
    %wait E_000001cbfd121940;
    %load/vec4 v000001cbfd393630_0;
    %flag_set/vec4 8;
    %jmp/0 T_243.0, 8;
    %pushi/vec4 0, 0, 1;
    %jmp/1 T_243.1, 8;
T_243.0 ; End of true expr.
    %load/vec4 v000001cbfd3939f0_0;
    %flag_set/vec4 9;
    %jmp/0 T_243.2, 9;
    %load/vec4 v000001cbfd394850_0;
    %jmp/1 T_243.3, 9;
T_243.2 ; End of true expr.
    %load/vec4 v000001cbfd392e10_0;
    %jmp/0 T_243.3, 9;
 ; End of false expr.
    %blend;
T_243.3;
    %jmp/0 T_243.1, 8;
 ; End of false expr.
    %blend;
T_243.1;
    %assign/vec4 v000001cbfd392e10_0, 0;
    %jmp T_243;
    .thread T_243;
    .scope S_000001cbfd3a35a0;
T_244 ;
    %wait E_000001cbfd121940;
    %load/vec4 v000001cbfd393e50_0;
    %flag_set/vec4 8;
    %jmp/0 T_244.0, 8;
    %pushi/vec4 0, 0, 1;
    %jmp/1 T_244.1, 8;
T_244.0 ; End of true expr.
    %load/vec4 v000001cbfd3942b0_0;
    %flag_set/vec4 9;
    %jmp/0 T_244.2, 9;
    %load/vec4 v000001cbfd392870_0;
    %jmp/1 T_244.3, 9;
T_244.2 ; End of true expr.
    %load/vec4 v000001cbfd392c30_0;
    %jmp/0 T_244.3, 9;
 ; End of false expr.
    %blend;
T_244.3;
    %jmp/0 T_244.1, 8;
 ; End of false expr.
    %blend;
T_244.1;
    %assign/vec4 v000001cbfd392c30_0, 0;
    %jmp T_244;
    .thread T_244;
    .scope S_000001cbfd3a30f0;
T_245 ;
    %wait E_000001cbfd121940;
    %load/vec4 v000001cbfd392230_0;
    %flag_set/vec4 8;
    %jmp/0 T_245.0, 8;
    %pushi/vec4 0, 0, 1;
    %jmp/1 T_245.1, 8;
T_245.0 ; End of true expr.
    %load/vec4 v000001cbfd393ef0_0;
    %flag_set/vec4 9;
    %jmp/0 T_245.2, 9;
    %load/vec4 v000001cbfd393950_0;
    %jmp/1 T_245.3, 9;
T_245.2 ; End of true expr.
    %load/vec4 v000001cbfd3931d0_0;
    %jmp/0 T_245.3, 9;
 ; End of false expr.
    %blend;
T_245.3;
    %jmp/0 T_245.1, 8;
 ; End of false expr.
    %blend;
T_245.1;
    %assign/vec4 v000001cbfd3931d0_0, 0;
    %jmp T_245;
    .thread T_245;
    .scope S_000001cbfd3a22e0;
T_246 ;
    %wait E_000001cbfd121940;
    %load/vec4 v000001cbfd394170_0;
    %flag_set/vec4 8;
    %jmp/0 T_246.0, 8;
    %pushi/vec4 0, 0, 1;
    %jmp/1 T_246.1, 8;
T_246.0 ; End of true expr.
    %load/vec4 v000001cbfd392370_0;
    %flag_set/vec4 9;
    %jmp/0 T_246.2, 9;
    %load/vec4 v000001cbfd393f90_0;
    %jmp/1 T_246.3, 9;
T_246.2 ; End of true expr.
    %load/vec4 v000001cbfd3940d0_0;
    %jmp/0 T_246.3, 9;
 ; End of false expr.
    %blend;
T_246.3;
    %jmp/0 T_246.1, 8;
 ; End of false expr.
    %blend;
T_246.1;
    %assign/vec4 v000001cbfd3940d0_0, 0;
    %jmp T_246;
    .thread T_246;
    .scope S_000001cbfd3a2920;
T_247 ;
    %wait E_000001cbfd121940;
    %load/vec4 v000001cbfd395390_0;
    %flag_set/vec4 8;
    %jmp/0 T_247.0, 8;
    %pushi/vec4 0, 0, 1;
    %jmp/1 T_247.1, 8;
T_247.0 ; End of true expr.
    %load/vec4 v000001cbfd3954d0_0;
    %flag_set/vec4 9;
    %jmp/0 T_247.2, 9;
    %load/vec4 v000001cbfd394df0_0;
    %jmp/1 T_247.3, 9;
T_247.2 ; End of true expr.
    %load/vec4 v000001cbfd396bf0_0;
    %jmp/0 T_247.3, 9;
 ; End of false expr.
    %blend;
T_247.3;
    %jmp/0 T_247.1, 8;
 ; End of false expr.
    %blend;
T_247.1;
    %assign/vec4 v000001cbfd396bf0_0, 0;
    %jmp T_247;
    .thread T_247;
    .scope S_000001cbfd3a2ab0;
T_248 ;
    %wait E_000001cbfd121940;
    %load/vec4 v000001cbfd395a70_0;
    %flag_set/vec4 8;
    %jmp/0 T_248.0, 8;
    %pushi/vec4 0, 0, 1;
    %jmp/1 T_248.1, 8;
T_248.0 ; End of true expr.
    %load/vec4 v000001cbfd395bb0_0;
    %flag_set/vec4 9;
    %jmp/0 T_248.2, 9;
    %load/vec4 v000001cbfd395ed0_0;
    %jmp/1 T_248.3, 9;
T_248.2 ; End of true expr.
    %load/vec4 v000001cbfd395890_0;
    %jmp/0 T_248.3, 9;
 ; End of false expr.
    %blend;
T_248.3;
    %jmp/0 T_248.1, 8;
 ; End of false expr.
    %blend;
T_248.1;
    %assign/vec4 v000001cbfd395890_0, 0;
    %jmp T_248;
    .thread T_248;
    .scope S_000001cbfd3a2f60;
T_249 ;
    %wait E_000001cbfd121940;
    %load/vec4 v000001cbfd395c50_0;
    %flag_set/vec4 8;
    %jmp/0 T_249.0, 8;
    %pushi/vec4 0, 0, 1;
    %jmp/1 T_249.1, 8;
T_249.0 ; End of true expr.
    %load/vec4 v000001cbfd394e90_0;
    %flag_set/vec4 9;
    %jmp/0 T_249.2, 9;
    %load/vec4 v000001cbfd3960b0_0;
    %jmp/1 T_249.3, 9;
T_249.2 ; End of true expr.
    %load/vec4 v000001cbfd3956b0_0;
    %jmp/0 T_249.3, 9;
 ; End of false expr.
    %blend;
T_249.3;
    %jmp/0 T_249.1, 8;
 ; End of false expr.
    %blend;
T_249.1;
    %assign/vec4 v000001cbfd3956b0_0, 0;
    %jmp T_249;
    .thread T_249;
    .scope S_000001cbfd3a2790;
T_250 ;
    %wait E_000001cbfd121940;
    %load/vec4 v000001cbfd396330_0;
    %flag_set/vec4 8;
    %jmp/0 T_250.0, 8;
    %pushi/vec4 0, 0, 1;
    %jmp/1 T_250.1, 8;
T_250.0 ; End of true expr.
    %load/vec4 v000001cbfd394ad0_0;
    %flag_set/vec4 9;
    %jmp/0 T_250.2, 9;
    %load/vec4 v000001cbfd3961f0_0;
    %jmp/1 T_250.3, 9;
T_250.2 ; End of true expr.
    %load/vec4 v000001cbfd396f10_0;
    %jmp/0 T_250.3, 9;
 ; End of false expr.
    %blend;
T_250.3;
    %jmp/0 T_250.1, 8;
 ; End of false expr.
    %blend;
T_250.1;
    %assign/vec4 v000001cbfd396f10_0, 0;
    %jmp T_250;
    .thread T_250;
    .scope S_000001cbfd420010;
T_251 ;
    %wait E_000001cbfd121940;
    %load/vec4 v000001cbfd3951b0_0;
    %flag_set/vec4 8;
    %jmp/0 T_251.0, 8;
    %pushi/vec4 0, 0, 1;
    %jmp/1 T_251.1, 8;
T_251.0 ; End of true expr.
    %load/vec4 v000001cbfd3970f0_0;
    %flag_set/vec4 9;
    %jmp/0 T_251.2, 9;
    %load/vec4 v000001cbfd396b50_0;
    %jmp/1 T_251.3, 9;
T_251.2 ; End of true expr.
    %load/vec4 v000001cbfd396ab0_0;
    %jmp/0 T_251.3, 9;
 ; End of false expr.
    %blend;
T_251.3;
    %jmp/0 T_251.1, 8;
 ; End of false expr.
    %blend;
T_251.1;
    %assign/vec4 v000001cbfd396ab0_0, 0;
    %jmp T_251;
    .thread T_251;
    .scope S_000001cbfd41f070;
T_252 ;
    %wait E_000001cbfd121940;
    %load/vec4 v000001cbfd399670_0;
    %flag_set/vec4 8;
    %jmp/0 T_252.0, 8;
    %pushi/vec4 0, 0, 1;
    %jmp/1 T_252.1, 8;
T_252.0 ; End of true expr.
    %load/vec4 v000001cbfd3993f0_0;
    %flag_set/vec4 9;
    %jmp/0 T_252.2, 9;
    %load/vec4 v000001cbfd398950_0;
    %jmp/1 T_252.3, 9;
T_252.2 ; End of true expr.
    %load/vec4 v000001cbfd397690_0;
    %jmp/0 T_252.3, 9;
 ; End of false expr.
    %blend;
T_252.3;
    %jmp/0 T_252.1, 8;
 ; End of false expr.
    %blend;
T_252.1;
    %assign/vec4 v000001cbfd397690_0, 0;
    %jmp T_252;
    .thread T_252;
    .scope S_000001cbfd4201a0;
T_253 ;
    %wait E_000001cbfd121940;
    %load/vec4 v000001cbfd397d70_0;
    %flag_set/vec4 8;
    %jmp/0 T_253.0, 8;
    %pushi/vec4 0, 0, 1;
    %jmp/1 T_253.1, 8;
T_253.0 ; End of true expr.
    %load/vec4 v000001cbfd399710_0;
    %flag_set/vec4 9;
    %jmp/0 T_253.2, 9;
    %load/vec4 v000001cbfd3977d0_0;
    %jmp/1 T_253.3, 9;
T_253.2 ; End of true expr.
    %load/vec4 v000001cbfd397370_0;
    %jmp/0 T_253.3, 9;
 ; End of false expr.
    %blend;
T_253.3;
    %jmp/0 T_253.1, 8;
 ; End of false expr.
    %blend;
T_253.1;
    %assign/vec4 v000001cbfd397370_0, 0;
    %jmp T_253;
    .thread T_253;
    .scope S_000001cbfd422720;
T_254 ;
    %wait E_000001cbfd121940;
    %load/vec4 v000001cbfd397f50_0;
    %flag_set/vec4 8;
    %jmp/0 T_254.0, 8;
    %pushi/vec4 0, 0, 1;
    %jmp/1 T_254.1, 8;
T_254.0 ; End of true expr.
    %load/vec4 v000001cbfd398450_0;
    %flag_set/vec4 9;
    %jmp/0 T_254.2, 9;
    %load/vec4 v000001cbfd398ef0_0;
    %jmp/1 T_254.3, 9;
T_254.2 ; End of true expr.
    %load/vec4 v000001cbfd397910_0;
    %jmp/0 T_254.3, 9;
 ; End of false expr.
    %blend;
T_254.3;
    %jmp/0 T_254.1, 8;
 ; End of false expr.
    %blend;
T_254.1;
    %assign/vec4 v000001cbfd397910_0, 0;
    %jmp T_254;
    .thread T_254;
    .scope S_000001cbfd421aa0;
T_255 ;
    %wait E_000001cbfd121940;
    %load/vec4 v000001cbfd3974b0_0;
    %flag_set/vec4 8;
    %jmp/0 T_255.0, 8;
    %pushi/vec4 0, 0, 1;
    %jmp/1 T_255.1, 8;
T_255.0 ; End of true expr.
    %load/vec4 v000001cbfd398130_0;
    %flag_set/vec4 9;
    %jmp/0 T_255.2, 9;
    %load/vec4 v000001cbfd399210_0;
    %jmp/1 T_255.3, 9;
T_255.2 ; End of true expr.
    %load/vec4 v000001cbfd398770_0;
    %jmp/0 T_255.3, 9;
 ; End of false expr.
    %blend;
T_255.3;
    %jmp/0 T_255.1, 8;
 ; End of false expr.
    %blend;
T_255.1;
    %assign/vec4 v000001cbfd398770_0, 0;
    %jmp T_255;
    .thread T_255;
# The file index is used to find the file name in the following table.
:file_names 8;
    "N/A";
    "<interactive>";
    "c:\Users\ADMIN\Desktop\Madison\fall24\intro to comp arch\prev_res\ece552_wiscProcessor\design\registerfile_with_bypass.v";
    "./write_decoder_4_16.v";
    "./register.v";
    "./bit_cell.v";
    "./dff.v";
    "./read_decoder_4_16.v";
