#! /c/Source/iverilog-install/bin/vvp
:ivl_version "12.0 (devel)" "(s20150603-1539-g2693dd32b)";
:ivl_delay_selection "TYPICAL";
:vpi_time_precision + 0;
:vpi_module "G:\iverilog\current\lib\ivl\system.vpi";
:vpi_module "G:\iverilog\current\lib\ivl\vhdl_sys.vpi";
:vpi_module "G:\iverilog\current\lib\ivl\vhdl_textio.vpi";
:vpi_module "G:\iverilog\current\lib\ivl\v2005_math.vpi";
:vpi_module "G:\iverilog\current\lib\ivl\va_math.vpi";
S_000002268d492190 .scope module, "registerfile" "registerfile" 2 5;
 .timescale 0 0;
    .port_info 0 /INPUT 1 "clk";
    .port_info 1 /INPUT 1 "rst";
    .port_info 2 /INPUT 4 "src_reg1";
    .port_info 3 /INPUT 4 "src_reg2";
    .port_info 4 /INPUT 4 "dst_reg";
    .port_info 5 /INPUT 1 "write_reg";
    .port_info 6 /INPUT 16 "dst_data";
    .port_info 7 /INOUT 16 "src_data1";
    .port_info 8 /INOUT 16 "src_data2";
o000002268daedc38 .functor BUFZ 1, C4<z>; HiZ drive
v000002268dcbdff0_0 .net "clk", 0 0, o000002268daedc38;  0 drivers
o000002268daf1088 .functor BUFZ 16, C4<zzzzzzzzzzzzzzzz>; HiZ drive
v000002268dcbbd90_0 .net "dst_data", 15 0, o000002268daf1088;  0 drivers
o000002268daedb18 .functor BUFZ 4, C4<zzzz>; HiZ drive
v000002268dcbe450_0 .net "dst_reg", 3 0, o000002268daedb18;  0 drivers
v000002268dcbcd30_0 .net "rden1", 15 0, L_000002268dcc09d0;  1 drivers
v000002268dcbbe30_0 .net "rden2", 15 0, L_000002268dcc24b0;  1 drivers
o000002268daedcc8 .functor BUFZ 1, C4<z>; HiZ drive
v000002268dcbc150_0 .net "rst", 0 0, o000002268daedcc8;  0 drivers
o000002268daf1028 .functor BUFZ 16, C4<zzzzzzzzzzzzzzzz>; HiZ drive
I000002268da132c0 .island tran;
p000002268daf1028 .port I000002268da132c0, o000002268daf1028;
v000002268dcbc830_0 .net8 "src_data1", 15 0, p000002268daf1028;  0 drivers, strength-aware
o000002268daf1058 .functor BUFZ 16, C4<zzzzzzzzzzzzzzzz>; HiZ drive
I000002268da12d00 .island tran;
p000002268daf1058 .port I000002268da12d00, o000002268daf1058;
v000002268dcbe130_0 .net8 "src_data2", 15 0, p000002268daf1058;  0 drivers, strength-aware
o000002268dc41c48 .functor BUFZ 4, C4<zzzz>; HiZ drive
v000002268dcbcab0_0 .net "src_reg1", 3 0, o000002268dc41c48;  0 drivers
o000002268dc432f8 .functor BUFZ 4, C4<zzzz>; HiZ drive
v000002268dcbc1f0_0 .net "src_reg2", 3 0, o000002268dc432f8;  0 drivers
v000002268dcbcf10_0 .net "wren", 15 0, L_000002268dcc4c10;  1 drivers
o000002268daedb78 .functor BUFZ 1, C4<z>; HiZ drive
v000002268dcbbed0_0 .net "write_reg", 0 0, o000002268daedb78;  0 drivers
L_000002268dcc39f0 .part L_000002268dcc4c10, 0, 1;
L_000002268dcc4490 .part L_000002268dcc09d0, 0, 1;
L_000002268dcc3a90 .part L_000002268dcc24b0, 0, 1;
L_000002268dcc5250 .part L_000002268dcc4c10, 1, 1;
L_000002268dcc5390 .part L_000002268dcc09d0, 1, 1;
L_000002268dcc5570 .part L_000002268dcc24b0, 1, 1;
L_000002268dcc6a10 .part L_000002268dcc4c10, 2, 1;
L_000002268dcc8090 .part L_000002268dcc09d0, 2, 1;
L_000002268dcc79b0 .part L_000002268dcc24b0, 2, 1;
L_000002268dcc6ab0 .part L_000002268dcc4c10, 3, 1;
L_000002268dcc6b50 .part L_000002268dcc09d0, 3, 1;
L_000002268dcc74b0 .part L_000002268dcc24b0, 3, 1;
L_000002268dcc6330 .part L_000002268dcc4c10, 4, 1;
L_000002268dcc7a50 .part L_000002268dcc09d0, 4, 1;
L_000002268dcc6fb0 .part L_000002268dcc24b0, 4, 1;
L_000002268dcca2f0 .part L_000002268dcc4c10, 5, 1;
L_000002268dcc9d50 .part L_000002268dcc09d0, 5, 1;
L_000002268dcc8f90 .part L_000002268dcc24b0, 5, 1;
L_000002268dcc92b0 .part L_000002268dcc4c10, 6, 1;
L_000002268dcc9a30 .part L_000002268dcc09d0, 6, 1;
L_000002268dcc8c70 .part L_000002268dcc24b0, 6, 1;
L_000002268dcca4d0 .part L_000002268dcc4c10, 7, 1;
L_000002268dccac50 .part L_000002268dcc09d0, 7, 1;
L_000002268dcca390 .part L_000002268dcc24b0, 7, 1;
L_000002268dccb970 .part L_000002268dcc4c10, 8, 1;
L_000002268dccb8d0 .part L_000002268dcc09d0, 8, 1;
L_000002268dccb6f0 .part L_000002268dcc24b0, 8, 1;
L_000002268dccbab0 .part L_000002268dcc4c10, 9, 1;
L_000002268dccae30 .part L_000002268dcc09d0, 9, 1;
L_000002268dccbb50 .part L_000002268dcc24b0, 9, 1;
L_000002268dccd310 .part L_000002268dcc4c10, 10, 1;
L_000002268dccc4b0 .part L_000002268dcc09d0, 10, 1;
L_000002268dccbbf0 .part L_000002268dcc24b0, 10, 1;
L_000002268dccc690 .part L_000002268dcc4c10, 11, 1;
L_000002268dccc730 .part L_000002268dcc09d0, 11, 1;
L_000002268dccc870 .part L_000002268dcc24b0, 11, 1;
L_000002268dccf070 .part L_000002268dcc4c10, 12, 1;
L_000002268dccd810 .part L_000002268dcc09d0, 12, 1;
L_000002268dccf2f0 .part L_000002268dcc24b0, 12, 1;
L_000002268dccee90 .part L_000002268dcc4c10, 13, 1;
L_000002268dccd4f0 .part L_000002268dcc09d0, 13, 1;
L_000002268dccd590 .part L_000002268dcc24b0, 13, 1;
L_000002268dcb0f30 .part L_000002268dcc4c10, 14, 1;
L_000002268dcb1bb0 .part L_000002268dcc09d0, 14, 1;
L_000002268dcb0a30 .part L_000002268dcc24b0, 14, 1;
L_000002268dcb00d0 .part L_000002268dcc4c10, 15, 1;
L_000002268dcaff90 .part L_000002268dcc09d0, 15, 1;
L_000002268dcb0170 .part L_000002268dcc24b0, 15, 1;
S_000002268d492320 .scope module, "dest_reg_dec" "write_decoder_4_16" 2 21, 3 16 0, S_000002268d492190;
 .timescale 0 0;
    .port_info 0 /INPUT 4 "reg_id";
    .port_info 1 /INPUT 1 "write_reg";
    .port_info 2 /OUTPUT 16 "wordline";
L_000002268dccf5c0 .functor BUFT 1, C4<00000000>, C4<0>, C4<0>, C4<0>;
v000002268d9ec530_0 .net/2u *"_ivl_10", 7 0, L_000002268dccf5c0;  1 drivers
v000002268d9ead70_0 .net *"_ivl_12", 15 0, L_000002268dcc3630;  1 drivers
v000002268d9eb950_0 .net *"_ivl_14", 15 0, L_000002268dcc4710;  1 drivers
L_000002268dccf608 .functor BUFT 1, C4<0000000000000000>, C4<0>, C4<0>, C4<0>;
v000002268d9ebb30_0 .net/2u *"_ivl_16", 15 0, L_000002268dccf608;  1 drivers
v000002268d9ebd10_0 .net *"_ivl_5", 0 0, L_000002268dcc43f0;  1 drivers
L_000002268dccf578 .functor BUFT 1, C4<00000000>, C4<0>, C4<0>, C4<0>;
v000002268d9ebdb0_0 .net/2u *"_ivl_6", 7 0, L_000002268dccf578;  1 drivers
v000002268d9ebe50_0 .net *"_ivl_8", 15 0, L_000002268dcc57f0;  1 drivers
v000002268d9ebf90_0 .net "lower_wordline", 7 0, L_000002268dcc1650;  1 drivers
v000002268d9ed4d0_0 .net "reg_id", 3 0, o000002268daedb18;  alias, 0 drivers
v000002268d9edd90_0 .net "upper_wordline", 7 0, L_000002268dcc3950;  1 drivers
v000002268d9eec90_0 .net "wordline", 15 0, L_000002268dcc4c10;  alias, 1 drivers
v000002268d9ece90_0 .net "write_reg", 0 0, o000002268daedb78;  alias, 0 drivers
L_000002268dcc25f0 .part o000002268daedb18, 0, 3;
L_000002268dcc5b10 .part o000002268daedb18, 0, 3;
L_000002268dcc43f0 .part o000002268daedb18, 3, 1;
L_000002268dcc57f0 .concat [ 8 8 0 0], L_000002268dccf578, L_000002268dcc3950;
L_000002268dcc3630 .concat [ 8 8 0 0], L_000002268dcc1650, L_000002268dccf5c0;
L_000002268dcc4710 .functor MUXZ 16, L_000002268dcc3630, L_000002268dcc57f0, L_000002268dcc43f0, C4<>;
L_000002268dcc4c10 .functor MUXZ 16, L_000002268dccf608, L_000002268dcc4710, o000002268daedb78, C4<>;
S_000002268d471e40 .scope module, "first" "decoder_3to8_2" 3 25, 3 1 0, S_000002268d492320;
 .timescale 0 0;
    .port_info 0 /INPUT 3 "in";
    .port_info 1 /OUTPUT 8 "out";
L_000002268dadc5a0 .functor NOT 1, L_000002268dcc10b0, C4<0>, C4<0>, C4<0>;
L_000002268dade050 .functor NOT 1, L_000002268dcc1bf0, C4<0>, C4<0>, C4<0>;
L_000002268dadd2c0 .functor AND 1, L_000002268dadc5a0, L_000002268dade050, C4<1>, C4<1>;
L_000002268dadd4f0 .functor NOT 1, L_000002268dcc3450, C4<0>, C4<0>, C4<0>;
L_000002268dadc6f0 .functor AND 1, L_000002268dadd2c0, L_000002268dadd4f0, C4<1>, C4<1>;
L_000002268dadcb50 .functor NOT 1, L_000002268dcc1790, C4<0>, C4<0>, C4<0>;
L_000002268dadc4c0 .functor NOT 1, L_000002268dcc1c90, C4<0>, C4<0>, C4<0>;
L_000002268dadc530 .functor AND 1, L_000002268dadcb50, L_000002268dadc4c0, C4<1>, C4<1>;
L_000002268dadd560 .functor AND 1, L_000002268dadc530, L_000002268dcc1e70, C4<1>, C4<1>;
L_000002268dadc610 .functor NOT 1, L_000002268dcc2410, C4<0>, C4<0>, C4<0>;
L_000002268dadd5d0 .functor AND 1, L_000002268dadc610, L_000002268dcc0ed0, C4<1>, C4<1>;
L_000002268dadc680 .functor NOT 1, L_000002268dcc2230, C4<0>, C4<0>, C4<0>;
L_000002268dadd640 .functor AND 1, L_000002268dadd5d0, L_000002268dadc680, C4<1>, C4<1>;
L_000002268dadd6b0 .functor NOT 1, L_000002268dcc1290, C4<0>, C4<0>, C4<0>;
L_000002268dadca00 .functor AND 1, L_000002268dadd6b0, L_000002268dcc1330, C4<1>, C4<1>;
L_000002268dadd330 .functor AND 1, L_000002268dadca00, L_000002268dcc1830, C4<1>, C4<1>;
L_000002268dadcbc0 .functor NOT 1, L_000002268dcc1470, C4<0>, C4<0>, C4<0>;
L_000002268dadcca0 .functor AND 1, L_000002268dcc13d0, L_000002268dadcbc0, C4<1>, C4<1>;
L_000002268dadd720 .functor NOT 1, L_000002268dcc1970, C4<0>, C4<0>, C4<0>;
L_000002268dadcdf0 .functor AND 1, L_000002268dadcca0, L_000002268dadd720, C4<1>, C4<1>;
L_000002268dadce60 .functor NOT 1, L_000002268dcc1510, C4<0>, C4<0>, C4<0>;
L_000002268dadd790 .functor AND 1, L_000002268dcc1f10, L_000002268dadce60, C4<1>, C4<1>;
L_000002268dadd800 .functor AND 1, L_000002268dadd790, L_000002268dcc15b0, C4<1>, C4<1>;
L_000002268dadd8e0 .functor AND 1, L_000002268dcc1a10, L_000002268dcc1fb0, C4<1>, C4<1>;
L_000002268dadd9c0 .functor NOT 1, L_000002268dcc2050, C4<0>, C4<0>, C4<0>;
L_000002268da67e70 .functor AND 1, L_000002268dadd8e0, L_000002268dadd9c0, C4<1>, C4<1>;
L_000002268da679a0 .functor AND 1, L_000002268dcc22d0, L_000002268dcc2190, C4<1>, C4<1>;
L_000002268da67d20 .functor AND 1, L_000002268da679a0, L_000002268dcc2550, C4<1>, C4<1>;
v000002268da6b480_0 .net *"_ivl_10", 0 0, L_000002268dadd2c0;  1 drivers
v000002268da6b700_0 .net *"_ivl_100", 0 0, L_000002268dadd8e0;  1 drivers
v000002268da6b8e0_0 .net *"_ivl_103", 0 0, L_000002268dcc2050;  1 drivers
v000002268da6ab20_0 .net *"_ivl_104", 0 0, L_000002268dadd9c0;  1 drivers
v000002268da6b980_0 .net *"_ivl_106", 0 0, L_000002268da67e70;  1 drivers
v000002268da6ac60_0 .net *"_ivl_112", 0 0, L_000002268dcc22d0;  1 drivers
v000002268da6bc00_0 .net *"_ivl_114", 0 0, L_000002268dcc2190;  1 drivers
v000002268da6c920_0 .net *"_ivl_115", 0 0, L_000002268da679a0;  1 drivers
v000002268da6d0a0_0 .net *"_ivl_118", 0 0, L_000002268dcc2550;  1 drivers
v000002268da6b0c0_0 .net *"_ivl_119", 0 0, L_000002268da67d20;  1 drivers
v000002268da6af80_0 .net *"_ivl_13", 0 0, L_000002268dcc3450;  1 drivers
v000002268da6bfc0_0 .net *"_ivl_14", 0 0, L_000002268dadd4f0;  1 drivers
v000002268da6c9c0_0 .net *"_ivl_16", 0 0, L_000002268dadc6f0;  1 drivers
v000002268da6cb00_0 .net *"_ivl_21", 0 0, L_000002268dcc1790;  1 drivers
v000002268da6eae0_0 .net *"_ivl_22", 0 0, L_000002268dadcb50;  1 drivers
v000002268da6ee00_0 .net *"_ivl_25", 0 0, L_000002268dcc1c90;  1 drivers
v000002268da6d500_0 .net *"_ivl_26", 0 0, L_000002268dadc4c0;  1 drivers
v000002268da6d5a0_0 .net *"_ivl_28", 0 0, L_000002268dadc530;  1 drivers
v000002268da6d6e0_0 .net *"_ivl_3", 0 0, L_000002268dcc10b0;  1 drivers
v000002268da6dd20_0 .net *"_ivl_31", 0 0, L_000002268dcc1e70;  1 drivers
v000002268da6f120_0 .net *"_ivl_32", 0 0, L_000002268dadd560;  1 drivers
v000002268da6d280_0 .net *"_ivl_37", 0 0, L_000002268dcc2410;  1 drivers
v000002268da6dc80_0 .net *"_ivl_38", 0 0, L_000002268dadc610;  1 drivers
v000002268da6dfa0_0 .net *"_ivl_4", 0 0, L_000002268dadc5a0;  1 drivers
v000002268da6d320_0 .net *"_ivl_41", 0 0, L_000002268dcc0ed0;  1 drivers
v000002268da6ddc0_0 .net *"_ivl_42", 0 0, L_000002268dadd5d0;  1 drivers
v000002268da6f3a0_0 .net *"_ivl_45", 0 0, L_000002268dcc2230;  1 drivers
v000002268da6e0e0_0 .net *"_ivl_46", 0 0, L_000002268dadc680;  1 drivers
v000002268da6d3c0_0 .net *"_ivl_48", 0 0, L_000002268dadd640;  1 drivers
v000002268da6f8a0_0 .net *"_ivl_53", 0 0, L_000002268dcc1290;  1 drivers
v000002268da6f4e0_0 .net *"_ivl_54", 0 0, L_000002268dadd6b0;  1 drivers
v000002268da6d140_0 .net *"_ivl_57", 0 0, L_000002268dcc1330;  1 drivers
v000002268da6eb80_0 .net *"_ivl_58", 0 0, L_000002268dadca00;  1 drivers
v000002268da6f1c0_0 .net *"_ivl_61", 0 0, L_000002268dcc1830;  1 drivers
v000002268da6df00_0 .net *"_ivl_62", 0 0, L_000002268dadd330;  1 drivers
v000002268da6d460_0 .net *"_ivl_67", 0 0, L_000002268dcc13d0;  1 drivers
v000002268da6e900_0 .net *"_ivl_69", 0 0, L_000002268dcc1470;  1 drivers
v000002268da6f300_0 .net *"_ivl_7", 0 0, L_000002268dcc1bf0;  1 drivers
v000002268da6e180_0 .net *"_ivl_70", 0 0, L_000002268dadcbc0;  1 drivers
v000002268da6d780_0 .net *"_ivl_72", 0 0, L_000002268dadcca0;  1 drivers
v000002268da6f260_0 .net *"_ivl_75", 0 0, L_000002268dcc1970;  1 drivers
v000002268da6d820_0 .net *"_ivl_76", 0 0, L_000002268dadd720;  1 drivers
v000002268da6e9a0_0 .net *"_ivl_78", 0 0, L_000002268dadcdf0;  1 drivers
v000002268da6e040_0 .net *"_ivl_8", 0 0, L_000002268dade050;  1 drivers
v000002268da6ecc0_0 .net *"_ivl_83", 0 0, L_000002268dcc1f10;  1 drivers
v000002268da6d8c0_0 .net *"_ivl_85", 0 0, L_000002268dcc1510;  1 drivers
v000002268da6d960_0 .net *"_ivl_86", 0 0, L_000002268dadce60;  1 drivers
v000002268da6e360_0 .net *"_ivl_88", 0 0, L_000002268dadd790;  1 drivers
v000002268da6e2c0_0 .net *"_ivl_91", 0 0, L_000002268dcc15b0;  1 drivers
v000002268da6e400_0 .net *"_ivl_92", 0 0, L_000002268dadd800;  1 drivers
v000002268da6e4a0_0 .net *"_ivl_97", 0 0, L_000002268dcc1a10;  1 drivers
v000002268da6e5e0_0 .net *"_ivl_99", 0 0, L_000002268dcc1fb0;  1 drivers
v000002268da6ea40_0 .net "in", 2 0, L_000002268dcc25f0;  1 drivers
v000002268da6e680_0 .net "out", 7 0, L_000002268dcc1650;  alias, 1 drivers
L_000002268dcc10b0 .part L_000002268dcc25f0, 2, 1;
L_000002268dcc1bf0 .part L_000002268dcc25f0, 1, 1;
L_000002268dcc3450 .part L_000002268dcc25f0, 0, 1;
L_000002268dcc1790 .part L_000002268dcc25f0, 2, 1;
L_000002268dcc1c90 .part L_000002268dcc25f0, 1, 1;
L_000002268dcc1e70 .part L_000002268dcc25f0, 0, 1;
L_000002268dcc2410 .part L_000002268dcc25f0, 2, 1;
L_000002268dcc0ed0 .part L_000002268dcc25f0, 1, 1;
L_000002268dcc2230 .part L_000002268dcc25f0, 0, 1;
L_000002268dcc1290 .part L_000002268dcc25f0, 2, 1;
L_000002268dcc1330 .part L_000002268dcc25f0, 1, 1;
L_000002268dcc1830 .part L_000002268dcc25f0, 0, 1;
L_000002268dcc13d0 .part L_000002268dcc25f0, 2, 1;
L_000002268dcc1470 .part L_000002268dcc25f0, 1, 1;
L_000002268dcc1970 .part L_000002268dcc25f0, 0, 1;
L_000002268dcc1f10 .part L_000002268dcc25f0, 2, 1;
L_000002268dcc1510 .part L_000002268dcc25f0, 1, 1;
L_000002268dcc15b0 .part L_000002268dcc25f0, 0, 1;
L_000002268dcc1a10 .part L_000002268dcc25f0, 2, 1;
L_000002268dcc1fb0 .part L_000002268dcc25f0, 1, 1;
L_000002268dcc2050 .part L_000002268dcc25f0, 0, 1;
LS_000002268dcc1650_0_0 .concat8 [ 1 1 1 1], L_000002268dadc6f0, L_000002268dadd560, L_000002268dadd640, L_000002268dadd330;
LS_000002268dcc1650_0_4 .concat8 [ 1 1 1 1], L_000002268dadcdf0, L_000002268dadd800, L_000002268da67e70, L_000002268da67d20;
L_000002268dcc1650 .concat8 [ 4 4 0 0], LS_000002268dcc1650_0_0, LS_000002268dcc1650_0_4;
L_000002268dcc22d0 .part L_000002268dcc25f0, 2, 1;
L_000002268dcc2190 .part L_000002268dcc25f0, 1, 1;
L_000002268dcc2550 .part L_000002268dcc25f0, 0, 1;
S_000002268d485450 .scope module, "second" "decoder_3to8_2" 3 26, 3 1 0, S_000002268d492320;
 .timescale 0 0;
    .port_info 0 /INPUT 3 "in";
    .port_info 1 /OUTPUT 8 "out";
L_000002268da67b60 .functor NOT 1, L_000002268dcc2690, C4<0>, C4<0>, C4<0>;
L_000002268da67f50 .functor NOT 1, L_000002268dcc2730, C4<0>, C4<0>, C4<0>;
L_000002268da67fc0 .functor AND 1, L_000002268da67b60, L_000002268da67f50, C4<1>, C4<1>;
L_000002268da64de0 .functor NOT 1, L_000002268dcc2910, C4<0>, C4<0>, C4<0>;
L_000002268da64520 .functor AND 1, L_000002268da67fc0, L_000002268da64de0, C4<1>, C4<1>;
L_000002268da65cc0 .functor NOT 1, L_000002268dcc29b0, C4<0>, C4<0>, C4<0>;
L_000002268da65a20 .functor NOT 1, L_000002268dcc2c30, C4<0>, C4<0>, C4<0>;
L_000002268da65b70 .functor AND 1, L_000002268da65cc0, L_000002268da65a20, C4<1>, C4<1>;
L_000002268da64600 .functor AND 1, L_000002268da65b70, L_000002268dcc2cd0, C4<1>, C4<1>;
L_000002268da65550 .functor NOT 1, L_000002268dcc47b0, C4<0>, C4<0>, C4<0>;
L_000002268da64980 .functor AND 1, L_000002268da65550, L_000002268dcc3810, C4<1>, C4<1>;
L_000002268da657f0 .functor NOT 1, L_000002268dcc5610, C4<0>, C4<0>, C4<0>;
L_000002268da65b00 .functor AND 1, L_000002268da64980, L_000002268da657f0, C4<1>, C4<1>;
L_000002268da64b40 .functor NOT 1, L_000002268dcc5750, C4<0>, C4<0>, C4<0>;
L_000002268da64ec0 .functor AND 1, L_000002268da64b40, L_000002268dcc42b0, C4<1>, C4<1>;
L_000002268da65240 .functor AND 1, L_000002268da64ec0, L_000002268dcc59d0, C4<1>, C4<1>;
L_000002268da65080 .functor NOT 1, L_000002268dcc48f0, C4<0>, C4<0>, C4<0>;
L_000002268da65320 .functor AND 1, L_000002268dcc38b0, L_000002268da65080, C4<1>, C4<1>;
L_000002268da655c0 .functor NOT 1, L_000002268dcc54d0, C4<0>, C4<0>, C4<0>;
L_000002268da64f30 .functor AND 1, L_000002268da65320, L_000002268da655c0, C4<1>, C4<1>;
L_000002268da650f0 .functor NOT 1, L_000002268dcc5110, C4<0>, C4<0>, C4<0>;
L_000002268da64a60 .functor AND 1, L_000002268dcc4fd0, L_000002268da650f0, C4<1>, C4<1>;
L_000002268da656a0 .functor AND 1, L_000002268da64a60, L_000002268dcc5c50, C4<1>, C4<1>;
L_000002268da65710 .functor AND 1, L_000002268dcc4b70, L_000002268dcc34f0, C4<1>, C4<1>;
L_000002268da64130 .functor NOT 1, L_000002268dcc4210, C4<0>, C4<0>, C4<0>;
L_000002268da66270 .functor AND 1, L_000002268da65710, L_000002268da64130, C4<1>, C4<1>;
L_000002268da675b0 .functor AND 1, L_000002268dcc3ef0, L_000002268dcc4ad0, C4<1>, C4<1>;
L_000002268da66c80 .functor AND 1, L_000002268da675b0, L_000002268dcc4530, C4<1>, C4<1>;
v000002268da6e720_0 .net *"_ivl_10", 0 0, L_000002268da67fc0;  1 drivers
v000002268da6e7c0_0 .net *"_ivl_100", 0 0, L_000002268da65710;  1 drivers
v000002268da6f940_0 .net *"_ivl_103", 0 0, L_000002268dcc4210;  1 drivers
v000002268da6fd00_0 .net *"_ivl_104", 0 0, L_000002268da64130;  1 drivers
v000002268da6f9e0_0 .net *"_ivl_106", 0 0, L_000002268da66270;  1 drivers
v000002268da6fee0_0 .net *"_ivl_112", 0 0, L_000002268dcc3ef0;  1 drivers
v000002268da70020_0 .net *"_ivl_114", 0 0, L_000002268dcc4ad0;  1 drivers
v000002268da6fda0_0 .net *"_ivl_115", 0 0, L_000002268da675b0;  1 drivers
v000002268da6fbc0_0 .net *"_ivl_118", 0 0, L_000002268dcc4530;  1 drivers
v000002268da6ff80_0 .net *"_ivl_119", 0 0, L_000002268da66c80;  1 drivers
v000002268da6fa80_0 .net *"_ivl_13", 0 0, L_000002268dcc2910;  1 drivers
v000002268da6fc60_0 .net *"_ivl_14", 0 0, L_000002268da64de0;  1 drivers
v000002268da6fb20_0 .net *"_ivl_16", 0 0, L_000002268da64520;  1 drivers
v000002268da6fe40_0 .net *"_ivl_21", 0 0, L_000002268dcc29b0;  1 drivers
v000002268da68320_0 .net *"_ivl_22", 0 0, L_000002268da65cc0;  1 drivers
v000002268da6a4e0_0 .net *"_ivl_25", 0 0, L_000002268dcc2c30;  1 drivers
v000002268da68780_0 .net *"_ivl_26", 0 0, L_000002268da65a20;  1 drivers
v000002268da69720_0 .net *"_ivl_28", 0 0, L_000002268da65b70;  1 drivers
v000002268da68820_0 .net *"_ivl_3", 0 0, L_000002268dcc2690;  1 drivers
v000002268da68f00_0 .net *"_ivl_31", 0 0, L_000002268dcc2cd0;  1 drivers
v000002268da69040_0 .net *"_ivl_32", 0 0, L_000002268da64600;  1 drivers
v000002268da6a260_0 .net *"_ivl_37", 0 0, L_000002268dcc47b0;  1 drivers
v000002268da6a120_0 .net *"_ivl_38", 0 0, L_000002268da65550;  1 drivers
v000002268da69220_0 .net *"_ivl_4", 0 0, L_000002268da67b60;  1 drivers
v000002268da69360_0 .net *"_ivl_41", 0 0, L_000002268dcc3810;  1 drivers
v000002268da699a0_0 .net *"_ivl_42", 0 0, L_000002268da64980;  1 drivers
v000002268da69a40_0 .net *"_ivl_45", 0 0, L_000002268dcc5610;  1 drivers
v000002268da69cc0_0 .net *"_ivl_46", 0 0, L_000002268da657f0;  1 drivers
v000002268da69d60_0 .net *"_ivl_48", 0 0, L_000002268da65b00;  1 drivers
v000002268d9f1530_0 .net *"_ivl_53", 0 0, L_000002268dcc5750;  1 drivers
v000002268d9f0ef0_0 .net *"_ivl_54", 0 0, L_000002268da64b40;  1 drivers
v000002268d9f12b0_0 .net *"_ivl_57", 0 0, L_000002268dcc42b0;  1 drivers
v000002268d9f0bd0_0 .net *"_ivl_58", 0 0, L_000002268da64ec0;  1 drivers
v000002268d9f1850_0 .net *"_ivl_61", 0 0, L_000002268dcc59d0;  1 drivers
v000002268d9f06d0_0 .net *"_ivl_62", 0 0, L_000002268da65240;  1 drivers
v000002268d9ef5f0_0 .net *"_ivl_67", 0 0, L_000002268dcc38b0;  1 drivers
v000002268d9f1a30_0 .net *"_ivl_69", 0 0, L_000002268dcc48f0;  1 drivers
v000002268d9ef7d0_0 .net *"_ivl_7", 0 0, L_000002268dcc2730;  1 drivers
v000002268d9f1c10_0 .net *"_ivl_70", 0 0, L_000002268da65080;  1 drivers
v000002268d9f0310_0 .net *"_ivl_72", 0 0, L_000002268da65320;  1 drivers
v000002268d9f0d10_0 .net *"_ivl_75", 0 0, L_000002268dcc54d0;  1 drivers
v000002268d9efcd0_0 .net *"_ivl_76", 0 0, L_000002268da655c0;  1 drivers
v000002268d9f04f0_0 .net *"_ivl_78", 0 0, L_000002268da64f30;  1 drivers
v000002268d9f0770_0 .net *"_ivl_8", 0 0, L_000002268da67f50;  1 drivers
v000002268d9f1fd0_0 .net *"_ivl_83", 0 0, L_000002268dcc4fd0;  1 drivers
v000002268d9f2390_0 .net *"_ivl_85", 0 0, L_000002268dcc5110;  1 drivers
v000002268d9f1d50_0 .net *"_ivl_86", 0 0, L_000002268da650f0;  1 drivers
v000002268d9eb450_0 .net *"_ivl_88", 0 0, L_000002268da64a60;  1 drivers
v000002268d9eaff0_0 .net *"_ivl_91", 0 0, L_000002268dcc5c50;  1 drivers
v000002268d9eaa50_0 .net *"_ivl_92", 0 0, L_000002268da656a0;  1 drivers
v000002268d9eaaf0_0 .net *"_ivl_97", 0 0, L_000002268dcc4b70;  1 drivers
v000002268d9eac30_0 .net *"_ivl_99", 0 0, L_000002268dcc34f0;  1 drivers
v000002268d9eb4f0_0 .net "in", 2 0, L_000002268dcc5b10;  1 drivers
v000002268d9ec350_0 .net "out", 7 0, L_000002268dcc3950;  alias, 1 drivers
L_000002268dcc2690 .part L_000002268dcc5b10, 2, 1;
L_000002268dcc2730 .part L_000002268dcc5b10, 1, 1;
L_000002268dcc2910 .part L_000002268dcc5b10, 0, 1;
L_000002268dcc29b0 .part L_000002268dcc5b10, 2, 1;
L_000002268dcc2c30 .part L_000002268dcc5b10, 1, 1;
L_000002268dcc2cd0 .part L_000002268dcc5b10, 0, 1;
L_000002268dcc47b0 .part L_000002268dcc5b10, 2, 1;
L_000002268dcc3810 .part L_000002268dcc5b10, 1, 1;
L_000002268dcc5610 .part L_000002268dcc5b10, 0, 1;
L_000002268dcc5750 .part L_000002268dcc5b10, 2, 1;
L_000002268dcc42b0 .part L_000002268dcc5b10, 1, 1;
L_000002268dcc59d0 .part L_000002268dcc5b10, 0, 1;
L_000002268dcc38b0 .part L_000002268dcc5b10, 2, 1;
L_000002268dcc48f0 .part L_000002268dcc5b10, 1, 1;
L_000002268dcc54d0 .part L_000002268dcc5b10, 0, 1;
L_000002268dcc4fd0 .part L_000002268dcc5b10, 2, 1;
L_000002268dcc5110 .part L_000002268dcc5b10, 1, 1;
L_000002268dcc5c50 .part L_000002268dcc5b10, 0, 1;
L_000002268dcc4b70 .part L_000002268dcc5b10, 2, 1;
L_000002268dcc34f0 .part L_000002268dcc5b10, 1, 1;
L_000002268dcc4210 .part L_000002268dcc5b10, 0, 1;
LS_000002268dcc3950_0_0 .concat8 [ 1 1 1 1], L_000002268da64520, L_000002268da64600, L_000002268da65b00, L_000002268da65240;
LS_000002268dcc3950_0_4 .concat8 [ 1 1 1 1], L_000002268da64f30, L_000002268da656a0, L_000002268da66270, L_000002268da66c80;
L_000002268dcc3950 .concat8 [ 4 4 0 0], LS_000002268dcc3950_0_0, LS_000002268dcc3950_0_4;
L_000002268dcc3ef0 .part L_000002268dcc5b10, 2, 1;
L_000002268dcc4ad0 .part L_000002268dcc5b10, 1, 1;
L_000002268dcc4530 .part L_000002268dcc5b10, 0, 1;
S_000002268d46d220 .scope module, "reg0" "register" 2 23, 4 2 0, S_000002268d492190;
 .timescale 0 0;
    .port_info 0 /INPUT 1 "clk";
    .port_info 1 /INPUT 1 "rst";
    .port_info 2 /INPUT 16 "d";
    .port_info 3 /INPUT 1 "write_reg";
    .port_info 4 /INPUT 1 "rden1";
    .port_info 5 /INPUT 1 "rden2";
    .port_info 6 /INOUT 16 "bitline1";
    .port_info 7 /INOUT 16 "bitline2";
v000002268db44cc0_0 .net8 "bitline1", 15 0, p000002268daf1028;  alias, 0 drivers, strength-aware
v000002268db43dc0_0 .net8 "bitline2", 15 0, p000002268daf1058;  alias, 0 drivers, strength-aware
v000002268db44540_0 .net "clk", 0 0, o000002268daedc38;  alias, 0 drivers
v000002268db42ec0_0 .net "d", 15 0, o000002268daf1088;  alias, 0 drivers
v000002268db445e0_0 .net "rden1", 0 0, L_000002268dcc4490;  1 drivers
v000002268db43140_0 .net "rden2", 0 0, L_000002268dcc3a90;  1 drivers
v000002268db43e60_0 .net "rst", 0 0, o000002268daedcc8;  alias, 0 drivers
v000002268db44d60_0 .net "write_reg", 0 0, L_000002268dcc39f0;  1 drivers
L_000002268dcc5a70 .part o000002268daf1088, 0, 1;
L_000002268dcc5890 .part o000002268daf1088, 1, 1;
L_000002268dcc3590 .part o000002268daf1088, 2, 1;
L_000002268dcc5bb0 .part o000002268daf1088, 3, 1;
L_000002268dcc36d0 .part o000002268daf1088, 4, 1;
L_000002268dcc3770 .part o000002268daf1088, 5, 1;
L_000002268dcc5930 .part o000002268daf1088, 6, 1;
L_000002268dcc4850 .part o000002268daf1088, 7, 1;
L_000002268dcc3bd0 .part o000002268daf1088, 8, 1;
L_000002268dcc52f0 .part o000002268daf1088, 9, 1;
L_000002268dcc3b30 .part o000002268daf1088, 10, 1;
L_000002268dcc5430 .part o000002268daf1088, 11, 1;
L_000002268dcc3db0 .part o000002268daf1088, 12, 1;
L_000002268dcc4350 .part o000002268daf1088, 13, 1;
L_000002268dcc4990 .part o000002268daf1088, 14, 1;
L_000002268dcc4d50 .part o000002268daf1088, 15, 1;
p000002268daede18 .port I000002268da132c0, L_000002268da65fd0;
 .tranvp 16 1 0, I000002268da132c0, p000002268daf1028 p000002268daede18;
p000002268daede48 .port I000002268da12d00, L_000002268da660b0;
 .tranvp 16 1 0, I000002268da12d00, p000002268daf1058 p000002268daede48;
p000002268daee1a8 .port I000002268da132c0, L_000002268da667b0;
 .tranvp 16 1 1, I000002268da132c0, p000002268daf1028 p000002268daee1a8;
p000002268daee1d8 .port I000002268da12d00, L_000002268da672a0;
 .tranvp 16 1 1, I000002268da12d00, p000002268daf1058 p000002268daee1d8;
p000002268daef7f8 .port I000002268da132c0, L_000002268da66890;
 .tranvp 16 1 2, I000002268da132c0, p000002268daf1028 p000002268daef7f8;
p000002268daef828 .port I000002268da12d00, L_000002268da66580;
 .tranvp 16 1 2, I000002268da12d00, p000002268daf1058 p000002268daef828;
p000002268daefb28 .port I000002268da132c0, L_000002268da66c10;
 .tranvp 16 1 3, I000002268da132c0, p000002268daf1028 p000002268daefb28;
p000002268daefb58 .port I000002268da12d00, L_000002268da66120;
 .tranvp 16 1 3, I000002268da12d00, p000002268daf1058 p000002268daefb58;
p000002268daefe58 .port I000002268da132c0, L_000002268da66200;
 .tranvp 16 1 4, I000002268da132c0, p000002268daf1028 p000002268daefe58;
p000002268daefe88 .port I000002268da12d00, L_000002268da671c0;
 .tranvp 16 1 4, I000002268da12d00, p000002268daf1058 p000002268daefe88;
p000002268daf0188 .port I000002268da132c0, L_000002268da66cf0;
 .tranvp 16 1 5, I000002268da132c0, p000002268daf1028 p000002268daf0188;
p000002268daf01b8 .port I000002268da12d00, L_000002268da66d60;
 .tranvp 16 1 5, I000002268da12d00, p000002268daf1058 p000002268daf01b8;
p000002268daf04b8 .port I000002268da132c0, L_000002268da66dd0;
 .tranvp 16 1 6, I000002268da132c0, p000002268daf1028 p000002268daf04b8;
p000002268daf04e8 .port I000002268da12d00, L_000002268da67230;
 .tranvp 16 1 6, I000002268da12d00, p000002268daf1058 p000002268daf04e8;
p000002268daf07e8 .port I000002268da132c0, L_000002268da67620;
 .tranvp 16 1 7, I000002268da132c0, p000002268daf1028 p000002268daf07e8;
p000002268daf0818 .port I000002268da12d00, L_000002268da67690;
 .tranvp 16 1 7, I000002268da12d00, p000002268daf1058 p000002268daf0818;
p000002268daf0b18 .port I000002268da132c0, L_000002268da65d30;
 .tranvp 16 1 8, I000002268da132c0, p000002268daf1028 p000002268daf0b18;
p000002268daf0b48 .port I000002268da12d00, L_000002268da65da0;
 .tranvp 16 1 8, I000002268da12d00, p000002268daf1058 p000002268daf0b48;
p000002268daf0e48 .port I000002268da132c0, L_000002268da25b60;
 .tranvp 16 1 9, I000002268da132c0, p000002268daf1028 p000002268daf0e48;
p000002268daf0e78 .port I000002268da12d00, L_000002268da26570;
 .tranvp 16 1 9, I000002268da12d00, p000002268daf1058 p000002268daf0e78;
p000002268daee4d8 .port I000002268da132c0, L_000002268da25620;
 .tranvp 16 1 10, I000002268da132c0, p000002268daf1028 p000002268daee4d8;
p000002268daee508 .port I000002268da12d00, L_000002268da251c0;
 .tranvp 16 1 10, I000002268da12d00, p000002268daf1058 p000002268daee508;
p000002268daee808 .port I000002268da132c0, L_000002268da24d60;
 .tranvp 16 1 11, I000002268da132c0, p000002268daf1028 p000002268daee808;
p000002268daee838 .port I000002268da12d00, L_000002268da24cf0;
 .tranvp 16 1 11, I000002268da12d00, p000002268daf1058 p000002268daee838;
p000002268daeeb38 .port I000002268da132c0, L_000002268da25000;
 .tranvp 16 1 12, I000002268da132c0, p000002268daf1028 p000002268daeeb38;
p000002268daeeb68 .port I000002268da12d00, L_000002268da24ba0;
 .tranvp 16 1 12, I000002268da12d00, p000002268daf1058 p000002268daeeb68;
p000002268daeee68 .port I000002268da132c0, L_000002268da252a0;
 .tranvp 16 1 13, I000002268da132c0, p000002268daf1028 p000002268daeee68;
p000002268daeee98 .port I000002268da12d00, L_000002268da254d0;
 .tranvp 16 1 13, I000002268da12d00, p000002268daf1058 p000002268daeee98;
p000002268daef198 .port I000002268da132c0, L_000002268da255b0;
 .tranvp 16 1 14, I000002268da132c0, p000002268daf1028 p000002268daef198;
p000002268daef1c8 .port I000002268da12d00, L_000002268da258c0;
 .tranvp 16 1 14, I000002268da12d00, p000002268daf1058 p000002268daef1c8;
p000002268daef4c8 .port I000002268da132c0, L_000002268da25930;
 .tranvp 16 1 15, I000002268da132c0, p000002268daf1028 p000002268daef4c8;
p000002268daef4f8 .port I000002268da12d00, L_000002268da259a0;
 .tranvp 16 1 15, I000002268da12d00, p000002268daf1058 p000002268daef4f8;
S_000002268d46d3b0 .scope module, "bit_cell0" "bit_cell" 4 12, 5 2 0, S_000002268d46d220;
 .timescale 0 0;
    .port_info 0 /INPUT 1 "clk";
    .port_info 1 /INPUT 1 "rst";
    .port_info 2 /INPUT 1 "d";
    .port_info 3 /INPUT 1 "wren";
    .port_info 4 /INPUT 1 "rden1";
    .port_info 5 /INPUT 1 "rden2";
    .port_info 6 /INOUT 1 "bitline1";
    .port_info 7 /INOUT 1 "bitline2";
L_000002268da65fd0 .functor BUFIF1 1, v000002268d9ed7f0_0, L_000002268dcc4490, C4<0>, C4<0>;
L_000002268da660b0 .functor BUFIF1 1, v000002268d9ed7f0_0, L_000002268dcc3a90, C4<0>, C4<0>;
v000002268d9ee290_0 .net8 "bitline1", 0 0, p000002268daede18;  1 drivers, strength-aware
v000002268d9ee330_0 .net8 "bitline2", 0 0, p000002268daede48;  1 drivers, strength-aware
v000002268d9ee5b0_0 .net "clk", 0 0, o000002268daedc38;  alias, 0 drivers
v000002268d9ef0f0_0 .net "d", 0 0, L_000002268dcc5a70;  1 drivers
v000002268d9ee6f0_0 .net "q", 0 0, v000002268d9ed7f0_0;  1 drivers
v000002268d9ee8d0_0 .net "rden1", 0 0, L_000002268dcc4490;  alias, 1 drivers
v000002268d9eeb50_0 .net "rden2", 0 0, L_000002268dcc3a90;  alias, 1 drivers
v000002268da41da0_0 .net "rst", 0 0, o000002268daedcc8;  alias, 0 drivers
v000002268da420c0_0 .net "wren", 0 0, L_000002268dcc39f0;  alias, 1 drivers
S_000002268d48a460 .scope module, "cell_dff" "dff" 5 13, 6 4 0, S_000002268d46d3b0;
 .timescale 0 0;
    .port_info 0 /OUTPUT 1 "q";
    .port_info 1 /INPUT 1 "d";
    .port_info 2 /INPUT 1 "wen";
    .port_info 3 /INPUT 1 "clk";
    .port_info 4 /INPUT 1 "rst";
v000002268d9ecf30_0 .net "clk", 0 0, o000002268daedc38;  alias, 0 drivers
v000002268d9ed610_0 .net "d", 0 0, L_000002268dcc5a70;  alias, 1 drivers
v000002268d9ed7f0_0 .var "q", 0 0;
v000002268d9ee0b0_0 .net "rst", 0 0, o000002268daedcc8;  alias, 0 drivers
v000002268d9ef410_0 .net "wen", 0 0, L_000002268dcc39f0;  alias, 1 drivers
E_000002268da12c40 .event posedge, v000002268d9ecf30_0;
S_000002268d48a5f0 .scope module, "bit_cell1" "bit_cell" 4 13, 5 2 0, S_000002268d46d220;
 .timescale 0 0;
    .port_info 0 /INPUT 1 "clk";
    .port_info 1 /INPUT 1 "rst";
    .port_info 2 /INPUT 1 "d";
    .port_info 3 /INPUT 1 "wren";
    .port_info 4 /INPUT 1 "rden1";
    .port_info 5 /INPUT 1 "rden2";
    .port_info 6 /INOUT 1 "bitline1";
    .port_info 7 /INOUT 1 "bitline2";
L_000002268da667b0 .functor BUFIF1 1, v000002268da40180_0, L_000002268dcc4490, C4<0>, C4<0>;
L_000002268da672a0 .functor BUFIF1 1, v000002268da40180_0, L_000002268dcc3a90, C4<0>, C4<0>;
v000002268da40720_0 .net8 "bitline1", 0 0, p000002268daee1a8;  1 drivers, strength-aware
v000002268da41620_0 .net8 "bitline2", 0 0, p000002268daee1d8;  1 drivers, strength-aware
v000002268da413a0_0 .net "clk", 0 0, o000002268daedc38;  alias, 0 drivers
v000002268da407c0_0 .net "d", 0 0, L_000002268dcc5890;  1 drivers
v000002268da411c0_0 .net "q", 0 0, v000002268da40180_0;  1 drivers
v000002268da42520_0 .net "rden1", 0 0, L_000002268dcc4490;  alias, 1 drivers
v000002268da41260_0 .net "rden2", 0 0, L_000002268dcc3a90;  alias, 1 drivers
v000002268da41580_0 .net "rst", 0 0, o000002268daedcc8;  alias, 0 drivers
v000002268da419e0_0 .net "wren", 0 0, L_000002268dcc39f0;  alias, 1 drivers
S_000002268d481930 .scope module, "cell_dff" "dff" 5 13, 6 4 0, S_000002268d48a5f0;
 .timescale 0 0;
    .port_info 0 /OUTPUT 1 "q";
    .port_info 1 /INPUT 1 "d";
    .port_info 2 /INPUT 1 "wen";
    .port_info 3 /INPUT 1 "clk";
    .port_info 4 /INPUT 1 "rst";
v000002268da414e0_0 .net "clk", 0 0, o000002268daedc38;  alias, 0 drivers
v000002268da42200_0 .net "d", 0 0, L_000002268dcc5890;  alias, 1 drivers
v000002268da40180_0 .var "q", 0 0;
v000002268da41080_0 .net "rst", 0 0, o000002268daedcc8;  alias, 0 drivers
v000002268da422a0_0 .net "wen", 0 0, L_000002268dcc39f0;  alias, 1 drivers
S_000002268d481ac0 .scope module, "bit_cell10" "bit_cell" 4 22, 5 2 0, S_000002268d46d220;
 .timescale 0 0;
    .port_info 0 /INPUT 1 "clk";
    .port_info 1 /INPUT 1 "rst";
    .port_info 2 /INPUT 1 "d";
    .port_info 3 /INPUT 1 "wren";
    .port_info 4 /INPUT 1 "rden1";
    .port_info 5 /INPUT 1 "rden2";
    .port_info 6 /INOUT 1 "bitline1";
    .port_info 7 /INOUT 1 "bitline2";
L_000002268da25620 .functor BUFIF1 1, v000002268da43880_0, L_000002268dcc4490, C4<0>, C4<0>;
L_000002268da251c0 .functor BUFIF1 1, v000002268da43880_0, L_000002268dcc3a90, C4<0>, C4<0>;
v000002268da42ac0_0 .net8 "bitline1", 0 0, p000002268daee4d8;  1 drivers, strength-aware
v000002268da432e0_0 .net8 "bitline2", 0 0, p000002268daee508;  1 drivers, strength-aware
v000002268da43920_0 .net "clk", 0 0, o000002268daedc38;  alias, 0 drivers
v000002268da43b00_0 .net "d", 0 0, L_000002268dcc3b30;  1 drivers
v000002268da43f60_0 .net "q", 0 0, v000002268da43880_0;  1 drivers
v000002268da43ce0_0 .net "rden1", 0 0, L_000002268dcc4490;  alias, 1 drivers
v000002268da44140_0 .net "rden2", 0 0, L_000002268dcc3a90;  alias, 1 drivers
v000002268da44a00_0 .net "rst", 0 0, o000002268daedcc8;  alias, 0 drivers
v000002268da44500_0 .net "wren", 0 0, L_000002268dcc39f0;  alias, 1 drivers
S_000002268d46d970 .scope module, "cell_dff" "dff" 5 13, 6 4 0, S_000002268d481ac0;
 .timescale 0 0;
    .port_info 0 /OUTPUT 1 "q";
    .port_info 1 /INPUT 1 "d";
    .port_info 2 /INPUT 1 "wen";
    .port_info 3 /INPUT 1 "clk";
    .port_info 4 /INPUT 1 "rst";
v000002268da42fc0_0 .net "clk", 0 0, o000002268daedc38;  alias, 0 drivers
v000002268da44d20_0 .net "d", 0 0, L_000002268dcc3b30;  alias, 1 drivers
v000002268da43880_0 .var "q", 0 0;
v000002268da44960_0 .net "rst", 0 0, o000002268daedcc8;  alias, 0 drivers
v000002268da42a20_0 .net "wen", 0 0, L_000002268dcc39f0;  alias, 1 drivers
S_000002268d46db00 .scope module, "bit_cell11" "bit_cell" 4 23, 5 2 0, S_000002268d46d220;
 .timescale 0 0;
    .port_info 0 /INPUT 1 "clk";
    .port_info 1 /INPUT 1 "rst";
    .port_info 2 /INPUT 1 "d";
    .port_info 3 /INPUT 1 "wren";
    .port_info 4 /INPUT 1 "rden1";
    .port_info 5 /INPUT 1 "rden2";
    .port_info 6 /INOUT 1 "bitline1";
    .port_info 7 /INOUT 1 "bitline2";
L_000002268da24d60 .functor BUFIF1 1, v000002268da45540_0, L_000002268dcc4490, C4<0>, C4<0>;
L_000002268da24cf0 .functor BUFIF1 1, v000002268da45540_0, L_000002268dcc3a90, C4<0>, C4<0>;
v000002268da47200_0 .net8 "bitline1", 0 0, p000002268daee808;  1 drivers, strength-aware
v000002268da47840_0 .net8 "bitline2", 0 0, p000002268daee838;  1 drivers, strength-aware
v000002268da46300_0 .net "clk", 0 0, o000002268daedc38;  alias, 0 drivers
v000002268da473e0_0 .net "d", 0 0, L_000002268dcc5430;  1 drivers
v000002268da47520_0 .net "q", 0 0, v000002268da45540_0;  1 drivers
v000002268da45220_0 .net "rden1", 0 0, L_000002268dcc4490;  alias, 1 drivers
v000002268da46580_0 .net "rden2", 0 0, L_000002268dcc3a90;  alias, 1 drivers
v000002268da45e00_0 .net "rst", 0 0, o000002268daedcc8;  alias, 0 drivers
v000002268da45fe0_0 .net "wren", 0 0, L_000002268dcc39f0;  alias, 1 drivers
S_000002268da3d030 .scope module, "cell_dff" "dff" 5 13, 6 4 0, S_000002268d46db00;
 .timescale 0 0;
    .port_info 0 /OUTPUT 1 "q";
    .port_info 1 /INPUT 1 "d";
    .port_info 2 /INPUT 1 "wen";
    .port_info 3 /INPUT 1 "clk";
    .port_info 4 /INPUT 1 "rst";
v000002268da44780_0 .net "clk", 0 0, o000002268daedc38;  alias, 0 drivers
v000002268da46e40_0 .net "d", 0 0, L_000002268dcc5430;  alias, 1 drivers
v000002268da45540_0 .var "q", 0 0;
v000002268da46f80_0 .net "rst", 0 0, o000002268daedcc8;  alias, 0 drivers
v000002268da45b80_0 .net "wen", 0 0, L_000002268dcc39f0;  alias, 1 drivers
S_000002268da3d1c0 .scope module, "bit_cell12" "bit_cell" 4 24, 5 2 0, S_000002268d46d220;
 .timescale 0 0;
    .port_info 0 /INPUT 1 "clk";
    .port_info 1 /INPUT 1 "rst";
    .port_info 2 /INPUT 1 "d";
    .port_info 3 /INPUT 1 "wren";
    .port_info 4 /INPUT 1 "rden1";
    .port_info 5 /INPUT 1 "rden2";
    .port_info 6 /INOUT 1 "bitline1";
    .port_info 7 /INOUT 1 "bitline2";
L_000002268da25000 .functor BUFIF1 1, v000002268da47d40_0, L_000002268dcc4490, C4<0>, C4<0>;
L_000002268da24ba0 .functor BUFIF1 1, v000002268da47d40_0, L_000002268dcc3a90, C4<0>, C4<0>;
v000002268d9a2fd0_0 .net8 "bitline1", 0 0, p000002268daeeb38;  1 drivers, strength-aware
v000002268d9a2cb0_0 .net8 "bitline2", 0 0, p000002268daeeb68;  1 drivers, strength-aware
v000002268d9a36b0_0 .net "clk", 0 0, o000002268daedc38;  alias, 0 drivers
v000002268d9a37f0_0 .net "d", 0 0, L_000002268dcc3db0;  1 drivers
v000002268d9a3070_0 .net "q", 0 0, v000002268da47d40_0;  1 drivers
v000002268d9a3930_0 .net "rden1", 0 0, L_000002268dcc4490;  alias, 1 drivers
v000002268d9a3c50_0 .net "rden2", 0 0, L_000002268dcc3a90;  alias, 1 drivers
v000002268d9a2030_0 .net "rst", 0 0, o000002268daedcc8;  alias, 0 drivers
v000002268d9a3ed0_0 .net "wren", 0 0, L_000002268dcc39f0;  alias, 1 drivers
S_000002268da3d350 .scope module, "cell_dff" "dff" 5 13, 6 4 0, S_000002268da3d1c0;
 .timescale 0 0;
    .port_info 0 /OUTPUT 1 "q";
    .port_info 1 /INPUT 1 "d";
    .port_info 2 /INPUT 1 "wen";
    .port_info 3 /INPUT 1 "clk";
    .port_info 4 /INPUT 1 "rst";
v000002268da45680_0 .net "clk", 0 0, o000002268daedc38;  alias, 0 drivers
v000002268da45860_0 .net "d", 0 0, L_000002268dcc3db0;  alias, 1 drivers
v000002268da47d40_0 .var "q", 0 0;
v000002268da47ac0_0 .net "rst", 0 0, o000002268daedcc8;  alias, 0 drivers
v000002268da47fc0_0 .net "wen", 0 0, L_000002268dcc39f0;  alias, 1 drivers
S_000002268da3d4e0 .scope module, "bit_cell13" "bit_cell" 4 25, 5 2 0, S_000002268d46d220;
 .timescale 0 0;
    .port_info 0 /INPUT 1 "clk";
    .port_info 1 /INPUT 1 "rst";
    .port_info 2 /INPUT 1 "d";
    .port_info 3 /INPUT 1 "wren";
    .port_info 4 /INPUT 1 "rden1";
    .port_info 5 /INPUT 1 "rden2";
    .port_info 6 /INOUT 1 "bitline1";
    .port_info 7 /INOUT 1 "bitline2";
L_000002268da252a0 .functor BUFIF1 1, v000002268d9a2530_0, L_000002268dcc4490, C4<0>, C4<0>;
L_000002268da254d0 .functor BUFIF1 1, v000002268d9a2530_0, L_000002268dcc3a90, C4<0>, C4<0>;
v000002268d9a2670_0 .net8 "bitline1", 0 0, p000002268daeee68;  1 drivers, strength-aware
v000002268d9a4a10_0 .net8 "bitline2", 0 0, p000002268daeee98;  1 drivers, strength-aware
v000002268d9a4970_0 .net "clk", 0 0, o000002268daedc38;  alias, 0 drivers
v000002268d9a4510_0 .net "d", 0 0, L_000002268dcc4350;  1 drivers
v000002268d9a55f0_0 .net "q", 0 0, v000002268d9a2530_0;  1 drivers
v000002268d9a4330_0 .net "rden1", 0 0, L_000002268dcc4490;  alias, 1 drivers
v000002268d9a46f0_0 .net "rden2", 0 0, L_000002268dcc3a90;  alias, 1 drivers
v000002268d9a50f0_0 .net "rst", 0 0, o000002268daedcc8;  alias, 0 drivers
v000002268d9a4bf0_0 .net "wren", 0 0, L_000002268dcc39f0;  alias, 1 drivers
S_000002268da3e020 .scope module, "cell_dff" "dff" 5 13, 6 4 0, S_000002268da3d4e0;
 .timescale 0 0;
    .port_info 0 /OUTPUT 1 "q";
    .port_info 1 /INPUT 1 "d";
    .port_info 2 /INPUT 1 "wen";
    .port_info 3 /INPUT 1 "clk";
    .port_info 4 /INPUT 1 "rst";
v000002268d9a1bd0_0 .net "clk", 0 0, o000002268daedc38;  alias, 0 drivers
v000002268d9a1f90_0 .net "d", 0 0, L_000002268dcc4350;  alias, 1 drivers
v000002268d9a2530_0 .var "q", 0 0;
v000002268d9a20d0_0 .net "rst", 0 0, o000002268daedcc8;  alias, 0 drivers
v000002268d9a22b0_0 .net "wen", 0 0, L_000002268dcc39f0;  alias, 1 drivers
S_000002268da3db70 .scope module, "bit_cell14" "bit_cell" 4 26, 5 2 0, S_000002268d46d220;
 .timescale 0 0;
    .port_info 0 /INPUT 1 "clk";
    .port_info 1 /INPUT 1 "rst";
    .port_info 2 /INPUT 1 "d";
    .port_info 3 /INPUT 1 "wren";
    .port_info 4 /INPUT 1 "rden1";
    .port_info 5 /INPUT 1 "rden2";
    .port_info 6 /INOUT 1 "bitline1";
    .port_info 7 /INOUT 1 "bitline2";
L_000002268da255b0 .functor BUFIF1 1, v000002268d9cc020_0, L_000002268dcc4490, C4<0>, C4<0>;
L_000002268da258c0 .functor BUFIF1 1, v000002268d9cc020_0, L_000002268dcc3a90, C4<0>, C4<0>;
v000002268d9cc8e0_0 .net8 "bitline1", 0 0, p000002268daef198;  1 drivers, strength-aware
v000002268d9ccc00_0 .net8 "bitline2", 0 0, p000002268daef1c8;  1 drivers, strength-aware
v000002268d9ccca0_0 .net "clk", 0 0, o000002268daedc38;  alias, 0 drivers
v000002268d9ccf20_0 .net "d", 0 0, L_000002268dcc4990;  1 drivers
v000002268d9cc0c0_0 .net "q", 0 0, v000002268d9cc020_0;  1 drivers
v000002268d9cb9e0_0 .net "rden1", 0 0, L_000002268dcc4490;  alias, 1 drivers
v000002268d9c9820_0 .net "rden2", 0 0, L_000002268dcc3a90;  alias, 1 drivers
v000002268d9c9f00_0 .net "rst", 0 0, o000002268daedcc8;  alias, 0 drivers
v000002268d9cb800_0 .net "wren", 0 0, L_000002268dcc39f0;  alias, 1 drivers
S_000002268da3e340 .scope module, "cell_dff" "dff" 5 13, 6 4 0, S_000002268da3db70;
 .timescale 0 0;
    .port_info 0 /OUTPUT 1 "q";
    .port_info 1 /INPUT 1 "d";
    .port_info 2 /INPUT 1 "wen";
    .port_info 3 /INPUT 1 "clk";
    .port_info 4 /INPUT 1 "rst";
v000002268d9a4790_0 .net "clk", 0 0, o000002268daedc38;  alias, 0 drivers
v000002268d9a4830_0 .net "d", 0 0, L_000002268dcc4990;  alias, 1 drivers
v000002268d9cc020_0 .var "q", 0 0;
v000002268d9cca20_0 .net "rst", 0 0, o000002268daedcc8;  alias, 0 drivers
v000002268d9cc2a0_0 .net "wen", 0 0, L_000002268dcc39f0;  alias, 1 drivers
S_000002268da3dd00 .scope module, "bit_cell15" "bit_cell" 4 27, 5 2 0, S_000002268d46d220;
 .timescale 0 0;
    .port_info 0 /INPUT 1 "clk";
    .port_info 1 /INPUT 1 "rst";
    .port_info 2 /INPUT 1 "d";
    .port_info 3 /INPUT 1 "wren";
    .port_info 4 /INPUT 1 "rden1";
    .port_info 5 /INPUT 1 "rden2";
    .port_info 6 /INOUT 1 "bitline1";
    .port_info 7 /INOUT 1 "bitline2";
L_000002268da25930 .functor BUFIF1 1, v000002268d9ca400_0, L_000002268dcc4490, C4<0>, C4<0>;
L_000002268da259a0 .functor BUFIF1 1, v000002268d9ca400_0, L_000002268dcc3a90, C4<0>, C4<0>;
v000002268d9ca5e0_0 .net8 "bitline1", 0 0, p000002268daef4c8;  1 drivers, strength-aware
v000002268d9cafe0_0 .net8 "bitline2", 0 0, p000002268daef4f8;  1 drivers, strength-aware
v000002268d9ca0e0_0 .net "clk", 0 0, o000002268daedc38;  alias, 0 drivers
v000002268d9cab80_0 .net "d", 0 0, L_000002268dcc4d50;  1 drivers
v000002268d9cacc0_0 .net "q", 0 0, v000002268d9ca400_0;  1 drivers
v000002268d9cb120_0 .net "rden1", 0 0, L_000002268dcc4490;  alias, 1 drivers
v000002268d9cb580_0 .net "rden2", 0 0, L_000002268dcc3a90;  alias, 1 drivers
v000002268d9df2d0_0 .net "rst", 0 0, o000002268daedcc8;  alias, 0 drivers
v000002268d9df370_0 .net "wren", 0 0, L_000002268dcc39f0;  alias, 1 drivers
S_000002268da3de90 .scope module, "cell_dff" "dff" 5 13, 6 4 0, S_000002268da3dd00;
 .timescale 0 0;
    .port_info 0 /OUTPUT 1 "q";
    .port_info 1 /INPUT 1 "d";
    .port_info 2 /INPUT 1 "wen";
    .port_info 3 /INPUT 1 "clk";
    .port_info 4 /INPUT 1 "rst";
v000002268d9c98c0_0 .net "clk", 0 0, o000002268daedc38;  alias, 0 drivers
v000002268d9c9fa0_0 .net "d", 0 0, L_000002268dcc4d50;  alias, 1 drivers
v000002268d9ca400_0 .var "q", 0 0;
v000002268d9c91e0_0 .net "rst", 0 0, o000002268daedcc8;  alias, 0 drivers
v000002268d9ca9a0_0 .net "wen", 0 0, L_000002268dcc39f0;  alias, 1 drivers
S_000002268da3d850 .scope module, "bit_cell2" "bit_cell" 4 14, 5 2 0, S_000002268d46d220;
 .timescale 0 0;
    .port_info 0 /INPUT 1 "clk";
    .port_info 1 /INPUT 1 "rst";
    .port_info 2 /INPUT 1 "d";
    .port_info 3 /INPUT 1 "wren";
    .port_info 4 /INPUT 1 "rden1";
    .port_info 5 /INPUT 1 "rden2";
    .port_info 6 /INOUT 1 "bitline1";
    .port_info 7 /INOUT 1 "bitline2";
L_000002268da66890 .functor BUFIF1 1, v000002268d9dedd0_0, L_000002268dcc4490, C4<0>, C4<0>;
L_000002268da66580 .functor BUFIF1 1, v000002268d9dedd0_0, L_000002268dcc3a90, C4<0>, C4<0>;
v000002268d9de790_0 .net8 "bitline1", 0 0, p000002268daef7f8;  1 drivers, strength-aware
v000002268d9de8d0_0 .net8 "bitline2", 0 0, p000002268daef828;  1 drivers, strength-aware
v000002268d9db8b0_0 .net "clk", 0 0, o000002268daedc38;  alias, 0 drivers
v000002268d9dd570_0 .net "d", 0 0, L_000002268dcc3590;  1 drivers
v000002268d9dc170_0 .net "q", 0 0, v000002268d9dedd0_0;  1 drivers
v000002268d9dbf90_0 .net "rden1", 0 0, L_000002268dcc4490;  alias, 1 drivers
v000002268d9dd6b0_0 .net "rden2", 0 0, L_000002268dcc3a90;  alias, 1 drivers
v000002268d9db770_0 .net "rst", 0 0, o000002268daedcc8;  alias, 0 drivers
v000002268d9dd9d0_0 .net "wren", 0 0, L_000002268dcc39f0;  alias, 1 drivers
S_000002268da3e1b0 .scope module, "cell_dff" "dff" 5 13, 6 4 0, S_000002268da3d850;
 .timescale 0 0;
    .port_info 0 /OUTPUT 1 "q";
    .port_info 1 /INPUT 1 "d";
    .port_info 2 /INPUT 1 "wen";
    .port_info 3 /INPUT 1 "clk";
    .port_info 4 /INPUT 1 "rst";
v000002268d9dde30_0 .net "clk", 0 0, o000002268daedc38;  alias, 0 drivers
v000002268d9deb50_0 .net "d", 0 0, L_000002268dcc3590;  alias, 1 drivers
v000002268d9dedd0_0 .var "q", 0 0;
v000002268d9de510_0 .net "rst", 0 0, o000002268daedcc8;  alias, 0 drivers
v000002268d9de650_0 .net "wen", 0 0, L_000002268dcc39f0;  alias, 1 drivers
S_000002268da3e4d0 .scope module, "bit_cell3" "bit_cell" 4 15, 5 2 0, S_000002268d46d220;
 .timescale 0 0;
    .port_info 0 /INPUT 1 "clk";
    .port_info 1 /INPUT 1 "rst";
    .port_info 2 /INPUT 1 "d";
    .port_info 3 /INPUT 1 "wren";
    .port_info 4 /INPUT 1 "rden1";
    .port_info 5 /INPUT 1 "rden2";
    .port_info 6 /INOUT 1 "bitline1";
    .port_info 7 /INOUT 1 "bitline2";
L_000002268da66c10 .functor BUFIF1 1, v000002268d9dc5d0_0, L_000002268dcc4490, C4<0>, C4<0>;
L_000002268da66120 .functor BUFIF1 1, v000002268d9dc5d0_0, L_000002268dcc3a90, C4<0>, C4<0>;
v000002268d9dc8f0_0 .net8 "bitline1", 0 0, p000002268daefb28;  1 drivers, strength-aware
v000002268d9dcad0_0 .net8 "bitline2", 0 0, p000002268daefb58;  1 drivers, strength-aware
v000002268d9dcc10_0 .net "clk", 0 0, o000002268daedc38;  alias, 0 drivers
v000002268d989fe0_0 .net "d", 0 0, L_000002268dcc5bb0;  1 drivers
v000002268d98a080_0 .net "q", 0 0, v000002268d9dc5d0_0;  1 drivers
v000002268d98a300_0 .net "rden1", 0 0, L_000002268dcc4490;  alias, 1 drivers
v000002268d98b160_0 .net "rden2", 0 0, L_000002268dcc3a90;  alias, 1 drivers
v000002268d98abc0_0 .net "rst", 0 0, o000002268daedcc8;  alias, 0 drivers
v000002268d989ae0_0 .net "wren", 0 0, L_000002268dcc39f0;  alias, 1 drivers
S_000002268da3d6c0 .scope module, "cell_dff" "dff" 5 13, 6 4 0, S_000002268da3e4d0;
 .timescale 0 0;
    .port_info 0 /OUTPUT 1 "q";
    .port_info 1 /INPUT 1 "d";
    .port_info 2 /INPUT 1 "wen";
    .port_info 3 /INPUT 1 "clk";
    .port_info 4 /INPUT 1 "rst";
v000002268d9dda70_0 .net "clk", 0 0, o000002268daedc38;  alias, 0 drivers
v000002268d9dbc70_0 .net "d", 0 0, L_000002268dcc5bb0;  alias, 1 drivers
v000002268d9dc5d0_0 .var "q", 0 0;
v000002268d9dc670_0 .net "rst", 0 0, o000002268daedcc8;  alias, 0 drivers
v000002268d9dbdb0_0 .net "wen", 0 0, L_000002268dcc39f0;  alias, 1 drivers
S_000002268da3d9e0 .scope module, "bit_cell4" "bit_cell" 4 16, 5 2 0, S_000002268d46d220;
 .timescale 0 0;
    .port_info 0 /INPUT 1 "clk";
    .port_info 1 /INPUT 1 "rst";
    .port_info 2 /INPUT 1 "d";
    .port_info 3 /INPUT 1 "wren";
    .port_info 4 /INPUT 1 "rden1";
    .port_info 5 /INPUT 1 "rden2";
    .port_info 6 /INOUT 1 "bitline1";
    .port_info 7 /INOUT 1 "bitline2";
L_000002268da66200 .functor BUFIF1 1, v000002268d987d80_0, L_000002268dcc4490, C4<0>, C4<0>;
L_000002268da671c0 .functor BUFIF1 1, v000002268d987d80_0, L_000002268dcc3a90, C4<0>, C4<0>;
v000002268d987f60_0 .net8 "bitline1", 0 0, p000002268daefe58;  1 drivers, strength-aware
v000002268d987380_0 .net8 "bitline2", 0 0, p000002268daefe88;  1 drivers, strength-aware
v000002268d989220_0 .net "clk", 0 0, o000002268daedc38;  alias, 0 drivers
v000002268d9892c0_0 .net "d", 0 0, L_000002268dcc36d0;  1 drivers
v000002268d987600_0 .net "q", 0 0, v000002268d987d80_0;  1 drivers
v000002268d9876a0_0 .net "rden1", 0 0, L_000002268dcc4490;  alias, 1 drivers
v000002268d988280_0 .net "rden2", 0 0, L_000002268dcc3a90;  alias, 1 drivers
v000002268d9885a0_0 .net "rst", 0 0, o000002268daedcc8;  alias, 0 drivers
v000002268d987920_0 .net "wren", 0 0, L_000002268dcc39f0;  alias, 1 drivers
S_000002268db3faf0 .scope module, "cell_dff" "dff" 5 13, 6 4 0, S_000002268da3d9e0;
 .timescale 0 0;
    .port_info 0 /OUTPUT 1 "q";
    .port_info 1 /INPUT 1 "d";
    .port_info 2 /INPUT 1 "wen";
    .port_info 3 /INPUT 1 "clk";
    .port_info 4 /INPUT 1 "rst";
v000002268d98a440_0 .net "clk", 0 0, o000002268daedc38;  alias, 0 drivers
v000002268d98a620_0 .net "d", 0 0, L_000002268dcc36d0;  alias, 1 drivers
v000002268d987d80_0 .var "q", 0 0;
v000002268d9883c0_0 .net "rst", 0 0, o000002268daedcc8;  alias, 0 drivers
v000002268d988780_0 .net "wen", 0 0, L_000002268dcc39f0;  alias, 1 drivers
S_000002268db3e6a0 .scope module, "bit_cell5" "bit_cell" 4 17, 5 2 0, S_000002268d46d220;
 .timescale 0 0;
    .port_info 0 /INPUT 1 "clk";
    .port_info 1 /INPUT 1 "rst";
    .port_info 2 /INPUT 1 "d";
    .port_info 3 /INPUT 1 "wren";
    .port_info 4 /INPUT 1 "rden1";
    .port_info 5 /INPUT 1 "rden2";
    .port_info 6 /INOUT 1 "bitline1";
    .port_info 7 /INOUT 1 "bitline2";
L_000002268da66cf0 .functor BUFIF1 1, v000002268d9886e0_0, L_000002268dcc4490, C4<0>, C4<0>;
L_000002268da66d60 .functor BUFIF1 1, v000002268d9886e0_0, L_000002268dcc3a90, C4<0>, C4<0>;
v000002268d97c0f0_0 .net8 "bitline1", 0 0, p000002268daf0188;  1 drivers, strength-aware
v000002268d97b6f0_0 .net8 "bitline2", 0 0, p000002268daf01b8;  1 drivers, strength-aware
v000002268d97a2f0_0 .net "clk", 0 0, o000002268daedc38;  alias, 0 drivers
v000002268d97b150_0 .net "d", 0 0, L_000002268dcc3770;  1 drivers
v000002268d97a4d0_0 .net "q", 0 0, v000002268d9886e0_0;  1 drivers
v000002268d97a9d0_0 .net "rden1", 0 0, L_000002268dcc4490;  alias, 1 drivers
v000002268d97ac50_0 .net "rden2", 0 0, L_000002268dcc3a90;  alias, 1 drivers
v000002268d97b1f0_0 .net "rst", 0 0, o000002268daedcc8;  alias, 0 drivers
v000002268d97b290_0 .net "wren", 0 0, L_000002268dcc39f0;  alias, 1 drivers
S_000002268db3ee70 .scope module, "cell_dff" "dff" 5 13, 6 4 0, S_000002268db3e6a0;
 .timescale 0 0;
    .port_info 0 /OUTPUT 1 "q";
    .port_info 1 /INPUT 1 "d";
    .port_info 2 /INPUT 1 "wen";
    .port_info 3 /INPUT 1 "clk";
    .port_info 4 /INPUT 1 "rst";
v000002268d989360_0 .net "clk", 0 0, o000002268daedc38;  alias, 0 drivers
v000002268d988000_0 .net "d", 0 0, L_000002268dcc3770;  alias, 1 drivers
v000002268d9886e0_0 .var "q", 0 0;
v000002268d97bfb0_0 .net "rst", 0 0, o000002268daedcc8;  alias, 0 drivers
v000002268d97bc90_0 .net "wen", 0 0, L_000002268dcc39f0;  alias, 1 drivers
S_000002268db3fc80 .scope module, "bit_cell6" "bit_cell" 4 18, 5 2 0, S_000002268d46d220;
 .timescale 0 0;
    .port_info 0 /INPUT 1 "clk";
    .port_info 1 /INPUT 1 "rst";
    .port_info 2 /INPUT 1 "d";
    .port_info 3 /INPUT 1 "wren";
    .port_info 4 /INPUT 1 "rden1";
    .port_info 5 /INPUT 1 "rden2";
    .port_info 6 /INOUT 1 "bitline1";
    .port_info 7 /INOUT 1 "bitline2";
L_000002268da66dd0 .functor BUFIF1 1, v000002268d984710_0, L_000002268dcc4490, C4<0>, C4<0>;
L_000002268da67230 .functor BUFIF1 1, v000002268d984710_0, L_000002268dcc3a90, C4<0>, C4<0>;
v000002268d985930_0 .net8 "bitline1", 0 0, p000002268daf04b8;  1 drivers, strength-aware
v000002268d986150_0 .net8 "bitline2", 0 0, p000002268daf04e8;  1 drivers, strength-aware
v000002268d984490_0 .net "clk", 0 0, o000002268daedc38;  alias, 0 drivers
v000002268d984850_0 .net "d", 0 0, L_000002268dcc5930;  1 drivers
v000002268d9854d0_0 .net "q", 0 0, v000002268d984710_0;  1 drivers
v000002268d985610_0 .net "rden1", 0 0, L_000002268dcc4490;  alias, 1 drivers
v000002268d9859d0_0 .net "rden2", 0 0, L_000002268dcc3a90;  alias, 1 drivers
v000002268d985ed0_0 .net "rst", 0 0, o000002268daedcc8;  alias, 0 drivers
v000002268d985f70_0 .net "wren", 0 0, L_000002268dcc39f0;  alias, 1 drivers
S_000002268db3e830 .scope module, "cell_dff" "dff" 5 13, 6 4 0, S_000002268db3fc80;
 .timescale 0 0;
    .port_info 0 /OUTPUT 1 "q";
    .port_info 1 /INPUT 1 "d";
    .port_info 2 /INPUT 1 "wen";
    .port_info 3 /INPUT 1 "clk";
    .port_info 4 /INPUT 1 "rst";
v000002268d97b330_0 .net "clk", 0 0, o000002268daedc38;  alias, 0 drivers
v000002268d97b510_0 .net "d", 0 0, L_000002268dcc5930;  alias, 1 drivers
v000002268d984710_0 .var "q", 0 0;
v000002268d984c10_0 .net "rst", 0 0, o000002268daedcc8;  alias, 0 drivers
v000002268d985110_0 .net "wen", 0 0, L_000002268dcc39f0;  alias, 1 drivers
S_000002268db3fe10 .scope module, "bit_cell7" "bit_cell" 4 19, 5 2 0, S_000002268d46d220;
 .timescale 0 0;
    .port_info 0 /INPUT 1 "clk";
    .port_info 1 /INPUT 1 "rst";
    .port_info 2 /INPUT 1 "d";
    .port_info 3 /INPUT 1 "wren";
    .port_info 4 /INPUT 1 "rden1";
    .port_info 5 /INPUT 1 "rden2";
    .port_info 6 /INOUT 1 "bitline1";
    .port_info 7 /INOUT 1 "bitline2";
L_000002268da67620 .functor BUFIF1 1, v000002268db42ce0_0, L_000002268dcc4490, C4<0>, C4<0>;
L_000002268da67690 .functor BUFIF1 1, v000002268db42ce0_0, L_000002268dcc3a90, C4<0>, C4<0>;
v000002268db429c0_0 .net8 "bitline1", 0 0, p000002268daf07e8;  1 drivers, strength-aware
v000002268db43280_0 .net8 "bitline2", 0 0, p000002268daf0818;  1 drivers, strength-aware
v000002268db436e0_0 .net "clk", 0 0, o000002268daedc38;  alias, 0 drivers
v000002268db447c0_0 .net "d", 0 0, L_000002268dcc4850;  1 drivers
v000002268db44860_0 .net "q", 0 0, v000002268db42ce0_0;  1 drivers
v000002268db43f00_0 .net "rden1", 0 0, L_000002268dcc4490;  alias, 1 drivers
v000002268db44360_0 .net "rden2", 0 0, L_000002268dcc3a90;  alias, 1 drivers
v000002268db44ae0_0 .net "rst", 0 0, o000002268daedcc8;  alias, 0 drivers
v000002268db43be0_0 .net "wren", 0 0, L_000002268dcc39f0;  alias, 1 drivers
S_000002268db3f960 .scope module, "cell_dff" "dff" 5 13, 6 4 0, S_000002268db3fe10;
 .timescale 0 0;
    .port_info 0 /OUTPUT 1 "q";
    .port_info 1 /INPUT 1 "d";
    .port_info 2 /INPUT 1 "wen";
    .port_info 3 /INPUT 1 "clk";
    .port_info 4 /INPUT 1 "rst";
v000002268db43c80_0 .net "clk", 0 0, o000002268daedc38;  alias, 0 drivers
v000002268db43460_0 .net "d", 0 0, L_000002268dcc4850;  alias, 1 drivers
v000002268db42ce0_0 .var "q", 0 0;
v000002268db42d80_0 .net "rst", 0 0, o000002268daedcc8;  alias, 0 drivers
v000002268db440e0_0 .net "wen", 0 0, L_000002268dcc39f0;  alias, 1 drivers
S_000002268db3e060 .scope module, "bit_cell8" "bit_cell" 4 20, 5 2 0, S_000002268d46d220;
 .timescale 0 0;
    .port_info 0 /INPUT 1 "clk";
    .port_info 1 /INPUT 1 "rst";
    .port_info 2 /INPUT 1 "d";
    .port_info 3 /INPUT 1 "wren";
    .port_info 4 /INPUT 1 "rden1";
    .port_info 5 /INPUT 1 "rden2";
    .port_info 6 /INOUT 1 "bitline1";
    .port_info 7 /INOUT 1 "bitline2";
L_000002268da65d30 .functor BUFIF1 1, v000002268db44c20_0, L_000002268dcc4490, C4<0>, C4<0>;
L_000002268da65da0 .functor BUFIF1 1, v000002268db44c20_0, L_000002268dcc3a90, C4<0>, C4<0>;
v000002268db44fe0_0 .net8 "bitline1", 0 0, p000002268daf0b18;  1 drivers, strength-aware
v000002268db43aa0_0 .net8 "bitline2", 0 0, p000002268daf0b48;  1 drivers, strength-aware
v000002268db449a0_0 .net "clk", 0 0, o000002268daedc38;  alias, 0 drivers
v000002268db42f60_0 .net "d", 0 0, L_000002268dcc3bd0;  1 drivers
v000002268db44040_0 .net "q", 0 0, v000002268db44c20_0;  1 drivers
v000002268db43820_0 .net "rden1", 0 0, L_000002268dcc4490;  alias, 1 drivers
v000002268db438c0_0 .net "rden2", 0 0, L_000002268dcc3a90;  alias, 1 drivers
v000002268db43b40_0 .net "rst", 0 0, o000002268daedcc8;  alias, 0 drivers
v000002268db442c0_0 .net "wren", 0 0, L_000002268dcc39f0;  alias, 1 drivers
S_000002268db3f7d0 .scope module, "cell_dff" "dff" 5 13, 6 4 0, S_000002268db3e060;
 .timescale 0 0;
    .port_info 0 /OUTPUT 1 "q";
    .port_info 1 /INPUT 1 "d";
    .port_info 2 /INPUT 1 "wen";
    .port_info 3 /INPUT 1 "clk";
    .port_info 4 /INPUT 1 "rst";
v000002268db44900_0 .net "clk", 0 0, o000002268daedc38;  alias, 0 drivers
v000002268db42c40_0 .net "d", 0 0, L_000002268dcc3bd0;  alias, 1 drivers
v000002268db44c20_0 .var "q", 0 0;
v000002268db43780_0 .net "rst", 0 0, o000002268daedcc8;  alias, 0 drivers
v000002268db43fa0_0 .net "wen", 0 0, L_000002268dcc39f0;  alias, 1 drivers
S_000002268db3e1f0 .scope module, "bit_cell9" "bit_cell" 4 21, 5 2 0, S_000002268d46d220;
 .timescale 0 0;
    .port_info 0 /INPUT 1 "clk";
    .port_info 1 /INPUT 1 "rst";
    .port_info 2 /INPUT 1 "d";
    .port_info 3 /INPUT 1 "wren";
    .port_info 4 /INPUT 1 "rden1";
    .port_info 5 /INPUT 1 "rden2";
    .port_info 6 /INOUT 1 "bitline1";
    .port_info 7 /INOUT 1 "bitline2";
L_000002268da25b60 .functor BUFIF1 1, v000002268db44a40_0, L_000002268dcc4490, C4<0>, C4<0>;
L_000002268da26570 .functor BUFIF1 1, v000002268db44a40_0, L_000002268dcc3a90, C4<0>, C4<0>;
v000002268db42e20_0 .net8 "bitline1", 0 0, p000002268daf0e48;  1 drivers, strength-aware
v000002268db42880_0 .net8 "bitline2", 0 0, p000002268daf0e78;  1 drivers, strength-aware
v000002268db44b80_0 .net "clk", 0 0, o000002268daedc38;  alias, 0 drivers
v000002268db42ba0_0 .net "d", 0 0, L_000002268dcc52f0;  1 drivers
v000002268db42a60_0 .net "q", 0 0, v000002268db44a40_0;  1 drivers
v000002268db43d20_0 .net "rden1", 0 0, L_000002268dcc4490;  alias, 1 drivers
v000002268db43500_0 .net "rden2", 0 0, L_000002268dcc3a90;  alias, 1 drivers
v000002268db42920_0 .net "rst", 0 0, o000002268daedcc8;  alias, 0 drivers
v000002268db44180_0 .net "wren", 0 0, L_000002268dcc39f0;  alias, 1 drivers
S_000002268db3e9c0 .scope module, "cell_dff" "dff" 5 13, 6 4 0, S_000002268db3e1f0;
 .timescale 0 0;
    .port_info 0 /OUTPUT 1 "q";
    .port_info 1 /INPUT 1 "d";
    .port_info 2 /INPUT 1 "wen";
    .port_info 3 /INPUT 1 "clk";
    .port_info 4 /INPUT 1 "rst";
v000002268db43960_0 .net "clk", 0 0, o000002268daedc38;  alias, 0 drivers
v000002268db430a0_0 .net "d", 0 0, L_000002268dcc52f0;  alias, 1 drivers
v000002268db44a40_0 .var "q", 0 0;
v000002268db42b00_0 .net "rst", 0 0, o000002268daedcc8;  alias, 0 drivers
v000002268db43a00_0 .net "wen", 0 0, L_000002268dcc39f0;  alias, 1 drivers
S_000002268db3e380 .scope module, "reg1" "register" 2 24, 4 2 0, S_000002268d492190;
 .timescale 0 0;
    .port_info 0 /INPUT 1 "clk";
    .port_info 1 /INPUT 1 "rst";
    .port_info 2 /INPUT 16 "d";
    .port_info 3 /INPUT 1 "write_reg";
    .port_info 4 /INPUT 1 "rden1";
    .port_info 5 /INPUT 1 "rden2";
    .port_info 6 /INOUT 16 "bitline1";
    .port_info 7 /INOUT 16 "bitline2";
v000002268db51640_0 .net8 "bitline1", 15 0, p000002268daf1028;  alias, 0 drivers, strength-aware
v000002268db51500_0 .net8 "bitline2", 15 0, p000002268daf1058;  alias, 0 drivers, strength-aware
v000002268db53120_0 .net "clk", 0 0, o000002268daedc38;  alias, 0 drivers
v000002268db51960_0 .net "d", 15 0, o000002268daf1088;  alias, 0 drivers
v000002268db52fe0_0 .net "rden1", 0 0, L_000002268dcc5390;  1 drivers
v000002268db53260_0 .net "rden2", 0 0, L_000002268dcc5570;  1 drivers
v000002268db52860_0 .net "rst", 0 0, o000002268daedcc8;  alias, 0 drivers
v000002268db515a0_0 .net "write_reg", 0 0, L_000002268dcc5250;  1 drivers
L_000002268dcc3c70 .part o000002268daf1088, 0, 1;
L_000002268dcc5070 .part o000002268daf1088, 1, 1;
L_000002268dcc45d0 .part o000002268daf1088, 2, 1;
L_000002268dcc4a30 .part o000002268daf1088, 3, 1;
L_000002268dcc3d10 .part o000002268daf1088, 4, 1;
L_000002268dcc3e50 .part o000002268daf1088, 5, 1;
L_000002268dcc3f90 .part o000002268daf1088, 6, 1;
L_000002268dcc4030 .part o000002268daf1088, 7, 1;
L_000002268dcc40d0 .part o000002268daf1088, 8, 1;
L_000002268dcc4cb0 .part o000002268daf1088, 9, 1;
L_000002268dcc4170 .part o000002268daf1088, 10, 1;
L_000002268dcc4df0 .part o000002268daf1088, 11, 1;
L_000002268dcc4670 .part o000002268daf1088, 12, 1;
L_000002268dcc4e90 .part o000002268daf1088, 13, 1;
L_000002268dcc51b0 .part o000002268daf1088, 14, 1;
L_000002268dcc4f30 .part o000002268daf1088, 15, 1;
p000002268daf13b8 .port I000002268da132c0, L_000002268da25a10;
 .tranvp 16 1 0, I000002268da132c0, p000002268daf1028 p000002268daf13b8;
p000002268daf13e8 .port I000002268da12d00, L_000002268da25cb0;
 .tranvp 16 1 0, I000002268da12d00, p000002268daf1058 p000002268daf13e8;
p000002268daf1748 .port I000002268da132c0, L_000002268da25d20;
 .tranvp 16 1 1, I000002268da132c0, p000002268daf1028 p000002268daf1748;
p000002268daf1778 .port I000002268da12d00, L_000002268da25e70;
 .tranvp 16 1 1, I000002268da12d00, p000002268daf1058 p000002268daf1778;
p000002268daf2d98 .port I000002268da132c0, L_000002268da25f50;
 .tranvp 16 1 2, I000002268da132c0, p000002268daf1028 p000002268daf2d98;
p000002268daf2dc8 .port I000002268da12d00, L_000002268da25fc0;
 .tranvp 16 1 2, I000002268da12d00, p000002268daf1058 p000002268daf2dc8;
p000002268daf30c8 .port I000002268da132c0, L_000002268da260a0;
 .tranvp 16 1 3, I000002268da132c0, p000002268daf1028 p000002268daf30c8;
p000002268daf30f8 .port I000002268da12d00, L_000002268da271b0;
 .tranvp 16 1 3, I000002268da12d00, p000002268daf1058 p000002268daf30f8;
p000002268daf33f8 .port I000002268da132c0, L_000002268da265e0;
 .tranvp 16 1 4, I000002268da132c0, p000002268daf1028 p000002268daf33f8;
p000002268daf3428 .port I000002268da12d00, L_000002268da27e60;
 .tranvp 16 1 4, I000002268da12d00, p000002268daf1058 p000002268daf3428;
p000002268daf3728 .port I000002268da132c0, L_000002268da27f40;
 .tranvp 16 1 5, I000002268da132c0, p000002268daf1028 p000002268daf3728;
p000002268daf3758 .port I000002268da12d00, L_000002268da26e30;
 .tranvp 16 1 5, I000002268da12d00, p000002268daf1058 p000002268daf3758;
p000002268daf3a58 .port I000002268da132c0, L_000002268da266c0;
 .tranvp 16 1 6, I000002268da132c0, p000002268daf1028 p000002268daf3a58;
p000002268daf3a88 .port I000002268da12d00, L_000002268da26880;
 .tranvp 16 1 6, I000002268da12d00, p000002268daf1058 p000002268daf3a88;
p000002268daf3d88 .port I000002268da132c0, L_000002268da26a40;
 .tranvp 16 1 7, I000002268da132c0, p000002268daf1028 p000002268daf3d88;
p000002268daf3db8 .port I000002268da12d00, L_000002268da26c00;
 .tranvp 16 1 7, I000002268da12d00, p000002268daf1058 p000002268daf3db8;
p000002268daf40b8 .port I000002268da132c0, L_000002268da26dc0;
 .tranvp 16 1 8, I000002268da132c0, p000002268daf1028 p000002268daf40b8;
p000002268daf40e8 .port I000002268da12d00, L_000002268da275a0;
 .tranvp 16 1 8, I000002268da12d00, p000002268daf1058 p000002268daf40e8;
p000002268daf43e8 .port I000002268da132c0, L_000002268da26f10;
 .tranvp 16 1 9, I000002268da132c0, p000002268daf1028 p000002268daf43e8;
p000002268daf4418 .port I000002268da12d00, L_000002268da27a00;
 .tranvp 16 1 9, I000002268da12d00, p000002268daf1058 p000002268daf4418;
p000002268daf1a78 .port I000002268da132c0, L_000002268da27a70;
 .tranvp 16 1 10, I000002268da132c0, p000002268daf1028 p000002268daf1a78;
p000002268daf1aa8 .port I000002268da12d00, L_000002268da27ae0;
 .tranvp 16 1 10, I000002268da12d00, p000002268daf1058 p000002268daf1aa8;
p000002268daf1da8 .port I000002268da132c0, L_000002268da27b50;
 .tranvp 16 1 11, I000002268da132c0, p000002268daf1028 p000002268daf1da8;
p000002268daf1dd8 .port I000002268da12d00, L_000002268da26ff0;
 .tranvp 16 1 11, I000002268da12d00, p000002268daf1058 p000002268daf1dd8;
p000002268daf20d8 .port I000002268da132c0, L_000002268da27060;
 .tranvp 16 1 12, I000002268da132c0, p000002268daf1028 p000002268daf20d8;
p000002268daf2108 .port I000002268da12d00, L_000002268da27bc0;
 .tranvp 16 1 12, I000002268da12d00, p000002268daf1058 p000002268daf2108;
p000002268daf2408 .port I000002268da132c0, L_000002268da27370;
 .tranvp 16 1 13, I000002268da132c0, p000002268daf1028 p000002268daf2408;
p000002268daf2438 .port I000002268da12d00, L_000002268da270d0;
 .tranvp 16 1 13, I000002268da12d00, p000002268daf1058 p000002268daf2438;
p000002268daf2738 .port I000002268da132c0, L_000002268da273e0;
 .tranvp 16 1 14, I000002268da132c0, p000002268daf1028 p000002268daf2738;
p000002268daf2768 .port I000002268da12d00, L_000002268da28480;
 .tranvp 16 1 14, I000002268da12d00, p000002268daf1058 p000002268daf2768;
p000002268daf2a68 .port I000002268da132c0, L_000002268da283a0;
 .tranvp 16 1 15, I000002268da132c0, p000002268daf1028 p000002268daf2a68;
p000002268daf2a98 .port I000002268da12d00, L_000002268da285d0;
 .tranvp 16 1 15, I000002268da12d00, p000002268daf1058 p000002268daf2a98;
S_000002268db3eb50 .scope module, "bit_cell0" "bit_cell" 4 12, 5 2 0, S_000002268db3e380;
 .timescale 0 0;
    .port_info 0 /INPUT 1 "clk";
    .port_info 1 /INPUT 1 "rst";
    .port_info 2 /INPUT 1 "d";
    .port_info 3 /INPUT 1 "wren";
    .port_info 4 /INPUT 1 "rden1";
    .port_info 5 /INPUT 1 "rden2";
    .port_info 6 /INOUT 1 "bitline1";
    .port_info 7 /INOUT 1 "bitline2";
L_000002268da25a10 .functor BUFIF1 1, v000002268db44220_0, L_000002268dcc5390, C4<0>, C4<0>;
L_000002268da25cb0 .functor BUFIF1 1, v000002268db44220_0, L_000002268dcc5570, C4<0>, C4<0>;
v000002268db43000_0 .net8 "bitline1", 0 0, p000002268daf13b8;  1 drivers, strength-aware
v000002268db444a0_0 .net8 "bitline2", 0 0, p000002268daf13e8;  1 drivers, strength-aware
v000002268db43640_0 .net "clk", 0 0, o000002268daedc38;  alias, 0 drivers
v000002268db43320_0 .net "d", 0 0, L_000002268dcc3c70;  1 drivers
v000002268db431e0_0 .net "q", 0 0, v000002268db44220_0;  1 drivers
v000002268db433c0_0 .net "rden1", 0 0, L_000002268dcc5390;  alias, 1 drivers
v000002268db435a0_0 .net "rden2", 0 0, L_000002268dcc5570;  alias, 1 drivers
v000002268db44680_0 .net "rst", 0 0, o000002268daedcc8;  alias, 0 drivers
v000002268db44720_0 .net "wren", 0 0, L_000002268dcc5250;  alias, 1 drivers
S_000002268db3f000 .scope module, "cell_dff" "dff" 5 13, 6 4 0, S_000002268db3eb50;
 .timescale 0 0;
    .port_info 0 /OUTPUT 1 "q";
    .port_info 1 /INPUT 1 "d";
    .port_info 2 /INPUT 1 "wen";
    .port_info 3 /INPUT 1 "clk";
    .port_info 4 /INPUT 1 "rst";
v000002268db44e00_0 .net "clk", 0 0, o000002268daedc38;  alias, 0 drivers
v000002268db44ea0_0 .net "d", 0 0, L_000002268dcc3c70;  alias, 1 drivers
v000002268db44220_0 .var "q", 0 0;
v000002268db44400_0 .net "rst", 0 0, o000002268daedcc8;  alias, 0 drivers
v000002268db44f40_0 .net "wen", 0 0, L_000002268dcc5250;  alias, 1 drivers
S_000002268db3e510 .scope module, "bit_cell1" "bit_cell" 4 13, 5 2 0, S_000002268db3e380;
 .timescale 0 0;
    .port_info 0 /INPUT 1 "clk";
    .port_info 1 /INPUT 1 "rst";
    .port_info 2 /INPUT 1 "d";
    .port_info 3 /INPUT 1 "wren";
    .port_info 4 /INPUT 1 "rden1";
    .port_info 5 /INPUT 1 "rden2";
    .port_info 6 /INOUT 1 "bitline1";
    .port_info 7 /INOUT 1 "bitline2";
L_000002268da25d20 .functor BUFIF1 1, v000002268db456c0_0, L_000002268dcc5390, C4<0>, C4<0>;
L_000002268da25e70 .functor BUFIF1 1, v000002268db456c0_0, L_000002268dcc5570, C4<0>, C4<0>;
v000002268db476a0_0 .net8 "bitline1", 0 0, p000002268daf1748;  1 drivers, strength-aware
v000002268db462a0_0 .net8 "bitline2", 0 0, p000002268daf1778;  1 drivers, strength-aware
v000002268db47560_0 .net "clk", 0 0, o000002268daedc38;  alias, 0 drivers
v000002268db45bc0_0 .net "d", 0 0, L_000002268dcc5070;  1 drivers
v000002268db45080_0 .net "q", 0 0, v000002268db456c0_0;  1 drivers
v000002268db45b20_0 .net "rden1", 0 0, L_000002268dcc5390;  alias, 1 drivers
v000002268db47100_0 .net "rden2", 0 0, L_000002268dcc5570;  alias, 1 drivers
v000002268db46340_0 .net "rst", 0 0, o000002268daedcc8;  alias, 0 drivers
v000002268db468e0_0 .net "wren", 0 0, L_000002268dcc5250;  alias, 1 drivers
S_000002268db3ece0 .scope module, "cell_dff" "dff" 5 13, 6 4 0, S_000002268db3e510;
 .timescale 0 0;
    .port_info 0 /OUTPUT 1 "q";
    .port_info 1 /INPUT 1 "d";
    .port_info 2 /INPUT 1 "wen";
    .port_info 3 /INPUT 1 "clk";
    .port_info 4 /INPUT 1 "rst";
v000002268db46ca0_0 .net "clk", 0 0, o000002268daedc38;  alias, 0 drivers
v000002268db47060_0 .net "d", 0 0, L_000002268dcc5070;  alias, 1 drivers
v000002268db456c0_0 .var "q", 0 0;
v000002268db460c0_0 .net "rst", 0 0, o000002268daedcc8;  alias, 0 drivers
v000002268db45f80_0 .net "wen", 0 0, L_000002268dcc5250;  alias, 1 drivers
S_000002268db3f190 .scope module, "bit_cell10" "bit_cell" 4 22, 5 2 0, S_000002268db3e380;
 .timescale 0 0;
    .port_info 0 /INPUT 1 "clk";
    .port_info 1 /INPUT 1 "rst";
    .port_info 2 /INPUT 1 "d";
    .port_info 3 /INPUT 1 "wren";
    .port_info 4 /INPUT 1 "rden1";
    .port_info 5 /INPUT 1 "rden2";
    .port_info 6 /INOUT 1 "bitline1";
    .port_info 7 /INOUT 1 "bitline2";
L_000002268da27a70 .functor BUFIF1 1, v000002268db46160_0, L_000002268dcc5390, C4<0>, C4<0>;
L_000002268da27ae0 .functor BUFIF1 1, v000002268db46160_0, L_000002268dcc5570, C4<0>, C4<0>;
v000002268db46fc0_0 .net8 "bitline1", 0 0, p000002268daf1a78;  1 drivers, strength-aware
v000002268db46c00_0 .net8 "bitline2", 0 0, p000002268daf1aa8;  1 drivers, strength-aware
v000002268db46a20_0 .net "clk", 0 0, o000002268daedc38;  alias, 0 drivers
v000002268db463e0_0 .net "d", 0 0, L_000002268dcc4170;  1 drivers
v000002268db46020_0 .net "q", 0 0, v000002268db46160_0;  1 drivers
v000002268db46e80_0 .net "rden1", 0 0, L_000002268dcc5390;  alias, 1 drivers
v000002268db45260_0 .net "rden2", 0 0, L_000002268dcc5570;  alias, 1 drivers
v000002268db46480_0 .net "rst", 0 0, o000002268daedcc8;  alias, 0 drivers
v000002268db471a0_0 .net "wren", 0 0, L_000002268dcc5250;  alias, 1 drivers
S_000002268db3f320 .scope module, "cell_dff" "dff" 5 13, 6 4 0, S_000002268db3f190;
 .timescale 0 0;
    .port_info 0 /OUTPUT 1 "q";
    .port_info 1 /INPUT 1 "d";
    .port_info 2 /INPUT 1 "wen";
    .port_info 3 /INPUT 1 "clk";
    .port_info 4 /INPUT 1 "rst";
v000002268db45300_0 .net "clk", 0 0, o000002268daedc38;  alias, 0 drivers
v000002268db451c0_0 .net "d", 0 0, L_000002268dcc4170;  alias, 1 drivers
v000002268db46160_0 .var "q", 0 0;
v000002268db46980_0 .net "rst", 0 0, o000002268daedcc8;  alias, 0 drivers
v000002268db46200_0 .net "wen", 0 0, L_000002268dcc5250;  alias, 1 drivers
S_000002268db3f4b0 .scope module, "bit_cell11" "bit_cell" 4 23, 5 2 0, S_000002268db3e380;
 .timescale 0 0;
    .port_info 0 /INPUT 1 "clk";
    .port_info 1 /INPUT 1 "rst";
    .port_info 2 /INPUT 1 "d";
    .port_info 3 /INPUT 1 "wren";
    .port_info 4 /INPUT 1 "rden1";
    .port_info 5 /INPUT 1 "rden2";
    .port_info 6 /INOUT 1 "bitline1";
    .port_info 7 /INOUT 1 "bitline2";
L_000002268da27b50 .functor BUFIF1 1, v000002268db47240_0, L_000002268dcc5390, C4<0>, C4<0>;
L_000002268da26ff0 .functor BUFIF1 1, v000002268db47240_0, L_000002268dcc5570, C4<0>, C4<0>;
v000002268db46de0_0 .net8 "bitline1", 0 0, p000002268daf1da8;  1 drivers, strength-aware
v000002268db45440_0 .net8 "bitline2", 0 0, p000002268daf1dd8;  1 drivers, strength-aware
v000002268db459e0_0 .net "clk", 0 0, o000002268daedc38;  alias, 0 drivers
v000002268db472e0_0 .net "d", 0 0, L_000002268dcc4df0;  1 drivers
v000002268db45a80_0 .net "q", 0 0, v000002268db47240_0;  1 drivers
v000002268db47420_0 .net "rden1", 0 0, L_000002268dcc5390;  alias, 1 drivers
v000002268db45120_0 .net "rden2", 0 0, L_000002268dcc5570;  alias, 1 drivers
v000002268db46ac0_0 .net "rst", 0 0, o000002268daedcc8;  alias, 0 drivers
v000002268db453a0_0 .net "wren", 0 0, L_000002268dcc5250;  alias, 1 drivers
S_000002268db3f640 .scope module, "cell_dff" "dff" 5 13, 6 4 0, S_000002268db3f4b0;
 .timescale 0 0;
    .port_info 0 /OUTPUT 1 "q";
    .port_info 1 /INPUT 1 "d";
    .port_info 2 /INPUT 1 "wen";
    .port_info 3 /INPUT 1 "clk";
    .port_info 4 /INPUT 1 "rst";
v000002268db45c60_0 .net "clk", 0 0, o000002268daedc38;  alias, 0 drivers
v000002268db45940_0 .net "d", 0 0, L_000002268dcc4df0;  alias, 1 drivers
v000002268db47240_0 .var "q", 0 0;
v000002268db46d40_0 .net "rst", 0 0, o000002268daedcc8;  alias, 0 drivers
v000002268db477e0_0 .net "wen", 0 0, L_000002268dcc5250;  alias, 1 drivers
S_000002268db4a5b0 .scope module, "bit_cell12" "bit_cell" 4 24, 5 2 0, S_000002268db3e380;
 .timescale 0 0;
    .port_info 0 /INPUT 1 "clk";
    .port_info 1 /INPUT 1 "rst";
    .port_info 2 /INPUT 1 "d";
    .port_info 3 /INPUT 1 "wren";
    .port_info 4 /INPUT 1 "rden1";
    .port_info 5 /INPUT 1 "rden2";
    .port_info 6 /INOUT 1 "bitline1";
    .port_info 7 /INOUT 1 "bitline2";
L_000002268da27060 .functor BUFIF1 1, v000002268db45d00_0, L_000002268dcc5390, C4<0>, C4<0>;
L_000002268da27bc0 .functor BUFIF1 1, v000002268db45d00_0, L_000002268dcc5570, C4<0>, C4<0>;
v000002268db46f20_0 .net8 "bitline1", 0 0, p000002268daf20d8;  1 drivers, strength-aware
v000002268db474c0_0 .net8 "bitline2", 0 0, p000002268daf2108;  1 drivers, strength-aware
v000002268db47740_0 .net "clk", 0 0, o000002268daedc38;  alias, 0 drivers
v000002268db454e0_0 .net "d", 0 0, L_000002268dcc4670;  1 drivers
v000002268db45580_0 .net "q", 0 0, v000002268db45d00_0;  1 drivers
v000002268db45da0_0 .net "rden1", 0 0, L_000002268dcc5390;  alias, 1 drivers
v000002268db46660_0 .net "rden2", 0 0, L_000002268dcc5570;  alias, 1 drivers
v000002268db46700_0 .net "rst", 0 0, o000002268daedcc8;  alias, 0 drivers
v000002268db45e40_0 .net "wren", 0 0, L_000002268dcc5250;  alias, 1 drivers
S_000002268db48cb0 .scope module, "cell_dff" "dff" 5 13, 6 4 0, S_000002268db4a5b0;
 .timescale 0 0;
    .port_info 0 /OUTPUT 1 "q";
    .port_info 1 /INPUT 1 "d";
    .port_info 2 /INPUT 1 "wen";
    .port_info 3 /INPUT 1 "clk";
    .port_info 4 /INPUT 1 "rst";
v000002268db46520_0 .net "clk", 0 0, o000002268daedc38;  alias, 0 drivers
v000002268db465c0_0 .net "d", 0 0, L_000002268dcc4670;  alias, 1 drivers
v000002268db45d00_0 .var "q", 0 0;
v000002268db47380_0 .net "rst", 0 0, o000002268daedcc8;  alias, 0 drivers
v000002268db47600_0 .net "wen", 0 0, L_000002268dcc5250;  alias, 1 drivers
S_000002268db497a0 .scope module, "bit_cell13" "bit_cell" 4 25, 5 2 0, S_000002268db3e380;
 .timescale 0 0;
    .port_info 0 /INPUT 1 "clk";
    .port_info 1 /INPUT 1 "rst";
    .port_info 2 /INPUT 1 "d";
    .port_info 3 /INPUT 1 "wren";
    .port_info 4 /INPUT 1 "rden1";
    .port_info 5 /INPUT 1 "rden2";
    .port_info 6 /INOUT 1 "bitline1";
    .port_info 7 /INOUT 1 "bitline2";
L_000002268da27370 .functor BUFIF1 1, v000002268db45620_0, L_000002268dcc5390, C4<0>, C4<0>;
L_000002268da270d0 .functor BUFIF1 1, v000002268db45620_0, L_000002268dcc5570, C4<0>, C4<0>;
v000002268db46840_0 .net8 "bitline1", 0 0, p000002268daf2408;  1 drivers, strength-aware
v000002268db45800_0 .net8 "bitline2", 0 0, p000002268daf2438;  1 drivers, strength-aware
v000002268db458a0_0 .net "clk", 0 0, o000002268daedc38;  alias, 0 drivers
v000002268db479c0_0 .net "d", 0 0, L_000002268dcc4e90;  1 drivers
v000002268db47920_0 .net "q", 0 0, v000002268db45620_0;  1 drivers
v000002268db47880_0 .net "rden1", 0 0, L_000002268dcc5390;  alias, 1 drivers
v000002268db47ce0_0 .net "rden2", 0 0, L_000002268dcc5570;  alias, 1 drivers
v000002268db47f60_0 .net "rst", 0 0, o000002268daedcc8;  alias, 0 drivers
v000002268db47d80_0 .net "wren", 0 0, L_000002268dcc5250;  alias, 1 drivers
S_000002268db4a740 .scope module, "cell_dff" "dff" 5 13, 6 4 0, S_000002268db497a0;
 .timescale 0 0;
    .port_info 0 /OUTPUT 1 "q";
    .port_info 1 /INPUT 1 "d";
    .port_info 2 /INPUT 1 "wen";
    .port_info 3 /INPUT 1 "clk";
    .port_info 4 /INPUT 1 "rst";
v000002268db45ee0_0 .net "clk", 0 0, o000002268daedc38;  alias, 0 drivers
v000002268db467a0_0 .net "d", 0 0, L_000002268dcc4e90;  alias, 1 drivers
v000002268db45620_0 .var "q", 0 0;
v000002268db46b60_0 .net "rst", 0 0, o000002268daedcc8;  alias, 0 drivers
v000002268db45760_0 .net "wen", 0 0, L_000002268dcc5250;  alias, 1 drivers
S_000002268db49610 .scope module, "bit_cell14" "bit_cell" 4 26, 5 2 0, S_000002268db3e380;
 .timescale 0 0;
    .port_info 0 /INPUT 1 "clk";
    .port_info 1 /INPUT 1 "rst";
    .port_info 2 /INPUT 1 "d";
    .port_info 3 /INPUT 1 "wren";
    .port_info 4 /INPUT 1 "rden1";
    .port_info 5 /INPUT 1 "rden2";
    .port_info 6 /INOUT 1 "bitline1";
    .port_info 7 /INOUT 1 "bitline2";
L_000002268da273e0 .functor BUFIF1 1, v000002268db47a60_0, L_000002268dcc5390, C4<0>, C4<0>;
L_000002268da28480 .functor BUFIF1 1, v000002268db47a60_0, L_000002268dcc5570, C4<0>, C4<0>;
v000002268db47ec0_0 .net8 "bitline1", 0 0, p000002268daf2738;  1 drivers, strength-aware
v000002268db41980_0 .net8 "bitline2", 0 0, p000002268daf2768;  1 drivers, strength-aware
v000002268db41b60_0 .net "clk", 0 0, o000002268daedc38;  alias, 0 drivers
v000002268db413e0_0 .net "d", 0 0, L_000002268dcc51b0;  1 drivers
v000002268db41020_0 .net "q", 0 0, v000002268db47a60_0;  1 drivers
v000002268db40120_0 .net "rden1", 0 0, L_000002268dcc5390;  alias, 1 drivers
v000002268db406c0_0 .net "rden2", 0 0, L_000002268dcc5570;  alias, 1 drivers
v000002268db40e40_0 .net "rst", 0 0, o000002268daedcc8;  alias, 0 drivers
v000002268db424c0_0 .net "wren", 0 0, L_000002268dcc5250;  alias, 1 drivers
S_000002268db48fd0 .scope module, "cell_dff" "dff" 5 13, 6 4 0, S_000002268db49610;
 .timescale 0 0;
    .port_info 0 /OUTPUT 1 "q";
    .port_info 1 /INPUT 1 "d";
    .port_info 2 /INPUT 1 "wen";
    .port_info 3 /INPUT 1 "clk";
    .port_info 4 /INPUT 1 "rst";
v000002268db47b00_0 .net "clk", 0 0, o000002268daedc38;  alias, 0 drivers
v000002268db47ba0_0 .net "d", 0 0, L_000002268dcc51b0;  alias, 1 drivers
v000002268db47a60_0 .var "q", 0 0;
v000002268db47c40_0 .net "rst", 0 0, o000002268daedcc8;  alias, 0 drivers
v000002268db47e20_0 .net "wen", 0 0, L_000002268dcc5250;  alias, 1 drivers
S_000002268db49930 .scope module, "bit_cell15" "bit_cell" 4 27, 5 2 0, S_000002268db3e380;
 .timescale 0 0;
    .port_info 0 /INPUT 1 "clk";
    .port_info 1 /INPUT 1 "rst";
    .port_info 2 /INPUT 1 "d";
    .port_info 3 /INPUT 1 "wren";
    .port_info 4 /INPUT 1 "rden1";
    .port_info 5 /INPUT 1 "rden2";
    .port_info 6 /INOUT 1 "bitline1";
    .port_info 7 /INOUT 1 "bitline2";
L_000002268da283a0 .functor BUFIF1 1, v000002268db417a0_0, L_000002268dcc5390, C4<0>, C4<0>;
L_000002268da285d0 .functor BUFIF1 1, v000002268db417a0_0, L_000002268dcc5570, C4<0>, C4<0>;
v000002268db40760_0 .net8 "bitline1", 0 0, p000002268daf2a68;  1 drivers, strength-aware
v000002268db409e0_0 .net8 "bitline2", 0 0, p000002268daf2a98;  1 drivers, strength-aware
v000002268db410c0_0 .net "clk", 0 0, o000002268daedc38;  alias, 0 drivers
v000002268db41ac0_0 .net "d", 0 0, L_000002268dcc4f30;  1 drivers
v000002268db41160_0 .net "q", 0 0, v000002268db417a0_0;  1 drivers
v000002268db42600_0 .net "rden1", 0 0, L_000002268dcc5390;  alias, 1 drivers
v000002268db426a0_0 .net "rden2", 0 0, L_000002268dcc5570;  alias, 1 drivers
v000002268db415c0_0 .net "rst", 0 0, o000002268daedcc8;  alias, 0 drivers
v000002268db40bc0_0 .net "wren", 0 0, L_000002268dcc5250;  alias, 1 drivers
S_000002268db49480 .scope module, "cell_dff" "dff" 5 13, 6 4 0, S_000002268db49930;
 .timescale 0 0;
    .port_info 0 /OUTPUT 1 "q";
    .port_info 1 /INPUT 1 "d";
    .port_info 2 /INPUT 1 "wen";
    .port_info 3 /INPUT 1 "clk";
    .port_info 4 /INPUT 1 "rst";
v000002268db40ee0_0 .net "clk", 0 0, o000002268daedc38;  alias, 0 drivers
v000002268db42740_0 .net "d", 0 0, L_000002268dcc4f30;  alias, 1 drivers
v000002268db417a0_0 .var "q", 0 0;
v000002268db40f80_0 .net "rst", 0 0, o000002268daedcc8;  alias, 0 drivers
v000002268db427e0_0 .net "wen", 0 0, L_000002268dcc5250;  alias, 1 drivers
S_000002268db49ac0 .scope module, "bit_cell2" "bit_cell" 4 14, 5 2 0, S_000002268db3e380;
 .timescale 0 0;
    .port_info 0 /INPUT 1 "clk";
    .port_info 1 /INPUT 1 "rst";
    .port_info 2 /INPUT 1 "d";
    .port_info 3 /INPUT 1 "wren";
    .port_info 4 /INPUT 1 "rden1";
    .port_info 5 /INPUT 1 "rden2";
    .port_info 6 /INOUT 1 "bitline1";
    .port_info 7 /INOUT 1 "bitline2";
L_000002268da25f50 .functor BUFIF1 1, v000002268db41c00_0, L_000002268dcc5390, C4<0>, C4<0>;
L_000002268da25fc0 .functor BUFIF1 1, v000002268db41c00_0, L_000002268dcc5570, C4<0>, C4<0>;
v000002268db40260_0 .net8 "bitline1", 0 0, p000002268daf2d98;  1 drivers, strength-aware
v000002268db41200_0 .net8 "bitline2", 0 0, p000002268daf2dc8;  1 drivers, strength-aware
v000002268db418e0_0 .net "clk", 0 0, o000002268daedc38;  alias, 0 drivers
v000002268db40940_0 .net "d", 0 0, L_000002268dcc45d0;  1 drivers
v000002268db412a0_0 .net "q", 0 0, v000002268db41c00_0;  1 drivers
v000002268db41340_0 .net "rden1", 0 0, L_000002268dcc5390;  alias, 1 drivers
v000002268db41480_0 .net "rden2", 0 0, L_000002268dcc5570;  alias, 1 drivers
v000002268db41fc0_0 .net "rst", 0 0, o000002268daedcc8;  alias, 0 drivers
v000002268db40a80_0 .net "wren", 0 0, L_000002268dcc5250;  alias, 1 drivers
S_000002268db4a8d0 .scope module, "cell_dff" "dff" 5 13, 6 4 0, S_000002268db49ac0;
 .timescale 0 0;
    .port_info 0 /OUTPUT 1 "q";
    .port_info 1 /INPUT 1 "d";
    .port_info 2 /INPUT 1 "wen";
    .port_info 3 /INPUT 1 "clk";
    .port_info 4 /INPUT 1 "rst";
v000002268db40080_0 .net "clk", 0 0, o000002268daedc38;  alias, 0 drivers
v000002268db41700_0 .net "d", 0 0, L_000002268dcc45d0;  alias, 1 drivers
v000002268db41c00_0 .var "q", 0 0;
v000002268db401c0_0 .net "rst", 0 0, o000002268daedcc8;  alias, 0 drivers
v000002268db41520_0 .net "wen", 0 0, L_000002268dcc5250;  alias, 1 drivers
S_000002268db4aa60 .scope module, "bit_cell3" "bit_cell" 4 15, 5 2 0, S_000002268db3e380;
 .timescale 0 0;
    .port_info 0 /INPUT 1 "clk";
    .port_info 1 /INPUT 1 "rst";
    .port_info 2 /INPUT 1 "d";
    .port_info 3 /INPUT 1 "wren";
    .port_info 4 /INPUT 1 "rden1";
    .port_info 5 /INPUT 1 "rden2";
    .port_info 6 /INOUT 1 "bitline1";
    .port_info 7 /INOUT 1 "bitline2";
L_000002268da260a0 .functor BUFIF1 1, v000002268db40b20_0, L_000002268dcc5390, C4<0>, C4<0>;
L_000002268da271b0 .functor BUFIF1 1, v000002268db40b20_0, L_000002268dcc5570, C4<0>, C4<0>;
v000002268db422e0_0 .net8 "bitline1", 0 0, p000002268daf30c8;  1 drivers, strength-aware
v000002268db42380_0 .net8 "bitline2", 0 0, p000002268daf30f8;  1 drivers, strength-aware
v000002268db40300_0 .net "clk", 0 0, o000002268daedc38;  alias, 0 drivers
v000002268db41de0_0 .net "d", 0 0, L_000002268dcc4a30;  1 drivers
v000002268db41ca0_0 .net "q", 0 0, v000002268db40b20_0;  1 drivers
v000002268db40580_0 .net "rden1", 0 0, L_000002268dcc5390;  alias, 1 drivers
v000002268db40800_0 .net "rden2", 0 0, L_000002268dcc5570;  alias, 1 drivers
v000002268db408a0_0 .net "rst", 0 0, o000002268daedcc8;  alias, 0 drivers
v000002268db41840_0 .net "wren", 0 0, L_000002268dcc5250;  alias, 1 drivers
S_000002268db49c50 .scope module, "cell_dff" "dff" 5 13, 6 4 0, S_000002268db4aa60;
 .timescale 0 0;
    .port_info 0 /OUTPUT 1 "q";
    .port_info 1 /INPUT 1 "d";
    .port_info 2 /INPUT 1 "wen";
    .port_info 3 /INPUT 1 "clk";
    .port_info 4 /INPUT 1 "rst";
v000002268db42060_0 .net "clk", 0 0, o000002268daedc38;  alias, 0 drivers
v000002268db404e0_0 .net "d", 0 0, L_000002268dcc4a30;  alias, 1 drivers
v000002268db40b20_0 .var "q", 0 0;
v000002268db40440_0 .net "rst", 0 0, o000002268daedcc8;  alias, 0 drivers
v000002268db40c60_0 .net "wen", 0 0, L_000002268dcc5250;  alias, 1 drivers
S_000002268db49de0 .scope module, "bit_cell4" "bit_cell" 4 16, 5 2 0, S_000002268db3e380;
 .timescale 0 0;
    .port_info 0 /INPUT 1 "clk";
    .port_info 1 /INPUT 1 "rst";
    .port_info 2 /INPUT 1 "d";
    .port_info 3 /INPUT 1 "wren";
    .port_info 4 /INPUT 1 "rden1";
    .port_info 5 /INPUT 1 "rden2";
    .port_info 6 /INOUT 1 "bitline1";
    .port_info 7 /INOUT 1 "bitline2";
L_000002268da265e0 .functor BUFIF1 1, v000002268db40da0_0, L_000002268dcc5390, C4<0>, C4<0>;
L_000002268da27e60 .functor BUFIF1 1, v000002268db40da0_0, L_000002268dcc5570, C4<0>, C4<0>;
v000002268db42420_0 .net8 "bitline1", 0 0, p000002268daf33f8;  1 drivers, strength-aware
v000002268db42100_0 .net8 "bitline2", 0 0, p000002268daf3428;  1 drivers, strength-aware
v000002268db40620_0 .net "clk", 0 0, o000002268daedc38;  alias, 0 drivers
v000002268db41d40_0 .net "d", 0 0, L_000002268dcc3d10;  1 drivers
v000002268db41e80_0 .net "q", 0 0, v000002268db40da0_0;  1 drivers
v000002268db41f20_0 .net "rden1", 0 0, L_000002268dcc5390;  alias, 1 drivers
v000002268db421a0_0 .net "rden2", 0 0, L_000002268dcc5570;  alias, 1 drivers
v000002268db42240_0 .net "rst", 0 0, o000002268daedcc8;  alias, 0 drivers
v000002268db42560_0 .net "wren", 0 0, L_000002268dcc5250;  alias, 1 drivers
S_000002268db48e40 .scope module, "cell_dff" "dff" 5 13, 6 4 0, S_000002268db49de0;
 .timescale 0 0;
    .port_info 0 /OUTPUT 1 "q";
    .port_info 1 /INPUT 1 "d";
    .port_info 2 /INPUT 1 "wen";
    .port_info 3 /INPUT 1 "clk";
    .port_info 4 /INPUT 1 "rst";
v000002268db40d00_0 .net "clk", 0 0, o000002268daedc38;  alias, 0 drivers
v000002268db403a0_0 .net "d", 0 0, L_000002268dcc3d10;  alias, 1 drivers
v000002268db40da0_0 .var "q", 0 0;
v000002268db41660_0 .net "rst", 0 0, o000002268daedcc8;  alias, 0 drivers
v000002268db41a20_0 .net "wen", 0 0, L_000002268dcc5250;  alias, 1 drivers
S_000002268db4a420 .scope module, "bit_cell5" "bit_cell" 4 17, 5 2 0, S_000002268db3e380;
 .timescale 0 0;
    .port_info 0 /INPUT 1 "clk";
    .port_info 1 /INPUT 1 "rst";
    .port_info 2 /INPUT 1 "d";
    .port_info 3 /INPUT 1 "wren";
    .port_info 4 /INPUT 1 "rden1";
    .port_info 5 /INPUT 1 "rden2";
    .port_info 6 /INOUT 1 "bitline1";
    .port_info 7 /INOUT 1 "bitline2";
L_000002268da27f40 .functor BUFIF1 1, v000002268db4fca0_0, L_000002268dcc5390, C4<0>, C4<0>;
L_000002268da26e30 .functor BUFIF1 1, v000002268db4fca0_0, L_000002268dcc5570, C4<0>, C4<0>;
v000002268db50ce0_0 .net8 "bitline1", 0 0, p000002268daf3728;  1 drivers, strength-aware
v000002268db4f160_0 .net8 "bitline2", 0 0, p000002268daf3758;  1 drivers, strength-aware
v000002268db507e0_0 .net "clk", 0 0, o000002268daedc38;  alias, 0 drivers
v000002268db50ba0_0 .net "d", 0 0, L_000002268dcc3e50;  1 drivers
v000002268db4ed00_0 .net "q", 0 0, v000002268db4fca0_0;  1 drivers
v000002268db51000_0 .net "rden1", 0 0, L_000002268dcc5390;  alias, 1 drivers
v000002268db51140_0 .net "rden2", 0 0, L_000002268dcc5570;  alias, 1 drivers
v000002268db4f660_0 .net "rst", 0 0, o000002268daedcc8;  alias, 0 drivers
v000002268db4f8e0_0 .net "wren", 0 0, L_000002268dcc5250;  alias, 1 drivers
S_000002268db49f70 .scope module, "cell_dff" "dff" 5 13, 6 4 0, S_000002268db4a420;
 .timescale 0 0;
    .port_info 0 /OUTPUT 1 "q";
    .port_info 1 /INPUT 1 "d";
    .port_info 2 /INPUT 1 "wen";
    .port_info 3 /INPUT 1 "clk";
    .port_info 4 /INPUT 1 "rst";
v000002268db4f0c0_0 .net "clk", 0 0, o000002268daedc38;  alias, 0 drivers
v000002268db50f60_0 .net "d", 0 0, L_000002268dcc3e50;  alias, 1 drivers
v000002268db4fca0_0 .var "q", 0 0;
v000002268db50b00_0 .net "rst", 0 0, o000002268daedcc8;  alias, 0 drivers
v000002268db50a60_0 .net "wen", 0 0, L_000002268dcc5250;  alias, 1 drivers
S_000002268db4a100 .scope module, "bit_cell6" "bit_cell" 4 18, 5 2 0, S_000002268db3e380;
 .timescale 0 0;
    .port_info 0 /INPUT 1 "clk";
    .port_info 1 /INPUT 1 "rst";
    .port_info 2 /INPUT 1 "d";
    .port_info 3 /INPUT 1 "wren";
    .port_info 4 /INPUT 1 "rden1";
    .port_info 5 /INPUT 1 "rden2";
    .port_info 6 /INOUT 1 "bitline1";
    .port_info 7 /INOUT 1 "bitline2";
L_000002268da266c0 .functor BUFIF1 1, v000002268db50c40_0, L_000002268dcc5390, C4<0>, C4<0>;
L_000002268da26880 .functor BUFIF1 1, v000002268db50c40_0, L_000002268dcc5570, C4<0>, C4<0>;
v000002268db502e0_0 .net8 "bitline1", 0 0, p000002268daf3a58;  1 drivers, strength-aware
v000002268db50380_0 .net8 "bitline2", 0 0, p000002268daf3a88;  1 drivers, strength-aware
v000002268db50e20_0 .net "clk", 0 0, o000002268daedc38;  alias, 0 drivers
v000002268db50ec0_0 .net "d", 0 0, L_000002268dcc3f90;  1 drivers
v000002268db4f340_0 .net "q", 0 0, v000002268db50c40_0;  1 drivers
v000002268db4ee40_0 .net "rden1", 0 0, L_000002268dcc5390;  alias, 1 drivers
v000002268db4f3e0_0 .net "rden2", 0 0, L_000002268dcc5570;  alias, 1 drivers
v000002268db511e0_0 .net "rst", 0 0, o000002268daedcc8;  alias, 0 drivers
v000002268db4eee0_0 .net "wren", 0 0, L_000002268dcc5250;  alias, 1 drivers
S_000002268db4a290 .scope module, "cell_dff" "dff" 5 13, 6 4 0, S_000002268db4a100;
 .timescale 0 0;
    .port_info 0 /OUTPUT 1 "q";
    .port_info 1 /INPUT 1 "d";
    .port_info 2 /INPUT 1 "wen";
    .port_info 3 /INPUT 1 "clk";
    .port_info 4 /INPUT 1 "rst";
v000002268db4f200_0 .net "clk", 0 0, o000002268daedc38;  alias, 0 drivers
v000002268db50880_0 .net "d", 0 0, L_000002268dcc3f90;  alias, 1 drivers
v000002268db50c40_0 .var "q", 0 0;
v000002268db4f2a0_0 .net "rst", 0 0, o000002268daedcc8;  alias, 0 drivers
v000002268db50d80_0 .net "wen", 0 0, L_000002268dcc5250;  alias, 1 drivers
S_000002268db49160 .scope module, "bit_cell7" "bit_cell" 4 19, 5 2 0, S_000002268db3e380;
 .timescale 0 0;
    .port_info 0 /INPUT 1 "clk";
    .port_info 1 /INPUT 1 "rst";
    .port_info 2 /INPUT 1 "d";
    .port_info 3 /INPUT 1 "wren";
    .port_info 4 /INPUT 1 "rden1";
    .port_info 5 /INPUT 1 "rden2";
    .port_info 6 /INOUT 1 "bitline1";
    .port_info 7 /INOUT 1 "bitline2";
L_000002268da26a40 .functor BUFIF1 1, v000002268db50560_0, L_000002268dcc5390, C4<0>, C4<0>;
L_000002268da26c00 .functor BUFIF1 1, v000002268db50560_0, L_000002268dcc5570, C4<0>, C4<0>;
v000002268db50600_0 .net8 "bitline1", 0 0, p000002268daf3d88;  1 drivers, strength-aware
v000002268db4fb60_0 .net8 "bitline2", 0 0, p000002268daf3db8;  1 drivers, strength-aware
v000002268db51280_0 .net "clk", 0 0, o000002268daedc38;  alias, 0 drivers
v000002268db4fa20_0 .net "d", 0 0, L_000002268dcc4030;  1 drivers
v000002268db50920_0 .net "q", 0 0, v000002268db50560_0;  1 drivers
v000002268db4f480_0 .net "rden1", 0 0, L_000002268dcc5390;  alias, 1 drivers
v000002268db4fd40_0 .net "rden2", 0 0, L_000002268dcc5570;  alias, 1 drivers
v000002268db4eda0_0 .net "rst", 0 0, o000002268daedcc8;  alias, 0 drivers
v000002268db50420_0 .net "wren", 0 0, L_000002268dcc5250;  alias, 1 drivers
S_000002268db492f0 .scope module, "cell_dff" "dff" 5 13, 6 4 0, S_000002268db49160;
 .timescale 0 0;
    .port_info 0 /OUTPUT 1 "q";
    .port_info 1 /INPUT 1 "d";
    .port_info 2 /INPUT 1 "wen";
    .port_info 3 /INPUT 1 "clk";
    .port_info 4 /INPUT 1 "rst";
v000002268db510a0_0 .net "clk", 0 0, o000002268daedc38;  alias, 0 drivers
v000002268db4f520_0 .net "d", 0 0, L_000002268dcc4030;  alias, 1 drivers
v000002268db50560_0 .var "q", 0 0;
v000002268db51320_0 .net "rst", 0 0, o000002268daedcc8;  alias, 0 drivers
v000002268db4ef80_0 .net "wen", 0 0, L_000002268dcc5250;  alias, 1 drivers
S_000002268db5faf0 .scope module, "bit_cell8" "bit_cell" 4 20, 5 2 0, S_000002268db3e380;
 .timescale 0 0;
    .port_info 0 /INPUT 1 "clk";
    .port_info 1 /INPUT 1 "rst";
    .port_info 2 /INPUT 1 "d";
    .port_info 3 /INPUT 1 "wren";
    .port_info 4 /INPUT 1 "rden1";
    .port_info 5 /INPUT 1 "rden2";
    .port_info 6 /INOUT 1 "bitline1";
    .port_info 7 /INOUT 1 "bitline2";
L_000002268da26dc0 .functor BUFIF1 1, v000002268db51460_0, L_000002268dcc5390, C4<0>, C4<0>;
L_000002268da275a0 .functor BUFIF1 1, v000002268db51460_0, L_000002268dcc5570, C4<0>, C4<0>;
v000002268db4fde0_0 .net8 "bitline1", 0 0, p000002268daf40b8;  1 drivers, strength-aware
v000002268db4f700_0 .net8 "bitline2", 0 0, p000002268daf40e8;  1 drivers, strength-aware
v000002268db509c0_0 .net "clk", 0 0, o000002268daedc38;  alias, 0 drivers
v000002268db4f7a0_0 .net "d", 0 0, L_000002268dcc40d0;  1 drivers
v000002268db4fe80_0 .net "q", 0 0, v000002268db51460_0;  1 drivers
v000002268db4f840_0 .net "rden1", 0 0, L_000002268dcc5390;  alias, 1 drivers
v000002268db4f980_0 .net "rden2", 0 0, L_000002268dcc5570;  alias, 1 drivers
v000002268db4fac0_0 .net "rst", 0 0, o000002268daedcc8;  alias, 0 drivers
v000002268db4ff20_0 .net "wren", 0 0, L_000002268dcc5250;  alias, 1 drivers
S_000002268db5fe10 .scope module, "cell_dff" "dff" 5 13, 6 4 0, S_000002268db5faf0;
 .timescale 0 0;
    .port_info 0 /OUTPUT 1 "q";
    .port_info 1 /INPUT 1 "d";
    .port_info 2 /INPUT 1 "wen";
    .port_info 3 /INPUT 1 "clk";
    .port_info 4 /INPUT 1 "rst";
v000002268db513c0_0 .net "clk", 0 0, o000002268daedc38;  alias, 0 drivers
v000002268db4fc00_0 .net "d", 0 0, L_000002268dcc40d0;  alias, 1 drivers
v000002268db51460_0 .var "q", 0 0;
v000002268db4f020_0 .net "rst", 0 0, o000002268daedcc8;  alias, 0 drivers
v000002268db4f5c0_0 .net "wen", 0 0, L_000002268dcc5250;  alias, 1 drivers
S_000002268db605e0 .scope module, "bit_cell9" "bit_cell" 4 21, 5 2 0, S_000002268db3e380;
 .timescale 0 0;
    .port_info 0 /INPUT 1 "clk";
    .port_info 1 /INPUT 1 "rst";
    .port_info 2 /INPUT 1 "d";
    .port_info 3 /INPUT 1 "wren";
    .port_info 4 /INPUT 1 "rden1";
    .port_info 5 /INPUT 1 "rden2";
    .port_info 6 /INOUT 1 "bitline1";
    .port_info 7 /INOUT 1 "bitline2";
L_000002268da26f10 .functor BUFIF1 1, v000002268db501a0_0, L_000002268dcc5390, C4<0>, C4<0>;
L_000002268da27a00 .functor BUFIF1 1, v000002268db501a0_0, L_000002268dcc5570, C4<0>, C4<0>;
v000002268db50240_0 .net8 "bitline1", 0 0, p000002268daf43e8;  1 drivers, strength-aware
v000002268db506a0_0 .net8 "bitline2", 0 0, p000002268daf4418;  1 drivers, strength-aware
v000002268db50740_0 .net "clk", 0 0, o000002268daedc38;  alias, 0 drivers
v000002268db53440_0 .net "d", 0 0, L_000002268dcc4cb0;  1 drivers
v000002268db531c0_0 .net "q", 0 0, v000002268db501a0_0;  1 drivers
v000002268db525e0_0 .net "rden1", 0 0, L_000002268dcc5390;  alias, 1 drivers
v000002268db536c0_0 .net "rden2", 0 0, L_000002268dcc5570;  alias, 1 drivers
v000002268db53a80_0 .net "rst", 0 0, o000002268daedcc8;  alias, 0 drivers
v000002268db534e0_0 .net "wren", 0 0, L_000002268dcc5250;  alias, 1 drivers
S_000002268db5f7d0 .scope module, "cell_dff" "dff" 5 13, 6 4 0, S_000002268db605e0;
 .timescale 0 0;
    .port_info 0 /OUTPUT 1 "q";
    .port_info 1 /INPUT 1 "d";
    .port_info 2 /INPUT 1 "wen";
    .port_info 3 /INPUT 1 "clk";
    .port_info 4 /INPUT 1 "rst";
v000002268db4ffc0_0 .net "clk", 0 0, o000002268daedc38;  alias, 0 drivers
v000002268db50060_0 .net "d", 0 0, L_000002268dcc4cb0;  alias, 1 drivers
v000002268db501a0_0 .var "q", 0 0;
v000002268db504c0_0 .net "rst", 0 0, o000002268daedcc8;  alias, 0 drivers
v000002268db50100_0 .net "wen", 0 0, L_000002268dcc5250;  alias, 1 drivers
S_000002268db5f320 .scope module, "reg10" "register" 2 33, 4 2 0, S_000002268d492190;
 .timescale 0 0;
    .port_info 0 /INPUT 1 "clk";
    .port_info 1 /INPUT 1 "rst";
    .port_info 2 /INPUT 16 "d";
    .port_info 3 /INPUT 1 "write_reg";
    .port_info 4 /INPUT 1 "rden1";
    .port_info 5 /INPUT 1 "rden2";
    .port_info 6 /INOUT 16 "bitline1";
    .port_info 7 /INOUT 16 "bitline2";
v000002268db5aba0_0 .net8 "bitline1", 15 0, p000002268daf1028;  alias, 0 drivers, strength-aware
v000002268db595c0_0 .net8 "bitline2", 15 0, p000002268daf1058;  alias, 0 drivers, strength-aware
v000002268db59700_0 .net "clk", 0 0, o000002268daedc38;  alias, 0 drivers
v000002268db5ad80_0 .net "d", 15 0, o000002268daf1088;  alias, 0 drivers
v000002268db5b460_0 .net "rden1", 0 0, L_000002268dccc4b0;  1 drivers
v000002268db5ae20_0 .net "rden2", 0 0, L_000002268dccbbf0;  1 drivers
v000002268db59480_0 .net "rst", 0 0, o000002268daedcc8;  alias, 0 drivers
v000002268db597a0_0 .net "write_reg", 0 0, L_000002268dccd310;  1 drivers
L_000002268dcccc30 .part o000002268daf1088, 0, 1;
L_000002268dccc230 .part o000002268daf1088, 1, 1;
L_000002268dccc190 .part o000002268daf1088, 2, 1;
L_000002268dcccd70 .part o000002268daf1088, 3, 1;
L_000002268dccb5b0 .part o000002268daf1088, 4, 1;
L_000002268dccb790 .part o000002268daf1088, 5, 1;
L_000002268dccaed0 .part o000002268daf1088, 6, 1;
L_000002268dccb010 .part o000002268daf1088, 7, 1;
L_000002268dccb830 .part o000002268daf1088, 8, 1;
L_000002268dccd270 .part o000002268daf1088, 9, 1;
L_000002268dccceb0 .part o000002268daf1088, 10, 1;
L_000002268dccd130 .part o000002268daf1088, 11, 1;
L_000002268dccb470 .part o000002268daf1088, 12, 1;
L_000002268dccb0b0 .part o000002268daf1088, 13, 1;
L_000002268dccbf10 .part o000002268daf1088, 14, 1;
L_000002268dccacf0 .part o000002268daf1088, 15, 1;
p000002268daf48c8 .port I000002268da132c0, L_000002268dd34250;
 .tranvp 16 1 0, I000002268da132c0, p000002268daf1028 p000002268daf48c8;
p000002268daf48f8 .port I000002268da12d00, L_000002268dd341e0;
 .tranvp 16 1 0, I000002268da12d00, p000002268daf1058 p000002268daf48f8;
p000002268daf4c58 .port I000002268da132c0, L_000002268dd34480;
 .tranvp 16 1 1, I000002268da132c0, p000002268daf1028 p000002268daf4c58;
p000002268daf4c88 .port I000002268da12d00, L_000002268dd33bc0;
 .tranvp 16 1 1, I000002268da12d00, p000002268daf1058 p000002268daf4c88;
p000002268daf62a8 .port I000002268da132c0, L_000002268dd335a0;
 .tranvp 16 1 2, I000002268da132c0, p000002268daf1028 p000002268daf62a8;
p000002268daf62d8 .port I000002268da12d00, L_000002268dd345d0;
 .tranvp 16 1 2, I000002268da12d00, p000002268daf1058 p000002268daf62d8;
p000002268daf65d8 .port I000002268da132c0, L_000002268dd33290;
 .tranvp 16 1 3, I000002268da132c0, p000002268daf1028 p000002268daf65d8;
p000002268daf6608 .port I000002268da12d00, L_000002268dd33530;
 .tranvp 16 1 3, I000002268da12d00, p000002268daf1058 p000002268daf6608;
p000002268daf6908 .port I000002268da132c0, L_000002268dd33a70;
 .tranvp 16 1 4, I000002268da132c0, p000002268daf1028 p000002268daf6908;
p000002268daf6938 .port I000002268da12d00, L_000002268dd33300;
 .tranvp 16 1 4, I000002268da12d00, p000002268daf1058 p000002268daf6938;
p000002268daf6c38 .port I000002268da132c0, L_000002268dd33680;
 .tranvp 16 1 5, I000002268da132c0, p000002268daf1028 p000002268daf6c38;
p000002268daf6c68 .port I000002268da12d00, L_000002268dd34b80;
 .tranvp 16 1 5, I000002268da12d00, p000002268daf1058 p000002268daf6c68;
p000002268daf6f68 .port I000002268da132c0, L_000002268dd336f0;
 .tranvp 16 1 6, I000002268da132c0, p000002268daf1028 p000002268daf6f68;
p000002268daf6f98 .port I000002268da12d00, L_000002268dd333e0;
 .tranvp 16 1 6, I000002268da12d00, p000002268daf1058 p000002268daf6f98;
p000002268daf7298 .port I000002268da132c0, L_000002268dd33ae0;
 .tranvp 16 1 7, I000002268da132c0, p000002268daf1028 p000002268daf7298;
p000002268daf72c8 .port I000002268da12d00, L_000002268dd33b50;
 .tranvp 16 1 7, I000002268da12d00, p000002268daf1058 p000002268daf72c8;
p000002268daf75c8 .port I000002268da132c0, L_000002268dd331b0;
 .tranvp 16 1 8, I000002268da132c0, p000002268daf1028 p000002268daf75c8;
p000002268daf75f8 .port I000002268da12d00, L_000002268dd33220;
 .tranvp 16 1 8, I000002268da12d00, p000002268daf1058 p000002268daf75f8;
p000002268daf78f8 .port I000002268da132c0, L_000002268dd33370;
 .tranvp 16 1 9, I000002268da132c0, p000002268daf1028 p000002268daf78f8;
p000002268daf7928 .port I000002268da12d00, L_000002268dd33ca0;
 .tranvp 16 1 9, I000002268da12d00, p000002268daf1058 p000002268daf7928;
p000002268daf4f88 .port I000002268da132c0, L_000002268dd33e60;
 .tranvp 16 1 10, I000002268da132c0, p000002268daf1028 p000002268daf4f88;
p000002268daf4fb8 .port I000002268da12d00, L_000002268dd342c0;
 .tranvp 16 1 10, I000002268da12d00, p000002268daf1058 p000002268daf4fb8;
p000002268daf52b8 .port I000002268da132c0, L_000002268dd33f40;
 .tranvp 16 1 11, I000002268da132c0, p000002268daf1028 p000002268daf52b8;
p000002268daf52e8 .port I000002268da12d00, L_000002268dd33fb0;
 .tranvp 16 1 11, I000002268da12d00, p000002268daf1058 p000002268daf52e8;
p000002268daf55e8 .port I000002268da132c0, L_000002268dd344f0;
 .tranvp 16 1 12, I000002268da132c0, p000002268daf1028 p000002268daf55e8;
p000002268daf5618 .port I000002268da12d00, L_000002268dd34330;
 .tranvp 16 1 12, I000002268da12d00, p000002268daf1058 p000002268daf5618;
p000002268daf5918 .port I000002268da132c0, L_000002268dd34560;
 .tranvp 16 1 13, I000002268da132c0, p000002268daf1028 p000002268daf5918;
p000002268daf5948 .port I000002268da12d00, L_000002268dd33760;
 .tranvp 16 1 13, I000002268da12d00, p000002268daf1058 p000002268daf5948;
p000002268daf5c48 .port I000002268da132c0, L_000002268dd34640;
 .tranvp 16 1 14, I000002268da132c0, p000002268daf1028 p000002268daf5c48;
p000002268daf5c78 .port I000002268da12d00, L_000002268dd34d40;
 .tranvp 16 1 14, I000002268da12d00, p000002268daf1058 p000002268daf5c78;
p000002268daf5f78 .port I000002268da132c0, L_000002268dd34f00;
 .tranvp 16 1 15, I000002268da132c0, p000002268daf1028 p000002268daf5f78;
p000002268daf5fa8 .port I000002268da12d00, L_000002268dd350c0;
 .tranvp 16 1 15, I000002268da12d00, p000002268daf1058 p000002268daf5fa8;
S_000002268db602c0 .scope module, "bit_cell0" "bit_cell" 4 12, 5 2 0, S_000002268db5f320;
 .timescale 0 0;
    .port_info 0 /INPUT 1 "clk";
    .port_info 1 /INPUT 1 "rst";
    .port_info 2 /INPUT 1 "d";
    .port_info 3 /INPUT 1 "wren";
    .port_info 4 /INPUT 1 "rden1";
    .port_info 5 /INPUT 1 "rden2";
    .port_info 6 /INOUT 1 "bitline1";
    .port_info 7 /INOUT 1 "bitline2";
L_000002268dd34250 .functor BUFIF1 1, v000002268db51dc0_0, L_000002268dccc4b0, C4<0>, C4<0>;
L_000002268dd341e0 .functor BUFIF1 1, v000002268db51dc0_0, L_000002268dccbbf0, C4<0>, C4<0>;
v000002268db51820_0 .net8 "bitline1", 0 0, p000002268daf48c8;  1 drivers, strength-aware
v000002268db52400_0 .net8 "bitline2", 0 0, p000002268daf48f8;  1 drivers, strength-aware
v000002268db516e0_0 .net "clk", 0 0, o000002268daedc38;  alias, 0 drivers
v000002268db51c80_0 .net "d", 0 0, L_000002268dcccc30;  1 drivers
v000002268db529a0_0 .net "q", 0 0, v000002268db51dc0_0;  1 drivers
v000002268db51d20_0 .net "rden1", 0 0, L_000002268dccc4b0;  alias, 1 drivers
v000002268db51a00_0 .net "rden2", 0 0, L_000002268dccbbf0;  alias, 1 drivers
v000002268db51780_0 .net "rst", 0 0, o000002268daedcc8;  alias, 0 drivers
v000002268db51aa0_0 .net "wren", 0 0, L_000002268dccd310;  alias, 1 drivers
S_000002268db60450 .scope module, "cell_dff" "dff" 5 13, 6 4 0, S_000002268db602c0;
 .timescale 0 0;
    .port_info 0 /OUTPUT 1 "q";
    .port_info 1 /INPUT 1 "d";
    .port_info 2 /INPUT 1 "wen";
    .port_info 3 /INPUT 1 "clk";
    .port_info 4 /INPUT 1 "rst";
v000002268db51fa0_0 .net "clk", 0 0, o000002268daedc38;  alias, 0 drivers
v000002268db518c0_0 .net "d", 0 0, L_000002268dcccc30;  alias, 1 drivers
v000002268db51dc0_0 .var "q", 0 0;
v000002268db52ae0_0 .net "rst", 0 0, o000002268daedcc8;  alias, 0 drivers
v000002268db51f00_0 .net "wen", 0 0, L_000002268dccd310;  alias, 1 drivers
S_000002268db60770 .scope module, "bit_cell1" "bit_cell" 4 13, 5 2 0, S_000002268db5f320;
 .timescale 0 0;
    .port_info 0 /INPUT 1 "clk";
    .port_info 1 /INPUT 1 "rst";
    .port_info 2 /INPUT 1 "d";
    .port_info 3 /INPUT 1 "wren";
    .port_info 4 /INPUT 1 "rden1";
    .port_info 5 /INPUT 1 "rden2";
    .port_info 6 /INOUT 1 "bitline1";
    .port_info 7 /INOUT 1 "bitline2";
L_000002268dd34480 .functor BUFIF1 1, v000002268db53b20_0, L_000002268dccc4b0, C4<0>, C4<0>;
L_000002268dd33bc0 .functor BUFIF1 1, v000002268db53b20_0, L_000002268dccbbf0, C4<0>, C4<0>;
v000002268db53580_0 .net8 "bitline1", 0 0, p000002268daf4c58;  1 drivers, strength-aware
v000002268db52e00_0 .net8 "bitline2", 0 0, p000002268daf4c88;  1 drivers, strength-aware
v000002268db53080_0 .net "clk", 0 0, o000002268daedc38;  alias, 0 drivers
v000002268db52900_0 .net "d", 0 0, L_000002268dccc230;  1 drivers
v000002268db524a0_0 .net "q", 0 0, v000002268db53b20_0;  1 drivers
v000002268db51be0_0 .net "rden1", 0 0, L_000002268dccc4b0;  alias, 1 drivers
v000002268db522c0_0 .net "rden2", 0 0, L_000002268dccbbf0;  alias, 1 drivers
v000002268db52040_0 .net "rst", 0 0, o000002268daedcc8;  alias, 0 drivers
v000002268db538a0_0 .net "wren", 0 0, L_000002268dccd310;  alias, 1 drivers
S_000002268db5f4b0 .scope module, "cell_dff" "dff" 5 13, 6 4 0, S_000002268db60770;
 .timescale 0 0;
    .port_info 0 /OUTPUT 1 "q";
    .port_info 1 /INPUT 1 "d";
    .port_info 2 /INPUT 1 "wen";
    .port_info 3 /INPUT 1 "clk";
    .port_info 4 /INPUT 1 "rst";
v000002268db51b40_0 .net "clk", 0 0, o000002268daedc38;  alias, 0 drivers
v000002268db52d60_0 .net "d", 0 0, L_000002268dccc230;  alias, 1 drivers
v000002268db53b20_0 .var "q", 0 0;
v000002268db53300_0 .net "rst", 0 0, o000002268daedcc8;  alias, 0 drivers
v000002268db53760_0 .net "wen", 0 0, L_000002268dccd310;  alias, 1 drivers
S_000002268db5f640 .scope module, "bit_cell10" "bit_cell" 4 22, 5 2 0, S_000002268db5f320;
 .timescale 0 0;
    .port_info 0 /INPUT 1 "clk";
    .port_info 1 /INPUT 1 "rst";
    .port_info 2 /INPUT 1 "d";
    .port_info 3 /INPUT 1 "wren";
    .port_info 4 /INPUT 1 "rden1";
    .port_info 5 /INPUT 1 "rden2";
    .port_info 6 /INOUT 1 "bitline1";
    .port_info 7 /INOUT 1 "bitline2";
L_000002268dd33e60 .functor BUFIF1 1, v000002268db52a40_0, L_000002268dccc4b0, C4<0>, C4<0>;
L_000002268dd342c0 .functor BUFIF1 1, v000002268db52a40_0, L_000002268dccbbf0, C4<0>, C4<0>;
v000002268db51e60_0 .net8 "bitline1", 0 0, p000002268daf4f88;  1 drivers, strength-aware
v000002268db520e0_0 .net8 "bitline2", 0 0, p000002268daf4fb8;  1 drivers, strength-aware
v000002268db52cc0_0 .net "clk", 0 0, o000002268daedc38;  alias, 0 drivers
v000002268db527c0_0 .net "d", 0 0, L_000002268dccceb0;  1 drivers
v000002268db52180_0 .net "q", 0 0, v000002268db52a40_0;  1 drivers
v000002268db53940_0 .net "rden1", 0 0, L_000002268dccc4b0;  alias, 1 drivers
v000002268db539e0_0 .net "rden2", 0 0, L_000002268dccbbf0;  alias, 1 drivers
v000002268db52ea0_0 .net "rst", 0 0, o000002268daedcc8;  alias, 0 drivers
v000002268db53bc0_0 .net "wren", 0 0, L_000002268dccd310;  alias, 1 drivers
S_000002268db5ee70 .scope module, "cell_dff" "dff" 5 13, 6 4 0, S_000002268db5f640;
 .timescale 0 0;
    .port_info 0 /OUTPUT 1 "q";
    .port_info 1 /INPUT 1 "d";
    .port_info 2 /INPUT 1 "wen";
    .port_info 3 /INPUT 1 "clk";
    .port_info 4 /INPUT 1 "rst";
v000002268db53620_0 .net "clk", 0 0, o000002268daedc38;  alias, 0 drivers
v000002268db52720_0 .net "d", 0 0, L_000002268dccceb0;  alias, 1 drivers
v000002268db52a40_0 .var "q", 0 0;
v000002268db52b80_0 .net "rst", 0 0, o000002268daedcc8;  alias, 0 drivers
v000002268db53800_0 .net "wen", 0 0, L_000002268dccd310;  alias, 1 drivers
S_000002268db60900 .scope module, "bit_cell11" "bit_cell" 4 23, 5 2 0, S_000002268db5f320;
 .timescale 0 0;
    .port_info 0 /INPUT 1 "clk";
    .port_info 1 /INPUT 1 "rst";
    .port_info 2 /INPUT 1 "d";
    .port_info 3 /INPUT 1 "wren";
    .port_info 4 /INPUT 1 "rden1";
    .port_info 5 /INPUT 1 "rden2";
    .port_info 6 /INOUT 1 "bitline1";
    .port_info 7 /INOUT 1 "bitline2";
L_000002268dd33f40 .functor BUFIF1 1, v000002268db52360_0, L_000002268dccc4b0, C4<0>, C4<0>;
L_000002268dd33fb0 .functor BUFIF1 1, v000002268db52360_0, L_000002268dccbbf0, C4<0>, C4<0>;
v000002268db52c20_0 .net8 "bitline1", 0 0, p000002268daf52b8;  1 drivers, strength-aware
v000002268db52f40_0 .net8 "bitline2", 0 0, p000002268daf52e8;  1 drivers, strength-aware
v000002268db533a0_0 .net "clk", 0 0, o000002268daedc38;  alias, 0 drivers
v000002268db542a0_0 .net "d", 0 0, L_000002268dccd130;  1 drivers
v000002268db55a60_0 .net "q", 0 0, v000002268db52360_0;  1 drivers
v000002268db55c40_0 .net "rden1", 0 0, L_000002268dccc4b0;  alias, 1 drivers
v000002268db540c0_0 .net "rden2", 0 0, L_000002268dccbbf0;  alias, 1 drivers
v000002268db54840_0 .net "rst", 0 0, o000002268daedcc8;  alias, 0 drivers
v000002268db557e0_0 .net "wren", 0 0, L_000002268dccd310;  alias, 1 drivers
S_000002268db60a90 .scope module, "cell_dff" "dff" 5 13, 6 4 0, S_000002268db60900;
 .timescale 0 0;
    .port_info 0 /OUTPUT 1 "q";
    .port_info 1 /INPUT 1 "d";
    .port_info 2 /INPUT 1 "wen";
    .port_info 3 /INPUT 1 "clk";
    .port_info 4 /INPUT 1 "rst";
v000002268db53c60_0 .net "clk", 0 0, o000002268daedc38;  alias, 0 drivers
v000002268db52220_0 .net "d", 0 0, L_000002268dccd130;  alias, 1 drivers
v000002268db52360_0 .var "q", 0 0;
v000002268db52540_0 .net "rst", 0 0, o000002268daedcc8;  alias, 0 drivers
v000002268db52680_0 .net "wen", 0 0, L_000002268dccd310;  alias, 1 drivers
S_000002268db5ece0 .scope module, "bit_cell12" "bit_cell" 4 24, 5 2 0, S_000002268db5f320;
 .timescale 0 0;
    .port_info 0 /INPUT 1 "clk";
    .port_info 1 /INPUT 1 "rst";
    .port_info 2 /INPUT 1 "d";
    .port_info 3 /INPUT 1 "wren";
    .port_info 4 /INPUT 1 "rden1";
    .port_info 5 /INPUT 1 "rden2";
    .port_info 6 /INOUT 1 "bitline1";
    .port_info 7 /INOUT 1 "bitline2";
L_000002268dd344f0 .functor BUFIF1 1, v000002268db55b00_0, L_000002268dccc4b0, C4<0>, C4<0>;
L_000002268dd34330 .functor BUFIF1 1, v000002268db55b00_0, L_000002268dccbbf0, C4<0>, C4<0>;
v000002268db559c0_0 .net8 "bitline1", 0 0, p000002268daf55e8;  1 drivers, strength-aware
v000002268db56280_0 .net8 "bitline2", 0 0, p000002268daf5618;  1 drivers, strength-aware
v000002268db55740_0 .net "clk", 0 0, o000002268daedc38;  alias, 0 drivers
v000002268db55100_0 .net "d", 0 0, L_000002268dccb470;  1 drivers
v000002268db548e0_0 .net "q", 0 0, v000002268db55b00_0;  1 drivers
v000002268db54160_0 .net "rden1", 0 0, L_000002268dccc4b0;  alias, 1 drivers
v000002268db54340_0 .net "rden2", 0 0, L_000002268dccbbf0;  alias, 1 drivers
v000002268db55560_0 .net "rst", 0 0, o000002268daedcc8;  alias, 0 drivers
v000002268db543e0_0 .net "wren", 0 0, L_000002268dccd310;  alias, 1 drivers
S_000002268db5f000 .scope module, "cell_dff" "dff" 5 13, 6 4 0, S_000002268db5ece0;
 .timescale 0 0;
    .port_info 0 /OUTPUT 1 "q";
    .port_info 1 /INPUT 1 "d";
    .port_info 2 /INPUT 1 "wen";
    .port_info 3 /INPUT 1 "clk";
    .port_info 4 /INPUT 1 "rst";
v000002268db55ce0_0 .net "clk", 0 0, o000002268daedc38;  alias, 0 drivers
v000002268db55d80_0 .net "d", 0 0, L_000002268dccb470;  alias, 1 drivers
v000002268db55b00_0 .var "q", 0 0;
v000002268db54200_0 .net "rst", 0 0, o000002268daedcc8;  alias, 0 drivers
v000002268db56140_0 .net "wen", 0 0, L_000002268dccd310;  alias, 1 drivers
S_000002268db5f190 .scope module, "bit_cell13" "bit_cell" 4 25, 5 2 0, S_000002268db5f320;
 .timescale 0 0;
    .port_info 0 /INPUT 1 "clk";
    .port_info 1 /INPUT 1 "rst";
    .port_info 2 /INPUT 1 "d";
    .port_info 3 /INPUT 1 "wren";
    .port_info 4 /INPUT 1 "rden1";
    .port_info 5 /INPUT 1 "rden2";
    .port_info 6 /INOUT 1 "bitline1";
    .port_info 7 /INOUT 1 "bitline2";
L_000002268dd34560 .functor BUFIF1 1, v000002268db54ca0_0, L_000002268dccc4b0, C4<0>, C4<0>;
L_000002268dd33760 .functor BUFIF1 1, v000002268db54ca0_0, L_000002268dccbbf0, C4<0>, C4<0>;
v000002268db56000_0 .net8 "bitline1", 0 0, p000002268daf5918;  1 drivers, strength-aware
v000002268db554c0_0 .net8 "bitline2", 0 0, p000002268daf5948;  1 drivers, strength-aware
v000002268db55e20_0 .net "clk", 0 0, o000002268daedc38;  alias, 0 drivers
v000002268db54520_0 .net "d", 0 0, L_000002268dccb0b0;  1 drivers
v000002268db563c0_0 .net "q", 0 0, v000002268db54ca0_0;  1 drivers
v000002268db55240_0 .net "rden1", 0 0, L_000002268dccc4b0;  alias, 1 drivers
v000002268db54b60_0 .net "rden2", 0 0, L_000002268dccbbf0;  alias, 1 drivers
v000002268db55420_0 .net "rst", 0 0, o000002268daedcc8;  alias, 0 drivers
v000002268db56460_0 .net "wren", 0 0, L_000002268dccd310;  alias, 1 drivers
S_000002268db5f960 .scope module, "cell_dff" "dff" 5 13, 6 4 0, S_000002268db5f190;
 .timescale 0 0;
    .port_info 0 /OUTPUT 1 "q";
    .port_info 1 /INPUT 1 "d";
    .port_info 2 /INPUT 1 "wen";
    .port_info 3 /INPUT 1 "clk";
    .port_info 4 /INPUT 1 "rst";
v000002268db55380_0 .net "clk", 0 0, o000002268daedc38;  alias, 0 drivers
v000002268db55f60_0 .net "d", 0 0, L_000002268dccb0b0;  alias, 1 drivers
v000002268db54ca0_0 .var "q", 0 0;
v000002268db53da0_0 .net "rst", 0 0, o000002268daedcc8;  alias, 0 drivers
v000002268db54480_0 .net "wen", 0 0, L_000002268dccd310;  alias, 1 drivers
S_000002268db5fc80 .scope module, "bit_cell14" "bit_cell" 4 26, 5 2 0, S_000002268db5f320;
 .timescale 0 0;
    .port_info 0 /INPUT 1 "clk";
    .port_info 1 /INPUT 1 "rst";
    .port_info 2 /INPUT 1 "d";
    .port_info 3 /INPUT 1 "wren";
    .port_info 4 /INPUT 1 "rden1";
    .port_info 5 /INPUT 1 "rden2";
    .port_info 6 /INOUT 1 "bitline1";
    .port_info 7 /INOUT 1 "bitline2";
L_000002268dd34640 .functor BUFIF1 1, v000002268db54d40_0, L_000002268dccc4b0, C4<0>, C4<0>;
L_000002268dd34d40 .functor BUFIF1 1, v000002268db54d40_0, L_000002268dccbbf0, C4<0>, C4<0>;
v000002268db54980_0 .net8 "bitline1", 0 0, p000002268daf5c48;  1 drivers, strength-aware
v000002268db54e80_0 .net8 "bitline2", 0 0, p000002268daf5c78;  1 drivers, strength-aware
v000002268db54f20_0 .net "clk", 0 0, o000002268daedc38;  alias, 0 drivers
v000002268db545c0_0 .net "d", 0 0, L_000002268dccbf10;  1 drivers
v000002268db55600_0 .net "q", 0 0, v000002268db54d40_0;  1 drivers
v000002268db556a0_0 .net "rden1", 0 0, L_000002268dccc4b0;  alias, 1 drivers
v000002268db53f80_0 .net "rden2", 0 0, L_000002268dccbbf0;  alias, 1 drivers
v000002268db55060_0 .net "rst", 0 0, o000002268daedcc8;  alias, 0 drivers
v000002268db54660_0 .net "wren", 0 0, L_000002268dccd310;  alias, 1 drivers
S_000002268db5ffa0 .scope module, "cell_dff" "dff" 5 13, 6 4 0, S_000002268db5fc80;
 .timescale 0 0;
    .port_info 0 /OUTPUT 1 "q";
    .port_info 1 /INPUT 1 "d";
    .port_info 2 /INPUT 1 "wen";
    .port_info 3 /INPUT 1 "clk";
    .port_info 4 /INPUT 1 "rst";
v000002268db54c00_0 .net "clk", 0 0, o000002268daedc38;  alias, 0 drivers
v000002268db54fc0_0 .net "d", 0 0, L_000002268dccbf10;  alias, 1 drivers
v000002268db54d40_0 .var "q", 0 0;
v000002268db54de0_0 .net "rst", 0 0, o000002268daedcc8;  alias, 0 drivers
v000002268db54020_0 .net "wen", 0 0, L_000002268dccd310;  alias, 1 drivers
S_000002268db60130 .scope module, "bit_cell15" "bit_cell" 4 27, 5 2 0, S_000002268db5f320;
 .timescale 0 0;
    .port_info 0 /INPUT 1 "clk";
    .port_info 1 /INPUT 1 "rst";
    .port_info 2 /INPUT 1 "d";
    .port_info 3 /INPUT 1 "wren";
    .port_info 4 /INPUT 1 "rden1";
    .port_info 5 /INPUT 1 "rden2";
    .port_info 6 /INOUT 1 "bitline1";
    .port_info 7 /INOUT 1 "bitline2";
L_000002268dd34f00 .functor BUFIF1 1, v000002268db55880_0, L_000002268dccc4b0, C4<0>, C4<0>;
L_000002268dd350c0 .functor BUFIF1 1, v000002268db55880_0, L_000002268dccbbf0, C4<0>, C4<0>;
v000002268db551a0_0 .net8 "bitline1", 0 0, p000002268daf5f78;  1 drivers, strength-aware
v000002268db55920_0 .net8 "bitline2", 0 0, p000002268daf5fa8;  1 drivers, strength-aware
v000002268db561e0_0 .net "clk", 0 0, o000002268daedc38;  alias, 0 drivers
v000002268db53ee0_0 .net "d", 0 0, L_000002268dccacf0;  1 drivers
v000002268db54700_0 .net "q", 0 0, v000002268db55880_0;  1 drivers
v000002268db547a0_0 .net "rden1", 0 0, L_000002268dccc4b0;  alias, 1 drivers
v000002268db56320_0 .net "rden2", 0 0, L_000002268dccbbf0;  alias, 1 drivers
v000002268db54a20_0 .net "rst", 0 0, o000002268daedcc8;  alias, 0 drivers
v000002268db53e40_0 .net "wren", 0 0, L_000002268dccd310;  alias, 1 drivers
S_000002268db62670 .scope module, "cell_dff" "dff" 5 13, 6 4 0, S_000002268db60130;
 .timescale 0 0;
    .port_info 0 /OUTPUT 1 "q";
    .port_info 1 /INPUT 1 "d";
    .port_info 2 /INPUT 1 "wen";
    .port_info 3 /INPUT 1 "clk";
    .port_info 4 /INPUT 1 "rst";
v000002268db55ba0_0 .net "clk", 0 0, o000002268daedc38;  alias, 0 drivers
v000002268db55ec0_0 .net "d", 0 0, L_000002268dccacf0;  alias, 1 drivers
v000002268db55880_0 .var "q", 0 0;
v000002268db560a0_0 .net "rst", 0 0, o000002268daedcc8;  alias, 0 drivers
v000002268db552e0_0 .net "wen", 0 0, L_000002268dccd310;  alias, 1 drivers
S_000002268db632f0 .scope module, "bit_cell2" "bit_cell" 4 14, 5 2 0, S_000002268db5f320;
 .timescale 0 0;
    .port_info 0 /INPUT 1 "clk";
    .port_info 1 /INPUT 1 "rst";
    .port_info 2 /INPUT 1 "d";
    .port_info 3 /INPUT 1 "wren";
    .port_info 4 /INPUT 1 "rden1";
    .port_info 5 /INPUT 1 "rden2";
    .port_info 6 /INOUT 1 "bitline1";
    .port_info 7 /INOUT 1 "bitline2";
L_000002268dd335a0 .functor BUFIF1 1, v000002268db56aa0_0, L_000002268dccc4b0, C4<0>, C4<0>;
L_000002268dd345d0 .functor BUFIF1 1, v000002268db56aa0_0, L_000002268dccbbf0, C4<0>, C4<0>;
v000002268db57860_0 .net8 "bitline1", 0 0, p000002268daf62a8;  1 drivers, strength-aware
v000002268db574a0_0 .net8 "bitline2", 0 0, p000002268daf62d8;  1 drivers, strength-aware
v000002268db58440_0 .net "clk", 0 0, o000002268daedc38;  alias, 0 drivers
v000002268db584e0_0 .net "d", 0 0, L_000002268dccc190;  1 drivers
v000002268db57220_0 .net "q", 0 0, v000002268db56aa0_0;  1 drivers
v000002268db58760_0 .net "rden1", 0 0, L_000002268dccc4b0;  alias, 1 drivers
v000002268db56be0_0 .net "rden2", 0 0, L_000002268dccbbf0;  alias, 1 drivers
v000002268db56500_0 .net "rst", 0 0, o000002268daedcc8;  alias, 0 drivers
v000002268db57b80_0 .net "wren", 0 0, L_000002268dccd310;  alias, 1 drivers
S_000002268db637a0 .scope module, "cell_dff" "dff" 5 13, 6 4 0, S_000002268db632f0;
 .timescale 0 0;
    .port_info 0 /OUTPUT 1 "q";
    .port_info 1 /INPUT 1 "d";
    .port_info 2 /INPUT 1 "wen";
    .port_info 3 /INPUT 1 "clk";
    .port_info 4 /INPUT 1 "rst";
v000002268db54ac0_0 .net "clk", 0 0, o000002268daedc38;  alias, 0 drivers
v000002268db53d00_0 .net "d", 0 0, L_000002268dccc190;  alias, 1 drivers
v000002268db56aa0_0 .var "q", 0 0;
v000002268db56b40_0 .net "rst", 0 0, o000002268daedcc8;  alias, 0 drivers
v000002268db570e0_0 .net "wen", 0 0, L_000002268dccd310;  alias, 1 drivers
S_000002268db621c0 .scope module, "bit_cell3" "bit_cell" 4 15, 5 2 0, S_000002268db5f320;
 .timescale 0 0;
    .port_info 0 /INPUT 1 "clk";
    .port_info 1 /INPUT 1 "rst";
    .port_info 2 /INPUT 1 "d";
    .port_info 3 /INPUT 1 "wren";
    .port_info 4 /INPUT 1 "rden1";
    .port_info 5 /INPUT 1 "rden2";
    .port_info 6 /INOUT 1 "bitline1";
    .port_info 7 /INOUT 1 "bitline2";
L_000002268dd33290 .functor BUFIF1 1, v000002268db57c20_0, L_000002268dccc4b0, C4<0>, C4<0>;
L_000002268dd33530 .functor BUFIF1 1, v000002268db57c20_0, L_000002268dccbbf0, C4<0>, C4<0>;
v000002268db58120_0 .net8 "bitline1", 0 0, p000002268daf65d8;  1 drivers, strength-aware
v000002268db56960_0 .net8 "bitline2", 0 0, p000002268daf6608;  1 drivers, strength-aware
v000002268db57d60_0 .net "clk", 0 0, o000002268daedc38;  alias, 0 drivers
v000002268db57540_0 .net "d", 0 0, L_000002268dcccd70;  1 drivers
v000002268db575e0_0 .net "q", 0 0, v000002268db57c20_0;  1 drivers
v000002268db568c0_0 .net "rden1", 0 0, L_000002268dccc4b0;  alias, 1 drivers
v000002268db57680_0 .net "rden2", 0 0, L_000002268dccbbf0;  alias, 1 drivers
v000002268db58620_0 .net "rst", 0 0, o000002268daedcc8;  alias, 0 drivers
v000002268db58080_0 .net "wren", 0 0, L_000002268dccd310;  alias, 1 drivers
S_000002268db624e0 .scope module, "cell_dff" "dff" 5 13, 6 4 0, S_000002268db621c0;
 .timescale 0 0;
    .port_info 0 /OUTPUT 1 "q";
    .port_info 1 /INPUT 1 "d";
    .port_info 2 /INPUT 1 "wen";
    .port_info 3 /INPUT 1 "clk";
    .port_info 4 /INPUT 1 "rst";
v000002268db58bc0_0 .net "clk", 0 0, o000002268daedc38;  alias, 0 drivers
v000002268db56780_0 .net "d", 0 0, L_000002268dcccd70;  alias, 1 drivers
v000002268db57c20_0 .var "q", 0 0;
v000002268db586c0_0 .net "rst", 0 0, o000002268daedcc8;  alias, 0 drivers
v000002268db57cc0_0 .net "wen", 0 0, L_000002268dccd310;  alias, 1 drivers
S_000002268db62030 .scope module, "bit_cell4" "bit_cell" 4 16, 5 2 0, S_000002268db5f320;
 .timescale 0 0;
    .port_info 0 /INPUT 1 "clk";
    .port_info 1 /INPUT 1 "rst";
    .port_info 2 /INPUT 1 "d";
    .port_info 3 /INPUT 1 "wren";
    .port_info 4 /INPUT 1 "rden1";
    .port_info 5 /INPUT 1 "rden2";
    .port_info 6 /INOUT 1 "bitline1";
    .port_info 7 /INOUT 1 "bitline2";
L_000002268dd33a70 .functor BUFIF1 1, v000002268db57400_0, L_000002268dccc4b0, C4<0>, C4<0>;
L_000002268dd33300 .functor BUFIF1 1, v000002268db57400_0, L_000002268dccbbf0, C4<0>, C4<0>;
v000002268db58c60_0 .net8 "bitline1", 0 0, p000002268daf6908;  1 drivers, strength-aware
v000002268db56d20_0 .net8 "bitline2", 0 0, p000002268daf6938;  1 drivers, strength-aware
v000002268db56640_0 .net "clk", 0 0, o000002268daedc38;  alias, 0 drivers
v000002268db57720_0 .net "d", 0 0, L_000002268dccb5b0;  1 drivers
v000002268db57180_0 .net "q", 0 0, v000002268db57400_0;  1 drivers
v000002268db577c0_0 .net "rden1", 0 0, L_000002268dccc4b0;  alias, 1 drivers
v000002268db56dc0_0 .net "rden2", 0 0, L_000002268dccbbf0;  alias, 1 drivers
v000002268db57f40_0 .net "rst", 0 0, o000002268daedcc8;  alias, 0 drivers
v000002268db57900_0 .net "wren", 0 0, L_000002268dccd310;  alias, 1 drivers
S_000002268db62800 .scope module, "cell_dff" "dff" 5 13, 6 4 0, S_000002268db62030;
 .timescale 0 0;
    .port_info 0 /OUTPUT 1 "q";
    .port_info 1 /INPUT 1 "d";
    .port_info 2 /INPUT 1 "wen";
    .port_info 3 /INPUT 1 "clk";
    .port_info 4 /INPUT 1 "rst";
v000002268db57e00_0 .net "clk", 0 0, o000002268daedc38;  alias, 0 drivers
v000002268db58260_0 .net "d", 0 0, L_000002268dccb5b0;  alias, 1 drivers
v000002268db57400_0 .var "q", 0 0;
v000002268db57ea0_0 .net "rst", 0 0, o000002268daedcc8;  alias, 0 drivers
v000002268db57a40_0 .net "wen", 0 0, L_000002268dccd310;  alias, 1 drivers
S_000002268db61ea0 .scope module, "bit_cell5" "bit_cell" 4 17, 5 2 0, S_000002268db5f320;
 .timescale 0 0;
    .port_info 0 /INPUT 1 "clk";
    .port_info 1 /INPUT 1 "rst";
    .port_info 2 /INPUT 1 "d";
    .port_info 3 /INPUT 1 "wren";
    .port_info 4 /INPUT 1 "rden1";
    .port_info 5 /INPUT 1 "rden2";
    .port_info 6 /INOUT 1 "bitline1";
    .port_info 7 /INOUT 1 "bitline2";
L_000002268dd33680 .functor BUFIF1 1, v000002268db565a0_0, L_000002268dccc4b0, C4<0>, C4<0>;
L_000002268dd34b80 .functor BUFIF1 1, v000002268db565a0_0, L_000002268dccbbf0, C4<0>, C4<0>;
v000002268db579a0_0 .net8 "bitline1", 0 0, p000002268daf6c38;  1 drivers, strength-aware
v000002268db57fe0_0 .net8 "bitline2", 0 0, p000002268daf6c68;  1 drivers, strength-aware
v000002268db57ae0_0 .net "clk", 0 0, o000002268daedc38;  alias, 0 drivers
v000002268db583a0_0 .net "d", 0 0, L_000002268dccb790;  1 drivers
v000002268db58800_0 .net "q", 0 0, v000002268db565a0_0;  1 drivers
v000002268db572c0_0 .net "rden1", 0 0, L_000002268dccc4b0;  alias, 1 drivers
v000002268db588a0_0 .net "rden2", 0 0, L_000002268dccbbf0;  alias, 1 drivers
v000002268db56f00_0 .net "rst", 0 0, o000002268daedcc8;  alias, 0 drivers
v000002268db58940_0 .net "wren", 0 0, L_000002268dccd310;  alias, 1 drivers
S_000002268db63480 .scope module, "cell_dff" "dff" 5 13, 6 4 0, S_000002268db61ea0;
 .timescale 0 0;
    .port_info 0 /OUTPUT 1 "q";
    .port_info 1 /INPUT 1 "d";
    .port_info 2 /INPUT 1 "wen";
    .port_info 3 /INPUT 1 "clk";
    .port_info 4 /INPUT 1 "rst";
v000002268db58300_0 .net "clk", 0 0, o000002268daedc38;  alias, 0 drivers
v000002268db56e60_0 .net "d", 0 0, L_000002268dccb790;  alias, 1 drivers
v000002268db565a0_0 .var "q", 0 0;
v000002268db58580_0 .net "rst", 0 0, o000002268daedcc8;  alias, 0 drivers
v000002268db581c0_0 .net "wen", 0 0, L_000002268dccd310;  alias, 1 drivers
S_000002268db62990 .scope module, "bit_cell6" "bit_cell" 4 18, 5 2 0, S_000002268db5f320;
 .timescale 0 0;
    .port_info 0 /INPUT 1 "clk";
    .port_info 1 /INPUT 1 "rst";
    .port_info 2 /INPUT 1 "d";
    .port_info 3 /INPUT 1 "wren";
    .port_info 4 /INPUT 1 "rden1";
    .port_info 5 /INPUT 1 "rden2";
    .port_info 6 /INOUT 1 "bitline1";
    .port_info 7 /INOUT 1 "bitline2";
L_000002268dd336f0 .functor BUFIF1 1, v000002268db56a00_0, L_000002268dccc4b0, C4<0>, C4<0>;
L_000002268dd333e0 .functor BUFIF1 1, v000002268db56a00_0, L_000002268dccbbf0, C4<0>, C4<0>;
v000002268db58b20_0 .net8 "bitline1", 0 0, p000002268daf6f68;  1 drivers, strength-aware
v000002268db56820_0 .net8 "bitline2", 0 0, p000002268daf6f98;  1 drivers, strength-aware
v000002268db56c80_0 .net "clk", 0 0, o000002268daedc38;  alias, 0 drivers
v000002268db57040_0 .net "d", 0 0, L_000002268dccaed0;  1 drivers
v000002268db57360_0 .net "q", 0 0, v000002268db56a00_0;  1 drivers
v000002268db58e40_0 .net "rden1", 0 0, L_000002268dccc4b0;  alias, 1 drivers
v000002268db58ee0_0 .net "rden2", 0 0, L_000002268dccbbf0;  alias, 1 drivers
v000002268db59ca0_0 .net "rst", 0 0, o000002268daedcc8;  alias, 0 drivers
v000002268db5a9c0_0 .net "wren", 0 0, L_000002268dccd310;  alias, 1 drivers
S_000002268db62b20 .scope module, "cell_dff" "dff" 5 13, 6 4 0, S_000002268db62990;
 .timescale 0 0;
    .port_info 0 /OUTPUT 1 "q";
    .port_info 1 /INPUT 1 "d";
    .port_info 2 /INPUT 1 "wen";
    .port_info 3 /INPUT 1 "clk";
    .port_info 4 /INPUT 1 "rst";
v000002268db56fa0_0 .net "clk", 0 0, o000002268daedc38;  alias, 0 drivers
v000002268db589e0_0 .net "d", 0 0, L_000002268dccaed0;  alias, 1 drivers
v000002268db56a00_0 .var "q", 0 0;
v000002268db566e0_0 .net "rst", 0 0, o000002268daedcc8;  alias, 0 drivers
v000002268db58a80_0 .net "wen", 0 0, L_000002268dccd310;  alias, 1 drivers
S_000002268db63160 .scope module, "bit_cell7" "bit_cell" 4 19, 5 2 0, S_000002268db5f320;
 .timescale 0 0;
    .port_info 0 /INPUT 1 "clk";
    .port_info 1 /INPUT 1 "rst";
    .port_info 2 /INPUT 1 "d";
    .port_info 3 /INPUT 1 "wren";
    .port_info 4 /INPUT 1 "rden1";
    .port_info 5 /INPUT 1 "rden2";
    .port_info 6 /INOUT 1 "bitline1";
    .port_info 7 /INOUT 1 "bitline2";
L_000002268dd33ae0 .functor BUFIF1 1, v000002268db5b320_0, L_000002268dccc4b0, C4<0>, C4<0>;
L_000002268dd33b50 .functor BUFIF1 1, v000002268db5b320_0, L_000002268dccbbf0, C4<0>, C4<0>;
v000002268db59b60_0 .net8 "bitline1", 0 0, p000002268daf7298;  1 drivers, strength-aware
v000002268db5ac40_0 .net8 "bitline2", 0 0, p000002268daf72c8;  1 drivers, strength-aware
v000002268db5a380_0 .net "clk", 0 0, o000002268daedc38;  alias, 0 drivers
v000002268db5b000_0 .net "d", 0 0, L_000002268dccb010;  1 drivers
v000002268db59340_0 .net "q", 0 0, v000002268db5b320_0;  1 drivers
v000002268db5a420_0 .net "rden1", 0 0, L_000002268dccc4b0;  alias, 1 drivers
v000002268db58da0_0 .net "rden2", 0 0, L_000002268dccbbf0;  alias, 1 drivers
v000002268db593e0_0 .net "rst", 0 0, o000002268daedcc8;  alias, 0 drivers
v000002268db59ac0_0 .net "wren", 0 0, L_000002268dccd310;  alias, 1 drivers
S_000002268db62cb0 .scope module, "cell_dff" "dff" 5 13, 6 4 0, S_000002268db63160;
 .timescale 0 0;
    .port_info 0 /OUTPUT 1 "q";
    .port_info 1 /INPUT 1 "d";
    .port_info 2 /INPUT 1 "wen";
    .port_info 3 /INPUT 1 "clk";
    .port_info 4 /INPUT 1 "rst";
v000002268db592a0_0 .net "clk", 0 0, o000002268daedc38;  alias, 0 drivers
v000002268db5a560_0 .net "d", 0 0, L_000002268dccb010;  alias, 1 drivers
v000002268db5b320_0 .var "q", 0 0;
v000002268db5ab00_0 .net "rst", 0 0, o000002268daedcc8;  alias, 0 drivers
v000002268db5af60_0 .net "wen", 0 0, L_000002268dccd310;  alias, 1 drivers
S_000002268db62350 .scope module, "bit_cell8" "bit_cell" 4 20, 5 2 0, S_000002268db5f320;
 .timescale 0 0;
    .port_info 0 /INPUT 1 "clk";
    .port_info 1 /INPUT 1 "rst";
    .port_info 2 /INPUT 1 "d";
    .port_info 3 /INPUT 1 "wren";
    .port_info 4 /INPUT 1 "rden1";
    .port_info 5 /INPUT 1 "rden2";
    .port_info 6 /INOUT 1 "bitline1";
    .port_info 7 /INOUT 1 "bitline2";
L_000002268dd331b0 .functor BUFIF1 1, v000002268db5aec0_0, L_000002268dccc4b0, C4<0>, C4<0>;
L_000002268dd33220 .functor BUFIF1 1, v000002268db5aec0_0, L_000002268dccbbf0, C4<0>, C4<0>;
v000002268db59160_0 .net8 "bitline1", 0 0, p000002268daf75c8;  1 drivers, strength-aware
v000002268db5a600_0 .net8 "bitline2", 0 0, p000002268daf75f8;  1 drivers, strength-aware
v000002268db59de0_0 .net "clk", 0 0, o000002268daedc38;  alias, 0 drivers
v000002268db59fc0_0 .net "d", 0 0, L_000002268dccb830;  1 drivers
v000002268db590c0_0 .net "q", 0 0, v000002268db5aec0_0;  1 drivers
v000002268db5a880_0 .net "rden1", 0 0, L_000002268dccc4b0;  alias, 1 drivers
v000002268db59e80_0 .net "rden2", 0 0, L_000002268dccbbf0;  alias, 1 drivers
v000002268db59020_0 .net "rst", 0 0, o000002268daedcc8;  alias, 0 drivers
v000002268db59660_0 .net "wren", 0 0, L_000002268dccd310;  alias, 1 drivers
S_000002268db62e40 .scope module, "cell_dff" "dff" 5 13, 6 4 0, S_000002268db62350;
 .timescale 0 0;
    .port_info 0 /OUTPUT 1 "q";
    .port_info 1 /INPUT 1 "d";
    .port_info 2 /INPUT 1 "wen";
    .port_info 3 /INPUT 1 "clk";
    .port_info 4 /INPUT 1 "rst";
v000002268db5a240_0 .net "clk", 0 0, o000002268daedc38;  alias, 0 drivers
v000002268db5a4c0_0 .net "d", 0 0, L_000002268dccb830;  alias, 1 drivers
v000002268db5aec0_0 .var "q", 0 0;
v000002268db59d40_0 .net "rst", 0 0, o000002268daedcc8;  alias, 0 drivers
v000002268db59c00_0 .net "wen", 0 0, L_000002268dccd310;  alias, 1 drivers
S_000002268db62fd0 .scope module, "bit_cell9" "bit_cell" 4 21, 5 2 0, S_000002268db5f320;
 .timescale 0 0;
    .port_info 0 /INPUT 1 "clk";
    .port_info 1 /INPUT 1 "rst";
    .port_info 2 /INPUT 1 "d";
    .port_info 3 /INPUT 1 "wren";
    .port_info 4 /INPUT 1 "rden1";
    .port_info 5 /INPUT 1 "rden2";
    .port_info 6 /INOUT 1 "bitline1";
    .port_info 7 /INOUT 1 "bitline2";
L_000002268dd33370 .functor BUFIF1 1, v000002268db5a740_0, L_000002268dccc4b0, C4<0>, C4<0>;
L_000002268dd33ca0 .functor BUFIF1 1, v000002268db5a740_0, L_000002268dccbbf0, C4<0>, C4<0>;
v000002268db59520_0 .net8 "bitline1", 0 0, p000002268daf78f8;  1 drivers, strength-aware
v000002268db58f80_0 .net8 "bitline2", 0 0, p000002268daf7928;  1 drivers, strength-aware
v000002268db5a100_0 .net "clk", 0 0, o000002268daedc38;  alias, 0 drivers
v000002268db59200_0 .net "d", 0 0, L_000002268dccd270;  1 drivers
v000002268db5a1a0_0 .net "q", 0 0, v000002268db5a740_0;  1 drivers
v000002268db5a2e0_0 .net "rden1", 0 0, L_000002268dccc4b0;  alias, 1 drivers
v000002268db5a920_0 .net "rden2", 0 0, L_000002268dccbbf0;  alias, 1 drivers
v000002268db5ace0_0 .net "rst", 0 0, o000002268daedcc8;  alias, 0 drivers
v000002268db5aa60_0 .net "wren", 0 0, L_000002268dccd310;  alias, 1 drivers
S_000002268db63610 .scope module, "cell_dff" "dff" 5 13, 6 4 0, S_000002268db62fd0;
 .timescale 0 0;
    .port_info 0 /OUTPUT 1 "q";
    .port_info 1 /INPUT 1 "d";
    .port_info 2 /INPUT 1 "wen";
    .port_info 3 /INPUT 1 "clk";
    .port_info 4 /INPUT 1 "rst";
v000002268db5a6a0_0 .net "clk", 0 0, o000002268daedc38;  alias, 0 drivers
v000002268db59f20_0 .net "d", 0 0, L_000002268dccd270;  alias, 1 drivers
v000002268db5a740_0 .var "q", 0 0;
v000002268db5a7e0_0 .net "rst", 0 0, o000002268daedcc8;  alias, 0 drivers
v000002268db5a060_0 .net "wen", 0 0, L_000002268dccd310;  alias, 1 drivers
S_000002268db63930 .scope module, "reg11" "register" 2 34, 4 2 0, S_000002268d492190;
 .timescale 0 0;
    .port_info 0 /INPUT 1 "clk";
    .port_info 1 /INPUT 1 "rst";
    .port_info 2 /INPUT 16 "d";
    .port_info 3 /INPUT 1 "write_reg";
    .port_info 4 /INPUT 1 "rden1";
    .port_info 5 /INPUT 1 "rden2";
    .port_info 6 /INOUT 16 "bitline1";
    .port_info 7 /INOUT 16 "bitline2";
v000002268db6bdb0_0 .net8 "bitline1", 15 0, p000002268daf1028;  alias, 0 drivers, strength-aware
v000002268db6d390_0 .net8 "bitline2", 15 0, p000002268daf1058;  alias, 0 drivers, strength-aware
v000002268db6df70_0 .net "clk", 0 0, o000002268daedc38;  alias, 0 drivers
v000002268db6e510_0 .net "d", 15 0, o000002268daf1088;  alias, 0 drivers
v000002268db6f230_0 .net "rden1", 0 0, L_000002268dccc730;  1 drivers
v000002268db6fb90_0 .net "rden2", 0 0, L_000002268dccc870;  1 drivers
v000002268db6e5b0_0 .net "rst", 0 0, o000002268daedcc8;  alias, 0 drivers
v000002268db6ded0_0 .net "write_reg", 0 0, L_000002268dccc690;  1 drivers
L_000002268dccb150 .part o000002268daf1088, 0, 1;
L_000002268dccb650 .part o000002268daf1088, 1, 1;
L_000002268dccb1f0 .part o000002268daf1088, 2, 1;
L_000002268dccc9b0 .part o000002268daf1088, 3, 1;
L_000002268dccbdd0 .part o000002268daf1088, 4, 1;
L_000002268dccbfb0 .part o000002268daf1088, 5, 1;
L_000002268dccce10 .part o000002268daf1088, 6, 1;
L_000002268dccc050 .part o000002268daf1088, 7, 1;
L_000002268dccb290 .part o000002268daf1088, 8, 1;
L_000002268dccb3d0 .part o000002268daf1088, 9, 1;
L_000002268dccc0f0 .part o000002268daf1088, 10, 1;
L_000002268dccb510 .part o000002268daf1088, 11, 1;
L_000002268dccc550 .part o000002268daf1088, 12, 1;
L_000002268dccc2d0 .part o000002268daf1088, 13, 1;
L_000002268dccc370 .part o000002268daf1088, 14, 1;
L_000002268dccc5f0 .part o000002268daf1088, 15, 1;
p000002268daf7dd8 .port I000002268da132c0, L_000002268dd34db0;
 .tranvp 16 1 0, I000002268da132c0, p000002268daf1028 p000002268daf7dd8;
p000002268daf7e08 .port I000002268da12d00, L_000002268dd35280;
 .tranvp 16 1 0, I000002268da12d00, p000002268daf1058 p000002268daf7e08;
p000002268daf8168 .port I000002268da132c0, L_000002268dd34e20;
 .tranvp 16 1 1, I000002268da132c0, p000002268daf1028 p000002268daf8168;
p000002268daf8198 .port I000002268da12d00, L_000002268dd34f70;
 .tranvp 16 1 1, I000002268da12d00, p000002268daf1058 p000002268daf8198;
p000002268daf97b8 .port I000002268da132c0, L_000002268dd34e90;
 .tranvp 16 1 2, I000002268da132c0, p000002268daf1028 p000002268daf97b8;
p000002268daf97e8 .port I000002268da12d00, L_000002268dd353d0;
 .tranvp 16 1 2, I000002268da12d00, p000002268daf1058 p000002268daf97e8;
p000002268daf9ae8 .port I000002268da132c0, L_000002268dd34fe0;
 .tranvp 16 1 3, I000002268da132c0, p000002268daf1028 p000002268daf9ae8;
p000002268daf9b18 .port I000002268da12d00, L_000002268dd35050;
 .tranvp 16 1 3, I000002268da12d00, p000002268daf1058 p000002268daf9b18;
p000002268daf9e18 .port I000002268da132c0, L_000002268dd351a0;
 .tranvp 16 1 4, I000002268da132c0, p000002268daf1028 p000002268daf9e18;
p000002268daf9e48 .port I000002268da12d00, L_000002268dd35440;
 .tranvp 16 1 4, I000002268da12d00, p000002268daf1058 p000002268daf9e48;
p000002268dafa148 .port I000002268da132c0, L_000002268dd35210;
 .tranvp 16 1 5, I000002268da132c0, p000002268daf1028 p000002268dafa148;
p000002268dafa178 .port I000002268da12d00, L_000002268dd35130;
 .tranvp 16 1 5, I000002268da12d00, p000002268daf1058 p000002268dafa178;
p000002268dafa478 .port I000002268da132c0, L_000002268dd352f0;
 .tranvp 16 1 6, I000002268da132c0, p000002268daf1028 p000002268dafa478;
p000002268dafa4a8 .port I000002268da12d00, L_000002268dd35360;
 .tranvp 16 1 6, I000002268da12d00, p000002268daf1058 p000002268dafa4a8;
p000002268dafa7a8 .port I000002268da132c0, L_000002268dd47740;
 .tranvp 16 1 7, I000002268da132c0, p000002268daf1028 p000002268dafa7a8;
p000002268dafa7d8 .port I000002268da12d00, L_000002268dd47190;
 .tranvp 16 1 7, I000002268da12d00, p000002268daf1058 p000002268dafa7d8;
p000002268dafaad8 .port I000002268da132c0, L_000002268dd46fd0;
 .tranvp 16 1 8, I000002268da132c0, p000002268daf1028 p000002268dafaad8;
p000002268dafab08 .port I000002268da12d00, L_000002268dd46d30;
 .tranvp 16 1 8, I000002268da12d00, p000002268daf1058 p000002268dafab08;
p000002268dafae08 .port I000002268da132c0, L_000002268dd46630;
 .tranvp 16 1 9, I000002268da132c0, p000002268daf1028 p000002268dafae08;
p000002268dafae38 .port I000002268da12d00, L_000002268dd48070;
 .tranvp 16 1 9, I000002268da12d00, p000002268daf1058 p000002268dafae38;
p000002268daf8498 .port I000002268da132c0, L_000002268dd47dd0;
 .tranvp 16 1 10, I000002268da132c0, p000002268daf1028 p000002268daf8498;
p000002268daf84c8 .port I000002268da12d00, L_000002268dd469b0;
 .tranvp 16 1 10, I000002268da12d00, p000002268daf1058 p000002268daf84c8;
p000002268daf87c8 .port I000002268da132c0, L_000002268dd466a0;
 .tranvp 16 1 11, I000002268da132c0, p000002268daf1028 p000002268daf87c8;
p000002268daf87f8 .port I000002268da12d00, L_000002268dd475f0;
 .tranvp 16 1 11, I000002268da12d00, p000002268daf1058 p000002268daf87f8;
p000002268daf8af8 .port I000002268da132c0, L_000002268dd47890;
 .tranvp 16 1 12, I000002268da132c0, p000002268daf1028 p000002268daf8af8;
p000002268daf8b28 .port I000002268da12d00, L_000002268dd47430;
 .tranvp 16 1 12, I000002268da12d00, p000002268daf1058 p000002268daf8b28;
p000002268daf8e28 .port I000002268da132c0, L_000002268dd46cc0;
 .tranvp 16 1 13, I000002268da132c0, p000002268daf1028 p000002268daf8e28;
p000002268daf8e58 .port I000002268da12d00, L_000002268dd47e40;
 .tranvp 16 1 13, I000002268da12d00, p000002268daf1058 p000002268daf8e58;
p000002268daf9158 .port I000002268da132c0, L_000002268dd47eb0;
 .tranvp 16 1 14, I000002268da132c0, p000002268daf1028 p000002268daf9158;
p000002268daf9188 .port I000002268da12d00, L_000002268dd46a20;
 .tranvp 16 1 14, I000002268da12d00, p000002268daf1058 p000002268daf9188;
p000002268daf9488 .port I000002268da132c0, L_000002268dd474a0;
 .tranvp 16 1 15, I000002268da132c0, p000002268daf1028 p000002268daf9488;
p000002268daf94b8 .port I000002268da12d00, L_000002268dd480e0;
 .tranvp 16 1 15, I000002268da12d00, p000002268daf1058 p000002268daf94b8;
S_000002268db63ac0 .scope module, "bit_cell0" "bit_cell" 4 12, 5 2 0, S_000002268db63930;
 .timescale 0 0;
    .port_info 0 /INPUT 1 "clk";
    .port_info 1 /INPUT 1 "rst";
    .port_info 2 /INPUT 1 "d";
    .port_info 3 /INPUT 1 "wren";
    .port_info 4 /INPUT 1 "rden1";
    .port_info 5 /INPUT 1 "rden2";
    .port_info 6 /INOUT 1 "bitline1";
    .port_info 7 /INOUT 1 "bitline2";
L_000002268dd34db0 .functor BUFIF1 1, v000002268db59840_0, L_000002268dccc730, C4<0>, C4<0>;
L_000002268dd35280 .functor BUFIF1 1, v000002268db59840_0, L_000002268dccc870, C4<0>, C4<0>;
v000002268db5b1e0_0 .net8 "bitline1", 0 0, p000002268daf7dd8;  1 drivers, strength-aware
v000002268db5b280_0 .net8 "bitline2", 0 0, p000002268daf7e08;  1 drivers, strength-aware
v000002268db5b3c0_0 .net "clk", 0 0, o000002268daedc38;  alias, 0 drivers
v000002268db58d00_0 .net "d", 0 0, L_000002268dccb150;  1 drivers
v000002268db59a20_0 .net "q", 0 0, v000002268db59840_0;  1 drivers
v000002268db5d120_0 .net "rden1", 0 0, L_000002268dccc730;  alias, 1 drivers
v000002268db5d4e0_0 .net "rden2", 0 0, L_000002268dccc870;  alias, 1 drivers
v000002268db5bbe0_0 .net "rst", 0 0, o000002268daedcc8;  alias, 0 drivers
v000002268db5bb40_0 .net "wren", 0 0, L_000002268dccc690;  alias, 1 drivers
S_000002268db61d10 .scope module, "cell_dff" "dff" 5 13, 6 4 0, S_000002268db63ac0;
 .timescale 0 0;
    .port_info 0 /OUTPUT 1 "q";
    .port_info 1 /INPUT 1 "d";
    .port_info 2 /INPUT 1 "wen";
    .port_info 3 /INPUT 1 "clk";
    .port_info 4 /INPUT 1 "rst";
v000002268db5b0a0_0 .net "clk", 0 0, o000002268daedc38;  alias, 0 drivers
v000002268db5b140_0 .net "d", 0 0, L_000002268dccb150;  alias, 1 drivers
v000002268db59840_0 .var "q", 0 0;
v000002268db598e0_0 .net "rst", 0 0, o000002268daedcc8;  alias, 0 drivers
v000002268db59980_0 .net "wen", 0 0, L_000002268dccc690;  alias, 1 drivers
S_000002268db66170 .scope module, "bit_cell1" "bit_cell" 4 13, 5 2 0, S_000002268db63930;
 .timescale 0 0;
    .port_info 0 /INPUT 1 "clk";
    .port_info 1 /INPUT 1 "rst";
    .port_info 2 /INPUT 1 "d";
    .port_info 3 /INPUT 1 "wren";
    .port_info 4 /INPUT 1 "rden1";
    .port_info 5 /INPUT 1 "rden2";
    .port_info 6 /INOUT 1 "bitline1";
    .port_info 7 /INOUT 1 "bitline2";
L_000002268dd34e20 .functor BUFIF1 1, v000002268db5d580_0, L_000002268dccc730, C4<0>, C4<0>;
L_000002268dd34f70 .functor BUFIF1 1, v000002268db5d580_0, L_000002268dccc870, C4<0>, C4<0>;
v000002268db5d6c0_0 .net8 "bitline1", 0 0, p000002268daf8168;  1 drivers, strength-aware
v000002268db5baa0_0 .net8 "bitline2", 0 0, p000002268daf8198;  1 drivers, strength-aware
v000002268db5b5a0_0 .net "clk", 0 0, o000002268daedc38;  alias, 0 drivers
v000002268db5cae0_0 .net "d", 0 0, L_000002268dccb650;  1 drivers
v000002268db5bd20_0 .net "q", 0 0, v000002268db5d580_0;  1 drivers
v000002268db5b640_0 .net "rden1", 0 0, L_000002268dccc730;  alias, 1 drivers
v000002268db5c680_0 .net "rden2", 0 0, L_000002268dccc870;  alias, 1 drivers
v000002268db5c0e0_0 .net "rst", 0 0, o000002268daedcc8;  alias, 0 drivers
v000002268db5b6e0_0 .net "wren", 0 0, L_000002268dccc690;  alias, 1 drivers
S_000002268db65040 .scope module, "cell_dff" "dff" 5 13, 6 4 0, S_000002268db66170;
 .timescale 0 0;
    .port_info 0 /OUTPUT 1 "q";
    .port_info 1 /INPUT 1 "d";
    .port_info 2 /INPUT 1 "wen";
    .port_info 3 /INPUT 1 "clk";
    .port_info 4 /INPUT 1 "rst";
v000002268db5b500_0 .net "clk", 0 0, o000002268daedc38;  alias, 0 drivers
v000002268db5bfa0_0 .net "d", 0 0, L_000002268dccb650;  alias, 1 drivers
v000002268db5d580_0 .var "q", 0 0;
v000002268db5cd60_0 .net "rst", 0 0, o000002268daedcc8;  alias, 0 drivers
v000002268db5d620_0 .net "wen", 0 0, L_000002268dccc690;  alias, 1 drivers
S_000002268db64870 .scope module, "bit_cell10" "bit_cell" 4 22, 5 2 0, S_000002268db63930;
 .timescale 0 0;
    .port_info 0 /INPUT 1 "clk";
    .port_info 1 /INPUT 1 "rst";
    .port_info 2 /INPUT 1 "d";
    .port_info 3 /INPUT 1 "wren";
    .port_info 4 /INPUT 1 "rden1";
    .port_info 5 /INPUT 1 "rden2";
    .port_info 6 /INOUT 1 "bitline1";
    .port_info 7 /INOUT 1 "bitline2";
L_000002268dd47dd0 .functor BUFIF1 1, v000002268db5b780_0, L_000002268dccc730, C4<0>, C4<0>;
L_000002268dd469b0 .functor BUFIF1 1, v000002268db5b780_0, L_000002268dccc870, C4<0>, C4<0>;
v000002268db5cfe0_0 .net8 "bitline1", 0 0, p000002268daf8498;  1 drivers, strength-aware
v000002268db5c860_0 .net8 "bitline2", 0 0, p000002268daf84c8;  1 drivers, strength-aware
v000002268db5b8c0_0 .net "clk", 0 0, o000002268daedc38;  alias, 0 drivers
v000002268db5d940_0 .net "d", 0 0, L_000002268dccc0f0;  1 drivers
v000002268db5c180_0 .net "q", 0 0, v000002268db5b780_0;  1 drivers
v000002268db5cb80_0 .net "rden1", 0 0, L_000002268dccc730;  alias, 1 drivers
v000002268db5d760_0 .net "rden2", 0 0, L_000002268dccc870;  alias, 1 drivers
v000002268db5d080_0 .net "rst", 0 0, o000002268daedcc8;  alias, 0 drivers
v000002268db5d1c0_0 .net "wren", 0 0, L_000002268dccc690;  alias, 1 drivers
S_000002268db646e0 .scope module, "cell_dff" "dff" 5 13, 6 4 0, S_000002268db64870;
 .timescale 0 0;
    .port_info 0 /OUTPUT 1 "q";
    .port_info 1 /INPUT 1 "d";
    .port_info 2 /INPUT 1 "wen";
    .port_info 3 /INPUT 1 "clk";
    .port_info 4 /INPUT 1 "rst";
v000002268db5c4a0_0 .net "clk", 0 0, o000002268daedc38;  alias, 0 drivers
v000002268db5bdc0_0 .net "d", 0 0, L_000002268dccc0f0;  alias, 1 drivers
v000002268db5b780_0 .var "q", 0 0;
v000002268db5d440_0 .net "rst", 0 0, o000002268daedcc8;  alias, 0 drivers
v000002268db5b820_0 .net "wen", 0 0, L_000002268dccc690;  alias, 1 drivers
S_000002268db65cc0 .scope module, "bit_cell11" "bit_cell" 4 23, 5 2 0, S_000002268db63930;
 .timescale 0 0;
    .port_info 0 /INPUT 1 "clk";
    .port_info 1 /INPUT 1 "rst";
    .port_info 2 /INPUT 1 "d";
    .port_info 3 /INPUT 1 "wren";
    .port_info 4 /INPUT 1 "rden1";
    .port_info 5 /INPUT 1 "rden2";
    .port_info 6 /INOUT 1 "bitline1";
    .port_info 7 /INOUT 1 "bitline2";
L_000002268dd466a0 .functor BUFIF1 1, v000002268db5ba00_0, L_000002268dccc730, C4<0>, C4<0>;
L_000002268dd475f0 .functor BUFIF1 1, v000002268db5ba00_0, L_000002268dccc870, C4<0>, C4<0>;
v000002268db5d800_0 .net8 "bitline1", 0 0, p000002268daf87c8;  1 drivers, strength-aware
v000002268db5d300_0 .net8 "bitline2", 0 0, p000002268daf87f8;  1 drivers, strength-aware
v000002268db5be60_0 .net "clk", 0 0, o000002268daedc38;  alias, 0 drivers
v000002268db5bf00_0 .net "d", 0 0, L_000002268dccb510;  1 drivers
v000002268db5c540_0 .net "q", 0 0, v000002268db5ba00_0;  1 drivers
v000002268db5c040_0 .net "rden1", 0 0, L_000002268dccc730;  alias, 1 drivers
v000002268db5dc60_0 .net "rden2", 0 0, L_000002268dccc870;  alias, 1 drivers
v000002268db5c220_0 .net "rst", 0 0, o000002268daedcc8;  alias, 0 drivers
v000002268db5d260_0 .net "wren", 0 0, L_000002268dccc690;  alias, 1 drivers
S_000002268db64b90 .scope module, "cell_dff" "dff" 5 13, 6 4 0, S_000002268db65cc0;
 .timescale 0 0;
    .port_info 0 /OUTPUT 1 "q";
    .port_info 1 /INPUT 1 "d";
    .port_info 2 /INPUT 1 "wen";
    .port_info 3 /INPUT 1 "clk";
    .port_info 4 /INPUT 1 "rst";
v000002268db5b960_0 .net "clk", 0 0, o000002268daedc38;  alias, 0 drivers
v000002268db5d8a0_0 .net "d", 0 0, L_000002268dccb510;  alias, 1 drivers
v000002268db5ba00_0 .var "q", 0 0;
v000002268db5bc80_0 .net "rst", 0 0, o000002268daedcc8;  alias, 0 drivers
v000002268db5cc20_0 .net "wen", 0 0, L_000002268dccc690;  alias, 1 drivers
S_000002268db64a00 .scope module, "bit_cell12" "bit_cell" 4 24, 5 2 0, S_000002268db63930;
 .timescale 0 0;
    .port_info 0 /INPUT 1 "clk";
    .port_info 1 /INPUT 1 "rst";
    .port_info 2 /INPUT 1 "d";
    .port_info 3 /INPUT 1 "wren";
    .port_info 4 /INPUT 1 "rden1";
    .port_info 5 /INPUT 1 "rden2";
    .port_info 6 /INOUT 1 "bitline1";
    .port_info 7 /INOUT 1 "bitline2";
L_000002268dd47890 .functor BUFIF1 1, v000002268db5d9e0_0, L_000002268dccc730, C4<0>, C4<0>;
L_000002268dd47430 .functor BUFIF1 1, v000002268db5d9e0_0, L_000002268dccc870, C4<0>, C4<0>;
v000002268db5cf40_0 .net8 "bitline1", 0 0, p000002268daf8af8;  1 drivers, strength-aware
v000002268db5ccc0_0 .net8 "bitline2", 0 0, p000002268daf8b28;  1 drivers, strength-aware
v000002268db5da80_0 .net "clk", 0 0, o000002268daedc38;  alias, 0 drivers
v000002268db5c5e0_0 .net "d", 0 0, L_000002268dccc550;  1 drivers
v000002268db5c720_0 .net "q", 0 0, v000002268db5d9e0_0;  1 drivers
v000002268db5c7c0_0 .net "rden1", 0 0, L_000002268dccc730;  alias, 1 drivers
v000002268db5c900_0 .net "rden2", 0 0, L_000002268dccc870;  alias, 1 drivers
v000002268db5db20_0 .net "rst", 0 0, o000002268daedcc8;  alias, 0 drivers
v000002268db5dbc0_0 .net "wren", 0 0, L_000002268dccc690;  alias, 1 drivers
S_000002268db64d20 .scope module, "cell_dff" "dff" 5 13, 6 4 0, S_000002268db64a00;
 .timescale 0 0;
    .port_info 0 /OUTPUT 1 "q";
    .port_info 1 /INPUT 1 "d";
    .port_info 2 /INPUT 1 "wen";
    .port_info 3 /INPUT 1 "clk";
    .port_info 4 /INPUT 1 "rst";
v000002268db5c2c0_0 .net "clk", 0 0, o000002268daedc38;  alias, 0 drivers
v000002268db5d3a0_0 .net "d", 0 0, L_000002268dccc550;  alias, 1 drivers
v000002268db5d9e0_0 .var "q", 0 0;
v000002268db5c400_0 .net "rst", 0 0, o000002268daedcc8;  alias, 0 drivers
v000002268db5c360_0 .net "wen", 0 0, L_000002268dccc690;  alias, 1 drivers
S_000002268db65e50 .scope module, "bit_cell13" "bit_cell" 4 25, 5 2 0, S_000002268db63930;
 .timescale 0 0;
    .port_info 0 /INPUT 1 "clk";
    .port_info 1 /INPUT 1 "rst";
    .port_info 2 /INPUT 1 "d";
    .port_info 3 /INPUT 1 "wren";
    .port_info 4 /INPUT 1 "rden1";
    .port_info 5 /INPUT 1 "rden2";
    .port_info 6 /INOUT 1 "bitline1";
    .port_info 7 /INOUT 1 "bitline2";
L_000002268dd46cc0 .functor BUFIF1 1, v000002268db5ce00_0, L_000002268dccc730, C4<0>, C4<0>;
L_000002268dd47e40 .functor BUFIF1 1, v000002268db5ce00_0, L_000002268dccc870, C4<0>, C4<0>;
v000002268db5e8e0_0 .net8 "bitline1", 0 0, p000002268daf8e28;  1 drivers, strength-aware
v000002268db5e020_0 .net8 "bitline2", 0 0, p000002268daf8e58;  1 drivers, strength-aware
v000002268db5dda0_0 .net "clk", 0 0, o000002268daedc38;  alias, 0 drivers
v000002268db5e200_0 .net "d", 0 0, L_000002268dccc2d0;  1 drivers
v000002268db5eb60_0 .net "q", 0 0, v000002268db5ce00_0;  1 drivers
v000002268db5e5c0_0 .net "rden1", 0 0, L_000002268dccc730;  alias, 1 drivers
v000002268db5ea20_0 .net "rden2", 0 0, L_000002268dccc870;  alias, 1 drivers
v000002268db5e2a0_0 .net "rst", 0 0, o000002268daedcc8;  alias, 0 drivers
v000002268db5e340_0 .net "wren", 0 0, L_000002268dccc690;  alias, 1 drivers
S_000002268db659a0 .scope module, "cell_dff" "dff" 5 13, 6 4 0, S_000002268db65e50;
 .timescale 0 0;
    .port_info 0 /OUTPUT 1 "q";
    .port_info 1 /INPUT 1 "d";
    .port_info 2 /INPUT 1 "wen";
    .port_info 3 /INPUT 1 "clk";
    .port_info 4 /INPUT 1 "rst";
v000002268db5c9a0_0 .net "clk", 0 0, o000002268daedc38;  alias, 0 drivers
v000002268db5ca40_0 .net "d", 0 0, L_000002268dccc2d0;  alias, 1 drivers
v000002268db5ce00_0 .var "q", 0 0;
v000002268db5cea0_0 .net "rst", 0 0, o000002268daedcc8;  alias, 0 drivers
v000002268db5e840_0 .net "wen", 0 0, L_000002268dccc690;  alias, 1 drivers
S_000002268db65810 .scope module, "bit_cell14" "bit_cell" 4 26, 5 2 0, S_000002268db63930;
 .timescale 0 0;
    .port_info 0 /INPUT 1 "clk";
    .port_info 1 /INPUT 1 "rst";
    .port_info 2 /INPUT 1 "d";
    .port_info 3 /INPUT 1 "wren";
    .port_info 4 /INPUT 1 "rden1";
    .port_info 5 /INPUT 1 "rden2";
    .port_info 6 /INOUT 1 "bitline1";
    .port_info 7 /INOUT 1 "bitline2";
L_000002268dd47eb0 .functor BUFIF1 1, v000002268db5dee0_0, L_000002268dccc730, C4<0>, C4<0>;
L_000002268dd46a20 .functor BUFIF1 1, v000002268db5dee0_0, L_000002268dccc870, C4<0>, C4<0>;
v000002268db5e480_0 .net8 "bitline1", 0 0, p000002268daf9158;  1 drivers, strength-aware
v000002268db5e520_0 .net8 "bitline2", 0 0, p000002268daf9188;  1 drivers, strength-aware
v000002268db5de40_0 .net "clk", 0 0, o000002268daedc38;  alias, 0 drivers
v000002268db5e0c0_0 .net "d", 0 0, L_000002268dccc370;  1 drivers
v000002268db5df80_0 .net "q", 0 0, v000002268db5dee0_0;  1 drivers
v000002268db5e160_0 .net "rden1", 0 0, L_000002268dccc730;  alias, 1 drivers
v000002268db5e660_0 .net "rden2", 0 0, L_000002268dccc870;  alias, 1 drivers
v000002268db5e700_0 .net "rst", 0 0, o000002268daedcc8;  alias, 0 drivers
v000002268db5e7a0_0 .net "wren", 0 0, L_000002268dccc690;  alias, 1 drivers
S_000002268db651d0 .scope module, "cell_dff" "dff" 5 13, 6 4 0, S_000002268db65810;
 .timescale 0 0;
    .port_info 0 /OUTPUT 1 "q";
    .port_info 1 /INPUT 1 "d";
    .port_info 2 /INPUT 1 "wen";
    .port_info 3 /INPUT 1 "clk";
    .port_info 4 /INPUT 1 "rst";
v000002268db5e980_0 .net "clk", 0 0, o000002268daedc38;  alias, 0 drivers
v000002268db5eac0_0 .net "d", 0 0, L_000002268dccc370;  alias, 1 drivers
v000002268db5dee0_0 .var "q", 0 0;
v000002268db5e3e0_0 .net "rst", 0 0, o000002268daedcc8;  alias, 0 drivers
v000002268db5dd00_0 .net "wen", 0 0, L_000002268dccc690;  alias, 1 drivers
S_000002268db64550 .scope module, "bit_cell15" "bit_cell" 4 27, 5 2 0, S_000002268db63930;
 .timescale 0 0;
    .port_info 0 /INPUT 1 "clk";
    .port_info 1 /INPUT 1 "rst";
    .port_info 2 /INPUT 1 "d";
    .port_info 3 /INPUT 1 "wren";
    .port_info 4 /INPUT 1 "rden1";
    .port_info 5 /INPUT 1 "rden2";
    .port_info 6 /INOUT 1 "bitline1";
    .port_info 7 /INOUT 1 "bitline2";
L_000002268dd474a0 .functor BUFIF1 1, v000002268db690b0_0, L_000002268dccc730, C4<0>, C4<0>;
L_000002268dd480e0 .functor BUFIF1 1, v000002268db690b0_0, L_000002268dccc870, C4<0>, C4<0>;
v000002268db693d0_0 .net8 "bitline1", 0 0, p000002268daf9488;  1 drivers, strength-aware
v000002268db6aaf0_0 .net8 "bitline2", 0 0, p000002268daf94b8;  1 drivers, strength-aware
v000002268db6a050_0 .net "clk", 0 0, o000002268daedc38;  alias, 0 drivers
v000002268db68d90_0 .net "d", 0 0, L_000002268dccc5f0;  1 drivers
v000002268db6b4f0_0 .net "q", 0 0, v000002268db690b0_0;  1 drivers
v000002268db691f0_0 .net "rden1", 0 0, L_000002268dccc730;  alias, 1 drivers
v000002268db69290_0 .net "rden2", 0 0, L_000002268dccc870;  alias, 1 drivers
v000002268db69bf0_0 .net "rst", 0 0, o000002268daedcc8;  alias, 0 drivers
v000002268db6aff0_0 .net "wren", 0 0, L_000002268dccc690;  alias, 1 drivers
S_000002268db65680 .scope module, "cell_dff" "dff" 5 13, 6 4 0, S_000002268db64550;
 .timescale 0 0;
    .port_info 0 /OUTPUT 1 "q";
    .port_info 1 /INPUT 1 "d";
    .port_info 2 /INPUT 1 "wen";
    .port_info 3 /INPUT 1 "clk";
    .port_info 4 /INPUT 1 "rst";
v000002268db69650_0 .net "clk", 0 0, o000002268daedc38;  alias, 0 drivers
v000002268db69b50_0 .net "d", 0 0, L_000002268dccc5f0;  alias, 1 drivers
v000002268db690b0_0 .var "q", 0 0;
v000002268db6af50_0 .net "rst", 0 0, o000002268daedcc8;  alias, 0 drivers
v000002268db6b310_0 .net "wen", 0 0, L_000002268dccc690;  alias, 1 drivers
S_000002268db65b30 .scope module, "bit_cell2" "bit_cell" 4 14, 5 2 0, S_000002268db63930;
 .timescale 0 0;
    .port_info 0 /INPUT 1 "clk";
    .port_info 1 /INPUT 1 "rst";
    .port_info 2 /INPUT 1 "d";
    .port_info 3 /INPUT 1 "wren";
    .port_info 4 /INPUT 1 "rden1";
    .port_info 5 /INPUT 1 "rden2";
    .port_info 6 /INOUT 1 "bitline1";
    .port_info 7 /INOUT 1 "bitline2";
L_000002268dd34e90 .functor BUFIF1 1, v000002268db69150_0, L_000002268dccc730, C4<0>, C4<0>;
L_000002268dd353d0 .functor BUFIF1 1, v000002268db69150_0, L_000002268dccc870, C4<0>, C4<0>;
v000002268db69790_0 .net8 "bitline1", 0 0, p000002268daf97b8;  1 drivers, strength-aware
v000002268db6b130_0 .net8 "bitline2", 0 0, p000002268daf97e8;  1 drivers, strength-aware
v000002268db68e30_0 .net "clk", 0 0, o000002268daedc38;  alias, 0 drivers
v000002268db6b270_0 .net "d", 0 0, L_000002268dccb1f0;  1 drivers
v000002268db6a370_0 .net "q", 0 0, v000002268db69150_0;  1 drivers
v000002268db6a410_0 .net "rden1", 0 0, L_000002268dccc730;  alias, 1 drivers
v000002268db68f70_0 .net "rden2", 0 0, L_000002268dccc870;  alias, 1 drivers
v000002268db69510_0 .net "rst", 0 0, o000002268daedcc8;  alias, 0 drivers
v000002268db6ae10_0 .net "wren", 0 0, L_000002268dccc690;  alias, 1 drivers
S_000002268db64eb0 .scope module, "cell_dff" "dff" 5 13, 6 4 0, S_000002268db65b30;
 .timescale 0 0;
    .port_info 0 /OUTPUT 1 "q";
    .port_info 1 /INPUT 1 "d";
    .port_info 2 /INPUT 1 "wen";
    .port_info 3 /INPUT 1 "clk";
    .port_info 4 /INPUT 1 "rst";
v000002268db69330_0 .net "clk", 0 0, o000002268daedc38;  alias, 0 drivers
v000002268db69c90_0 .net "d", 0 0, L_000002268dccb1f0;  alias, 1 drivers
v000002268db69150_0 .var "q", 0 0;
v000002268db69830_0 .net "rst", 0 0, o000002268daedcc8;  alias, 0 drivers
v000002268db6acd0_0 .net "wen", 0 0, L_000002268dccc690;  alias, 1 drivers
S_000002268db65360 .scope module, "bit_cell3" "bit_cell" 4 15, 5 2 0, S_000002268db63930;
 .timescale 0 0;
    .port_info 0 /INPUT 1 "clk";
    .port_info 1 /INPUT 1 "rst";
    .port_info 2 /INPUT 1 "d";
    .port_info 3 /INPUT 1 "wren";
    .port_info 4 /INPUT 1 "rden1";
    .port_info 5 /INPUT 1 "rden2";
    .port_info 6 /INOUT 1 "bitline1";
    .port_info 7 /INOUT 1 "bitline2";
L_000002268dd34fe0 .functor BUFIF1 1, v000002268db6b3b0_0, L_000002268dccc730, C4<0>, C4<0>;
L_000002268dd35050 .functor BUFIF1 1, v000002268db6b3b0_0, L_000002268dccc870, C4<0>, C4<0>;
v000002268db698d0_0 .net8 "bitline1", 0 0, p000002268daf9ae8;  1 drivers, strength-aware
v000002268db6ad70_0 .net8 "bitline2", 0 0, p000002268daf9b18;  1 drivers, strength-aware
v000002268db6a5f0_0 .net "clk", 0 0, o000002268daedc38;  alias, 0 drivers
v000002268db6ab90_0 .net "d", 0 0, L_000002268dccc9b0;  1 drivers
v000002268db69010_0 .net "q", 0 0, v000002268db6b3b0_0;  1 drivers
v000002268db6b090_0 .net "rden1", 0 0, L_000002268dccc730;  alias, 1 drivers
v000002268db6a550_0 .net "rden2", 0 0, L_000002268dccc870;  alias, 1 drivers
v000002268db6a2d0_0 .net "rst", 0 0, o000002268daedcc8;  alias, 0 drivers
v000002268db6b1d0_0 .net "wren", 0 0, L_000002268dccc690;  alias, 1 drivers
S_000002268db66300 .scope module, "cell_dff" "dff" 5 13, 6 4 0, S_000002268db65360;
 .timescale 0 0;
    .port_info 0 /OUTPUT 1 "q";
    .port_info 1 /INPUT 1 "d";
    .port_info 2 /INPUT 1 "wen";
    .port_info 3 /INPUT 1 "clk";
    .port_info 4 /INPUT 1 "rst";
v000002268db69470_0 .net "clk", 0 0, o000002268daedc38;  alias, 0 drivers
v000002268db6aeb0_0 .net "d", 0 0, L_000002268dccc9b0;  alias, 1 drivers
v000002268db6b3b0_0 .var "q", 0 0;
v000002268db68ed0_0 .net "rst", 0 0, o000002268daedcc8;  alias, 0 drivers
v000002268db6a4b0_0 .net "wen", 0 0, L_000002268dccc690;  alias, 1 drivers
S_000002268db65fe0 .scope module, "bit_cell4" "bit_cell" 4 16, 5 2 0, S_000002268db63930;
 .timescale 0 0;
    .port_info 0 /INPUT 1 "clk";
    .port_info 1 /INPUT 1 "rst";
    .port_info 2 /INPUT 1 "d";
    .port_info 3 /INPUT 1 "wren";
    .port_info 4 /INPUT 1 "rden1";
    .port_info 5 /INPUT 1 "rden2";
    .port_info 6 /INOUT 1 "bitline1";
    .port_info 7 /INOUT 1 "bitline2";
L_000002268dd351a0 .functor BUFIF1 1, v000002268db69d30_0, L_000002268dccc730, C4<0>, C4<0>;
L_000002268dd35440 .functor BUFIF1 1, v000002268db69d30_0, L_000002268dccc870, C4<0>, C4<0>;
v000002268db69f10_0 .net8 "bitline1", 0 0, p000002268daf9e18;  1 drivers, strength-aware
v000002268db69a10_0 .net8 "bitline2", 0 0, p000002268daf9e48;  1 drivers, strength-aware
v000002268db6ac30_0 .net "clk", 0 0, o000002268daedc38;  alias, 0 drivers
v000002268db69ab0_0 .net "d", 0 0, L_000002268dccbdd0;  1 drivers
v000002268db69dd0_0 .net "q", 0 0, v000002268db69d30_0;  1 drivers
v000002268db69e70_0 .net "rden1", 0 0, L_000002268dccc730;  alias, 1 drivers
v000002268db69fb0_0 .net "rden2", 0 0, L_000002268dccc870;  alias, 1 drivers
v000002268db6a9b0_0 .net "rst", 0 0, o000002268daedcc8;  alias, 0 drivers
v000002268db6a0f0_0 .net "wren", 0 0, L_000002268dccc690;  alias, 1 drivers
S_000002268db654f0 .scope module, "cell_dff" "dff" 5 13, 6 4 0, S_000002268db65fe0;
 .timescale 0 0;
    .port_info 0 /OUTPUT 1 "q";
    .port_info 1 /INPUT 1 "d";
    .port_info 2 /INPUT 1 "wen";
    .port_info 3 /INPUT 1 "clk";
    .port_info 4 /INPUT 1 "rst";
v000002268db695b0_0 .net "clk", 0 0, o000002268daedc38;  alias, 0 drivers
v000002268db6b450_0 .net "d", 0 0, L_000002268dccbdd0;  alias, 1 drivers
v000002268db69d30_0 .var "q", 0 0;
v000002268db696f0_0 .net "rst", 0 0, o000002268daedcc8;  alias, 0 drivers
v000002268db69970_0 .net "wen", 0 0, L_000002268dccc690;  alias, 1 drivers
S_000002268db76ed0 .scope module, "bit_cell5" "bit_cell" 4 17, 5 2 0, S_000002268db63930;
 .timescale 0 0;
    .port_info 0 /INPUT 1 "clk";
    .port_info 1 /INPUT 1 "rst";
    .port_info 2 /INPUT 1 "d";
    .port_info 3 /INPUT 1 "wren";
    .port_info 4 /INPUT 1 "rden1";
    .port_info 5 /INPUT 1 "rden2";
    .port_info 6 /INOUT 1 "bitline1";
    .port_info 7 /INOUT 1 "bitline2";
L_000002268dd35210 .functor BUFIF1 1, v000002268db6a230_0, L_000002268dccc730, C4<0>, C4<0>;
L_000002268dd35130 .functor BUFIF1 1, v000002268db6a230_0, L_000002268dccc870, C4<0>, C4<0>;
v000002268db6a7d0_0 .net8 "bitline1", 0 0, p000002268dafa148;  1 drivers, strength-aware
v000002268db6a870_0 .net8 "bitline2", 0 0, p000002268dafa178;  1 drivers, strength-aware
v000002268db6aa50_0 .net "clk", 0 0, o000002268daedc38;  alias, 0 drivers
v000002268db6cdf0_0 .net "d", 0 0, L_000002268dccbfb0;  1 drivers
v000002268db6c5d0_0 .net "q", 0 0, v000002268db6a230_0;  1 drivers
v000002268db6cb70_0 .net "rden1", 0 0, L_000002268dccc730;  alias, 1 drivers
v000002268db6dbb0_0 .net "rden2", 0 0, L_000002268dccc870;  alias, 1 drivers
v000002268db6c490_0 .net "rst", 0 0, o000002268daedcc8;  alias, 0 drivers
v000002268db6cc10_0 .net "wren", 0 0, L_000002268dccc690;  alias, 1 drivers
S_000002268db76bb0 .scope module, "cell_dff" "dff" 5 13, 6 4 0, S_000002268db76ed0;
 .timescale 0 0;
    .port_info 0 /OUTPUT 1 "q";
    .port_info 1 /INPUT 1 "d";
    .port_info 2 /INPUT 1 "wen";
    .port_info 3 /INPUT 1 "clk";
    .port_info 4 /INPUT 1 "rst";
v000002268db6a910_0 .net "clk", 0 0, o000002268daedc38;  alias, 0 drivers
v000002268db6a190_0 .net "d", 0 0, L_000002268dccbfb0;  alias, 1 drivers
v000002268db6a230_0 .var "q", 0 0;
v000002268db6a690_0 .net "rst", 0 0, o000002268daedcc8;  alias, 0 drivers
v000002268db6a730_0 .net "wen", 0 0, L_000002268dccc690;  alias, 1 drivers
S_000002268db76890 .scope module, "bit_cell6" "bit_cell" 4 18, 5 2 0, S_000002268db63930;
 .timescale 0 0;
    .port_info 0 /INPUT 1 "clk";
    .port_info 1 /INPUT 1 "rst";
    .port_info 2 /INPUT 1 "d";
    .port_info 3 /INPUT 1 "wren";
    .port_info 4 /INPUT 1 "rden1";
    .port_info 5 /INPUT 1 "rden2";
    .port_info 6 /INOUT 1 "bitline1";
    .port_info 7 /INOUT 1 "bitline2";
L_000002268dd352f0 .functor BUFIF1 1, v000002268db6b6d0_0, L_000002268dccc730, C4<0>, C4<0>;
L_000002268dd35360 .functor BUFIF1 1, v000002268db6b6d0_0, L_000002268dccc870, C4<0>, C4<0>;
v000002268db6ba90_0 .net8 "bitline1", 0 0, p000002268dafa478;  1 drivers, strength-aware
v000002268db6c170_0 .net8 "bitline2", 0 0, p000002268dafa4a8;  1 drivers, strength-aware
v000002268db6d430_0 .net "clk", 0 0, o000002268daedc38;  alias, 0 drivers
v000002268db6d7f0_0 .net "d", 0 0, L_000002268dccce10;  1 drivers
v000002268db6d4d0_0 .net "q", 0 0, v000002268db6b6d0_0;  1 drivers
v000002268db6ce90_0 .net "rden1", 0 0, L_000002268dccc730;  alias, 1 drivers
v000002268db6c530_0 .net "rden2", 0 0, L_000002268dccc870;  alias, 1 drivers
v000002268db6c3f0_0 .net "rst", 0 0, o000002268daedcc8;  alias, 0 drivers
v000002268db6c670_0 .net "wren", 0 0, L_000002268dccc690;  alias, 1 drivers
S_000002268db77060 .scope module, "cell_dff" "dff" 5 13, 6 4 0, S_000002268db76890;
 .timescale 0 0;
    .port_info 0 /OUTPUT 1 "q";
    .port_info 1 /INPUT 1 "d";
    .port_info 2 /INPUT 1 "wen";
    .port_info 3 /INPUT 1 "clk";
    .port_info 4 /INPUT 1 "rst";
v000002268db6bef0_0 .net "clk", 0 0, o000002268daedc38;  alias, 0 drivers
v000002268db6b630_0 .net "d", 0 0, L_000002268dccce10;  alias, 1 drivers
v000002268db6b6d0_0 .var "q", 0 0;
v000002268db6bf90_0 .net "rst", 0 0, o000002268daedcc8;  alias, 0 drivers
v000002268db6c990_0 .net "wen", 0 0, L_000002268dccc690;  alias, 1 drivers
S_000002268db771f0 .scope module, "bit_cell7" "bit_cell" 4 19, 5 2 0, S_000002268db63930;
 .timescale 0 0;
    .port_info 0 /INPUT 1 "clk";
    .port_info 1 /INPUT 1 "rst";
    .port_info 2 /INPUT 1 "d";
    .port_info 3 /INPUT 1 "wren";
    .port_info 4 /INPUT 1 "rden1";
    .port_info 5 /INPUT 1 "rden2";
    .port_info 6 /INOUT 1 "bitline1";
    .port_info 7 /INOUT 1 "bitline2";
L_000002268dd47740 .functor BUFIF1 1, v000002268db6c8f0_0, L_000002268dccc730, C4<0>, C4<0>;
L_000002268dd47190 .functor BUFIF1 1, v000002268db6c8f0_0, L_000002268dccc870, C4<0>, C4<0>;
v000002268db6c710_0 .net8 "bitline1", 0 0, p000002268dafa7a8;  1 drivers, strength-aware
v000002268db6d890_0 .net8 "bitline2", 0 0, p000002268dafa7d8;  1 drivers, strength-aware
v000002268db6d930_0 .net "clk", 0 0, o000002268daedc38;  alias, 0 drivers
v000002268db6c7b0_0 .net "d", 0 0, L_000002268dccc050;  1 drivers
v000002268db6b590_0 .net "q", 0 0, v000002268db6c8f0_0;  1 drivers
v000002268db6d1b0_0 .net "rden1", 0 0, L_000002268dccc730;  alias, 1 drivers
v000002268db6b770_0 .net "rden2", 0 0, L_000002268dccc870;  alias, 1 drivers
v000002268db6d6b0_0 .net "rst", 0 0, o000002268daedcc8;  alias, 0 drivers
v000002268db6b9f0_0 .net "wren", 0 0, L_000002268dccc690;  alias, 1 drivers
S_000002268db76a20 .scope module, "cell_dff" "dff" 5 13, 6 4 0, S_000002268db771f0;
 .timescale 0 0;
    .port_info 0 /OUTPUT 1 "q";
    .port_info 1 /INPUT 1 "d";
    .port_info 2 /INPUT 1 "wen";
    .port_info 3 /INPUT 1 "clk";
    .port_info 4 /INPUT 1 "rst";
v000002268db6d570_0 .net "clk", 0 0, o000002268daedc38;  alias, 0 drivers
v000002268db6bb30_0 .net "d", 0 0, L_000002268dccc050;  alias, 1 drivers
v000002268db6c8f0_0 .var "q", 0 0;
v000002268db6c030_0 .net "rst", 0 0, o000002268daedcc8;  alias, 0 drivers
v000002268db6d610_0 .net "wen", 0 0, L_000002268dccc690;  alias, 1 drivers
S_000002268db78000 .scope module, "bit_cell8" "bit_cell" 4 20, 5 2 0, S_000002268db63930;
 .timescale 0 0;
    .port_info 0 /INPUT 1 "clk";
    .port_info 1 /INPUT 1 "rst";
    .port_info 2 /INPUT 1 "d";
    .port_info 3 /INPUT 1 "wren";
    .port_info 4 /INPUT 1 "rden1";
    .port_info 5 /INPUT 1 "rden2";
    .port_info 6 /INOUT 1 "bitline1";
    .port_info 7 /INOUT 1 "bitline2";
L_000002268dd46fd0 .functor BUFIF1 1, v000002268db6b8b0_0, L_000002268dccc730, C4<0>, C4<0>;
L_000002268dd46d30 .functor BUFIF1 1, v000002268db6b8b0_0, L_000002268dccc870, C4<0>, C4<0>;
v000002268db6be50_0 .net8 "bitline1", 0 0, p000002268dafaad8;  1 drivers, strength-aware
v000002268db6cfd0_0 .net8 "bitline2", 0 0, p000002268dafab08;  1 drivers, strength-aware
v000002268db6bbd0_0 .net "clk", 0 0, o000002268daedc38;  alias, 0 drivers
v000002268db6d750_0 .net "d", 0 0, L_000002268dccb290;  1 drivers
v000002268db6d9d0_0 .net "q", 0 0, v000002268db6b8b0_0;  1 drivers
v000002268db6da70_0 .net "rden1", 0 0, L_000002268dccc730;  alias, 1 drivers
v000002268db6ca30_0 .net "rden2", 0 0, L_000002268dccc870;  alias, 1 drivers
v000002268db6d250_0 .net "rst", 0 0, o000002268daedcc8;  alias, 0 drivers
v000002268db6cad0_0 .net "wren", 0 0, L_000002268dccc690;  alias, 1 drivers
S_000002268db779c0 .scope module, "cell_dff" "dff" 5 13, 6 4 0, S_000002268db78000;
 .timescale 0 0;
    .port_info 0 /OUTPUT 1 "q";
    .port_info 1 /INPUT 1 "d";
    .port_info 2 /INPUT 1 "wen";
    .port_info 3 /INPUT 1 "clk";
    .port_info 4 /INPUT 1 "rst";
v000002268db6b810_0 .net "clk", 0 0, o000002268daedc38;  alias, 0 drivers
v000002268db6ccb0_0 .net "d", 0 0, L_000002268dccb290;  alias, 1 drivers
v000002268db6b8b0_0 .var "q", 0 0;
v000002268db6cf30_0 .net "rst", 0 0, o000002268daedcc8;  alias, 0 drivers
v000002268db6c850_0 .net "wen", 0 0, L_000002268dccc690;  alias, 1 drivers
S_000002268db78320 .scope module, "bit_cell9" "bit_cell" 4 21, 5 2 0, S_000002268db63930;
 .timescale 0 0;
    .port_info 0 /INPUT 1 "clk";
    .port_info 1 /INPUT 1 "rst";
    .port_info 2 /INPUT 1 "d";
    .port_info 3 /INPUT 1 "wren";
    .port_info 4 /INPUT 1 "rden1";
    .port_info 5 /INPUT 1 "rden2";
    .port_info 6 /INOUT 1 "bitline1";
    .port_info 7 /INOUT 1 "bitline2";
L_000002268dd46630 .functor BUFIF1 1, v000002268db6cd50_0, L_000002268dccc730, C4<0>, C4<0>;
L_000002268dd48070 .functor BUFIF1 1, v000002268db6cd50_0, L_000002268dccc870, C4<0>, C4<0>;
v000002268db6b950_0 .net8 "bitline1", 0 0, p000002268dafae08;  1 drivers, strength-aware
v000002268db6c350_0 .net8 "bitline2", 0 0, p000002268dafae38;  1 drivers, strength-aware
v000002268db6bc70_0 .net "clk", 0 0, o000002268daedc38;  alias, 0 drivers
v000002268db6d2f0_0 .net "d", 0 0, L_000002268dccb3d0;  1 drivers
v000002268db6dcf0_0 .net "q", 0 0, v000002268db6cd50_0;  1 drivers
v000002268db6d110_0 .net "rden1", 0 0, L_000002268dccc730;  alias, 1 drivers
v000002268db6c0d0_0 .net "rden2", 0 0, L_000002268dccc870;  alias, 1 drivers
v000002268db6c2b0_0 .net "rst", 0 0, o000002268daedcc8;  alias, 0 drivers
v000002268db6bd10_0 .net "wren", 0 0, L_000002268dccc690;  alias, 1 drivers
S_000002268db76d40 .scope module, "cell_dff" "dff" 5 13, 6 4 0, S_000002268db78320;
 .timescale 0 0;
    .port_info 0 /OUTPUT 1 "q";
    .port_info 1 /INPUT 1 "d";
    .port_info 2 /INPUT 1 "wen";
    .port_info 3 /INPUT 1 "clk";
    .port_info 4 /INPUT 1 "rst";
v000002268db6db10_0 .net "clk", 0 0, o000002268daedc38;  alias, 0 drivers
v000002268db6dc50_0 .net "d", 0 0, L_000002268dccb3d0;  alias, 1 drivers
v000002268db6cd50_0 .var "q", 0 0;
v000002268db6c210_0 .net "rst", 0 0, o000002268daedcc8;  alias, 0 drivers
v000002268db6d070_0 .net "wen", 0 0, L_000002268dccc690;  alias, 1 drivers
S_000002268db77380 .scope module, "reg12" "register" 2 35, 4 2 0, S_000002268d492190;
 .timescale 0 0;
    .port_info 0 /INPUT 1 "clk";
    .port_info 1 /INPUT 1 "rst";
    .port_info 2 /INPUT 16 "d";
    .port_info 3 /INPUT 1 "write_reg";
    .port_info 4 /INPUT 1 "rden1";
    .port_info 5 /INPUT 1 "rden2";
    .port_info 6 /INOUT 16 "bitline1";
    .port_info 7 /INOUT 16 "bitline2";
v000002268db67030_0 .net8 "bitline1", 15 0, p000002268daf1028;  alias, 0 drivers, strength-aware
v000002268db67850_0 .net8 "bitline2", 15 0, p000002268daf1058;  alias, 0 drivers, strength-aware
v000002268db67f30_0 .net "clk", 0 0, o000002268daedc38;  alias, 0 drivers
v000002268db67d50_0 .net "d", 15 0, o000002268daf1088;  alias, 0 drivers
v000002268db67670_0 .net "rden1", 0 0, L_000002268dccd810;  1 drivers
v000002268db678f0_0 .net "rden2", 0 0, L_000002268dccf2f0;  1 drivers
v000002268db68070_0 .net "rst", 0 0, o000002268daedcc8;  alias, 0 drivers
v000002268db66950_0 .net "write_reg", 0 0, L_000002268dccf070;  1 drivers
L_000002268dccc910 .part o000002268daf1088, 0, 1;
L_000002268dccca50 .part o000002268daf1088, 1, 1;
L_000002268dcccaf0 .part o000002268daf1088, 2, 1;
L_000002268dcce0d0 .part o000002268daf1088, 3, 1;
L_000002268dccd630 .part o000002268daf1088, 4, 1;
L_000002268dccda90 .part o000002268daf1088, 5, 1;
L_000002268dccd6d0 .part o000002268daf1088, 6, 1;
L_000002268dcce210 .part o000002268daf1088, 7, 1;
L_000002268dccd770 .part o000002268daf1088, 8, 1;
L_000002268dcce530 .part o000002268daf1088, 9, 1;
L_000002268dccefd0 .part o000002268daf1088, 10, 1;
L_000002268dcce490 .part o000002268daf1088, 11, 1;
L_000002268dcce7b0 .part o000002268daf1088, 12, 1;
L_000002268dccf1b0 .part o000002268daf1088, 13, 1;
L_000002268dcce3f0 .part o000002268daf1088, 14, 1;
L_000002268dcce2b0 .part o000002268daf1088, 15, 1;
p000002268dafb2e8 .port I000002268da132c0, L_000002268dd46c50;
 .tranvp 16 1 0, I000002268da132c0, p000002268daf1028 p000002268dafb2e8;
p000002268dafb318 .port I000002268da12d00, L_000002268dd46da0;
 .tranvp 16 1 0, I000002268da12d00, p000002268daf1058 p000002268dafb318;
p000002268dafb678 .port I000002268da132c0, L_000002268dd467f0;
 .tranvp 16 1 1, I000002268da132c0, p000002268daf1028 p000002268dafb678;
p000002268dafb6a8 .port I000002268da12d00, L_000002268dd47b30;
 .tranvp 16 1 1, I000002268da12d00, p000002268daf1058 p000002268dafb6a8;
p000002268dafccc8 .port I000002268da132c0, L_000002268dd46e10;
 .tranvp 16 1 2, I000002268da132c0, p000002268daf1028 p000002268dafccc8;
p000002268dafccf8 .port I000002268da12d00, L_000002268dd472e0;
 .tranvp 16 1 2, I000002268da12d00, p000002268daf1058 p000002268dafccf8;
p000002268dafcff8 .port I000002268da132c0, L_000002268dd47660;
 .tranvp 16 1 3, I000002268da132c0, p000002268daf1028 p000002268dafcff8;
p000002268dafd028 .port I000002268da12d00, L_000002268dd48000;
 .tranvp 16 1 3, I000002268da12d00, p000002268daf1058 p000002268dafd028;
p000002268dafd328 .port I000002268da132c0, L_000002268dd47510;
 .tranvp 16 1 4, I000002268da132c0, p000002268daf1028 p000002268dafd328;
p000002268dafd358 .port I000002268da12d00, L_000002268dd470b0;
 .tranvp 16 1 4, I000002268da12d00, p000002268daf1058 p000002268dafd358;
p000002268dafd658 .port I000002268da132c0, L_000002268dd47900;
 .tranvp 16 1 5, I000002268da132c0, p000002268daf1028 p000002268dafd658;
p000002268dafd688 .port I000002268da12d00, L_000002268dd46f60;
 .tranvp 16 1 5, I000002268da12d00, p000002268daf1058 p000002268dafd688;
p000002268dafd988 .port I000002268da132c0, L_000002268dd47350;
 .tranvp 16 1 6, I000002268da132c0, p000002268daf1028 p000002268dafd988;
p000002268dafd9b8 .port I000002268da12d00, L_000002268dd46860;
 .tranvp 16 1 6, I000002268da12d00, p000002268daf1058 p000002268dafd9b8;
p000002268dafdcb8 .port I000002268da132c0, L_000002268dd476d0;
 .tranvp 16 1 7, I000002268da132c0, p000002268daf1028 p000002268dafdcb8;
p000002268dafdce8 .port I000002268da12d00, L_000002268dd46710;
 .tranvp 16 1 7, I000002268da12d00, p000002268daf1058 p000002268dafdce8;
p000002268dafdfe8 .port I000002268da132c0, L_000002268dd46be0;
 .tranvp 16 1 8, I000002268da132c0, p000002268daf1028 p000002268dafdfe8;
p000002268dafe018 .port I000002268da12d00, L_000002268dd47c10;
 .tranvp 16 1 8, I000002268da12d00, p000002268daf1058 p000002268dafe018;
p000002268dafe318 .port I000002268da132c0, L_000002268dd47040;
 .tranvp 16 1 9, I000002268da132c0, p000002268daf1028 p000002268dafe318;
p000002268dafe348 .port I000002268da12d00, L_000002268dd47f20;
 .tranvp 16 1 9, I000002268da12d00, p000002268daf1058 p000002268dafe348;
p000002268dafb9a8 .port I000002268da132c0, L_000002268dd47120;
 .tranvp 16 1 10, I000002268da132c0, p000002268daf1028 p000002268dafb9a8;
p000002268dafb9d8 .port I000002268da12d00, L_000002268dd47c80;
 .tranvp 16 1 10, I000002268da12d00, p000002268daf1058 p000002268dafb9d8;
p000002268dafbcd8 .port I000002268da132c0, L_000002268dd47ac0;
 .tranvp 16 1 11, I000002268da132c0, p000002268daf1028 p000002268dafbcd8;
p000002268dafbd08 .port I000002268da12d00, L_000002268dd46940;
 .tranvp 16 1 11, I000002268da12d00, p000002268daf1058 p000002268dafbd08;
p000002268dafc008 .port I000002268da132c0, L_000002268dd479e0;
 .tranvp 16 1 12, I000002268da132c0, p000002268daf1028 p000002268dafc008;
p000002268dafc038 .port I000002268da12d00, L_000002268dd48150;
 .tranvp 16 1 12, I000002268da12d00, p000002268daf1058 p000002268dafc038;
p000002268dafc338 .port I000002268da132c0, L_000002268dd46e80;
 .tranvp 16 1 13, I000002268da132c0, p000002268daf1028 p000002268dafc338;
p000002268dafc368 .port I000002268da12d00, L_000002268dd47ba0;
 .tranvp 16 1 13, I000002268da12d00, p000002268daf1058 p000002268dafc368;
p000002268dafc668 .port I000002268da132c0, L_000002268dd47cf0;
 .tranvp 16 1 14, I000002268da132c0, p000002268daf1028 p000002268dafc668;
p000002268dafc698 .port I000002268da12d00, L_000002268dd473c0;
 .tranvp 16 1 14, I000002268da12d00, p000002268daf1058 p000002268dafc698;
p000002268dafc998 .port I000002268da132c0, L_000002268dd46780;
 .tranvp 16 1 15, I000002268da132c0, p000002268daf1028 p000002268dafc998;
p000002268dafc9c8 .port I000002268da12d00, L_000002268dd47580;
 .tranvp 16 1 15, I000002268da12d00, p000002268daf1058 p000002268dafc9c8;
S_000002268db78190 .scope module, "bit_cell0" "bit_cell" 4 12, 5 2 0, S_000002268db77380;
 .timescale 0 0;
    .port_info 0 /INPUT 1 "clk";
    .port_info 1 /INPUT 1 "rst";
    .port_info 2 /INPUT 1 "d";
    .port_info 3 /INPUT 1 "wren";
    .port_info 4 /INPUT 1 "rden1";
    .port_info 5 /INPUT 1 "rden2";
    .port_info 6 /INOUT 1 "bitline1";
    .port_info 7 /INOUT 1 "bitline2";
L_000002268dd46c50 .functor BUFIF1 1, v000002268db6e3d0_0, L_000002268dccd810, C4<0>, C4<0>;
L_000002268dd46da0 .functor BUFIF1 1, v000002268db6e3d0_0, L_000002268dccf2f0, C4<0>, C4<0>;
v000002268db6ebf0_0 .net8 "bitline1", 0 0, p000002268dafb2e8;  1 drivers, strength-aware
v000002268db6e0b0_0 .net8 "bitline2", 0 0, p000002268dafb318;  1 drivers, strength-aware
v000002268db6eab0_0 .net "clk", 0 0, o000002268daedc38;  alias, 0 drivers
v000002268db6f870_0 .net "d", 0 0, L_000002268dccc910;  1 drivers
v000002268db6f0f0_0 .net "q", 0 0, v000002268db6e3d0_0;  1 drivers
v000002268db6dd90_0 .net "rden1", 0 0, L_000002268dccd810;  alias, 1 drivers
v000002268db6de30_0 .net "rden2", 0 0, L_000002268dccf2f0;  alias, 1 drivers
v000002268db6eb50_0 .net "rst", 0 0, o000002268daedcc8;  alias, 0 drivers
v000002268db701d0_0 .net "wren", 0 0, L_000002268dccf070;  alias, 1 drivers
S_000002268db77510 .scope module, "cell_dff" "dff" 5 13, 6 4 0, S_000002268db78190;
 .timescale 0 0;
    .port_info 0 /OUTPUT 1 "q";
    .port_info 1 /INPUT 1 "d";
    .port_info 2 /INPUT 1 "wen";
    .port_info 3 /INPUT 1 "clk";
    .port_info 4 /INPUT 1 "rst";
v000002268db6e1f0_0 .net "clk", 0 0, o000002268daedc38;  alias, 0 drivers
v000002268db6e330_0 .net "d", 0 0, L_000002268dccc910;  alias, 1 drivers
v000002268db6e3d0_0 .var "q", 0 0;
v000002268db6e010_0 .net "rst", 0 0, o000002268daedcc8;  alias, 0 drivers
v000002268db6fc30_0 .net "wen", 0 0, L_000002268dccf070;  alias, 1 drivers
S_000002268db77e70 .scope module, "bit_cell1" "bit_cell" 4 13, 5 2 0, S_000002268db77380;
 .timescale 0 0;
    .port_info 0 /INPUT 1 "clk";
    .port_info 1 /INPUT 1 "rst";
    .port_info 2 /INPUT 1 "d";
    .port_info 3 /INPUT 1 "wren";
    .port_info 4 /INPUT 1 "rden1";
    .port_info 5 /INPUT 1 "rden2";
    .port_info 6 /INOUT 1 "bitline1";
    .port_info 7 /INOUT 1 "bitline2";
L_000002268dd467f0 .functor BUFIF1 1, v000002268db6ed30_0, L_000002268dccd810, C4<0>, C4<0>;
L_000002268dd47b30 .functor BUFIF1 1, v000002268db6ed30_0, L_000002268dccf2f0, C4<0>, C4<0>;
v000002268db6e6f0_0 .net8 "bitline1", 0 0, p000002268dafb678;  1 drivers, strength-aware
v000002268db6edd0_0 .net8 "bitline2", 0 0, p000002268dafb6a8;  1 drivers, strength-aware
v000002268db6e290_0 .net "clk", 0 0, o000002268daedc38;  alias, 0 drivers
v000002268db6feb0_0 .net "d", 0 0, L_000002268dccca50;  1 drivers
v000002268db6fff0_0 .net "q", 0 0, v000002268db6ed30_0;  1 drivers
v000002268db6e470_0 .net "rden1", 0 0, L_000002268dccd810;  alias, 1 drivers
v000002268db6f370_0 .net "rden2", 0 0, L_000002268dccf2f0;  alias, 1 drivers
v000002268db6fcd0_0 .net "rst", 0 0, o000002268daedcc8;  alias, 0 drivers
v000002268db6fd70_0 .net "wren", 0 0, L_000002268dccf070;  alias, 1 drivers
S_000002268db76570 .scope module, "cell_dff" "dff" 5 13, 6 4 0, S_000002268db77e70;
 .timescale 0 0;
    .port_info 0 /OUTPUT 1 "q";
    .port_info 1 /INPUT 1 "d";
    .port_info 2 /INPUT 1 "wen";
    .port_info 3 /INPUT 1 "clk";
    .port_info 4 /INPUT 1 "rst";
v000002268db70450_0 .net "clk", 0 0, o000002268daedc38;  alias, 0 drivers
v000002268db6ff50_0 .net "d", 0 0, L_000002268dccca50;  alias, 1 drivers
v000002268db6ed30_0 .var "q", 0 0;
v000002268db6e150_0 .net "rst", 0 0, o000002268daedcc8;  alias, 0 drivers
v000002268db6faf0_0 .net "wen", 0 0, L_000002268dccf070;  alias, 1 drivers
S_000002268db76700 .scope module, "bit_cell10" "bit_cell" 4 22, 5 2 0, S_000002268db77380;
 .timescale 0 0;
    .port_info 0 /INPUT 1 "clk";
    .port_info 1 /INPUT 1 "rst";
    .port_info 2 /INPUT 1 "d";
    .port_info 3 /INPUT 1 "wren";
    .port_info 4 /INPUT 1 "rden1";
    .port_info 5 /INPUT 1 "rden2";
    .port_info 6 /INOUT 1 "bitline1";
    .port_info 7 /INOUT 1 "bitline2";
L_000002268dd47120 .functor BUFIF1 1, v000002268db6e790_0, L_000002268dccd810, C4<0>, C4<0>;
L_000002268dd47c80 .functor BUFIF1 1, v000002268db6e790_0, L_000002268dccf2f0, C4<0>, C4<0>;
v000002268db6e8d0_0 .net8 "bitline1", 0 0, p000002268dafb9a8;  1 drivers, strength-aware
v000002268db70130_0 .net8 "bitline2", 0 0, p000002268dafb9d8;  1 drivers, strength-aware
v000002268db6ec90_0 .net "clk", 0 0, o000002268daedc38;  alias, 0 drivers
v000002268db704f0_0 .net "d", 0 0, L_000002268dccefd0;  1 drivers
v000002268db70090_0 .net "q", 0 0, v000002268db6e790_0;  1 drivers
v000002268db6ee70_0 .net "rden1", 0 0, L_000002268dccd810;  alias, 1 drivers
v000002268db6e970_0 .net "rden2", 0 0, L_000002268dccf2f0;  alias, 1 drivers
v000002268db70270_0 .net "rst", 0 0, o000002268daedcc8;  alias, 0 drivers
v000002268db6efb0_0 .net "wren", 0 0, L_000002268dccf070;  alias, 1 drivers
S_000002268db776a0 .scope module, "cell_dff" "dff" 5 13, 6 4 0, S_000002268db76700;
 .timescale 0 0;
    .port_info 0 /OUTPUT 1 "q";
    .port_info 1 /INPUT 1 "d";
    .port_info 2 /INPUT 1 "wen";
    .port_info 3 /INPUT 1 "clk";
    .port_info 4 /INPUT 1 "rst";
v000002268db6f410_0 .net "clk", 0 0, o000002268daedc38;  alias, 0 drivers
v000002268db6e650_0 .net "d", 0 0, L_000002268dccefd0;  alias, 1 drivers
v000002268db6e790_0 .var "q", 0 0;
v000002268db6fe10_0 .net "rst", 0 0, o000002268daedcc8;  alias, 0 drivers
v000002268db6e830_0 .net "wen", 0 0, L_000002268dccf070;  alias, 1 drivers
S_000002268db77830 .scope module, "bit_cell11" "bit_cell" 4 23, 5 2 0, S_000002268db77380;
 .timescale 0 0;
    .port_info 0 /INPUT 1 "clk";
    .port_info 1 /INPUT 1 "rst";
    .port_info 2 /INPUT 1 "d";
    .port_info 3 /INPUT 1 "wren";
    .port_info 4 /INPUT 1 "rden1";
    .port_info 5 /INPUT 1 "rden2";
    .port_info 6 /INOUT 1 "bitline1";
    .port_info 7 /INOUT 1 "bitline2";
L_000002268dd47ac0 .functor BUFIF1 1, v000002268db70310_0, L_000002268dccd810, C4<0>, C4<0>;
L_000002268dd46940 .functor BUFIF1 1, v000002268db70310_0, L_000002268dccf2f0, C4<0>, C4<0>;
v000002268db6f5f0_0 .net8 "bitline1", 0 0, p000002268dafbcd8;  1 drivers, strength-aware
v000002268db6f730_0 .net8 "bitline2", 0 0, p000002268dafbd08;  1 drivers, strength-aware
v000002268db703b0_0 .net "clk", 0 0, o000002268daedc38;  alias, 0 drivers
v000002268db6f4b0_0 .net "d", 0 0, L_000002268dcce490;  1 drivers
v000002268db6f2d0_0 .net "q", 0 0, v000002268db70310_0;  1 drivers
v000002268db6f550_0 .net "rden1", 0 0, L_000002268dccd810;  alias, 1 drivers
v000002268db6f690_0 .net "rden2", 0 0, L_000002268dccf2f0;  alias, 1 drivers
v000002268db6f7d0_0 .net "rst", 0 0, o000002268daedcc8;  alias, 0 drivers
v000002268db6f910_0 .net "wren", 0 0, L_000002268dccf070;  alias, 1 drivers
S_000002268db77b50 .scope module, "cell_dff" "dff" 5 13, 6 4 0, S_000002268db77830;
 .timescale 0 0;
    .port_info 0 /OUTPUT 1 "q";
    .port_info 1 /INPUT 1 "d";
    .port_info 2 /INPUT 1 "wen";
    .port_info 3 /INPUT 1 "clk";
    .port_info 4 /INPUT 1 "rst";
v000002268db6f190_0 .net "clk", 0 0, o000002268daedc38;  alias, 0 drivers
v000002268db6ea10_0 .net "d", 0 0, L_000002268dcce490;  alias, 1 drivers
v000002268db70310_0 .var "q", 0 0;
v000002268db6ef10_0 .net "rst", 0 0, o000002268daedcc8;  alias, 0 drivers
v000002268db6f050_0 .net "wen", 0 0, L_000002268dccf070;  alias, 1 drivers
S_000002268db77ce0 .scope module, "bit_cell12" "bit_cell" 4 24, 5 2 0, S_000002268db77380;
 .timescale 0 0;
    .port_info 0 /INPUT 1 "clk";
    .port_info 1 /INPUT 1 "rst";
    .port_info 2 /INPUT 1 "d";
    .port_info 3 /INPUT 1 "wren";
    .port_info 4 /INPUT 1 "rden1";
    .port_info 5 /INPUT 1 "rden2";
    .port_info 6 /INOUT 1 "bitline1";
    .port_info 7 /INOUT 1 "bitline2";
L_000002268dd479e0 .functor BUFIF1 1, v000002268db724d0_0, L_000002268dccd810, C4<0>, C4<0>;
L_000002268dd48150 .functor BUFIF1 1, v000002268db724d0_0, L_000002268dccf2f0, C4<0>, C4<0>;
v000002268db71850_0 .net8 "bitline1", 0 0, p000002268dafc008;  1 drivers, strength-aware
v000002268db726b0_0 .net8 "bitline2", 0 0, p000002268dafc038;  1 drivers, strength-aware
v000002268db721b0_0 .net "clk", 0 0, o000002268daedc38;  alias, 0 drivers
v000002268db709f0_0 .net "d", 0 0, L_000002268dcce7b0;  1 drivers
v000002268db72750_0 .net "q", 0 0, v000002268db724d0_0;  1 drivers
v000002268db72570_0 .net "rden1", 0 0, L_000002268dccd810;  alias, 1 drivers
v000002268db72c50_0 .net "rden2", 0 0, L_000002268dccf2f0;  alias, 1 drivers
v000002268db717b0_0 .net "rst", 0 0, o000002268daedcc8;  alias, 0 drivers
v000002268db718f0_0 .net "wren", 0 0, L_000002268dccf070;  alias, 1 drivers
S_000002268db7b3b0 .scope module, "cell_dff" "dff" 5 13, 6 4 0, S_000002268db77ce0;
 .timescale 0 0;
    .port_info 0 /OUTPUT 1 "q";
    .port_info 1 /INPUT 1 "d";
    .port_info 2 /INPUT 1 "wen";
    .port_info 3 /INPUT 1 "clk";
    .port_info 4 /INPUT 1 "rst";
v000002268db6f9b0_0 .net "clk", 0 0, o000002268daedc38;  alias, 0 drivers
v000002268db6fa50_0 .net "d", 0 0, L_000002268dcce7b0;  alias, 1 drivers
v000002268db724d0_0 .var "q", 0 0;
v000002268db727f0_0 .net "rst", 0 0, o000002268daedcc8;  alias, 0 drivers
v000002268db71710_0 .net "wen", 0 0, L_000002268dccf070;  alias, 1 drivers
S_000002268db7b9f0 .scope module, "bit_cell13" "bit_cell" 4 25, 5 2 0, S_000002268db77380;
 .timescale 0 0;
    .port_info 0 /INPUT 1 "clk";
    .port_info 1 /INPUT 1 "rst";
    .port_info 2 /INPUT 1 "d";
    .port_info 3 /INPUT 1 "wren";
    .port_info 4 /INPUT 1 "rden1";
    .port_info 5 /INPUT 1 "rden2";
    .port_info 6 /INOUT 1 "bitline1";
    .port_info 7 /INOUT 1 "bitline2";
L_000002268dd46e80 .functor BUFIF1 1, v000002268db72070_0, L_000002268dccd810, C4<0>, C4<0>;
L_000002268dd47ba0 .functor BUFIF1 1, v000002268db72070_0, L_000002268dccf2f0, C4<0>, C4<0>;
v000002268db715d0_0 .net8 "bitline1", 0 0, p000002268dafc338;  1 drivers, strength-aware
v000002268db71c10_0 .net8 "bitline2", 0 0, p000002268dafc368;  1 drivers, strength-aware
v000002268db71cb0_0 .net "clk", 0 0, o000002268daedc38;  alias, 0 drivers
v000002268db70770_0 .net "d", 0 0, L_000002268dccf1b0;  1 drivers
v000002268db70d10_0 .net "q", 0 0, v000002268db72070_0;  1 drivers
v000002268db70bd0_0 .net "rden1", 0 0, L_000002268dccd810;  alias, 1 drivers
v000002268db72390_0 .net "rden2", 0 0, L_000002268dccf2f0;  alias, 1 drivers
v000002268db70db0_0 .net "rst", 0 0, o000002268daedcc8;  alias, 0 drivers
v000002268db706d0_0 .net "wren", 0 0, L_000002268dccf070;  alias, 1 drivers
S_000002268db7af00 .scope module, "cell_dff" "dff" 5 13, 6 4 0, S_000002268db7b9f0;
 .timescale 0 0;
    .port_info 0 /OUTPUT 1 "q";
    .port_info 1 /INPUT 1 "d";
    .port_info 2 /INPUT 1 "wen";
    .port_info 3 /INPUT 1 "clk";
    .port_info 4 /INPUT 1 "rst";
v000002268db72250_0 .net "clk", 0 0, o000002268daedc38;  alias, 0 drivers
v000002268db72610_0 .net "d", 0 0, L_000002268dccf1b0;  alias, 1 drivers
v000002268db72070_0 .var "q", 0 0;
v000002268db72890_0 .net "rst", 0 0, o000002268daedcc8;  alias, 0 drivers
v000002268db71b70_0 .net "wen", 0 0, L_000002268dccf070;  alias, 1 drivers
S_000002268db7bb80 .scope module, "bit_cell14" "bit_cell" 4 26, 5 2 0, S_000002268db77380;
 .timescale 0 0;
    .port_info 0 /INPUT 1 "clk";
    .port_info 1 /INPUT 1 "rst";
    .port_info 2 /INPUT 1 "d";
    .port_info 3 /INPUT 1 "wren";
    .port_info 4 /INPUT 1 "rden1";
    .port_info 5 /INPUT 1 "rden2";
    .port_info 6 /INOUT 1 "bitline1";
    .port_info 7 /INOUT 1 "bitline2";
L_000002268dd47cf0 .functor BUFIF1 1, v000002268db70e50_0, L_000002268dccd810, C4<0>, C4<0>;
L_000002268dd473c0 .functor BUFIF1 1, v000002268db70e50_0, L_000002268dccf2f0, C4<0>, C4<0>;
v000002268db72930_0 .net8 "bitline1", 0 0, p000002268dafc668;  1 drivers, strength-aware
v000002268db71e90_0 .net8 "bitline2", 0 0, p000002268dafc698;  1 drivers, strength-aware
v000002268db713f0_0 .net "clk", 0 0, o000002268daedc38;  alias, 0 drivers
v000002268db729d0_0 .net "d", 0 0, L_000002268dcce3f0;  1 drivers
v000002268db70ef0_0 .net "q", 0 0, v000002268db70e50_0;  1 drivers
v000002268db708b0_0 .net "rden1", 0 0, L_000002268dccd810;  alias, 1 drivers
v000002268db70a90_0 .net "rden2", 0 0, L_000002268dccf2f0;  alias, 1 drivers
v000002268db72a70_0 .net "rst", 0 0, o000002268daedcc8;  alias, 0 drivers
v000002268db70950_0 .net "wren", 0 0, L_000002268dccf070;  alias, 1 drivers
S_000002268db7a5a0 .scope module, "cell_dff" "dff" 5 13, 6 4 0, S_000002268db7bb80;
 .timescale 0 0;
    .port_info 0 /OUTPUT 1 "q";
    .port_info 1 /INPUT 1 "d";
    .port_info 2 /INPUT 1 "wen";
    .port_info 3 /INPUT 1 "clk";
    .port_info 4 /INPUT 1 "rst";
v000002268db71d50_0 .net "clk", 0 0, o000002268daedc38;  alias, 0 drivers
v000002268db70810_0 .net "d", 0 0, L_000002268dcce3f0;  alias, 1 drivers
v000002268db70e50_0 .var "q", 0 0;
v000002268db71df0_0 .net "rst", 0 0, o000002268daedcc8;  alias, 0 drivers
v000002268db70c70_0 .net "wen", 0 0, L_000002268dccf070;  alias, 1 drivers
S_000002268db7c350 .scope module, "bit_cell15" "bit_cell" 4 27, 5 2 0, S_000002268db77380;
 .timescale 0 0;
    .port_info 0 /INPUT 1 "clk";
    .port_info 1 /INPUT 1 "rst";
    .port_info 2 /INPUT 1 "d";
    .port_info 3 /INPUT 1 "wren";
    .port_info 4 /INPUT 1 "rden1";
    .port_info 5 /INPUT 1 "rden2";
    .port_info 6 /INOUT 1 "bitline1";
    .port_info 7 /INOUT 1 "bitline2";
L_000002268dd46780 .functor BUFIF1 1, v000002268db71f30_0, L_000002268dccd810, C4<0>, C4<0>;
L_000002268dd47580 .functor BUFIF1 1, v000002268db71f30_0, L_000002268dccf2f0, C4<0>, C4<0>;
v000002268db71fd0_0 .net8 "bitline1", 0 0, p000002268dafc998;  1 drivers, strength-aware
v000002268db71490_0 .net8 "bitline2", 0 0, p000002268dafc9c8;  1 drivers, strength-aware
v000002268db72b10_0 .net "clk", 0 0, o000002268daedc38;  alias, 0 drivers
v000002268db712b0_0 .net "d", 0 0, L_000002268dcce2b0;  1 drivers
v000002268db72110_0 .net "q", 0 0, v000002268db71f30_0;  1 drivers
v000002268db71030_0 .net "rden1", 0 0, L_000002268dccd810;  alias, 1 drivers
v000002268db71530_0 .net "rden2", 0 0, L_000002268dccf2f0;  alias, 1 drivers
v000002268db70590_0 .net "rst", 0 0, o000002268daedcc8;  alias, 0 drivers
v000002268db722f0_0 .net "wren", 0 0, L_000002268dccf070;  alias, 1 drivers
S_000002268db7b090 .scope module, "cell_dff" "dff" 5 13, 6 4 0, S_000002268db7c350;
 .timescale 0 0;
    .port_info 0 /OUTPUT 1 "q";
    .port_info 1 /INPUT 1 "d";
    .port_info 2 /INPUT 1 "wen";
    .port_info 3 /INPUT 1 "clk";
    .port_info 4 /INPUT 1 "rst";
v000002268db72430_0 .net "clk", 0 0, o000002268daedc38;  alias, 0 drivers
v000002268db70f90_0 .net "d", 0 0, L_000002268dcce2b0;  alias, 1 drivers
v000002268db71f30_0 .var "q", 0 0;
v000002268db72bb0_0 .net "rst", 0 0, o000002268daedcc8;  alias, 0 drivers
v000002268db70b30_0 .net "wen", 0 0, L_000002268dccf070;  alias, 1 drivers
S_000002268db7abe0 .scope module, "bit_cell2" "bit_cell" 4 14, 5 2 0, S_000002268db77380;
 .timescale 0 0;
    .port_info 0 /INPUT 1 "clk";
    .port_info 1 /INPUT 1 "rst";
    .port_info 2 /INPUT 1 "d";
    .port_info 3 /INPUT 1 "wren";
    .port_info 4 /INPUT 1 "rden1";
    .port_info 5 /INPUT 1 "rden2";
    .port_info 6 /INOUT 1 "bitline1";
    .port_info 7 /INOUT 1 "bitline2";
L_000002268dd46e10 .functor BUFIF1 1, v000002268db70630_0, L_000002268dccd810, C4<0>, C4<0>;
L_000002268dd472e0 .functor BUFIF1 1, v000002268db70630_0, L_000002268dccf2f0, C4<0>, C4<0>;
v000002268db71210_0 .net8 "bitline1", 0 0, p000002268dafccc8;  1 drivers, strength-aware
v000002268db71350_0 .net8 "bitline2", 0 0, p000002268dafccf8;  1 drivers, strength-aware
v000002268db71670_0 .net "clk", 0 0, o000002268daedc38;  alias, 0 drivers
v000002268db71990_0 .net "d", 0 0, L_000002268dcccaf0;  1 drivers
v000002268db71a30_0 .net "q", 0 0, v000002268db70630_0;  1 drivers
v000002268db73d30_0 .net "rden1", 0 0, L_000002268dccd810;  alias, 1 drivers
v000002268db74910_0 .net "rden2", 0 0, L_000002268dccf2f0;  alias, 1 drivers
v000002268db75270_0 .net "rst", 0 0, o000002268daedcc8;  alias, 0 drivers
v000002268db74190_0 .net "wren", 0 0, L_000002268dccf070;  alias, 1 drivers
S_000002268db7c030 .scope module, "cell_dff" "dff" 5 13, 6 4 0, S_000002268db7abe0;
 .timescale 0 0;
    .port_info 0 /OUTPUT 1 "q";
    .port_info 1 /INPUT 1 "d";
    .port_info 2 /INPUT 1 "wen";
    .port_info 3 /INPUT 1 "clk";
    .port_info 4 /INPUT 1 "rst";
v000002268db72cf0_0 .net "clk", 0 0, o000002268daedc38;  alias, 0 drivers
v000002268db71ad0_0 .net "d", 0 0, L_000002268dcccaf0;  alias, 1 drivers
v000002268db70630_0 .var "q", 0 0;
v000002268db710d0_0 .net "rst", 0 0, o000002268daedcc8;  alias, 0 drivers
v000002268db71170_0 .net "wen", 0 0, L_000002268dccf070;  alias, 1 drivers
S_000002268db7b220 .scope module, "bit_cell3" "bit_cell" 4 15, 5 2 0, S_000002268db77380;
 .timescale 0 0;
    .port_info 0 /INPUT 1 "clk";
    .port_info 1 /INPUT 1 "rst";
    .port_info 2 /INPUT 1 "d";
    .port_info 3 /INPUT 1 "wren";
    .port_info 4 /INPUT 1 "rden1";
    .port_info 5 /INPUT 1 "rden2";
    .port_info 6 /INOUT 1 "bitline1";
    .port_info 7 /INOUT 1 "bitline2";
L_000002268dd47660 .functor BUFIF1 1, v000002268db74410_0, L_000002268dccd810, C4<0>, C4<0>;
L_000002268dd48000 .functor BUFIF1 1, v000002268db74410_0, L_000002268dccf2f0, C4<0>, C4<0>;
v000002268db735b0_0 .net8 "bitline1", 0 0, p000002268dafcff8;  1 drivers, strength-aware
v000002268db72ed0_0 .net8 "bitline2", 0 0, p000002268dafd028;  1 drivers, strength-aware
v000002268db73dd0_0 .net "clk", 0 0, o000002268daedc38;  alias, 0 drivers
v000002268db72e30_0 .net "d", 0 0, L_000002268dcce0d0;  1 drivers
v000002268db73e70_0 .net "q", 0 0, v000002268db74410_0;  1 drivers
v000002268db74050_0 .net "rden1", 0 0, L_000002268dccd810;  alias, 1 drivers
v000002268db740f0_0 .net "rden2", 0 0, L_000002268dccf2f0;  alias, 1 drivers
v000002268db73f10_0 .net "rst", 0 0, o000002268daedcc8;  alias, 0 drivers
v000002268db73ab0_0 .net "wren", 0 0, L_000002268dccf070;  alias, 1 drivers
S_000002268db7ad70 .scope module, "cell_dff" "dff" 5 13, 6 4 0, S_000002268db7b220;
 .timescale 0 0;
    .port_info 0 /OUTPUT 1 "q";
    .port_info 1 /INPUT 1 "d";
    .port_info 2 /INPUT 1 "wen";
    .port_info 3 /INPUT 1 "clk";
    .port_info 4 /INPUT 1 "rst";
v000002268db74730_0 .net "clk", 0 0, o000002268daedc38;  alias, 0 drivers
v000002268db73c90_0 .net "d", 0 0, L_000002268dcce0d0;  alias, 1 drivers
v000002268db74410_0 .var "q", 0 0;
v000002268db74870_0 .net "rst", 0 0, o000002268daedcc8;  alias, 0 drivers
v000002268db73fb0_0 .net "wen", 0 0, L_000002268dccf070;  alias, 1 drivers
S_000002268db7b540 .scope module, "bit_cell4" "bit_cell" 4 16, 5 2 0, S_000002268db77380;
 .timescale 0 0;
    .port_info 0 /INPUT 1 "clk";
    .port_info 1 /INPUT 1 "rst";
    .port_info 2 /INPUT 1 "d";
    .port_info 3 /INPUT 1 "wren";
    .port_info 4 /INPUT 1 "rden1";
    .port_info 5 /INPUT 1 "rden2";
    .port_info 6 /INOUT 1 "bitline1";
    .port_info 7 /INOUT 1 "bitline2";
L_000002268dd47510 .functor BUFIF1 1, v000002268db74d70_0, L_000002268dccd810, C4<0>, C4<0>;
L_000002268dd470b0 .functor BUFIF1 1, v000002268db74d70_0, L_000002268dccf2f0, C4<0>, C4<0>;
v000002268db742d0_0 .net8 "bitline1", 0 0, p000002268dafd328;  1 drivers, strength-aware
v000002268db73790_0 .net8 "bitline2", 0 0, p000002268dafd358;  1 drivers, strength-aware
v000002268db73650_0 .net "clk", 0 0, o000002268daedc38;  alias, 0 drivers
v000002268db736f0_0 .net "d", 0 0, L_000002268dccd630;  1 drivers
v000002268db75310_0 .net "q", 0 0, v000002268db74d70_0;  1 drivers
v000002268db72f70_0 .net "rden1", 0 0, L_000002268dccd810;  alias, 1 drivers
v000002268db73330_0 .net "rden2", 0 0, L_000002268dccf2f0;  alias, 1 drivers
v000002268db74370_0 .net "rst", 0 0, o000002268daedcc8;  alias, 0 drivers
v000002268db73b50_0 .net "wren", 0 0, L_000002268dccf070;  alias, 1 drivers
S_000002268db7b6d0 .scope module, "cell_dff" "dff" 5 13, 6 4 0, S_000002268db7b540;
 .timescale 0 0;
    .port_info 0 /OUTPUT 1 "q";
    .port_info 1 /INPUT 1 "d";
    .port_info 2 /INPUT 1 "wen";
    .port_info 3 /INPUT 1 "clk";
    .port_info 4 /INPUT 1 "rst";
v000002268db74230_0 .net "clk", 0 0, o000002268daedc38;  alias, 0 drivers
v000002268db72d90_0 .net "d", 0 0, L_000002268dccd630;  alias, 1 drivers
v000002268db74d70_0 .var "q", 0 0;
v000002268db731f0_0 .net "rst", 0 0, o000002268daedcc8;  alias, 0 drivers
v000002268db73bf0_0 .net "wen", 0 0, L_000002268dccf070;  alias, 1 drivers
S_000002268db7b860 .scope module, "bit_cell5" "bit_cell" 4 17, 5 2 0, S_000002268db77380;
 .timescale 0 0;
    .port_info 0 /INPUT 1 "clk";
    .port_info 1 /INPUT 1 "rst";
    .port_info 2 /INPUT 1 "d";
    .port_info 3 /INPUT 1 "wren";
    .port_info 4 /INPUT 1 "rden1";
    .port_info 5 /INPUT 1 "rden2";
    .port_info 6 /INOUT 1 "bitline1";
    .port_info 7 /INOUT 1 "bitline2";
L_000002268dd47900 .functor BUFIF1 1, v000002268db74550_0, L_000002268dccd810, C4<0>, C4<0>;
L_000002268dd46f60 .functor BUFIF1 1, v000002268db74550_0, L_000002268dccf2f0, C4<0>, C4<0>;
v000002268db74e10_0 .net8 "bitline1", 0 0, p000002268dafd658;  1 drivers, strength-aware
v000002268db733d0_0 .net8 "bitline2", 0 0, p000002268dafd688;  1 drivers, strength-aware
v000002268db73010_0 .net "clk", 0 0, o000002268daedc38;  alias, 0 drivers
v000002268db749b0_0 .net "d", 0 0, L_000002268dccda90;  1 drivers
v000002268db73830_0 .net "q", 0 0, v000002268db74550_0;  1 drivers
v000002268db730b0_0 .net "rden1", 0 0, L_000002268dccd810;  alias, 1 drivers
v000002268db74a50_0 .net "rden2", 0 0, L_000002268dccf2f0;  alias, 1 drivers
v000002268db74af0_0 .net "rst", 0 0, o000002268daedcc8;  alias, 0 drivers
v000002268db74b90_0 .net "wren", 0 0, L_000002268dccf070;  alias, 1 drivers
S_000002268db7bd10 .scope module, "cell_dff" "dff" 5 13, 6 4 0, S_000002268db7b860;
 .timescale 0 0;
    .port_info 0 /OUTPUT 1 "q";
    .port_info 1 /INPUT 1 "d";
    .port_info 2 /INPUT 1 "wen";
    .port_info 3 /INPUT 1 "clk";
    .port_info 4 /INPUT 1 "rst";
v000002268db745f0_0 .net "clk", 0 0, o000002268daedc38;  alias, 0 drivers
v000002268db744b0_0 .net "d", 0 0, L_000002268dccda90;  alias, 1 drivers
v000002268db74550_0 .var "q", 0 0;
v000002268db74690_0 .net "rst", 0 0, o000002268daedcc8;  alias, 0 drivers
v000002268db747d0_0 .net "wen", 0 0, L_000002268dccf070;  alias, 1 drivers
S_000002268db7bea0 .scope module, "bit_cell6" "bit_cell" 4 18, 5 2 0, S_000002268db77380;
 .timescale 0 0;
    .port_info 0 /INPUT 1 "clk";
    .port_info 1 /INPUT 1 "rst";
    .port_info 2 /INPUT 1 "d";
    .port_info 3 /INPUT 1 "wren";
    .port_info 4 /INPUT 1 "rden1";
    .port_info 5 /INPUT 1 "rden2";
    .port_info 6 /INOUT 1 "bitline1";
    .port_info 7 /INOUT 1 "bitline2";
L_000002268dd47350 .functor BUFIF1 1, v000002268db738d0_0, L_000002268dccd810, C4<0>, C4<0>;
L_000002268dd46860 .functor BUFIF1 1, v000002268db738d0_0, L_000002268dccf2f0, C4<0>, C4<0>;
v000002268db73290_0 .net8 "bitline1", 0 0, p000002268dafd988;  1 drivers, strength-aware
v000002268db74f50_0 .net8 "bitline2", 0 0, p000002268dafd9b8;  1 drivers, strength-aware
v000002268db74cd0_0 .net "clk", 0 0, o000002268daedc38;  alias, 0 drivers
v000002268db75450_0 .net "d", 0 0, L_000002268dccd6d0;  1 drivers
v000002268db74eb0_0 .net "q", 0 0, v000002268db738d0_0;  1 drivers
v000002268db73a10_0 .net "rden1", 0 0, L_000002268dccd810;  alias, 1 drivers
v000002268db75090_0 .net "rden2", 0 0, L_000002268dccf2f0;  alias, 1 drivers
v000002268db75130_0 .net "rst", 0 0, o000002268daedcc8;  alias, 0 drivers
v000002268db751d0_0 .net "wren", 0 0, L_000002268dccf070;  alias, 1 drivers
S_000002268db7c1c0 .scope module, "cell_dff" "dff" 5 13, 6 4 0, S_000002268db7bea0;
 .timescale 0 0;
    .port_info 0 /OUTPUT 1 "q";
    .port_info 1 /INPUT 1 "d";
    .port_info 2 /INPUT 1 "wen";
    .port_info 3 /INPUT 1 "clk";
    .port_info 4 /INPUT 1 "rst";
v000002268db74ff0_0 .net "clk", 0 0, o000002268daedc38;  alias, 0 drivers
v000002268db74c30_0 .net "d", 0 0, L_000002268dccd6d0;  alias, 1 drivers
v000002268db738d0_0 .var "q", 0 0;
v000002268db73150_0 .net "rst", 0 0, o000002268daedcc8;  alias, 0 drivers
v000002268db73970_0 .net "wen", 0 0, L_000002268dccf070;  alias, 1 drivers
S_000002268db7a730 .scope module, "bit_cell7" "bit_cell" 4 19, 5 2 0, S_000002268db77380;
 .timescale 0 0;
    .port_info 0 /INPUT 1 "clk";
    .port_info 1 /INPUT 1 "rst";
    .port_info 2 /INPUT 1 "d";
    .port_info 3 /INPUT 1 "wren";
    .port_info 4 /INPUT 1 "rden1";
    .port_info 5 /INPUT 1 "rden2";
    .port_info 6 /INOUT 1 "bitline1";
    .port_info 7 /INOUT 1 "bitline2";
L_000002268dd476d0 .functor BUFIF1 1, v000002268db73470_0, L_000002268dccd810, C4<0>, C4<0>;
L_000002268dd46710 .functor BUFIF1 1, v000002268db73470_0, L_000002268dccf2f0, C4<0>, C4<0>;
v000002268db75bd0_0 .net8 "bitline1", 0 0, p000002268dafdcb8;  1 drivers, strength-aware
v000002268db756d0_0 .net8 "bitline2", 0 0, p000002268dafdce8;  1 drivers, strength-aware
v000002268db76210_0 .net "clk", 0 0, o000002268daedc38;  alias, 0 drivers
v000002268db75810_0 .net "d", 0 0, L_000002268dcce210;  1 drivers
v000002268db758b0_0 .net "q", 0 0, v000002268db73470_0;  1 drivers
v000002268db76350_0 .net "rden1", 0 0, L_000002268dccd810;  alias, 1 drivers
v000002268db75630_0 .net "rden2", 0 0, L_000002268dccf2f0;  alias, 1 drivers
v000002268db75950_0 .net "rst", 0 0, o000002268daedcc8;  alias, 0 drivers
v000002268db75d10_0 .net "wren", 0 0, L_000002268dccf070;  alias, 1 drivers
S_000002268db7a8c0 .scope module, "cell_dff" "dff" 5 13, 6 4 0, S_000002268db7a730;
 .timescale 0 0;
    .port_info 0 /OUTPUT 1 "q";
    .port_info 1 /INPUT 1 "d";
    .port_info 2 /INPUT 1 "wen";
    .port_info 3 /INPUT 1 "clk";
    .port_info 4 /INPUT 1 "rst";
v000002268db753b0_0 .net "clk", 0 0, o000002268daedc38;  alias, 0 drivers
v000002268db754f0_0 .net "d", 0 0, L_000002268dcce210;  alias, 1 drivers
v000002268db73470_0 .var "q", 0 0;
v000002268db73510_0 .net "rst", 0 0, o000002268daedcc8;  alias, 0 drivers
v000002268db75590_0 .net "wen", 0 0, L_000002268dccf070;  alias, 1 drivers
S_000002268db7aa50 .scope module, "bit_cell8" "bit_cell" 4 20, 5 2 0, S_000002268db77380;
 .timescale 0 0;
    .port_info 0 /INPUT 1 "clk";
    .port_info 1 /INPUT 1 "rst";
    .port_info 2 /INPUT 1 "d";
    .port_info 3 /INPUT 1 "wren";
    .port_info 4 /INPUT 1 "rden1";
    .port_info 5 /INPUT 1 "rden2";
    .port_info 6 /INOUT 1 "bitline1";
    .port_info 7 /INOUT 1 "bitline2";
L_000002268dd46be0 .functor BUFIF1 1, v000002268db75b30_0, L_000002268dccd810, C4<0>, C4<0>;
L_000002268dd47c10 .functor BUFIF1 1, v000002268db75b30_0, L_000002268dccf2f0, C4<0>, C4<0>;
v000002268db75db0_0 .net8 "bitline1", 0 0, p000002268dafdfe8;  1 drivers, strength-aware
v000002268db75e50_0 .net8 "bitline2", 0 0, p000002268dafe018;  1 drivers, strength-aware
v000002268db75ef0_0 .net "clk", 0 0, o000002268daedc38;  alias, 0 drivers
v000002268db75f90_0 .net "d", 0 0, L_000002268dccd770;  1 drivers
v000002268db76030_0 .net "q", 0 0, v000002268db75b30_0;  1 drivers
v000002268db760d0_0 .net "rden1", 0 0, L_000002268dccd810;  alias, 1 drivers
v000002268db763f0_0 .net "rden2", 0 0, L_000002268dccf2f0;  alias, 1 drivers
v000002268db76170_0 .net "rst", 0 0, o000002268daedcc8;  alias, 0 drivers
v000002268db762b0_0 .net "wren", 0 0, L_000002268dccf070;  alias, 1 drivers
S_000002268db84a70 .scope module, "cell_dff" "dff" 5 13, 6 4 0, S_000002268db7aa50;
 .timescale 0 0;
    .port_info 0 /OUTPUT 1 "q";
    .port_info 1 /INPUT 1 "d";
    .port_info 2 /INPUT 1 "wen";
    .port_info 3 /INPUT 1 "clk";
    .port_info 4 /INPUT 1 "rst";
v000002268db759f0_0 .net "clk", 0 0, o000002268daedc38;  alias, 0 drivers
v000002268db75770_0 .net "d", 0 0, L_000002268dccd770;  alias, 1 drivers
v000002268db75b30_0 .var "q", 0 0;
v000002268db75a90_0 .net "rst", 0 0, o000002268daedcc8;  alias, 0 drivers
v000002268db75c70_0 .net "wen", 0 0, L_000002268dccf070;  alias, 1 drivers
S_000002268db84d90 .scope module, "bit_cell9" "bit_cell" 4 21, 5 2 0, S_000002268db77380;
 .timescale 0 0;
    .port_info 0 /INPUT 1 "clk";
    .port_info 1 /INPUT 1 "rst";
    .port_info 2 /INPUT 1 "d";
    .port_info 3 /INPUT 1 "wren";
    .port_info 4 /INPUT 1 "rden1";
    .port_info 5 /INPUT 1 "rden2";
    .port_info 6 /INOUT 1 "bitline1";
    .port_info 7 /INOUT 1 "bitline2";
L_000002268dd47040 .functor BUFIF1 1, v000002268db67cb0_0, L_000002268dccd810, C4<0>, C4<0>;
L_000002268dd47f20 .functor BUFIF1 1, v000002268db67cb0_0, L_000002268dccf2f0, C4<0>, C4<0>;
v000002268db66c70_0 .net8 "bitline1", 0 0, p000002268dafe318;  1 drivers, strength-aware
v000002268db66ef0_0 .net8 "bitline2", 0 0, p000002268dafe348;  1 drivers, strength-aware
v000002268db67530_0 .net "clk", 0 0, o000002268daedc38;  alias, 0 drivers
v000002268db67fd0_0 .net "d", 0 0, L_000002268dcce530;  1 drivers
v000002268db675d0_0 .net "q", 0 0, v000002268db67cb0_0;  1 drivers
v000002268db68750_0 .net "rden1", 0 0, L_000002268dccd810;  alias, 1 drivers
v000002268db68a70_0 .net "rden2", 0 0, L_000002268dccf2f0;  alias, 1 drivers
v000002268db67990_0 .net "rst", 0 0, o000002268daedcc8;  alias, 0 drivers
v000002268db66b30_0 .net "wren", 0 0, L_000002268dccf070;  alias, 1 drivers
S_000002268db84c00 .scope module, "cell_dff" "dff" 5 13, 6 4 0, S_000002268db84d90;
 .timescale 0 0;
    .port_info 0 /OUTPUT 1 "q";
    .port_info 1 /INPUT 1 "d";
    .port_info 2 /INPUT 1 "wen";
    .port_info 3 /INPUT 1 "clk";
    .port_info 4 /INPUT 1 "rst";
v000002268db673f0_0 .net "clk", 0 0, o000002268daedc38;  alias, 0 drivers
v000002268db68c50_0 .net "d", 0 0, L_000002268dcce530;  alias, 1 drivers
v000002268db67cb0_0 .var "q", 0 0;
v000002268db67490_0 .net "rst", 0 0, o000002268daedcc8;  alias, 0 drivers
v000002268db68cf0_0 .net "wen", 0 0, L_000002268dccf070;  alias, 1 drivers
S_000002268db850b0 .scope module, "reg13" "register" 2 36, 4 2 0, S_000002268d492190;
 .timescale 0 0;
    .port_info 0 /INPUT 1 "clk";
    .port_info 1 /INPUT 1 "rst";
    .port_info 2 /INPUT 16 "d";
    .port_info 3 /INPUT 1 "write_reg";
    .port_info 4 /INPUT 1 "rden1";
    .port_info 5 /INPUT 1 "rden2";
    .port_info 6 /INOUT 16 "bitline1";
    .port_info 7 /INOUT 16 "bitline2";
v000002268db8d270_0 .net8 "bitline1", 15 0, p000002268daf1028;  alias, 0 drivers, strength-aware
v000002268db8bbf0_0 .net8 "bitline2", 15 0, p000002268daf1058;  alias, 0 drivers, strength-aware
v000002268db8de50_0 .net "clk", 0 0, o000002268daedc38;  alias, 0 drivers
v000002268db8d310_0 .net "d", 15 0, o000002268daf1088;  alias, 0 drivers
v000002268db8d3b0_0 .net "rden1", 0 0, L_000002268dccd4f0;  1 drivers
v000002268db8d590_0 .net "rden2", 0 0, L_000002268dccd590;  1 drivers
v000002268db8e0d0_0 .net "rst", 0 0, o000002268daedcc8;  alias, 0 drivers
v000002268db8d630_0 .net "write_reg", 0 0, L_000002268dccee90;  1 drivers
L_000002268dccdb30 .part o000002268daf1088, 0, 1;
L_000002268dccf110 .part o000002268daf1088, 1, 1;
L_000002268dccead0 .part o000002268daf1088, 2, 1;
L_000002268dcce350 .part o000002268daf1088, 3, 1;
L_000002268dcced50 .part o000002268daf1088, 4, 1;
L_000002268dcce170 .part o000002268daf1088, 5, 1;
L_000002268dcce850 .part o000002268daf1088, 6, 1;
L_000002268dcce5d0 .part o000002268daf1088, 7, 1;
L_000002268dccea30 .part o000002268daf1088, 8, 1;
L_000002268dccdd10 .part o000002268daf1088, 9, 1;
L_000002268dcce670 .part o000002268daf1088, 10, 1;
L_000002268dccdc70 .part o000002268daf1088, 11, 1;
L_000002268dcce710 .part o000002268daf1088, 12, 1;
L_000002268dccf250 .part o000002268daf1088, 13, 1;
L_000002268dccd8b0 .part o000002268daf1088, 14, 1;
L_000002268dccf390 .part o000002268daf1088, 15, 1;
p000002268dafe7f8 .port I000002268da132c0, L_000002268dd468d0;
 .tranvp 16 1 0, I000002268da132c0, p000002268daf1028 p000002268dafe7f8;
p000002268dafe828 .port I000002268da12d00, L_000002268dd46ef0;
 .tranvp 16 1 0, I000002268da12d00, p000002268daf1058 p000002268dafe828;
p000002268dafeb88 .port I000002268da132c0, L_000002268dd47d60;
 .tranvp 16 1 1, I000002268da132c0, p000002268daf1028 p000002268dafeb88;
p000002268dafebb8 .port I000002268da12d00, L_000002268dd47200;
 .tranvp 16 1 1, I000002268da12d00, p000002268daf1058 p000002268dafebb8;
p000002268db001d8 .port I000002268da132c0, L_000002268dd47270;
 .tranvp 16 1 2, I000002268da132c0, p000002268daf1028 p000002268db001d8;
p000002268db00208 .port I000002268da12d00, L_000002268dd47f90;
 .tranvp 16 1 2, I000002268da12d00, p000002268daf1058 p000002268db00208;
p000002268db00508 .port I000002268da132c0, L_000002268dd47820;
 .tranvp 16 1 3, I000002268da132c0, p000002268daf1028 p000002268db00508;
p000002268db00538 .port I000002268da12d00, L_000002268dd477b0;
 .tranvp 16 1 3, I000002268da12d00, p000002268daf1058 p000002268db00538;
p000002268db00838 .port I000002268da132c0, L_000002268dd465c0;
 .tranvp 16 1 4, I000002268da132c0, p000002268daf1028 p000002268db00838;
p000002268db00868 .port I000002268da12d00, L_000002268dd47970;
 .tranvp 16 1 4, I000002268da12d00, p000002268daf1058 p000002268db00868;
p000002268db00b68 .port I000002268da132c0, L_000002268dd47a50;
 .tranvp 16 1 5, I000002268da132c0, p000002268daf1028 p000002268db00b68;
p000002268db00b98 .port I000002268da12d00, L_000002268dd46a90;
 .tranvp 16 1 5, I000002268da12d00, p000002268daf1058 p000002268db00b98;
p000002268db00e98 .port I000002268da132c0, L_000002268dd46b00;
 .tranvp 16 1 6, I000002268da132c0, p000002268daf1028 p000002268db00e98;
p000002268db00ec8 .port I000002268da12d00, L_000002268dd46b70;
 .tranvp 16 1 6, I000002268da12d00, p000002268daf1058 p000002268db00ec8;
p000002268db011c8 .port I000002268da132c0, L_000002268dd48620;
 .tranvp 16 1 7, I000002268da132c0, p000002268daf1028 p000002268db011c8;
p000002268db011f8 .port I000002268da12d00, L_000002268dd485b0;
 .tranvp 16 1 7, I000002268da12d00, p000002268daf1058 p000002268db011f8;
p000002268db014f8 .port I000002268da132c0, L_000002268dd499d0;
 .tranvp 16 1 8, I000002268da132c0, p000002268daf1028 p000002268db014f8;
p000002268db01528 .port I000002268da12d00, L_000002268dd49340;
 .tranvp 16 1 8, I000002268da12d00, p000002268daf1058 p000002268db01528;
p000002268db01828 .port I000002268da132c0, L_000002268dd48310;
 .tranvp 16 1 9, I000002268da132c0, p000002268daf1028 p000002268db01828;
p000002268db01858 .port I000002268da12d00, L_000002268dd48e00;
 .tranvp 16 1 9, I000002268da12d00, p000002268daf1058 p000002268db01858;
p000002268dafeeb8 .port I000002268da132c0, L_000002268dd48460;
 .tranvp 16 1 10, I000002268da132c0, p000002268daf1028 p000002268dafeeb8;
p000002268dafeee8 .port I000002268da12d00, L_000002268dd48230;
 .tranvp 16 1 10, I000002268da12d00, p000002268daf1058 p000002268dafeee8;
p000002268daff1e8 .port I000002268da132c0, L_000002268dd48c40;
 .tranvp 16 1 11, I000002268da132c0, p000002268daf1028 p000002268daff1e8;
p000002268daff218 .port I000002268da12d00, L_000002268dd49a40;
 .tranvp 16 1 11, I000002268da12d00, p000002268daf1058 p000002268daff218;
p000002268daff518 .port I000002268da132c0, L_000002268dd488c0;
 .tranvp 16 1 12, I000002268da132c0, p000002268daf1028 p000002268daff518;
p000002268daff548 .port I000002268da12d00, L_000002268dd482a0;
 .tranvp 16 1 12, I000002268da12d00, p000002268daf1058 p000002268daff548;
p000002268daff848 .port I000002268da132c0, L_000002268dd492d0;
 .tranvp 16 1 13, I000002268da132c0, p000002268daf1028 p000002268daff848;
p000002268daff878 .port I000002268da12d00, L_000002268dd49490;
 .tranvp 16 1 13, I000002268da12d00, p000002268daf1058 p000002268daff878;
p000002268daffb78 .port I000002268da132c0, L_000002268dd48930;
 .tranvp 16 1 14, I000002268da132c0, p000002268daf1028 p000002268daffb78;
p000002268daffba8 .port I000002268da12d00, L_000002268dd493b0;
 .tranvp 16 1 14, I000002268da12d00, p000002268daf1058 p000002268daffba8;
p000002268daffea8 .port I000002268da132c0, L_000002268dd490a0;
 .tranvp 16 1 15, I000002268da132c0, p000002268daf1028 p000002268daffea8;
p000002268daffed8 .port I000002268da12d00, L_000002268dd49ab0;
 .tranvp 16 1 15, I000002268da12d00, p000002268daf1058 p000002268daffed8;
S_000002268db848e0 .scope module, "bit_cell0" "bit_cell" 4 12, 5 2 0, S_000002268db850b0;
 .timescale 0 0;
    .port_info 0 /INPUT 1 "clk";
    .port_info 1 /INPUT 1 "rst";
    .port_info 2 /INPUT 1 "d";
    .port_info 3 /INPUT 1 "wren";
    .port_info 4 /INPUT 1 "rden1";
    .port_info 5 /INPUT 1 "rden2";
    .port_info 6 /INOUT 1 "bitline1";
    .port_info 7 /INOUT 1 "bitline2";
L_000002268dd468d0 .functor BUFIF1 1, v000002268db68bb0_0, L_000002268dccd4f0, C4<0>, C4<0>;
L_000002268dd46ef0 .functor BUFIF1 1, v000002268db68bb0_0, L_000002268dccd590, C4<0>, C4<0>;
v000002268db684d0_0 .net8 "bitline1", 0 0, p000002268dafe7f8;  1 drivers, strength-aware
v000002268db66bd0_0 .net8 "bitline2", 0 0, p000002268dafe828;  1 drivers, strength-aware
v000002268db67710_0 .net "clk", 0 0, o000002268daedc38;  alias, 0 drivers
v000002268db67170_0 .net "d", 0 0, L_000002268dccdb30;  1 drivers
v000002268db66f90_0 .net "q", 0 0, v000002268db68bb0_0;  1 drivers
v000002268db687f0_0 .net "rden1", 0 0, L_000002268dccd4f0;  alias, 1 drivers
v000002268db67a30_0 .net "rden2", 0 0, L_000002268dccd590;  alias, 1 drivers
v000002268db672b0_0 .net "rst", 0 0, o000002268daedcc8;  alias, 0 drivers
v000002268db68250_0 .net "wren", 0 0, L_000002268dccee90;  alias, 1 drivers
S_000002268db85240 .scope module, "cell_dff" "dff" 5 13, 6 4 0, S_000002268db848e0;
 .timescale 0 0;
    .port_info 0 /OUTPUT 1 "q";
    .port_info 1 /INPUT 1 "d";
    .port_info 2 /INPUT 1 "wen";
    .port_info 3 /INPUT 1 "clk";
    .port_info 4 /INPUT 1 "rst";
v000002268db68610_0 .net "clk", 0 0, o000002268daedc38;  alias, 0 drivers
v000002268db68110_0 .net "d", 0 0, L_000002268dccdb30;  alias, 1 drivers
v000002268db68bb0_0 .var "q", 0 0;
v000002268db67ad0_0 .net "rst", 0 0, o000002268daedcc8;  alias, 0 drivers
v000002268db686b0_0 .net "wen", 0 0, L_000002268dccee90;  alias, 1 drivers
S_000002268db853d0 .scope module, "bit_cell1" "bit_cell" 4 13, 5 2 0, S_000002268db850b0;
 .timescale 0 0;
    .port_info 0 /INPUT 1 "clk";
    .port_info 1 /INPUT 1 "rst";
    .port_info 2 /INPUT 1 "d";
    .port_info 3 /INPUT 1 "wren";
    .port_info 4 /INPUT 1 "rden1";
    .port_info 5 /INPUT 1 "rden2";
    .port_info 6 /INOUT 1 "bitline1";
    .port_info 7 /INOUT 1 "bitline2";
L_000002268dd47d60 .functor BUFIF1 1, v000002268db669f0_0, L_000002268dccd4f0, C4<0>, C4<0>;
L_000002268dd47200 .functor BUFIF1 1, v000002268db669f0_0, L_000002268dccd590, C4<0>, C4<0>;
v000002268db67210_0 .net8 "bitline1", 0 0, p000002268dafeb88;  1 drivers, strength-aware
v000002268db67b70_0 .net8 "bitline2", 0 0, p000002268dafebb8;  1 drivers, strength-aware
v000002268db68b10_0 .net "clk", 0 0, o000002268daedc38;  alias, 0 drivers
v000002268db682f0_0 .net "d", 0 0, L_000002268dccf110;  1 drivers
v000002268db66d10_0 .net "q", 0 0, v000002268db669f0_0;  1 drivers
v000002268db677b0_0 .net "rden1", 0 0, L_000002268dccd4f0;  alias, 1 drivers
v000002268db668b0_0 .net "rden2", 0 0, L_000002268dccd590;  alias, 1 drivers
v000002268db68390_0 .net "rst", 0 0, o000002268daedcc8;  alias, 0 drivers
v000002268db670d0_0 .net "wren", 0 0, L_000002268dccee90;  alias, 1 drivers
S_000002268db845c0 .scope module, "cell_dff" "dff" 5 13, 6 4 0, S_000002268db853d0;
 .timescale 0 0;
    .port_info 0 /OUTPUT 1 "q";
    .port_info 1 /INPUT 1 "d";
    .port_info 2 /INPUT 1 "wen";
    .port_info 3 /INPUT 1 "clk";
    .port_info 4 /INPUT 1 "rst";
v000002268db68890_0 .net "clk", 0 0, o000002268daedc38;  alias, 0 drivers
v000002268db68570_0 .net "d", 0 0, L_000002268dccf110;  alias, 1 drivers
v000002268db669f0_0 .var "q", 0 0;
v000002268db681b0_0 .net "rst", 0 0, o000002268daedcc8;  alias, 0 drivers
v000002268db689d0_0 .net "wen", 0 0, L_000002268dccee90;  alias, 1 drivers
S_000002268db85ec0 .scope module, "bit_cell10" "bit_cell" 4 22, 5 2 0, S_000002268db850b0;
 .timescale 0 0;
    .port_info 0 /INPUT 1 "clk";
    .port_info 1 /INPUT 1 "rst";
    .port_info 2 /INPUT 1 "d";
    .port_info 3 /INPUT 1 "wren";
    .port_info 4 /INPUT 1 "rden1";
    .port_info 5 /INPUT 1 "rden2";
    .port_info 6 /INOUT 1 "bitline1";
    .port_info 7 /INOUT 1 "bitline2";
L_000002268dd48460 .functor BUFIF1 1, v000002268db66db0_0, L_000002268dccd4f0, C4<0>, C4<0>;
L_000002268dd48230 .functor BUFIF1 1, v000002268db66db0_0, L_000002268dccd590, C4<0>, C4<0>;
v000002268db67e90_0 .net8 "bitline1", 0 0, p000002268dafeeb8;  1 drivers, strength-aware
v000002268db68930_0 .net8 "bitline2", 0 0, p000002268dafeee8;  1 drivers, strength-aware
v000002268db66590_0 .net "clk", 0 0, o000002268daedc38;  alias, 0 drivers
v000002268db666d0_0 .net "d", 0 0, L_000002268dcce670;  1 drivers
v000002268db66630_0 .net "q", 0 0, v000002268db66db0_0;  1 drivers
v000002268db66770_0 .net "rden1", 0 0, L_000002268dccd4f0;  alias, 1 drivers
v000002268db67350_0 .net "rden2", 0 0, L_000002268dccd590;  alias, 1 drivers
v000002268db66810_0 .net "rst", 0 0, o000002268daedcc8;  alias, 0 drivers
v000002268db66a90_0 .net "wren", 0 0, L_000002268dccee90;  alias, 1 drivers
S_000002268db85560 .scope module, "cell_dff" "dff" 5 13, 6 4 0, S_000002268db85ec0;
 .timescale 0 0;
    .port_info 0 /OUTPUT 1 "q";
    .port_info 1 /INPUT 1 "d";
    .port_info 2 /INPUT 1 "wen";
    .port_info 3 /INPUT 1 "clk";
    .port_info 4 /INPUT 1 "rst";
v000002268db67c10_0 .net "clk", 0 0, o000002268daedc38;  alias, 0 drivers
v000002268db67df0_0 .net "d", 0 0, L_000002268dcce670;  alias, 1 drivers
v000002268db66db0_0 .var "q", 0 0;
v000002268db66e50_0 .net "rst", 0 0, o000002268daedcc8;  alias, 0 drivers
v000002268db68430_0 .net "wen", 0 0, L_000002268dccee90;  alias, 1 drivers
S_000002268db84750 .scope module, "bit_cell11" "bit_cell" 4 23, 5 2 0, S_000002268db850b0;
 .timescale 0 0;
    .port_info 0 /INPUT 1 "clk";
    .port_info 1 /INPUT 1 "rst";
    .port_info 2 /INPUT 1 "d";
    .port_info 3 /INPUT 1 "wren";
    .port_info 4 /INPUT 1 "rden1";
    .port_info 5 /INPUT 1 "rden2";
    .port_info 6 /INOUT 1 "bitline1";
    .port_info 7 /INOUT 1 "bitline2";
L_000002268dd48c40 .functor BUFIF1 1, v000002268db87cd0_0, L_000002268dccd4f0, C4<0>, C4<0>;
L_000002268dd49a40 .functor BUFIF1 1, v000002268db87cd0_0, L_000002268dccd590, C4<0>, C4<0>;
v000002268db889f0_0 .net8 "bitline1", 0 0, p000002268daff1e8;  1 drivers, strength-aware
v000002268db88d10_0 .net8 "bitline2", 0 0, p000002268daff218;  1 drivers, strength-aware
v000002268db881d0_0 .net "clk", 0 0, o000002268daedc38;  alias, 0 drivers
v000002268db874b0_0 .net "d", 0 0, L_000002268dccdc70;  1 drivers
v000002268db872d0_0 .net "q", 0 0, v000002268db87cd0_0;  1 drivers
v000002268db890d0_0 .net "rden1", 0 0, L_000002268dccd4f0;  alias, 1 drivers
v000002268db88db0_0 .net "rden2", 0 0, L_000002268dccd590;  alias, 1 drivers
v000002268db86c90_0 .net "rst", 0 0, o000002268daedcc8;  alias, 0 drivers
v000002268db87f50_0 .net "wren", 0 0, L_000002268dccee90;  alias, 1 drivers
S_000002268db861e0 .scope module, "cell_dff" "dff" 5 13, 6 4 0, S_000002268db84750;
 .timescale 0 0;
    .port_info 0 /OUTPUT 1 "q";
    .port_info 1 /INPUT 1 "d";
    .port_info 2 /INPUT 1 "wen";
    .port_info 3 /INPUT 1 "clk";
    .port_info 4 /INPUT 1 "rst";
v000002268db87c30_0 .net "clk", 0 0, o000002268daedc38;  alias, 0 drivers
v000002268db886d0_0 .net "d", 0 0, L_000002268dccdc70;  alias, 1 drivers
v000002268db87cd0_0 .var "q", 0 0;
v000002268db879b0_0 .net "rst", 0 0, o000002268daedcc8;  alias, 0 drivers
v000002268db86a10_0 .net "wen", 0 0, L_000002268dccee90;  alias, 1 drivers
S_000002268db84f20 .scope module, "bit_cell12" "bit_cell" 4 24, 5 2 0, S_000002268db850b0;
 .timescale 0 0;
    .port_info 0 /INPUT 1 "clk";
    .port_info 1 /INPUT 1 "rst";
    .port_info 2 /INPUT 1 "d";
    .port_info 3 /INPUT 1 "wren";
    .port_info 4 /INPUT 1 "rden1";
    .port_info 5 /INPUT 1 "rden2";
    .port_info 6 /INOUT 1 "bitline1";
    .port_info 7 /INOUT 1 "bitline2";
L_000002268dd488c0 .functor BUFIF1 1, v000002268db875f0_0, L_000002268dccd4f0, C4<0>, C4<0>;
L_000002268dd482a0 .functor BUFIF1 1, v000002268db875f0_0, L_000002268dccd590, C4<0>, C4<0>;
v000002268db87870_0 .net8 "bitline1", 0 0, p000002268daff518;  1 drivers, strength-aware
v000002268db88770_0 .net8 "bitline2", 0 0, p000002268daff548;  1 drivers, strength-aware
v000002268db88950_0 .net "clk", 0 0, o000002268daedc38;  alias, 0 drivers
v000002268db87550_0 .net "d", 0 0, L_000002268dcce710;  1 drivers
v000002268db87410_0 .net "q", 0 0, v000002268db875f0_0;  1 drivers
v000002268db88090_0 .net "rden1", 0 0, L_000002268dccd4f0;  alias, 1 drivers
v000002268db86dd0_0 .net "rden2", 0 0, L_000002268dccd590;  alias, 1 drivers
v000002268db88e50_0 .net "rst", 0 0, o000002268daedcc8;  alias, 0 drivers
v000002268db86ab0_0 .net "wren", 0 0, L_000002268dccee90;  alias, 1 drivers
S_000002268db856f0 .scope module, "cell_dff" "dff" 5 13, 6 4 0, S_000002268db84f20;
 .timescale 0 0;
    .port_info 0 /OUTPUT 1 "q";
    .port_info 1 /INPUT 1 "d";
    .port_info 2 /INPUT 1 "wen";
    .port_info 3 /INPUT 1 "clk";
    .port_info 4 /INPUT 1 "rst";
v000002268db88c70_0 .net "clk", 0 0, o000002268daedc38;  alias, 0 drivers
v000002268db87d70_0 .net "d", 0 0, L_000002268dcce710;  alias, 1 drivers
v000002268db875f0_0 .var "q", 0 0;
v000002268db87ff0_0 .net "rst", 0 0, o000002268daedcc8;  alias, 0 drivers
v000002268db87370_0 .net "wen", 0 0, L_000002268dccee90;  alias, 1 drivers
S_000002268db85a10 .scope module, "bit_cell13" "bit_cell" 4 25, 5 2 0, S_000002268db850b0;
 .timescale 0 0;
    .port_info 0 /INPUT 1 "clk";
    .port_info 1 /INPUT 1 "rst";
    .port_info 2 /INPUT 1 "d";
    .port_info 3 /INPUT 1 "wren";
    .port_info 4 /INPUT 1 "rden1";
    .port_info 5 /INPUT 1 "rden2";
    .port_info 6 /INOUT 1 "bitline1";
    .port_info 7 /INOUT 1 "bitline2";
L_000002268dd492d0 .functor BUFIF1 1, v000002268db89170_0, L_000002268dccd4f0, C4<0>, C4<0>;
L_000002268dd49490 .functor BUFIF1 1, v000002268db89170_0, L_000002268dccd590, C4<0>, C4<0>;
v000002268db87690_0 .net8 "bitline1", 0 0, p000002268daff848;  1 drivers, strength-aware
v000002268db87730_0 .net8 "bitline2", 0 0, p000002268daff878;  1 drivers, strength-aware
v000002268db877d0_0 .net "clk", 0 0, o000002268daedc38;  alias, 0 drivers
v000002268db88270_0 .net "d", 0 0, L_000002268dccf250;  1 drivers
v000002268db87910_0 .net "q", 0 0, v000002268db89170_0;  1 drivers
v000002268db86bf0_0 .net "rden1", 0 0, L_000002268dccd4f0;  alias, 1 drivers
v000002268db86d30_0 .net "rden2", 0 0, L_000002268dccd590;  alias, 1 drivers
v000002268db888b0_0 .net "rst", 0 0, o000002268daedcc8;  alias, 0 drivers
v000002268db88810_0 .net "wren", 0 0, L_000002268dccee90;  alias, 1 drivers
S_000002268db85880 .scope module, "cell_dff" "dff" 5 13, 6 4 0, S_000002268db85a10;
 .timescale 0 0;
    .port_info 0 /OUTPUT 1 "q";
    .port_info 1 /INPUT 1 "d";
    .port_info 2 /INPUT 1 "wen";
    .port_info 3 /INPUT 1 "clk";
    .port_info 4 /INPUT 1 "rst";
v000002268db86f10_0 .net "clk", 0 0, o000002268daedc38;  alias, 0 drivers
v000002268db86b50_0 .net "d", 0 0, L_000002268dccf250;  alias, 1 drivers
v000002268db89170_0 .var "q", 0 0;
v000002268db89030_0 .net "rst", 0 0, o000002268daedcc8;  alias, 0 drivers
v000002268db88130_0 .net "wen", 0 0, L_000002268dccee90;  alias, 1 drivers
S_000002268db85ba0 .scope module, "bit_cell14" "bit_cell" 4 26, 5 2 0, S_000002268db850b0;
 .timescale 0 0;
    .port_info 0 /INPUT 1 "clk";
    .port_info 1 /INPUT 1 "rst";
    .port_info 2 /INPUT 1 "d";
    .port_info 3 /INPUT 1 "wren";
    .port_info 4 /INPUT 1 "rden1";
    .port_info 5 /INPUT 1 "rden2";
    .port_info 6 /INOUT 1 "bitline1";
    .port_info 7 /INOUT 1 "bitline2";
L_000002268dd48930 .functor BUFIF1 1, v000002268db87af0_0, L_000002268dccd4f0, C4<0>, C4<0>;
L_000002268dd493b0 .functor BUFIF1 1, v000002268db87af0_0, L_000002268dccd590, C4<0>, C4<0>;
v000002268db87b90_0 .net8 "bitline1", 0 0, p000002268daffb78;  1 drivers, strength-aware
v000002268db86e70_0 .net8 "bitline2", 0 0, p000002268daffba8;  1 drivers, strength-aware
v000002268db88f90_0 .net "clk", 0 0, o000002268daedc38;  alias, 0 drivers
v000002268db883b0_0 .net "d", 0 0, L_000002268dccd8b0;  1 drivers
v000002268db88450_0 .net "q", 0 0, v000002268db87af0_0;  1 drivers
v000002268db88bd0_0 .net "rden1", 0 0, L_000002268dccd4f0;  alias, 1 drivers
v000002268db884f0_0 .net "rden2", 0 0, L_000002268dccd590;  alias, 1 drivers
v000002268db86fb0_0 .net "rst", 0 0, o000002268daedcc8;  alias, 0 drivers
v000002268db87e10_0 .net "wren", 0 0, L_000002268dccee90;  alias, 1 drivers
S_000002268db85d30 .scope module, "cell_dff" "dff" 5 13, 6 4 0, S_000002268db85ba0;
 .timescale 0 0;
    .port_info 0 /OUTPUT 1 "q";
    .port_info 1 /INPUT 1 "d";
    .port_info 2 /INPUT 1 "wen";
    .port_info 3 /INPUT 1 "clk";
    .port_info 4 /INPUT 1 "rst";
v000002268db87a50_0 .net "clk", 0 0, o000002268daedc38;  alias, 0 drivers
v000002268db88310_0 .net "d", 0 0, L_000002268dccd8b0;  alias, 1 drivers
v000002268db87af0_0 .var "q", 0 0;
v000002268db88ef0_0 .net "rst", 0 0, o000002268daedcc8;  alias, 0 drivers
v000002268db88a90_0 .net "wen", 0 0, L_000002268dccee90;  alias, 1 drivers
S_000002268db86050 .scope module, "bit_cell15" "bit_cell" 4 27, 5 2 0, S_000002268db850b0;
 .timescale 0 0;
    .port_info 0 /INPUT 1 "clk";
    .port_info 1 /INPUT 1 "rst";
    .port_info 2 /INPUT 1 "d";
    .port_info 3 /INPUT 1 "wren";
    .port_info 4 /INPUT 1 "rden1";
    .port_info 5 /INPUT 1 "rden2";
    .port_info 6 /INOUT 1 "bitline1";
    .port_info 7 /INOUT 1 "bitline2";
L_000002268dd490a0 .functor BUFIF1 1, v000002268db88630_0, L_000002268dccd4f0, C4<0>, C4<0>;
L_000002268dd49ab0 .functor BUFIF1 1, v000002268db88630_0, L_000002268dccd590, C4<0>, C4<0>;
v000002268db870f0_0 .net8 "bitline1", 0 0, p000002268daffea8;  1 drivers, strength-aware
v000002268db87230_0 .net8 "bitline2", 0 0, p000002268daffed8;  1 drivers, strength-aware
v000002268db87190_0 .net "clk", 0 0, o000002268daedc38;  alias, 0 drivers
v000002268db8abb0_0 .net "d", 0 0, L_000002268dccf390;  1 drivers
v000002268db8a110_0 .net "q", 0 0, v000002268db88630_0;  1 drivers
v000002268db8a890_0 .net "rden1", 0 0, L_000002268dccd4f0;  alias, 1 drivers
v000002268db8a750_0 .net "rden2", 0 0, L_000002268dccd590;  alias, 1 drivers
v000002268db8b290_0 .net "rst", 0 0, o000002268daedcc8;  alias, 0 drivers
v000002268db8acf0_0 .net "wren", 0 0, L_000002268dccee90;  alias, 1 drivers
S_000002268db86370 .scope module, "cell_dff" "dff" 5 13, 6 4 0, S_000002268db86050;
 .timescale 0 0;
    .port_info 0 /OUTPUT 1 "q";
    .port_info 1 /INPUT 1 "d";
    .port_info 2 /INPUT 1 "wen";
    .port_info 3 /INPUT 1 "clk";
    .port_info 4 /INPUT 1 "rst";
v000002268db87eb0_0 .net "clk", 0 0, o000002268daedc38;  alias, 0 drivers
v000002268db88590_0 .net "d", 0 0, L_000002268dccf390;  alias, 1 drivers
v000002268db88630_0 .var "q", 0 0;
v000002268db88b30_0 .net "rst", 0 0, o000002268daedcc8;  alias, 0 drivers
v000002268db87050_0 .net "wen", 0 0, L_000002268dccee90;  alias, 1 drivers
S_000002268db97990 .scope module, "bit_cell2" "bit_cell" 4 14, 5 2 0, S_000002268db850b0;
 .timescale 0 0;
    .port_info 0 /INPUT 1 "clk";
    .port_info 1 /INPUT 1 "rst";
    .port_info 2 /INPUT 1 "d";
    .port_info 3 /INPUT 1 "wren";
    .port_info 4 /INPUT 1 "rden1";
    .port_info 5 /INPUT 1 "rden2";
    .port_info 6 /INOUT 1 "bitline1";
    .port_info 7 /INOUT 1 "bitline2";
L_000002268dd47270 .functor BUFIF1 1, v000002268db89530_0, L_000002268dccd4f0, C4<0>, C4<0>;
L_000002268dd47f90 .functor BUFIF1 1, v000002268db89530_0, L_000002268dccd590, C4<0>, C4<0>;
v000002268db89850_0 .net8 "bitline1", 0 0, p000002268db001d8;  1 drivers, strength-aware
v000002268db8af70_0 .net8 "bitline2", 0 0, p000002268db00208;  1 drivers, strength-aware
v000002268db8a570_0 .net "clk", 0 0, o000002268daedc38;  alias, 0 drivers
v000002268db89210_0 .net "d", 0 0, L_000002268dccead0;  1 drivers
v000002268db8b970_0 .net "q", 0 0, v000002268db89530_0;  1 drivers
v000002268db89670_0 .net "rden1", 0 0, L_000002268dccd4f0;  alias, 1 drivers
v000002268db8a070_0 .net "rden2", 0 0, L_000002268dccd590;  alias, 1 drivers
v000002268db8ad90_0 .net "rst", 0 0, o000002268daedcc8;  alias, 0 drivers
v000002268db8b650_0 .net "wren", 0 0, L_000002268dccee90;  alias, 1 drivers
S_000002268db97350 .scope module, "cell_dff" "dff" 5 13, 6 4 0, S_000002268db97990;
 .timescale 0 0;
    .port_info 0 /OUTPUT 1 "q";
    .port_info 1 /INPUT 1 "d";
    .port_info 2 /INPUT 1 "wen";
    .port_info 3 /INPUT 1 "clk";
    .port_info 4 /INPUT 1 "rst";
v000002268db8a4d0_0 .net "clk", 0 0, o000002268daedc38;  alias, 0 drivers
v000002268db8a2f0_0 .net "d", 0 0, L_000002268dccead0;  alias, 1 drivers
v000002268db89530_0 .var "q", 0 0;
v000002268db8b3d0_0 .net "rst", 0 0, o000002268daedcc8;  alias, 0 drivers
v000002268db8b790_0 .net "wen", 0 0, L_000002268dccee90;  alias, 1 drivers
S_000002268db97030 .scope module, "bit_cell3" "bit_cell" 4 15, 5 2 0, S_000002268db850b0;
 .timescale 0 0;
    .port_info 0 /INPUT 1 "clk";
    .port_info 1 /INPUT 1 "rst";
    .port_info 2 /INPUT 1 "d";
    .port_info 3 /INPUT 1 "wren";
    .port_info 4 /INPUT 1 "rden1";
    .port_info 5 /INPUT 1 "rden2";
    .port_info 6 /INOUT 1 "bitline1";
    .port_info 7 /INOUT 1 "bitline2";
L_000002268dd47820 .functor BUFIF1 1, v000002268db8b010_0, L_000002268dccd4f0, C4<0>, C4<0>;
L_000002268dd477b0 .functor BUFIF1 1, v000002268db8b010_0, L_000002268dccd590, C4<0>, C4<0>;
v000002268db8a1b0_0 .net8 "bitline1", 0 0, p000002268db00508;  1 drivers, strength-aware
v000002268db8b6f0_0 .net8 "bitline2", 0 0, p000002268db00538;  1 drivers, strength-aware
v000002268db8b8d0_0 .net "clk", 0 0, o000002268daedc38;  alias, 0 drivers
v000002268db8a390_0 .net "d", 0 0, L_000002268dcce350;  1 drivers
v000002268db89f30_0 .net "q", 0 0, v000002268db8b010_0;  1 drivers
v000002268db8a250_0 .net "rden1", 0 0, L_000002268dccd4f0;  alias, 1 drivers
v000002268db89ad0_0 .net "rden2", 0 0, L_000002268dccd590;  alias, 1 drivers
v000002268db8a7f0_0 .net "rst", 0 0, o000002268daedcc8;  alias, 0 drivers
v000002268db89b70_0 .net "wren", 0 0, L_000002268dccee90;  alias, 1 drivers
S_000002268db99a60 .scope module, "cell_dff" "dff" 5 13, 6 4 0, S_000002268db97030;
 .timescale 0 0;
    .port_info 0 /OUTPUT 1 "q";
    .port_info 1 /INPUT 1 "d";
    .port_info 2 /INPUT 1 "wen";
    .port_info 3 /INPUT 1 "clk";
    .port_info 4 /INPUT 1 "rst";
v000002268db8aed0_0 .net "clk", 0 0, o000002268daedc38;  alias, 0 drivers
v000002268db898f0_0 .net "d", 0 0, L_000002268dcce350;  alias, 1 drivers
v000002268db8b010_0 .var "q", 0 0;
v000002268db8a610_0 .net "rst", 0 0, o000002268daedcc8;  alias, 0 drivers
v000002268db8b150_0 .net "wen", 0 0, L_000002268dccee90;  alias, 1 drivers
S_000002268db96ea0 .scope module, "bit_cell4" "bit_cell" 4 16, 5 2 0, S_000002268db850b0;
 .timescale 0 0;
    .port_info 0 /INPUT 1 "clk";
    .port_info 1 /INPUT 1 "rst";
    .port_info 2 /INPUT 1 "d";
    .port_info 3 /INPUT 1 "wren";
    .port_info 4 /INPUT 1 "rden1";
    .port_info 5 /INPUT 1 "rden2";
    .port_info 6 /INOUT 1 "bitline1";
    .port_info 7 /INOUT 1 "bitline2";
L_000002268dd465c0 .functor BUFIF1 1, v000002268db8b1f0_0, L_000002268dccd4f0, C4<0>, C4<0>;
L_000002268dd47970 .functor BUFIF1 1, v000002268db8b1f0_0, L_000002268dccd590, C4<0>, C4<0>;
v000002268db8a9d0_0 .net8 "bitline1", 0 0, p000002268db00838;  1 drivers, strength-aware
v000002268db89990_0 .net8 "bitline2", 0 0, p000002268db00868;  1 drivers, strength-aware
v000002268db89a30_0 .net "clk", 0 0, o000002268daedc38;  alias, 0 drivers
v000002268db89c10_0 .net "d", 0 0, L_000002268dcced50;  1 drivers
v000002268db89710_0 .net "q", 0 0, v000002268db8b1f0_0;  1 drivers
v000002268db893f0_0 .net "rden1", 0 0, L_000002268dccd4f0;  alias, 1 drivers
v000002268db8a430_0 .net "rden2", 0 0, L_000002268dccd590;  alias, 1 drivers
v000002268db89350_0 .net "rst", 0 0, o000002268daedcc8;  alias, 0 drivers
v000002268db8a6b0_0 .net "wren", 0 0, L_000002268dccee90;  alias, 1 drivers
S_000002268db99bf0 .scope module, "cell_dff" "dff" 5 13, 6 4 0, S_000002268db96ea0;
 .timescale 0 0;
    .port_info 0 /OUTPUT 1 "q";
    .port_info 1 /INPUT 1 "d";
    .port_info 2 /INPUT 1 "wen";
    .port_info 3 /INPUT 1 "clk";
    .port_info 4 /INPUT 1 "rst";
v000002268db89e90_0 .net "clk", 0 0, o000002268daedc38;  alias, 0 drivers
v000002268db8a930_0 .net "d", 0 0, L_000002268dcced50;  alias, 1 drivers
v000002268db8b1f0_0 .var "q", 0 0;
v000002268db8aa70_0 .net "rst", 0 0, o000002268daedcc8;  alias, 0 drivers
v000002268db892b0_0 .net "wen", 0 0, L_000002268dccee90;  alias, 1 drivers
S_000002268db97b20 .scope module, "bit_cell5" "bit_cell" 4 17, 5 2 0, S_000002268db850b0;
 .timescale 0 0;
    .port_info 0 /INPUT 1 "clk";
    .port_info 1 /INPUT 1 "rst";
    .port_info 2 /INPUT 1 "d";
    .port_info 3 /INPUT 1 "wren";
    .port_info 4 /INPUT 1 "rden1";
    .port_info 5 /INPUT 1 "rden2";
    .port_info 6 /INOUT 1 "bitline1";
    .port_info 7 /INOUT 1 "bitline2";
L_000002268dd47a50 .functor BUFIF1 1, v000002268db897b0_0, L_000002268dccd4f0, C4<0>, C4<0>;
L_000002268dd46a90 .functor BUFIF1 1, v000002268db897b0_0, L_000002268dccd590, C4<0>, C4<0>;
v000002268db8b330_0 .net8 "bitline1", 0 0, p000002268db00b68;  1 drivers, strength-aware
v000002268db89d50_0 .net8 "bitline2", 0 0, p000002268db00b98;  1 drivers, strength-aware
v000002268db89df0_0 .net "clk", 0 0, o000002268daedc38;  alias, 0 drivers
v000002268db8ac50_0 .net "d", 0 0, L_000002268dcce170;  1 drivers
v000002268db8ab10_0 .net "q", 0 0, v000002268db897b0_0;  1 drivers
v000002268db89fd0_0 .net "rden1", 0 0, L_000002268dccd4f0;  alias, 1 drivers
v000002268db8ae30_0 .net "rden2", 0 0, L_000002268dccd590;  alias, 1 drivers
v000002268db8b0b0_0 .net "rst", 0 0, o000002268daedcc8;  alias, 0 drivers
v000002268db8b830_0 .net "wren", 0 0, L_000002268dccee90;  alias, 1 drivers
S_000002268db974e0 .scope module, "cell_dff" "dff" 5 13, 6 4 0, S_000002268db97b20;
 .timescale 0 0;
    .port_info 0 /OUTPUT 1 "q";
    .port_info 1 /INPUT 1 "d";
    .port_info 2 /INPUT 1 "wen";
    .port_info 3 /INPUT 1 "clk";
    .port_info 4 /INPUT 1 "rst";
v000002268db895d0_0 .net "clk", 0 0, o000002268daedc38;  alias, 0 drivers
v000002268db89490_0 .net "d", 0 0, L_000002268dcce170;  alias, 1 drivers
v000002268db897b0_0 .var "q", 0 0;
v000002268db8b470_0 .net "rst", 0 0, o000002268daedcc8;  alias, 0 drivers
v000002268db89cb0_0 .net "wen", 0 0, L_000002268dccee90;  alias, 1 drivers
S_000002268db97cb0 .scope module, "bit_cell6" "bit_cell" 4 18, 5 2 0, S_000002268db850b0;
 .timescale 0 0;
    .port_info 0 /INPUT 1 "clk";
    .port_info 1 /INPUT 1 "rst";
    .port_info 2 /INPUT 1 "d";
    .port_info 3 /INPUT 1 "wren";
    .port_info 4 /INPUT 1 "rden1";
    .port_info 5 /INPUT 1 "rden2";
    .port_info 6 /INOUT 1 "bitline1";
    .port_info 7 /INOUT 1 "bitline2";
L_000002268dd46b00 .functor BUFIF1 1, v000002268db8d130_0, L_000002268dccd4f0, C4<0>, C4<0>;
L_000002268dd46b70 .functor BUFIF1 1, v000002268db8d130_0, L_000002268dccd590, C4<0>, C4<0>;
v000002268db8c0f0_0 .net8 "bitline1", 0 0, p000002268db00e98;  1 drivers, strength-aware
v000002268db8c370_0 .net8 "bitline2", 0 0, p000002268db00ec8;  1 drivers, strength-aware
v000002268db8c9b0_0 .net "clk", 0 0, o000002268daedc38;  alias, 0 drivers
v000002268db8d450_0 .net "d", 0 0, L_000002268dcce850;  1 drivers
v000002268db8ca50_0 .net "q", 0 0, v000002268db8d130_0;  1 drivers
v000002268db8dbd0_0 .net "rden1", 0 0, L_000002268dccd4f0;  alias, 1 drivers
v000002268db8def0_0 .net "rden2", 0 0, L_000002268dccd590;  alias, 1 drivers
v000002268db8ce10_0 .net "rst", 0 0, o000002268daedcc8;  alias, 0 drivers
v000002268db8bfb0_0 .net "wren", 0 0, L_000002268dccee90;  alias, 1 drivers
S_000002268db97670 .scope module, "cell_dff" "dff" 5 13, 6 4 0, S_000002268db97cb0;
 .timescale 0 0;
    .port_info 0 /OUTPUT 1 "q";
    .port_info 1 /INPUT 1 "d";
    .port_info 2 /INPUT 1 "wen";
    .port_info 3 /INPUT 1 "clk";
    .port_info 4 /INPUT 1 "rst";
v000002268db8b510_0 .net "clk", 0 0, o000002268daedc38;  alias, 0 drivers
v000002268db8b5b0_0 .net "d", 0 0, L_000002268dcce850;  alias, 1 drivers
v000002268db8d130_0 .var "q", 0 0;
v000002268db8c870_0 .net "rst", 0 0, o000002268daedcc8;  alias, 0 drivers
v000002268db8e170_0 .net "wen", 0 0, L_000002268dccee90;  alias, 1 drivers
S_000002268db97e40 .scope module, "bit_cell7" "bit_cell" 4 19, 5 2 0, S_000002268db850b0;
 .timescale 0 0;
    .port_info 0 /INPUT 1 "clk";
    .port_info 1 /INPUT 1 "rst";
    .port_info 2 /INPUT 1 "d";
    .port_info 3 /INPUT 1 "wren";
    .port_info 4 /INPUT 1 "rden1";
    .port_info 5 /INPUT 1 "rden2";
    .port_info 6 /INOUT 1 "bitline1";
    .port_info 7 /INOUT 1 "bitline2";
L_000002268dd48620 .functor BUFIF1 1, v000002268db8cf50_0, L_000002268dccd4f0, C4<0>, C4<0>;
L_000002268dd485b0 .functor BUFIF1 1, v000002268db8cf50_0, L_000002268dccd590, C4<0>, C4<0>;
v000002268db8ccd0_0 .net8 "bitline1", 0 0, p000002268db011c8;  1 drivers, strength-aware
v000002268db8caf0_0 .net8 "bitline2", 0 0, p000002268db011f8;  1 drivers, strength-aware
v000002268db8c190_0 .net "clk", 0 0, o000002268daedc38;  alias, 0 drivers
v000002268db8c410_0 .net "d", 0 0, L_000002268dcce5d0;  1 drivers
v000002268db8c4b0_0 .net "q", 0 0, v000002268db8cf50_0;  1 drivers
v000002268db8d810_0 .net "rden1", 0 0, L_000002268dccd4f0;  alias, 1 drivers
v000002268db8bf10_0 .net "rden2", 0 0, L_000002268dccd590;  alias, 1 drivers
v000002268db8dd10_0 .net "rst", 0 0, o000002268daedcc8;  alias, 0 drivers
v000002268db8c230_0 .net "wren", 0 0, L_000002268dccee90;  alias, 1 drivers
S_000002268db987a0 .scope module, "cell_dff" "dff" 5 13, 6 4 0, S_000002268db97e40;
 .timescale 0 0;
    .port_info 0 /OUTPUT 1 "q";
    .port_info 1 /INPUT 1 "d";
    .port_info 2 /INPUT 1 "wen";
    .port_info 3 /INPUT 1 "clk";
    .port_info 4 /INPUT 1 "rst";
v000002268db8bc90_0 .net "clk", 0 0, o000002268daedc38;  alias, 0 drivers
v000002268db8e030_0 .net "d", 0 0, L_000002268dcce5d0;  alias, 1 drivers
v000002268db8cf50_0 .var "q", 0 0;
v000002268db8cc30_0 .net "rst", 0 0, o000002268daedcc8;  alias, 0 drivers
v000002268db8c050_0 .net "wen", 0 0, L_000002268dccee90;  alias, 1 drivers
S_000002268db96d10 .scope module, "bit_cell8" "bit_cell" 4 20, 5 2 0, S_000002268db850b0;
 .timescale 0 0;
    .port_info 0 /INPUT 1 "clk";
    .port_info 1 /INPUT 1 "rst";
    .port_info 2 /INPUT 1 "d";
    .port_info 3 /INPUT 1 "wren";
    .port_info 4 /INPUT 1 "rden1";
    .port_info 5 /INPUT 1 "rden2";
    .port_info 6 /INOUT 1 "bitline1";
    .port_info 7 /INOUT 1 "bitline2";
L_000002268dd499d0 .functor BUFIF1 1, v000002268db8cd70_0, L_000002268dccd4f0, C4<0>, C4<0>;
L_000002268dd49340 .functor BUFIF1 1, v000002268db8cd70_0, L_000002268dccd590, C4<0>, C4<0>;
v000002268db8ceb0_0 .net8 "bitline1", 0 0, p000002268db014f8;  1 drivers, strength-aware
v000002268db8cff0_0 .net8 "bitline2", 0 0, p000002268db01528;  1 drivers, strength-aware
v000002268db8dc70_0 .net "clk", 0 0, o000002268daedc38;  alias, 0 drivers
v000002268db8d090_0 .net "d", 0 0, L_000002268dccea30;  1 drivers
v000002268db8bab0_0 .net "q", 0 0, v000002268db8cd70_0;  1 drivers
v000002268db8d8b0_0 .net "rden1", 0 0, L_000002268dccd4f0;  alias, 1 drivers
v000002268db8d950_0 .net "rden2", 0 0, L_000002268dccd590;  alias, 1 drivers
v000002268db8c550_0 .net "rst", 0 0, o000002268daedcc8;  alias, 0 drivers
v000002268db8bdd0_0 .net "wren", 0 0, L_000002268dccee90;  alias, 1 drivers
S_000002268db9a550 .scope module, "cell_dff" "dff" 5 13, 6 4 0, S_000002268db96d10;
 .timescale 0 0;
    .port_info 0 /OUTPUT 1 "q";
    .port_info 1 /INPUT 1 "d";
    .port_info 2 /INPUT 1 "wen";
    .port_info 3 /INPUT 1 "clk";
    .port_info 4 /INPUT 1 "rst";
v000002268db8cb90_0 .net "clk", 0 0, o000002268daedc38;  alias, 0 drivers
v000002268db8ba10_0 .net "d", 0 0, L_000002268dccea30;  alias, 1 drivers
v000002268db8cd70_0 .var "q", 0 0;
v000002268db8d9f0_0 .net "rst", 0 0, o000002268daedcc8;  alias, 0 drivers
v000002268db8be70_0 .net "wen", 0 0, L_000002268dccee90;  alias, 1 drivers
S_000002268db99740 .scope module, "bit_cell9" "bit_cell" 4 21, 5 2 0, S_000002268db850b0;
 .timescale 0 0;
    .port_info 0 /INPUT 1 "clk";
    .port_info 1 /INPUT 1 "rst";
    .port_info 2 /INPUT 1 "d";
    .port_info 3 /INPUT 1 "wren";
    .port_info 4 /INPUT 1 "rden1";
    .port_info 5 /INPUT 1 "rden2";
    .port_info 6 /INOUT 1 "bitline1";
    .port_info 7 /INOUT 1 "bitline2";
L_000002268dd48310 .functor BUFIF1 1, v000002268db8bb50_0, L_000002268dccd4f0, C4<0>, C4<0>;
L_000002268dd48e00 .functor BUFIF1 1, v000002268db8bb50_0, L_000002268dccd590, C4<0>, C4<0>;
v000002268db8c690_0 .net8 "bitline1", 0 0, p000002268db01828;  1 drivers, strength-aware
v000002268db8c730_0 .net8 "bitline2", 0 0, p000002268db01858;  1 drivers, strength-aware
v000002268db8d1d0_0 .net "clk", 0 0, o000002268daedc38;  alias, 0 drivers
v000002268db8c7d0_0 .net "d", 0 0, L_000002268dccdd10;  1 drivers
v000002268db8bd30_0 .net "q", 0 0, v000002268db8bb50_0;  1 drivers
v000002268db8ddb0_0 .net "rden1", 0 0, L_000002268dccd4f0;  alias, 1 drivers
v000002268db8df90_0 .net "rden2", 0 0, L_000002268dccd590;  alias, 1 drivers
v000002268db8db30_0 .net "rst", 0 0, o000002268daedcc8;  alias, 0 drivers
v000002268db8c910_0 .net "wren", 0 0, L_000002268dccee90;  alias, 1 drivers
S_000002268db9a6e0 .scope module, "cell_dff" "dff" 5 13, 6 4 0, S_000002268db99740;
 .timescale 0 0;
    .port_info 0 /OUTPUT 1 "q";
    .port_info 1 /INPUT 1 "d";
    .port_info 2 /INPUT 1 "wen";
    .port_info 3 /INPUT 1 "clk";
    .port_info 4 /INPUT 1 "rst";
v000002268db8d4f0_0 .net "clk", 0 0, o000002268daedc38;  alias, 0 drivers
v000002268db8c2d0_0 .net "d", 0 0, L_000002268dccdd10;  alias, 1 drivers
v000002268db8bb50_0 .var "q", 0 0;
v000002268db8da90_0 .net "rst", 0 0, o000002268daedcc8;  alias, 0 drivers
v000002268db8c5f0_0 .net "wen", 0 0, L_000002268dccee90;  alias, 1 drivers
S_000002268db97800 .scope module, "reg14" "register" 2 37, 4 2 0, S_000002268d492190;
 .timescale 0 0;
    .port_info 0 /INPUT 1 "clk";
    .port_info 1 /INPUT 1 "rst";
    .port_info 2 /INPUT 16 "d";
    .port_info 3 /INPUT 1 "write_reg";
    .port_info 4 /INPUT 1 "rden1";
    .port_info 5 /INPUT 1 "rden2";
    .port_info 6 /INOUT 16 "bitline1";
    .port_info 7 /INOUT 16 "bitline2";
v000002268dbacc20_0 .net8 "bitline1", 15 0, p000002268daf1028;  alias, 0 drivers, strength-aware
v000002268dbae340_0 .net8 "bitline2", 15 0, p000002268daf1058;  alias, 0 drivers, strength-aware
v000002268dbadbc0_0 .net "clk", 0 0, o000002268daedc38;  alias, 0 drivers
v000002268dbac7c0_0 .net "d", 15 0, o000002268daf1088;  alias, 0 drivers
v000002268dbac4a0_0 .net "rden1", 0 0, L_000002268dcb1bb0;  1 drivers
v000002268dbae0c0_0 .net "rden2", 0 0, L_000002268dcb0a30;  1 drivers
v000002268dbabe60_0 .net "rst", 0 0, o000002268daedcc8;  alias, 0 drivers
v000002268dbaccc0_0 .net "write_reg", 0 0, L_000002268dcb0f30;  1 drivers
L_000002268dcce8f0 .part o000002268daf1088, 0, 1;
L_000002268dccdbd0 .part o000002268daf1088, 1, 1;
L_000002268dccdef0 .part o000002268daf1088, 2, 1;
L_000002268dcce990 .part o000002268daf1088, 3, 1;
L_000002268dcceb70 .part o000002268daf1088, 4, 1;
L_000002268dccef30 .part o000002268daf1088, 5, 1;
L_000002268dccddb0 .part o000002268daf1088, 6, 1;
L_000002268dccd950 .part o000002268daf1088, 7, 1;
L_000002268dccd9f0 .part o000002268daf1088, 8, 1;
L_000002268dccec10 .part o000002268daf1088, 9, 1;
L_000002268dccecb0 .part o000002268daf1088, 10, 1;
L_000002268dccde50 .part o000002268daf1088, 11, 1;
L_000002268dccdf90 .part o000002268daf1088, 12, 1;
L_000002268dccedf0 .part o000002268daf1088, 13, 1;
L_000002268dcce030 .part o000002268daf1088, 14, 1;
L_000002268dcb0ad0 .part o000002268daf1088, 15, 1;
p000002268db01d08 .port I000002268da132c0, L_000002268dd489a0;
 .tranvp 16 1 0, I000002268da132c0, p000002268daf1028 p000002268db01d08;
p000002268db01d38 .port I000002268da12d00, L_000002268dd49960;
 .tranvp 16 1 0, I000002268da12d00, p000002268daf1058 p000002268db01d38;
p000002268db02098 .port I000002268da132c0, L_000002268dd49030;
 .tranvp 16 1 1, I000002268da132c0, p000002268daf1028 p000002268db02098;
p000002268db020c8 .port I000002268da12d00, L_000002268dd48cb0;
 .tranvp 16 1 1, I000002268da12d00, p000002268daf1058 p000002268db020c8;
p000002268db036e8 .port I000002268da132c0, L_000002268dd49500;
 .tranvp 16 1 2, I000002268da132c0, p000002268daf1028 p000002268db036e8;
p000002268db03718 .port I000002268da12d00, L_000002268dd48b60;
 .tranvp 16 1 2, I000002268da12d00, p000002268daf1058 p000002268db03718;
p000002268db03a18 .port I000002268da132c0, L_000002268dd48690;
 .tranvp 16 1 3, I000002268da132c0, p000002268daf1028 p000002268db03a18;
p000002268db03a48 .port I000002268da12d00, L_000002268dd487e0;
 .tranvp 16 1 3, I000002268da12d00, p000002268daf1058 p000002268db03a48;
p000002268db03d48 .port I000002268da132c0, L_000002268dd48bd0;
 .tranvp 16 1 4, I000002268da132c0, p000002268daf1028 p000002268db03d48;
p000002268db03d78 .port I000002268da12d00, L_000002268dd48d20;
 .tranvp 16 1 4, I000002268da12d00, p000002268daf1058 p000002268db03d78;
p000002268db04078 .port I000002268da132c0, L_000002268dd491f0;
 .tranvp 16 1 5, I000002268da132c0, p000002268daf1028 p000002268db04078;
p000002268db040a8 .port I000002268da12d00, L_000002268dd49110;
 .tranvp 16 1 5, I000002268da12d00, p000002268daf1058 p000002268db040a8;
p000002268db043a8 .port I000002268da132c0, L_000002268dd49420;
 .tranvp 16 1 6, I000002268da132c0, p000002268daf1028 p000002268db043a8;
p000002268db043d8 .port I000002268da12d00, L_000002268dd48a80;
 .tranvp 16 1 6, I000002268da12d00, p000002268daf1058 p000002268db043d8;
p000002268db046d8 .port I000002268da132c0, L_000002268dd49c70;
 .tranvp 16 1 7, I000002268da132c0, p000002268daf1028 p000002268db046d8;
p000002268db04708 .port I000002268da12d00, L_000002268dd49570;
 .tranvp 16 1 7, I000002268da12d00, p000002268daf1058 p000002268db04708;
p000002268db04a08 .port I000002268da132c0, L_000002268dd495e0;
 .tranvp 16 1 8, I000002268da132c0, p000002268daf1028 p000002268db04a08;
p000002268db04a38 .port I000002268da12d00, L_000002268dd484d0;
 .tranvp 16 1 8, I000002268da12d00, p000002268daf1058 p000002268db04a38;
p000002268db04d38 .port I000002268da132c0, L_000002268dd48540;
 .tranvp 16 1 9, I000002268da132c0, p000002268daf1028 p000002268db04d38;
p000002268db04d68 .port I000002268da12d00, L_000002268dd48700;
 .tranvp 16 1 9, I000002268da12d00, p000002268daf1058 p000002268db04d68;
p000002268db023c8 .port I000002268da132c0, L_000002268dd48380;
 .tranvp 16 1 10, I000002268da132c0, p000002268daf1028 p000002268db023c8;
p000002268db023f8 .port I000002268da12d00, L_000002268dd48d90;
 .tranvp 16 1 10, I000002268da12d00, p000002268daf1058 p000002268db023f8;
p000002268db026f8 .port I000002268da132c0, L_000002268dd49ce0;
 .tranvp 16 1 11, I000002268da132c0, p000002268daf1028 p000002268db026f8;
p000002268db02728 .port I000002268da12d00, L_000002268dd48a10;
 .tranvp 16 1 11, I000002268da12d00, p000002268daf1058 p000002268db02728;
p000002268db02a28 .port I000002268da132c0, L_000002268dd48e70;
 .tranvp 16 1 12, I000002268da132c0, p000002268daf1028 p000002268db02a28;
p000002268db02a58 .port I000002268da12d00, L_000002268dd483f0;
 .tranvp 16 1 12, I000002268da12d00, p000002268daf1058 p000002268db02a58;
p000002268db02d58 .port I000002268da132c0, L_000002268dd49d50;
 .tranvp 16 1 13, I000002268da132c0, p000002268daf1028 p000002268db02d58;
p000002268db02d88 .port I000002268da12d00, L_000002268dd48770;
 .tranvp 16 1 13, I000002268da12d00, p000002268daf1058 p000002268db02d88;
p000002268db03088 .port I000002268da132c0, L_000002268dd49260;
 .tranvp 16 1 14, I000002268da132c0, p000002268daf1028 p000002268db03088;
p000002268db030b8 .port I000002268da12d00, L_000002268dd48ee0;
 .tranvp 16 1 14, I000002268da12d00, p000002268daf1058 p000002268db030b8;
p000002268db033b8 .port I000002268da132c0, L_000002268dd49650;
 .tranvp 16 1 15, I000002268da132c0, p000002268daf1028 p000002268db033b8;
p000002268db033e8 .port I000002268da12d00, L_000002268dd496c0;
 .tranvp 16 1 15, I000002268da12d00, p000002268daf1058 p000002268db033e8;
S_000002268db9a3c0 .scope module, "bit_cell0" "bit_cell" 4 12, 5 2 0, S_000002268db97800;
 .timescale 0 0;
    .port_info 0 /INPUT 1 "clk";
    .port_info 1 /INPUT 1 "rst";
    .port_info 2 /INPUT 1 "d";
    .port_info 3 /INPUT 1 "wren";
    .port_info 4 /INPUT 1 "rden1";
    .port_info 5 /INPUT 1 "rden2";
    .port_info 6 /INOUT 1 "bitline1";
    .port_info 7 /INOUT 1 "bitline2";
L_000002268dd489a0 .functor BUFIF1 1, v000002268db8ed50_0, L_000002268dcb1bb0, C4<0>, C4<0>;
L_000002268dd49960 .functor BUFIF1 1, v000002268db8ed50_0, L_000002268dcb0a30, C4<0>, C4<0>;
v000002268db8f250_0 .net8 "bitline1", 0 0, p000002268db01d08;  1 drivers, strength-aware
v000002268db8f7f0_0 .net8 "bitline2", 0 0, p000002268db01d38;  1 drivers, strength-aware
v000002268db8f890_0 .net "clk", 0 0, o000002268daedc38;  alias, 0 drivers
v000002268db8e3f0_0 .net "d", 0 0, L_000002268dcce8f0;  1 drivers
v000002268db8e990_0 .net "q", 0 0, v000002268db8ed50_0;  1 drivers
v000002268db8e850_0 .net "rden1", 0 0, L_000002268dcb1bb0;  alias, 1 drivers
v000002268db8ea30_0 .net "rden2", 0 0, L_000002268dcb0a30;  alias, 1 drivers
v000002268db8e710_0 .net "rst", 0 0, o000002268daedcc8;  alias, 0 drivers
v000002268db90650_0 .net "wren", 0 0, L_000002268dcb0f30;  alias, 1 drivers
S_000002268db98610 .scope module, "cell_dff" "dff" 5 13, 6 4 0, S_000002268db9a3c0;
 .timescale 0 0;
    .port_info 0 /OUTPUT 1 "q";
    .port_info 1 /INPUT 1 "d";
    .port_info 2 /INPUT 1 "wen";
    .port_info 3 /INPUT 1 "clk";
    .port_info 4 /INPUT 1 "rst";
v000002268db8d770_0 .net "clk", 0 0, o000002268daedc38;  alias, 0 drivers
v000002268db8d6d0_0 .net "d", 0 0, L_000002268dcce8f0;  alias, 1 drivers
v000002268db8ed50_0 .var "q", 0 0;
v000002268db8ee90_0 .net "rst", 0 0, o000002268daedcc8;  alias, 0 drivers
v000002268db90150_0 .net "wen", 0 0, L_000002268dcb0f30;  alias, 1 drivers
S_000002268db969f0 .scope module, "bit_cell1" "bit_cell" 4 13, 5 2 0, S_000002268db97800;
 .timescale 0 0;
    .port_info 0 /INPUT 1 "clk";
    .port_info 1 /INPUT 1 "rst";
    .port_info 2 /INPUT 1 "d";
    .port_info 3 /INPUT 1 "wren";
    .port_info 4 /INPUT 1 "rden1";
    .port_info 5 /INPUT 1 "rden2";
    .port_info 6 /INOUT 1 "bitline1";
    .port_info 7 /INOUT 1 "bitline2";
L_000002268dd49030 .functor BUFIF1 1, v000002268db90970_0, L_000002268dcb1bb0, C4<0>, C4<0>;
L_000002268dd48cb0 .functor BUFIF1 1, v000002268db90970_0, L_000002268dcb0a30, C4<0>, C4<0>;
v000002268db8f070_0 .net8 "bitline1", 0 0, p000002268db02098;  1 drivers, strength-aware
v000002268db8e530_0 .net8 "bitline2", 0 0, p000002268db020c8;  1 drivers, strength-aware
v000002268db8fed0_0 .net "clk", 0 0, o000002268daedc38;  alias, 0 drivers
v000002268db8eb70_0 .net "d", 0 0, L_000002268dccdbd0;  1 drivers
v000002268db8fc50_0 .net "q", 0 0, v000002268db90970_0;  1 drivers
v000002268db8e210_0 .net "rden1", 0 0, L_000002268dcb1bb0;  alias, 1 drivers
v000002268db8e2b0_0 .net "rden2", 0 0, L_000002268dcb0a30;  alias, 1 drivers
v000002268db8efd0_0 .net "rst", 0 0, o000002268daedcc8;  alias, 0 drivers
v000002268db906f0_0 .net "wren", 0 0, L_000002268dcb0f30;  alias, 1 drivers
S_000002268db98ac0 .scope module, "cell_dff" "dff" 5 13, 6 4 0, S_000002268db969f0;
 .timescale 0 0;
    .port_info 0 /OUTPUT 1 "q";
    .port_info 1 /INPUT 1 "d";
    .port_info 2 /INPUT 1 "wen";
    .port_info 3 /INPUT 1 "clk";
    .port_info 4 /INPUT 1 "rst";
v000002268db8ec10_0 .net "clk", 0 0, o000002268daedc38;  alias, 0 drivers
v000002268db8f750_0 .net "d", 0 0, L_000002268dccdbd0;  alias, 1 drivers
v000002268db90970_0 .var "q", 0 0;
v000002268db8e490_0 .net "rst", 0 0, o000002268daedcc8;  alias, 0 drivers
v000002268db900b0_0 .net "wen", 0 0, L_000002268dcb0f30;  alias, 1 drivers
S_000002268db9a230 .scope module, "bit_cell10" "bit_cell" 4 22, 5 2 0, S_000002268db97800;
 .timescale 0 0;
    .port_info 0 /INPUT 1 "clk";
    .port_info 1 /INPUT 1 "rst";
    .port_info 2 /INPUT 1 "d";
    .port_info 3 /INPUT 1 "wren";
    .port_info 4 /INPUT 1 "rden1";
    .port_info 5 /INPUT 1 "rden2";
    .port_info 6 /INOUT 1 "bitline1";
    .port_info 7 /INOUT 1 "bitline2";
L_000002268dd48380 .functor BUFIF1 1, v000002268db905b0_0, L_000002268dcb1bb0, C4<0>, C4<0>;
L_000002268dd48d90 .functor BUFIF1 1, v000002268db905b0_0, L_000002268dcb0a30, C4<0>, C4<0>;
v000002268db8e350_0 .net8 "bitline1", 0 0, p000002268db023c8;  1 drivers, strength-aware
v000002268db8fe30_0 .net8 "bitline2", 0 0, p000002268db023f8;  1 drivers, strength-aware
v000002268db8e670_0 .net "clk", 0 0, o000002268daedc38;  alias, 0 drivers
v000002268db8e8f0_0 .net "d", 0 0, L_000002268dccecb0;  1 drivers
v000002268db8ecb0_0 .net "q", 0 0, v000002268db905b0_0;  1 drivers
v000002268db8f1b0_0 .net "rden1", 0 0, L_000002268dcb1bb0;  alias, 1 drivers
v000002268db8fcf0_0 .net "rden2", 0 0, L_000002268dcb0a30;  alias, 1 drivers
v000002268db8f2f0_0 .net "rst", 0 0, o000002268daedcc8;  alias, 0 drivers
v000002268db90330_0 .net "wren", 0 0, L_000002268dcb0f30;  alias, 1 drivers
S_000002268db97fd0 .scope module, "cell_dff" "dff" 5 13, 6 4 0, S_000002268db9a230;
 .timescale 0 0;
    .port_info 0 /OUTPUT 1 "q";
    .port_info 1 /INPUT 1 "d";
    .port_info 2 /INPUT 1 "wen";
    .port_info 3 /INPUT 1 "clk";
    .port_info 4 /INPUT 1 "rst";
v000002268db90290_0 .net "clk", 0 0, o000002268daedc38;  alias, 0 drivers
v000002268db8e5d0_0 .net "d", 0 0, L_000002268dccecb0;  alias, 1 drivers
v000002268db905b0_0 .var "q", 0 0;
v000002268db8f110_0 .net "rst", 0 0, o000002268daedcc8;  alias, 0 drivers
v000002268db8f930_0 .net "wen", 0 0, L_000002268dcb0f30;  alias, 1 drivers
S_000002268db98160 .scope module, "bit_cell11" "bit_cell" 4 23, 5 2 0, S_000002268db97800;
 .timescale 0 0;
    .port_info 0 /INPUT 1 "clk";
    .port_info 1 /INPUT 1 "rst";
    .port_info 2 /INPUT 1 "d";
    .port_info 3 /INPUT 1 "wren";
    .port_info 4 /INPUT 1 "rden1";
    .port_info 5 /INPUT 1 "rden2";
    .port_info 6 /INOUT 1 "bitline1";
    .port_info 7 /INOUT 1 "bitline2";
L_000002268dd49ce0 .functor BUFIF1 1, v000002268db8e7b0_0, L_000002268dcb1bb0, C4<0>, C4<0>;
L_000002268dd48a10 .functor BUFIF1 1, v000002268db8e7b0_0, L_000002268dcb0a30, C4<0>, C4<0>;
v000002268db8ead0_0 .net8 "bitline1", 0 0, p000002268db026f8;  1 drivers, strength-aware
v000002268db901f0_0 .net8 "bitline2", 0 0, p000002268db02728;  1 drivers, strength-aware
v000002268db8ff70_0 .net "clk", 0 0, o000002268daedc38;  alias, 0 drivers
v000002268db8f390_0 .net "d", 0 0, L_000002268dccde50;  1 drivers
v000002268db8f6b0_0 .net "q", 0 0, v000002268db8e7b0_0;  1 drivers
v000002268db8edf0_0 .net "rden1", 0 0, L_000002268dcb1bb0;  alias, 1 drivers
v000002268db8f430_0 .net "rden2", 0 0, L_000002268dcb0a30;  alias, 1 drivers
v000002268db8ef30_0 .net "rst", 0 0, o000002268daedcc8;  alias, 0 drivers
v000002268db90470_0 .net "wren", 0 0, L_000002268dcb0f30;  alias, 1 drivers
S_000002268db982f0 .scope module, "cell_dff" "dff" 5 13, 6 4 0, S_000002268db98160;
 .timescale 0 0;
    .port_info 0 /OUTPUT 1 "q";
    .port_info 1 /INPUT 1 "d";
    .port_info 2 /INPUT 1 "wen";
    .port_info 3 /INPUT 1 "clk";
    .port_info 4 /INPUT 1 "rst";
v000002268db8f4d0_0 .net "clk", 0 0, o000002268daedc38;  alias, 0 drivers
v000002268db903d0_0 .net "d", 0 0, L_000002268dccde50;  alias, 1 drivers
v000002268db8e7b0_0 .var "q", 0 0;
v000002268db90510_0 .net "rst", 0 0, o000002268daedcc8;  alias, 0 drivers
v000002268db8f9d0_0 .net "wen", 0 0, L_000002268dcb0f30;  alias, 1 drivers
S_000002268db99d80 .scope module, "bit_cell12" "bit_cell" 4 24, 5 2 0, S_000002268db97800;
 .timescale 0 0;
    .port_info 0 /INPUT 1 "clk";
    .port_info 1 /INPUT 1 "rst";
    .port_info 2 /INPUT 1 "d";
    .port_info 3 /INPUT 1 "wren";
    .port_info 4 /INPUT 1 "rden1";
    .port_info 5 /INPUT 1 "rden2";
    .port_info 6 /INOUT 1 "bitline1";
    .port_info 7 /INOUT 1 "bitline2";
L_000002268dd48e70 .functor BUFIF1 1, v000002268db8f610_0, L_000002268dcb1bb0, C4<0>, C4<0>;
L_000002268dd483f0 .functor BUFIF1 1, v000002268db8f610_0, L_000002268dcb0a30, C4<0>, C4<0>;
v000002268db908d0_0 .net8 "bitline1", 0 0, p000002268db02a28;  1 drivers, strength-aware
v000002268db8fa70_0 .net8 "bitline2", 0 0, p000002268db02a58;  1 drivers, strength-aware
v000002268db8fb10_0 .net "clk", 0 0, o000002268daedc38;  alias, 0 drivers
v000002268db8fbb0_0 .net "d", 0 0, L_000002268dccdf90;  1 drivers
v000002268db8fd90_0 .net "q", 0 0, v000002268db8f610_0;  1 drivers
v000002268db92590_0 .net "rden1", 0 0, L_000002268dcb1bb0;  alias, 1 drivers
v000002268db90ab0_0 .net "rden2", 0 0, L_000002268dcb0a30;  alias, 1 drivers
v000002268db91cd0_0 .net "rst", 0 0, o000002268daedcc8;  alias, 0 drivers
v000002268db917d0_0 .net "wren", 0 0, L_000002268dcb0f30;  alias, 1 drivers
S_000002268db998d0 .scope module, "cell_dff" "dff" 5 13, 6 4 0, S_000002268db99d80;
 .timescale 0 0;
    .port_info 0 /OUTPUT 1 "q";
    .port_info 1 /INPUT 1 "d";
    .port_info 2 /INPUT 1 "wen";
    .port_info 3 /INPUT 1 "clk";
    .port_info 4 /INPUT 1 "rst";
v000002268db90010_0 .net "clk", 0 0, o000002268daedc38;  alias, 0 drivers
v000002268db8f570_0 .net "d", 0 0, L_000002268dccdf90;  alias, 1 drivers
v000002268db8f610_0 .var "q", 0 0;
v000002268db90790_0 .net "rst", 0 0, o000002268daedcc8;  alias, 0 drivers
v000002268db90830_0 .net "wen", 0 0, L_000002268dcb0f30;  alias, 1 drivers
S_000002268db98480 .scope module, "bit_cell13" "bit_cell" 4 25, 5 2 0, S_000002268db97800;
 .timescale 0 0;
    .port_info 0 /INPUT 1 "clk";
    .port_info 1 /INPUT 1 "rst";
    .port_info 2 /INPUT 1 "d";
    .port_info 3 /INPUT 1 "wren";
    .port_info 4 /INPUT 1 "rden1";
    .port_info 5 /INPUT 1 "rden2";
    .port_info 6 /INOUT 1 "bitline1";
    .port_info 7 /INOUT 1 "bitline2";
L_000002268dd49d50 .functor BUFIF1 1, v000002268db91ff0_0, L_000002268dcb1bb0, C4<0>, C4<0>;
L_000002268dd48770 .functor BUFIF1 1, v000002268db91ff0_0, L_000002268dcb0a30, C4<0>, C4<0>;
v000002268db91190_0 .net8 "bitline1", 0 0, p000002268db02d58;  1 drivers, strength-aware
v000002268db92e50_0 .net8 "bitline2", 0 0, p000002268db02d88;  1 drivers, strength-aware
v000002268db919b0_0 .net "clk", 0 0, o000002268daedc38;  alias, 0 drivers
v000002268db91910_0 .net "d", 0 0, L_000002268dccedf0;  1 drivers
v000002268db93030_0 .net "q", 0 0, v000002268db91ff0_0;  1 drivers
v000002268db90fb0_0 .net "rden1", 0 0, L_000002268dcb1bb0;  alias, 1 drivers
v000002268db924f0_0 .net "rden2", 0 0, L_000002268dcb0a30;  alias, 1 drivers
v000002268db92f90_0 .net "rst", 0 0, o000002268daedcc8;  alias, 0 drivers
v000002268db90b50_0 .net "wren", 0 0, L_000002268dcb0f30;  alias, 1 drivers
S_000002268db98930 .scope module, "cell_dff" "dff" 5 13, 6 4 0, S_000002268db98480;
 .timescale 0 0;
    .port_info 0 /OUTPUT 1 "q";
    .port_info 1 /INPUT 1 "d";
    .port_info 2 /INPUT 1 "wen";
    .port_info 3 /INPUT 1 "clk";
    .port_info 4 /INPUT 1 "rst";
v000002268db92270_0 .net "clk", 0 0, o000002268daedc38;  alias, 0 drivers
v000002268db91a50_0 .net "d", 0 0, L_000002268dccedf0;  alias, 1 drivers
v000002268db91ff0_0 .var "q", 0 0;
v000002268db92090_0 .net "rst", 0 0, o000002268daedcc8;  alias, 0 drivers
v000002268db92130_0 .net "wen", 0 0, L_000002268dcb0f30;  alias, 1 drivers
S_000002268db98c50 .scope module, "bit_cell14" "bit_cell" 4 26, 5 2 0, S_000002268db97800;
 .timescale 0 0;
    .port_info 0 /INPUT 1 "clk";
    .port_info 1 /INPUT 1 "rst";
    .port_info 2 /INPUT 1 "d";
    .port_info 3 /INPUT 1 "wren";
    .port_info 4 /INPUT 1 "rden1";
    .port_info 5 /INPUT 1 "rden2";
    .port_info 6 /INOUT 1 "bitline1";
    .port_info 7 /INOUT 1 "bitline2";
L_000002268dd49260 .functor BUFIF1 1, v000002268db92310_0, L_000002268dcb1bb0, C4<0>, C4<0>;
L_000002268dd48ee0 .functor BUFIF1 1, v000002268db92310_0, L_000002268dcb0a30, C4<0>, C4<0>;
v000002268db92450_0 .net8 "bitline1", 0 0, p000002268db03088;  1 drivers, strength-aware
v000002268db92b30_0 .net8 "bitline2", 0 0, p000002268db030b8;  1 drivers, strength-aware
v000002268db92ef0_0 .net "clk", 0 0, o000002268daedc38;  alias, 0 drivers
v000002268db91050_0 .net "d", 0 0, L_000002268dcce030;  1 drivers
v000002268db921d0_0 .net "q", 0 0, v000002268db92310_0;  1 drivers
v000002268db92a90_0 .net "rden1", 0 0, L_000002268dcb1bb0;  alias, 1 drivers
v000002268db91550_0 .net "rden2", 0 0, L_000002268dcb0a30;  alias, 1 drivers
v000002268db90dd0_0 .net "rst", 0 0, o000002268daedcc8;  alias, 0 drivers
v000002268db90a10_0 .net "wren", 0 0, L_000002268dcb0f30;  alias, 1 drivers
S_000002268db98de0 .scope module, "cell_dff" "dff" 5 13, 6 4 0, S_000002268db98c50;
 .timescale 0 0;
    .port_info 0 /OUTPUT 1 "q";
    .port_info 1 /INPUT 1 "d";
    .port_info 2 /INPUT 1 "wen";
    .port_info 3 /INPUT 1 "clk";
    .port_info 4 /INPUT 1 "rst";
v000002268db92c70_0 .net "clk", 0 0, o000002268daedc38;  alias, 0 drivers
v000002268db92950_0 .net "d", 0 0, L_000002268dcce030;  alias, 1 drivers
v000002268db92310_0 .var "q", 0 0;
v000002268db91870_0 .net "rst", 0 0, o000002268daedcc8;  alias, 0 drivers
v000002268db929f0_0 .net "wen", 0 0, L_000002268dcb0f30;  alias, 1 drivers
S_000002268db99290 .scope module, "bit_cell15" "bit_cell" 4 27, 5 2 0, S_000002268db97800;
 .timescale 0 0;
    .port_info 0 /INPUT 1 "clk";
    .port_info 1 /INPUT 1 "rst";
    .port_info 2 /INPUT 1 "d";
    .port_info 3 /INPUT 1 "wren";
    .port_info 4 /INPUT 1 "rden1";
    .port_info 5 /INPUT 1 "rden2";
    .port_info 6 /INOUT 1 "bitline1";
    .port_info 7 /INOUT 1 "bitline2";
L_000002268dd49650 .functor BUFIF1 1, v000002268db93170_0, L_000002268dcb1bb0, C4<0>, C4<0>;
L_000002268dd496c0 .functor BUFIF1 1, v000002268db93170_0, L_000002268dcb0a30, C4<0>, C4<0>;
v000002268db91370_0 .net8 "bitline1", 0 0, p000002268db033b8;  1 drivers, strength-aware
v000002268db92d10_0 .net8 "bitline2", 0 0, p000002268db033e8;  1 drivers, strength-aware
v000002268db91af0_0 .net "clk", 0 0, o000002268daedc38;  alias, 0 drivers
v000002268db926d0_0 .net "d", 0 0, L_000002268dcb0ad0;  1 drivers
v000002268db90e70_0 .net "q", 0 0, v000002268db93170_0;  1 drivers
v000002268db930d0_0 .net "rden1", 0 0, L_000002268dcb1bb0;  alias, 1 drivers
v000002268db92bd0_0 .net "rden2", 0 0, L_000002268dcb0a30;  alias, 1 drivers
v000002268db90f10_0 .net "rst", 0 0, o000002268daedcc8;  alias, 0 drivers
v000002268db923b0_0 .net "wren", 0 0, L_000002268dcb0f30;  alias, 1 drivers
S_000002268db96b80 .scope module, "cell_dff" "dff" 5 13, 6 4 0, S_000002268db99290;
 .timescale 0 0;
    .port_info 0 /OUTPUT 1 "q";
    .port_info 1 /INPUT 1 "d";
    .port_info 2 /INPUT 1 "wen";
    .port_info 3 /INPUT 1 "clk";
    .port_info 4 /INPUT 1 "rst";
v000002268db91c30_0 .net "clk", 0 0, o000002268daedc38;  alias, 0 drivers
v000002268db90bf0_0 .net "d", 0 0, L_000002268dcb0ad0;  alias, 1 drivers
v000002268db93170_0 .var "q", 0 0;
v000002268db91230_0 .net "rst", 0 0, o000002268daedcc8;  alias, 0 drivers
v000002268db91d70_0 .net "wen", 0 0, L_000002268dcb0f30;  alias, 1 drivers
S_000002268db98f70 .scope module, "bit_cell2" "bit_cell" 4 14, 5 2 0, S_000002268db97800;
 .timescale 0 0;
    .port_info 0 /INPUT 1 "clk";
    .port_info 1 /INPUT 1 "rst";
    .port_info 2 /INPUT 1 "d";
    .port_info 3 /INPUT 1 "wren";
    .port_info 4 /INPUT 1 "rden1";
    .port_info 5 /INPUT 1 "rden2";
    .port_info 6 /INOUT 1 "bitline1";
    .port_info 7 /INOUT 1 "bitline2";
L_000002268dd49500 .functor BUFIF1 1, v000002268db90d30_0, L_000002268dcb1bb0, C4<0>, C4<0>;
L_000002268dd48b60 .functor BUFIF1 1, v000002268db90d30_0, L_000002268dcb0a30, C4<0>, C4<0>;
v000002268db910f0_0 .net8 "bitline1", 0 0, p000002268db036e8;  1 drivers, strength-aware
v000002268db91b90_0 .net8 "bitline2", 0 0, p000002268db03718;  1 drivers, strength-aware
v000002268db912d0_0 .net "clk", 0 0, o000002268daedc38;  alias, 0 drivers
v000002268db92770_0 .net "d", 0 0, L_000002268dccdef0;  1 drivers
v000002268db91410_0 .net "q", 0 0, v000002268db90d30_0;  1 drivers
v000002268db92630_0 .net "rden1", 0 0, L_000002268dcb1bb0;  alias, 1 drivers
v000002268db91690_0 .net "rden2", 0 0, L_000002268dcb0a30;  alias, 1 drivers
v000002268db92810_0 .net "rst", 0 0, o000002268daedcc8;  alias, 0 drivers
v000002268db914b0_0 .net "wren", 0 0, L_000002268dcb0f30;  alias, 1 drivers
S_000002268db971c0 .scope module, "cell_dff" "dff" 5 13, 6 4 0, S_000002268db98f70;
 .timescale 0 0;
    .port_info 0 /OUTPUT 1 "q";
    .port_info 1 /INPUT 1 "d";
    .port_info 2 /INPUT 1 "wen";
    .port_info 3 /INPUT 1 "clk";
    .port_info 4 /INPUT 1 "rst";
v000002268db92db0_0 .net "clk", 0 0, o000002268daedc38;  alias, 0 drivers
v000002268db90c90_0 .net "d", 0 0, L_000002268dccdef0;  alias, 1 drivers
v000002268db90d30_0 .var "q", 0 0;
v000002268db91e10_0 .net "rst", 0 0, o000002268daedcc8;  alias, 0 drivers
v000002268db91730_0 .net "wen", 0 0, L_000002268dcb0f30;  alias, 1 drivers
S_000002268db99100 .scope module, "bit_cell3" "bit_cell" 4 15, 5 2 0, S_000002268db97800;
 .timescale 0 0;
    .port_info 0 /INPUT 1 "clk";
    .port_info 1 /INPUT 1 "rst";
    .port_info 2 /INPUT 1 "d";
    .port_info 3 /INPUT 1 "wren";
    .port_info 4 /INPUT 1 "rden1";
    .port_info 5 /INPUT 1 "rden2";
    .port_info 6 /INOUT 1 "bitline1";
    .port_info 7 /INOUT 1 "bitline2";
L_000002268dd48690 .functor BUFIF1 1, v000002268db91f50_0, L_000002268dcb1bb0, C4<0>, C4<0>;
L_000002268dd487e0 .functor BUFIF1 1, v000002268db91f50_0, L_000002268dcb0a30, C4<0>, C4<0>;
v000002268db95790_0 .net8 "bitline1", 0 0, p000002268db03a18;  1 drivers, strength-aware
v000002268db94c50_0 .net8 "bitline2", 0 0, p000002268db03a48;  1 drivers, strength-aware
v000002268db94930_0 .net "clk", 0 0, o000002268daedc38;  alias, 0 drivers
v000002268db93850_0 .net "d", 0 0, L_000002268dcce990;  1 drivers
v000002268db93c10_0 .net "q", 0 0, v000002268db91f50_0;  1 drivers
v000002268db935d0_0 .net "rden1", 0 0, L_000002268dcb1bb0;  alias, 1 drivers
v000002268db93d50_0 .net "rden2", 0 0, L_000002268dcb0a30;  alias, 1 drivers
v000002268db95970_0 .net "rst", 0 0, o000002268daedcc8;  alias, 0 drivers
v000002268db93df0_0 .net "wren", 0 0, L_000002268dcb0f30;  alias, 1 drivers
S_000002268db99f10 .scope module, "cell_dff" "dff" 5 13, 6 4 0, S_000002268db99100;
 .timescale 0 0;
    .port_info 0 /OUTPUT 1 "q";
    .port_info 1 /INPUT 1 "d";
    .port_info 2 /INPUT 1 "wen";
    .port_info 3 /INPUT 1 "clk";
    .port_info 4 /INPUT 1 "rst";
v000002268db915f0_0 .net "clk", 0 0, o000002268daedc38;  alias, 0 drivers
v000002268db91eb0_0 .net "d", 0 0, L_000002268dcce990;  alias, 1 drivers
v000002268db91f50_0 .var "q", 0 0;
v000002268db928b0_0 .net "rst", 0 0, o000002268daedcc8;  alias, 0 drivers
v000002268db958d0_0 .net "wen", 0 0, L_000002268dcb0f30;  alias, 1 drivers
S_000002268db99420 .scope module, "bit_cell4" "bit_cell" 4 16, 5 2 0, S_000002268db97800;
 .timescale 0 0;
    .port_info 0 /INPUT 1 "clk";
    .port_info 1 /INPUT 1 "rst";
    .port_info 2 /INPUT 1 "d";
    .port_info 3 /INPUT 1 "wren";
    .port_info 4 /INPUT 1 "rden1";
    .port_info 5 /INPUT 1 "rden2";
    .port_info 6 /INOUT 1 "bitline1";
    .port_info 7 /INOUT 1 "bitline2";
L_000002268dd48bd0 .functor BUFIF1 1, v000002268db93210_0, L_000002268dcb1bb0, C4<0>, C4<0>;
L_000002268dd48d20 .functor BUFIF1 1, v000002268db93210_0, L_000002268dcb0a30, C4<0>, C4<0>;
v000002268db93990_0 .net8 "bitline1", 0 0, p000002268db03d48;  1 drivers, strength-aware
v000002268db93a30_0 .net8 "bitline2", 0 0, p000002268db03d78;  1 drivers, strength-aware
v000002268db93ad0_0 .net "clk", 0 0, o000002268daedc38;  alias, 0 drivers
v000002268db93cb0_0 .net "d", 0 0, L_000002268dcceb70;  1 drivers
v000002268db955b0_0 .net "q", 0 0, v000002268db93210_0;  1 drivers
v000002268db94070_0 .net "rden1", 0 0, L_000002268dcb1bb0;  alias, 1 drivers
v000002268db949d0_0 .net "rden2", 0 0, L_000002268dcb0a30;  alias, 1 drivers
v000002268db932b0_0 .net "rst", 0 0, o000002268daedcc8;  alias, 0 drivers
v000002268db95470_0 .net "wren", 0 0, L_000002268dcb0f30;  alias, 1 drivers
S_000002268db9a0a0 .scope module, "cell_dff" "dff" 5 13, 6 4 0, S_000002268db99420;
 .timescale 0 0;
    .port_info 0 /OUTPUT 1 "q";
    .port_info 1 /INPUT 1 "d";
    .port_info 2 /INPUT 1 "wen";
    .port_info 3 /INPUT 1 "clk";
    .port_info 4 /INPUT 1 "rst";
v000002268db93b70_0 .net "clk", 0 0, o000002268daedc38;  alias, 0 drivers
v000002268db94cf0_0 .net "d", 0 0, L_000002268dcceb70;  alias, 1 drivers
v000002268db93210_0 .var "q", 0 0;
v000002268db938f0_0 .net "rst", 0 0, o000002268daedcc8;  alias, 0 drivers
v000002268db93fd0_0 .net "wen", 0 0, L_000002268dcb0f30;  alias, 1 drivers
S_000002268db995b0 .scope module, "bit_cell5" "bit_cell" 4 17, 5 2 0, S_000002268db97800;
 .timescale 0 0;
    .port_info 0 /INPUT 1 "clk";
    .port_info 1 /INPUT 1 "rst";
    .port_info 2 /INPUT 1 "d";
    .port_info 3 /INPUT 1 "wren";
    .port_info 4 /INPUT 1 "rden1";
    .port_info 5 /INPUT 1 "rden2";
    .port_info 6 /INOUT 1 "bitline1";
    .port_info 7 /INOUT 1 "bitline2";
L_000002268dd491f0 .functor BUFIF1 1, v000002268db93350_0, L_000002268dcb1bb0, C4<0>, C4<0>;
L_000002268dd49110 .functor BUFIF1 1, v000002268db93350_0, L_000002268dcb0a30, C4<0>, C4<0>;
v000002268db93670_0 .net8 "bitline1", 0 0, p000002268db04078;  1 drivers, strength-aware
v000002268db93f30_0 .net8 "bitline2", 0 0, p000002268db040a8;  1 drivers, strength-aware
v000002268db950b0_0 .net "clk", 0 0, o000002268daedc38;  alias, 0 drivers
v000002268db95510_0 .net "d", 0 0, L_000002268dccef30;  1 drivers
v000002268db95150_0 .net "q", 0 0, v000002268db93350_0;  1 drivers
v000002268db94a70_0 .net "rden1", 0 0, L_000002268dcb1bb0;  alias, 1 drivers
v000002268db941b0_0 .net "rden2", 0 0, L_000002268dcb0a30;  alias, 1 drivers
v000002268db94110_0 .net "rst", 0 0, o000002268daedcc8;  alias, 0 drivers
v000002268db94250_0 .net "wren", 0 0, L_000002268dcb0f30;  alias, 1 drivers
S_000002268dba54f0 .scope module, "cell_dff" "dff" 5 13, 6 4 0, S_000002268db995b0;
 .timescale 0 0;
    .port_info 0 /OUTPUT 1 "q";
    .port_info 1 /INPUT 1 "d";
    .port_info 2 /INPUT 1 "wen";
    .port_info 3 /INPUT 1 "clk";
    .port_info 4 /INPUT 1 "rst";
v000002268db944d0_0 .net "clk", 0 0, o000002268daedc38;  alias, 0 drivers
v000002268db937b0_0 .net "d", 0 0, L_000002268dccef30;  alias, 1 drivers
v000002268db93350_0 .var "q", 0 0;
v000002268db93e90_0 .net "rst", 0 0, o000002268daedcc8;  alias, 0 drivers
v000002268db94610_0 .net "wen", 0 0, L_000002268dcb0f30;  alias, 1 drivers
S_000002268dba67b0 .scope module, "bit_cell6" "bit_cell" 4 18, 5 2 0, S_000002268db97800;
 .timescale 0 0;
    .port_info 0 /INPUT 1 "clk";
    .port_info 1 /INPUT 1 "rst";
    .port_info 2 /INPUT 1 "d";
    .port_info 3 /INPUT 1 "wren";
    .port_info 4 /INPUT 1 "rden1";
    .port_info 5 /INPUT 1 "rden2";
    .port_info 6 /INOUT 1 "bitline1";
    .port_info 7 /INOUT 1 "bitline2";
L_000002268dd49420 .functor BUFIF1 1, v000002268db94570_0, L_000002268dcb1bb0, C4<0>, C4<0>;
L_000002268dd48a80 .functor BUFIF1 1, v000002268db94570_0, L_000002268dcb0a30, C4<0>, C4<0>;
v000002268db94390_0 .net8 "bitline1", 0 0, p000002268db043a8;  1 drivers, strength-aware
v000002268db95650_0 .net8 "bitline2", 0 0, p000002268db043d8;  1 drivers, strength-aware
v000002268db956f0_0 .net "clk", 0 0, o000002268daedc38;  alias, 0 drivers
v000002268db94430_0 .net "d", 0 0, L_000002268dccddb0;  1 drivers
v000002268db933f0_0 .net "q", 0 0, v000002268db94570_0;  1 drivers
v000002268db94e30_0 .net "rden1", 0 0, L_000002268dcb1bb0;  alias, 1 drivers
v000002268db946b0_0 .net "rden2", 0 0, L_000002268dcb0a30;  alias, 1 drivers
v000002268db94750_0 .net "rst", 0 0, o000002268daedcc8;  alias, 0 drivers
v000002268db93490_0 .net "wren", 0 0, L_000002268dcb0f30;  alias, 1 drivers
S_000002268dba59a0 .scope module, "cell_dff" "dff" 5 13, 6 4 0, S_000002268dba67b0;
 .timescale 0 0;
    .port_info 0 /OUTPUT 1 "q";
    .port_info 1 /INPUT 1 "d";
    .port_info 2 /INPUT 1 "wen";
    .port_info 3 /INPUT 1 "clk";
    .port_info 4 /INPUT 1 "rst";
v000002268db951f0_0 .net "clk", 0 0, o000002268daedc38;  alias, 0 drivers
v000002268db93710_0 .net "d", 0 0, L_000002268dccddb0;  alias, 1 drivers
v000002268db94570_0 .var "q", 0 0;
v000002268db942f0_0 .net "rst", 0 0, o000002268daedcc8;  alias, 0 drivers
v000002268db95290_0 .net "wen", 0 0, L_000002268dcb0f30;  alias, 1 drivers
S_000002268dba6940 .scope module, "bit_cell7" "bit_cell" 4 19, 5 2 0, S_000002268db97800;
 .timescale 0 0;
    .port_info 0 /INPUT 1 "clk";
    .port_info 1 /INPUT 1 "rst";
    .port_info 2 /INPUT 1 "d";
    .port_info 3 /INPUT 1 "wren";
    .port_info 4 /INPUT 1 "rden1";
    .port_info 5 /INPUT 1 "rden2";
    .port_info 6 /INOUT 1 "bitline1";
    .port_info 7 /INOUT 1 "bitline2";
L_000002268dd49c70 .functor BUFIF1 1, v000002268db93530_0, L_000002268dcb1bb0, C4<0>, C4<0>;
L_000002268dd49570 .functor BUFIF1 1, v000002268db93530_0, L_000002268dcb0a30, C4<0>, C4<0>;
v000002268db94bb0_0 .net8 "bitline1", 0 0, p000002268db046d8;  1 drivers, strength-aware
v000002268db95830_0 .net8 "bitline2", 0 0, p000002268db04708;  1 drivers, strength-aware
v000002268db953d0_0 .net "clk", 0 0, o000002268daedc38;  alias, 0 drivers
v000002268db94d90_0 .net "d", 0 0, L_000002268dccd950;  1 drivers
v000002268db94ed0_0 .net "q", 0 0, v000002268db93530_0;  1 drivers
v000002268db94f70_0 .net "rden1", 0 0, L_000002268dcb1bb0;  alias, 1 drivers
v000002268db95010_0 .net "rden2", 0 0, L_000002268dcb0a30;  alias, 1 drivers
v000002268db96550_0 .net "rst", 0 0, o000002268daedcc8;  alias, 0 drivers
v000002268db95d30_0 .net "wren", 0 0, L_000002268dcb0f30;  alias, 1 drivers
S_000002268dba8880 .scope module, "cell_dff" "dff" 5 13, 6 4 0, S_000002268dba6940;
 .timescale 0 0;
    .port_info 0 /OUTPUT 1 "q";
    .port_info 1 /INPUT 1 "d";
    .port_info 2 /INPUT 1 "wen";
    .port_info 3 /INPUT 1 "clk";
    .port_info 4 /INPUT 1 "rst";
v000002268db947f0_0 .net "clk", 0 0, o000002268daedc38;  alias, 0 drivers
v000002268db95330_0 .net "d", 0 0, L_000002268dccd950;  alias, 1 drivers
v000002268db93530_0 .var "q", 0 0;
v000002268db94890_0 .net "rst", 0 0, o000002268daedcc8;  alias, 0 drivers
v000002268db94b10_0 .net "wen", 0 0, L_000002268dcb0f30;  alias, 1 drivers
S_000002268dba5810 .scope module, "bit_cell8" "bit_cell" 4 20, 5 2 0, S_000002268db97800;
 .timescale 0 0;
    .port_info 0 /INPUT 1 "clk";
    .port_info 1 /INPUT 1 "rst";
    .port_info 2 /INPUT 1 "d";
    .port_info 3 /INPUT 1 "wren";
    .port_info 4 /INPUT 1 "rden1";
    .port_info 5 /INPUT 1 "rden2";
    .port_info 6 /INOUT 1 "bitline1";
    .port_info 7 /INOUT 1 "bitline2";
L_000002268dd495e0 .functor BUFIF1 1, v000002268db96370_0, L_000002268dcb1bb0, C4<0>, C4<0>;
L_000002268dd484d0 .functor BUFIF1 1, v000002268db96370_0, L_000002268dcb0a30, C4<0>, C4<0>;
v000002268db965f0_0 .net8 "bitline1", 0 0, p000002268db04a08;  1 drivers, strength-aware
v000002268db96870_0 .net8 "bitline2", 0 0, p000002268db04a38;  1 drivers, strength-aware
v000002268db95b50_0 .net "clk", 0 0, o000002268daedc38;  alias, 0 drivers
v000002268db95f10_0 .net "d", 0 0, L_000002268dccd9f0;  1 drivers
v000002268db96410_0 .net "q", 0 0, v000002268db96370_0;  1 drivers
v000002268db960f0_0 .net "rden1", 0 0, L_000002268dcb1bb0;  alias, 1 drivers
v000002268db95a10_0 .net "rden2", 0 0, L_000002268dcb0a30;  alias, 1 drivers
v000002268db96730_0 .net "rst", 0 0, o000002268daedcc8;  alias, 0 drivers
v000002268db96190_0 .net "wren", 0 0, L_000002268dcb0f30;  alias, 1 drivers
S_000002268dba6ad0 .scope module, "cell_dff" "dff" 5 13, 6 4 0, S_000002268dba5810;
 .timescale 0 0;
    .port_info 0 /OUTPUT 1 "q";
    .port_info 1 /INPUT 1 "d";
    .port_info 2 /INPUT 1 "wen";
    .port_info 3 /INPUT 1 "clk";
    .port_info 4 /INPUT 1 "rst";
v000002268db96050_0 .net "clk", 0 0, o000002268daedc38;  alias, 0 drivers
v000002268db967d0_0 .net "d", 0 0, L_000002268dccd9f0;  alias, 1 drivers
v000002268db96370_0 .var "q", 0 0;
v000002268db964b0_0 .net "rst", 0 0, o000002268daedcc8;  alias, 0 drivers
v000002268db95fb0_0 .net "wen", 0 0, L_000002268dcb0f30;  alias, 1 drivers
S_000002268dba6c60 .scope module, "bit_cell9" "bit_cell" 4 21, 5 2 0, S_000002268db97800;
 .timescale 0 0;
    .port_info 0 /INPUT 1 "clk";
    .port_info 1 /INPUT 1 "rst";
    .port_info 2 /INPUT 1 "d";
    .port_info 3 /INPUT 1 "wren";
    .port_info 4 /INPUT 1 "rden1";
    .port_info 5 /INPUT 1 "rden2";
    .port_info 6 /INOUT 1 "bitline1";
    .port_info 7 /INOUT 1 "bitline2";
L_000002268dd48540 .functor BUFIF1 1, v000002268db96230_0, L_000002268dcb1bb0, C4<0>, C4<0>;
L_000002268dd48700 .functor BUFIF1 1, v000002268db96230_0, L_000002268dcb0a30, C4<0>, C4<0>;
v000002268db95bf0_0 .net8 "bitline1", 0 0, p000002268db04d38;  1 drivers, strength-aware
v000002268db95dd0_0 .net8 "bitline2", 0 0, p000002268db04d68;  1 drivers, strength-aware
v000002268db95c90_0 .net "clk", 0 0, o000002268daedc38;  alias, 0 drivers
v000002268dbae2a0_0 .net "d", 0 0, L_000002268dccec10;  1 drivers
v000002268dbacb80_0 .net "q", 0 0, v000002268db96230_0;  1 drivers
v000002268dbac720_0 .net "rden1", 0 0, L_000002268dcb1bb0;  alias, 1 drivers
v000002268dbada80_0 .net "rden2", 0 0, L_000002268dcb0a30;  alias, 1 drivers
v000002268dbac400_0 .net "rst", 0 0, o000002268daedcc8;  alias, 0 drivers
v000002268dbabdc0_0 .net "wren", 0 0, L_000002268dcb0f30;  alias, 1 drivers
S_000002268dba6df0 .scope module, "cell_dff" "dff" 5 13, 6 4 0, S_000002268dba6c60;
 .timescale 0 0;
    .port_info 0 /OUTPUT 1 "q";
    .port_info 1 /INPUT 1 "d";
    .port_info 2 /INPUT 1 "wen";
    .port_info 3 /INPUT 1 "clk";
    .port_info 4 /INPUT 1 "rst";
v000002268db96690_0 .net "clk", 0 0, o000002268daedc38;  alias, 0 drivers
v000002268db95e70_0 .net "d", 0 0, L_000002268dccec10;  alias, 1 drivers
v000002268db96230_0 .var "q", 0 0;
v000002268db962d0_0 .net "rst", 0 0, o000002268daedcc8;  alias, 0 drivers
v000002268db95ab0_0 .net "wen", 0 0, L_000002268dcb0f30;  alias, 1 drivers
S_000002268dba51d0 .scope module, "reg15" "register" 2 38, 4 2 0, S_000002268d492190;
 .timescale 0 0;
    .port_info 0 /INPUT 1 "clk";
    .port_info 1 /INPUT 1 "rst";
    .port_info 2 /INPUT 16 "d";
    .port_info 3 /INPUT 1 "write_reg";
    .port_info 4 /INPUT 1 "rden1";
    .port_info 5 /INPUT 1 "rden2";
    .port_info 6 /INOUT 16 "bitline1";
    .port_info 7 /INOUT 16 "bitline2";
v000002268dbb46a0_0 .net8 "bitline1", 15 0, p000002268daf1028;  alias, 0 drivers, strength-aware
v000002268dbb4b00_0 .net8 "bitline2", 15 0, p000002268daf1058;  alias, 0 drivers, strength-aware
v000002268dbb4ba0_0 .net "clk", 0 0, o000002268daedc38;  alias, 0 drivers
v000002268dbb5aa0_0 .net "d", 15 0, o000002268daf1088;  alias, 0 drivers
v000002268dbb4c40_0 .net "rden1", 0 0, L_000002268dcaff90;  1 drivers
v000002268dbb3f20_0 .net "rden2", 0 0, L_000002268dcb0170;  1 drivers
v000002268dbb3ca0_0 .net "rst", 0 0, o000002268daedcc8;  alias, 0 drivers
v000002268dbb3660_0 .net "write_reg", 0 0, L_000002268dcb00d0;  1 drivers
L_000002268dcb0d50 .part o000002268daf1088, 0, 1;
L_000002268dcb1430 .part o000002268daf1088, 1, 1;
L_000002268dcb0490 .part o000002268daf1088, 2, 1;
L_000002268dcaf630 .part o000002268daf1088, 3, 1;
L_000002268dcaf9f0 .part o000002268daf1088, 4, 1;
L_000002268dcb1c50 .part o000002268daf1088, 5, 1;
L_000002268dcafef0 .part o000002268daf1088, 6, 1;
L_000002268dcb03f0 .part o000002268daf1088, 7, 1;
L_000002268dcaf4f0 .part o000002268daf1088, 8, 1;
L_000002268dcb11b0 .part o000002268daf1088, 9, 1;
L_000002268dcb0850 .part o000002268daf1088, 10, 1;
L_000002268dcb0fd0 .part o000002268daf1088, 11, 1;
L_000002268dcb07b0 .part o000002268daf1088, 12, 1;
L_000002268dcafbd0 .part o000002268daf1088, 13, 1;
L_000002268dcb0670 .part o000002268daf1088, 14, 1;
L_000002268dcaf6d0 .part o000002268daf1088, 15, 1;
p000002268db05218 .port I000002268da132c0, L_000002268dd48f50;
 .tranvp 16 1 0, I000002268da132c0, p000002268daf1028 p000002268db05218;
p000002268db05248 .port I000002268da12d00, L_000002268dd49b20;
 .tranvp 16 1 0, I000002268da12d00, p000002268daf1058 p000002268db05248;
p000002268db055a8 .port I000002268da132c0, L_000002268dd49b90;
 .tranvp 16 1 1, I000002268da132c0, p000002268daf1028 p000002268db055a8;
p000002268db055d8 .port I000002268da12d00, L_000002268dd48fc0;
 .tranvp 16 1 1, I000002268da12d00, p000002268daf1058 p000002268db055d8;
p000002268db06bf8 .port I000002268da132c0, L_000002268dd49730;
 .tranvp 16 1 2, I000002268da132c0, p000002268daf1028 p000002268db06bf8;
p000002268db06c28 .port I000002268da12d00, L_000002268dd49180;
 .tranvp 16 1 2, I000002268da12d00, p000002268daf1058 p000002268db06c28;
p000002268db06f28 .port I000002268da132c0, L_000002268dd497a0;
 .tranvp 16 1 3, I000002268da132c0, p000002268daf1028 p000002268db06f28;
p000002268db06f58 .port I000002268da12d00, L_000002268dd498f0;
 .tranvp 16 1 3, I000002268da12d00, p000002268daf1058 p000002268db06f58;
p000002268db07258 .port I000002268da132c0, L_000002268dd49810;
 .tranvp 16 1 4, I000002268da132c0, p000002268daf1028 p000002268db07258;
p000002268db07288 .port I000002268da12d00, L_000002268dd49880;
 .tranvp 16 1 4, I000002268da12d00, p000002268daf1058 p000002268db07288;
p000002268db07588 .port I000002268da132c0, L_000002268dd48af0;
 .tranvp 16 1 5, I000002268da132c0, p000002268daf1028 p000002268db07588;
p000002268db075b8 .port I000002268da12d00, L_000002268dd481c0;
 .tranvp 16 1 5, I000002268da12d00, p000002268daf1058 p000002268db075b8;
p000002268db078b8 .port I000002268da132c0, L_000002268dd49c00;
 .tranvp 16 1 6, I000002268da132c0, p000002268daf1028 p000002268db078b8;
p000002268db078e8 .port I000002268da12d00, L_000002268dd48850;
 .tranvp 16 1 6, I000002268da12d00, p000002268daf1058 p000002268db078e8;
p000002268db07be8 .port I000002268da132c0, L_000002268dd4a450;
 .tranvp 16 1 7, I000002268da132c0, p000002268daf1028 p000002268db07be8;
p000002268db07c18 .port I000002268da12d00, L_000002268dd4a4c0;
 .tranvp 16 1 7, I000002268da12d00, p000002268daf1058 p000002268db07c18;
p000002268db07f18 .port I000002268da132c0, L_000002268dd49f10;
 .tranvp 16 1 8, I000002268da132c0, p000002268daf1028 p000002268db07f18;
p000002268db07f48 .port I000002268da12d00, L_000002268dd49ff0;
 .tranvp 16 1 8, I000002268da12d00, p000002268daf1058 p000002268db07f48;
p000002268db08248 .port I000002268da132c0, L_000002268dd4a060;
 .tranvp 16 1 9, I000002268da132c0, p000002268daf1028 p000002268db08248;
p000002268db08278 .port I000002268da12d00, L_000002268dd49f80;
 .tranvp 16 1 9, I000002268da12d00, p000002268daf1058 p000002268db08278;
p000002268db058d8 .port I000002268da132c0, L_000002268dd4a0d0;
 .tranvp 16 1 10, I000002268da132c0, p000002268daf1028 p000002268db058d8;
p000002268db05908 .port I000002268da12d00, L_000002268dd4a370;
 .tranvp 16 1 10, I000002268da12d00, p000002268daf1058 p000002268db05908;
p000002268db05c08 .port I000002268da132c0, L_000002268dd49dc0;
 .tranvp 16 1 11, I000002268da132c0, p000002268daf1028 p000002268db05c08;
p000002268db05c38 .port I000002268da12d00, L_000002268dd49e30;
 .tranvp 16 1 11, I000002268da12d00, p000002268daf1058 p000002268db05c38;
p000002268db05f38 .port I000002268da132c0, L_000002268dd4a140;
 .tranvp 16 1 12, I000002268da132c0, p000002268daf1028 p000002268db05f38;
p000002268db05f68 .port I000002268da12d00, L_000002268dd4a1b0;
 .tranvp 16 1 12, I000002268da12d00, p000002268daf1058 p000002268db05f68;
p000002268db06268 .port I000002268da132c0, L_000002268dd4a220;
 .tranvp 16 1 13, I000002268da132c0, p000002268daf1028 p000002268db06268;
p000002268db06298 .port I000002268da12d00, L_000002268dd4a290;
 .tranvp 16 1 13, I000002268da12d00, p000002268daf1058 p000002268db06298;
p000002268db06598 .port I000002268da132c0, L_000002268dd4a300;
 .tranvp 16 1 14, I000002268da132c0, p000002268daf1028 p000002268db06598;
p000002268db065c8 .port I000002268da12d00, L_000002268dd49ea0;
 .tranvp 16 1 14, I000002268da12d00, p000002268daf1058 p000002268db065c8;
p000002268db068c8 .port I000002268da132c0, L_000002268dd4a3e0;
 .tranvp 16 1 15, I000002268da132c0, p000002268daf1028 p000002268db068c8;
p000002268db068f8 .port I000002268da12d00, L_000002268dd72d30;
 .tranvp 16 1 15, I000002268da12d00, p000002268daf1058 p000002268db068f8;
S_000002268dba7430 .scope module, "bit_cell0" "bit_cell" 4 12, 5 2 0, S_000002268dba51d0;
 .timescale 0 0;
    .port_info 0 /INPUT 1 "clk";
    .port_info 1 /INPUT 1 "rst";
    .port_info 2 /INPUT 1 "d";
    .port_info 3 /INPUT 1 "wren";
    .port_info 4 /INPUT 1 "rden1";
    .port_info 5 /INPUT 1 "rden2";
    .port_info 6 /INOUT 1 "bitline1";
    .port_info 7 /INOUT 1 "bitline2";
L_000002268dd48f50 .functor BUFIF1 1, v000002268dbadee0_0, L_000002268dcaff90, C4<0>, C4<0>;
L_000002268dd49b20 .functor BUFIF1 1, v000002268dbadee0_0, L_000002268dcb0170, C4<0>, C4<0>;
v000002268dbad940_0 .net8 "bitline1", 0 0, p000002268db05218;  1 drivers, strength-aware
v000002268dbacea0_0 .net8 "bitline2", 0 0, p000002268db05248;  1 drivers, strength-aware
v000002268dbacd60_0 .net "clk", 0 0, o000002268daedc38;  alias, 0 drivers
v000002268dbad300_0 .net "d", 0 0, L_000002268dcb0d50;  1 drivers
v000002268dbac2c0_0 .net "q", 0 0, v000002268dbadee0_0;  1 drivers
v000002268dbac900_0 .net "rden1", 0 0, L_000002268dcaff90;  alias, 1 drivers
v000002268dbadc60_0 .net "rden2", 0 0, L_000002268dcb0170;  alias, 1 drivers
v000002268dbac180_0 .net "rst", 0 0, o000002268daedcc8;  alias, 0 drivers
v000002268dbadf80_0 .net "wren", 0 0, L_000002268dcb00d0;  alias, 1 drivers
S_000002268dba7c00 .scope module, "cell_dff" "dff" 5 13, 6 4 0, S_000002268dba7430;
 .timescale 0 0;
    .port_info 0 /OUTPUT 1 "q";
    .port_info 1 /INPUT 1 "d";
    .port_info 2 /INPUT 1 "wen";
    .port_info 3 /INPUT 1 "clk";
    .port_info 4 /INPUT 1 "rst";
v000002268dbac860_0 .net "clk", 0 0, o000002268daedc38;  alias, 0 drivers
v000002268dbabf00_0 .net "d", 0 0, L_000002268dcb0d50;  alias, 1 drivers
v000002268dbadee0_0 .var "q", 0 0;
v000002268dbacfe0_0 .net "rst", 0 0, o000002268daedcc8;  alias, 0 drivers
v000002268dbac680_0 .net "wen", 0 0, L_000002268dcb00d0;  alias, 1 drivers
S_000002268dba5360 .scope module, "bit_cell1" "bit_cell" 4 13, 5 2 0, S_000002268dba51d0;
 .timescale 0 0;
    .port_info 0 /INPUT 1 "clk";
    .port_info 1 /INPUT 1 "rst";
    .port_info 2 /INPUT 1 "d";
    .port_info 3 /INPUT 1 "wren";
    .port_info 4 /INPUT 1 "rden1";
    .port_info 5 /INPUT 1 "rden2";
    .port_info 6 /INOUT 1 "bitline1";
    .port_info 7 /INOUT 1 "bitline2";
L_000002268dd49b90 .functor BUFIF1 1, v000002268dbad8a0_0, L_000002268dcaff90, C4<0>, C4<0>;
L_000002268dd48fc0 .functor BUFIF1 1, v000002268dbad8a0_0, L_000002268dcb0170, C4<0>, C4<0>;
v000002268dbac040_0 .net8 "bitline1", 0 0, p000002268db055a8;  1 drivers, strength-aware
v000002268dbad800_0 .net8 "bitline2", 0 0, p000002268db055d8;  1 drivers, strength-aware
v000002268dbad080_0 .net "clk", 0 0, o000002268daedc38;  alias, 0 drivers
v000002268dbabd20_0 .net "d", 0 0, L_000002268dcb1430;  1 drivers
v000002268dbace00_0 .net "q", 0 0, v000002268dbad8a0_0;  1 drivers
v000002268dbac9a0_0 .net "rden1", 0 0, L_000002268dcaff90;  alias, 1 drivers
v000002268dbabfa0_0 .net "rden2", 0 0, L_000002268dcb0170;  alias, 1 drivers
v000002268dbaca40_0 .net "rst", 0 0, o000002268daedcc8;  alias, 0 drivers
v000002268dbacf40_0 .net "wren", 0 0, L_000002268dcb00d0;  alias, 1 drivers
S_000002268dba8560 .scope module, "cell_dff" "dff" 5 13, 6 4 0, S_000002268dba5360;
 .timescale 0 0;
    .port_info 0 /OUTPUT 1 "q";
    .port_info 1 /INPUT 1 "d";
    .port_info 2 /INPUT 1 "wen";
    .port_info 3 /INPUT 1 "clk";
    .port_info 4 /INPUT 1 "rst";
v000002268dbacae0_0 .net "clk", 0 0, o000002268daedc38;  alias, 0 drivers
v000002268dbabc80_0 .net "d", 0 0, L_000002268dcb1430;  alias, 1 drivers
v000002268dbad8a0_0 .var "q", 0 0;
v000002268dbae3e0_0 .net "rst", 0 0, o000002268daedcc8;  alias, 0 drivers
v000002268dbad3a0_0 .net "wen", 0 0, L_000002268dcb00d0;  alias, 1 drivers
S_000002268dba8ba0 .scope module, "bit_cell10" "bit_cell" 4 22, 5 2 0, S_000002268dba51d0;
 .timescale 0 0;
    .port_info 0 /INPUT 1 "clk";
    .port_info 1 /INPUT 1 "rst";
    .port_info 2 /INPUT 1 "d";
    .port_info 3 /INPUT 1 "wren";
    .port_info 4 /INPUT 1 "rden1";
    .port_info 5 /INPUT 1 "rden2";
    .port_info 6 /INOUT 1 "bitline1";
    .port_info 7 /INOUT 1 "bitline2";
L_000002268dd4a0d0 .functor BUFIF1 1, v000002268dbad120_0, L_000002268dcaff90, C4<0>, C4<0>;
L_000002268dd4a370 .functor BUFIF1 1, v000002268dbad120_0, L_000002268dcb0170, C4<0>, C4<0>;
v000002268dbad4e0_0 .net8 "bitline1", 0 0, p000002268db058d8;  1 drivers, strength-aware
v000002268dbad9e0_0 .net8 "bitline2", 0 0, p000002268db05908;  1 drivers, strength-aware
v000002268dbad580_0 .net "clk", 0 0, o000002268daedc38;  alias, 0 drivers
v000002268dbae200_0 .net "d", 0 0, L_000002268dcb0850;  1 drivers
v000002268dbac220_0 .net "q", 0 0, v000002268dbad120_0;  1 drivers
v000002268dbad620_0 .net "rden1", 0 0, L_000002268dcaff90;  alias, 1 drivers
v000002268dbad6c0_0 .net "rden2", 0 0, L_000002268dcb0170;  alias, 1 drivers
v000002268dbac540_0 .net "rst", 0 0, o000002268daedcc8;  alias, 0 drivers
v000002268dbadb20_0 .net "wren", 0 0, L_000002268dcb00d0;  alias, 1 drivers
S_000002268dba7a70 .scope module, "cell_dff" "dff" 5 13, 6 4 0, S_000002268dba8ba0;
 .timescale 0 0;
    .port_info 0 /OUTPUT 1 "q";
    .port_info 1 /INPUT 1 "d";
    .port_info 2 /INPUT 1 "wen";
    .port_info 3 /INPUT 1 "clk";
    .port_info 4 /INPUT 1 "rst";
v000002268dbac0e0_0 .net "clk", 0 0, o000002268daedc38;  alias, 0 drivers
v000002268dbad260_0 .net "d", 0 0, L_000002268dcb0850;  alias, 1 drivers
v000002268dbad120_0 .var "q", 0 0;
v000002268dbad1c0_0 .net "rst", 0 0, o000002268daedcc8;  alias, 0 drivers
v000002268dbad440_0 .net "wen", 0 0, L_000002268dcb00d0;  alias, 1 drivers
S_000002268dba5680 .scope module, "bit_cell11" "bit_cell" 4 23, 5 2 0, S_000002268dba51d0;
 .timescale 0 0;
    .port_info 0 /INPUT 1 "clk";
    .port_info 1 /INPUT 1 "rst";
    .port_info 2 /INPUT 1 "d";
    .port_info 3 /INPUT 1 "wren";
    .port_info 4 /INPUT 1 "rden1";
    .port_info 5 /INPUT 1 "rden2";
    .port_info 6 /INOUT 1 "bitline1";
    .port_info 7 /INOUT 1 "bitline2";
L_000002268dd49dc0 .functor BUFIF1 1, v000002268dbadd00_0, L_000002268dcaff90, C4<0>, C4<0>;
L_000002268dd49e30 .functor BUFIF1 1, v000002268dbadd00_0, L_000002268dcb0170, C4<0>, C4<0>;
v000002268dbae160_0 .net8 "bitline1", 0 0, p000002268db05c08;  1 drivers, strength-aware
v000002268dbac360_0 .net8 "bitline2", 0 0, p000002268db05c38;  1 drivers, strength-aware
v000002268dbac5e0_0 .net "clk", 0 0, o000002268daedc38;  alias, 0 drivers
v000002268dbae840_0 .net "d", 0 0, L_000002268dcb0fd0;  1 drivers
v000002268dbaff60_0 .net "q", 0 0, v000002268dbadd00_0;  1 drivers
v000002268dbb03c0_0 .net "rden1", 0 0, L_000002268dcaff90;  alias, 1 drivers
v000002268dbafa60_0 .net "rden2", 0 0, L_000002268dcb0170;  alias, 1 drivers
v000002268dbaee80_0 .net "rst", 0 0, o000002268daedcc8;  alias, 0 drivers
v000002268dbae8e0_0 .net "wren", 0 0, L_000002268dcb00d0;  alias, 1 drivers
S_000002268dba7d90 .scope module, "cell_dff" "dff" 5 13, 6 4 0, S_000002268dba5680;
 .timescale 0 0;
    .port_info 0 /OUTPUT 1 "q";
    .port_info 1 /INPUT 1 "d";
    .port_info 2 /INPUT 1 "wen";
    .port_info 3 /INPUT 1 "clk";
    .port_info 4 /INPUT 1 "rst";
v000002268dbae020_0 .net "clk", 0 0, o000002268daedc38;  alias, 0 drivers
v000002268dbad760_0 .net "d", 0 0, L_000002268dcb0fd0;  alias, 1 drivers
v000002268dbadd00_0 .var "q", 0 0;
v000002268dbadda0_0 .net "rst", 0 0, o000002268daedcc8;  alias, 0 drivers
v000002268dbade40_0 .net "wen", 0 0, L_000002268dcb00d0;  alias, 1 drivers
S_000002268dba80b0 .scope module, "bit_cell12" "bit_cell" 4 24, 5 2 0, S_000002268dba51d0;
 .timescale 0 0;
    .port_info 0 /INPUT 1 "clk";
    .port_info 1 /INPUT 1 "rst";
    .port_info 2 /INPUT 1 "d";
    .port_info 3 /INPUT 1 "wren";
    .port_info 4 /INPUT 1 "rden1";
    .port_info 5 /INPUT 1 "rden2";
    .port_info 6 /INOUT 1 "bitline1";
    .port_info 7 /INOUT 1 "bitline2";
L_000002268dd4a140 .functor BUFIF1 1, v000002268dbafec0_0, L_000002268dcaff90, C4<0>, C4<0>;
L_000002268dd4a1b0 .functor BUFIF1 1, v000002268dbafec0_0, L_000002268dcb0170, C4<0>, C4<0>;
v000002268dbaea20_0 .net8 "bitline1", 0 0, p000002268db05f38;  1 drivers, strength-aware
v000002268dbaf7e0_0 .net8 "bitline2", 0 0, p000002268db05f68;  1 drivers, strength-aware
v000002268dbaef20_0 .net "clk", 0 0, o000002268daedc38;  alias, 0 drivers
v000002268dbaed40_0 .net "d", 0 0, L_000002268dcb07b0;  1 drivers
v000002268dbaede0_0 .net "q", 0 0, v000002268dbafec0_0;  1 drivers
v000002268dbae700_0 .net "rden1", 0 0, L_000002268dcaff90;  alias, 1 drivers
v000002268dbaf2e0_0 .net "rden2", 0 0, L_000002268dcb0170;  alias, 1 drivers
v000002268dbb0b40_0 .net "rst", 0 0, o000002268daedcc8;  alias, 0 drivers
v000002268dbb06e0_0 .net "wren", 0 0, L_000002268dcb00d0;  alias, 1 drivers
S_000002268dba6620 .scope module, "cell_dff" "dff" 5 13, 6 4 0, S_000002268dba80b0;
 .timescale 0 0;
    .port_info 0 /OUTPUT 1 "q";
    .port_info 1 /INPUT 1 "d";
    .port_info 2 /INPUT 1 "wen";
    .port_info 3 /INPUT 1 "clk";
    .port_info 4 /INPUT 1 "rst";
v000002268dbae980_0 .net "clk", 0 0, o000002268daedc38;  alias, 0 drivers
v000002268dbb01e0_0 .net "d", 0 0, L_000002268dcb07b0;  alias, 1 drivers
v000002268dbafec0_0 .var "q", 0 0;
v000002268dbae480_0 .net "rst", 0 0, o000002268daedcc8;  alias, 0 drivers
v000002268dbafb00_0 .net "wen", 0 0, L_000002268dcb00d0;  alias, 1 drivers
S_000002268dba6f80 .scope module, "bit_cell13" "bit_cell" 4 25, 5 2 0, S_000002268dba51d0;
 .timescale 0 0;
    .port_info 0 /INPUT 1 "clk";
    .port_info 1 /INPUT 1 "rst";
    .port_info 2 /INPUT 1 "d";
    .port_info 3 /INPUT 1 "wren";
    .port_info 4 /INPUT 1 "rden1";
    .port_info 5 /INPUT 1 "rden2";
    .port_info 6 /INOUT 1 "bitline1";
    .port_info 7 /INOUT 1 "bitline2";
L_000002268dd4a220 .functor BUFIF1 1, v000002268dbb05a0_0, L_000002268dcaff90, C4<0>, C4<0>;
L_000002268dd4a290 .functor BUFIF1 1, v000002268dbb05a0_0, L_000002268dcb0170, C4<0>, C4<0>;
v000002268dbaeac0_0 .net8 "bitline1", 0 0, p000002268db06268;  1 drivers, strength-aware
v000002268dbaefc0_0 .net8 "bitline2", 0 0, p000002268db06298;  1 drivers, strength-aware
v000002268dbb0460_0 .net "clk", 0 0, o000002268daedc38;  alias, 0 drivers
v000002268dbaf740_0 .net "d", 0 0, L_000002268dcafbd0;  1 drivers
v000002268dbb0500_0 .net "q", 0 0, v000002268dbb05a0_0;  1 drivers
v000002268dbae7a0_0 .net "rden1", 0 0, L_000002268dcaff90;  alias, 1 drivers
v000002268dbaf380_0 .net "rden2", 0 0, L_000002268dcb0170;  alias, 1 drivers
v000002268dbb0aa0_0 .net "rst", 0 0, o000002268daedcc8;  alias, 0 drivers
v000002268dbb0780_0 .net "wren", 0 0, L_000002268dcb00d0;  alias, 1 drivers
S_000002268dba8d30 .scope module, "cell_dff" "dff" 5 13, 6 4 0, S_000002268dba6f80;
 .timescale 0 0;
    .port_info 0 /OUTPUT 1 "q";
    .port_info 1 /INPUT 1 "d";
    .port_info 2 /INPUT 1 "wen";
    .port_info 3 /INPUT 1 "clk";
    .port_info 4 /INPUT 1 "rst";
v000002268dbaf420_0 .net "clk", 0 0, o000002268daedc38;  alias, 0 drivers
v000002268dbb0000_0 .net "d", 0 0, L_000002268dcafbd0;  alias, 1 drivers
v000002268dbb05a0_0 .var "q", 0 0;
v000002268dbb0960_0 .net "rst", 0 0, o000002268daedcc8;  alias, 0 drivers
v000002268dbaf880_0 .net "wen", 0 0, L_000002268dcb00d0;  alias, 1 drivers
S_000002268dba7110 .scope module, "bit_cell14" "bit_cell" 4 26, 5 2 0, S_000002268dba51d0;
 .timescale 0 0;
    .port_info 0 /INPUT 1 "clk";
    .port_info 1 /INPUT 1 "rst";
    .port_info 2 /INPUT 1 "d";
    .port_info 3 /INPUT 1 "wren";
    .port_info 4 /INPUT 1 "rden1";
    .port_info 5 /INPUT 1 "rden2";
    .port_info 6 /INOUT 1 "bitline1";
    .port_info 7 /INOUT 1 "bitline2";
L_000002268dd4a300 .functor BUFIF1 1, v000002268dbb0820_0, L_000002268dcaff90, C4<0>, C4<0>;
L_000002268dd49ea0 .functor BUFIF1 1, v000002268dbb0820_0, L_000002268dcb0170, C4<0>, C4<0>;
v000002268dbaec00_0 .net8 "bitline1", 0 0, p000002268db06598;  1 drivers, strength-aware
v000002268dbaf600_0 .net8 "bitline2", 0 0, p000002268db065c8;  1 drivers, strength-aware
v000002268dbaeca0_0 .net "clk", 0 0, o000002268daedc38;  alias, 0 drivers
v000002268dbb0280_0 .net "d", 0 0, L_000002268dcb0670;  1 drivers
v000002268dbae5c0_0 .net "q", 0 0, v000002268dbb0820_0;  1 drivers
v000002268dbb0640_0 .net "rden1", 0 0, L_000002268dcaff90;  alias, 1 drivers
v000002268dbae520_0 .net "rden2", 0 0, L_000002268dcb0170;  alias, 1 drivers
v000002268dbb08c0_0 .net "rst", 0 0, o000002268daedcc8;  alias, 0 drivers
v000002268dbb0be0_0 .net "wren", 0 0, L_000002268dcb00d0;  alias, 1 drivers
S_000002268dba7f20 .scope module, "cell_dff" "dff" 5 13, 6 4 0, S_000002268dba7110;
 .timescale 0 0;
    .port_info 0 /OUTPUT 1 "q";
    .port_info 1 /INPUT 1 "d";
    .port_info 2 /INPUT 1 "wen";
    .port_info 3 /INPUT 1 "clk";
    .port_info 4 /INPUT 1 "rst";
v000002268dbaeb60_0 .net "clk", 0 0, o000002268daedc38;  alias, 0 drivers
v000002268dbaf060_0 .net "d", 0 0, L_000002268dcb0670;  alias, 1 drivers
v000002268dbb0820_0 .var "q", 0 0;
v000002268dbaf560_0 .net "rst", 0 0, o000002268daedcc8;  alias, 0 drivers
v000002268dbaf1a0_0 .net "wen", 0 0, L_000002268dcb00d0;  alias, 1 drivers
S_000002268dba5040 .scope module, "bit_cell15" "bit_cell" 4 27, 5 2 0, S_000002268dba51d0;
 .timescale 0 0;
    .port_info 0 /INPUT 1 "clk";
    .port_info 1 /INPUT 1 "rst";
    .port_info 2 /INPUT 1 "d";
    .port_info 3 /INPUT 1 "wren";
    .port_info 4 /INPUT 1 "rden1";
    .port_info 5 /INPUT 1 "rden2";
    .port_info 6 /INOUT 1 "bitline1";
    .port_info 7 /INOUT 1 "bitline2";
L_000002268dd4a3e0 .functor BUFIF1 1, v000002268dbb00a0_0, L_000002268dcaff90, C4<0>, C4<0>;
L_000002268dd72d30 .functor BUFIF1 1, v000002268dbb00a0_0, L_000002268dcb0170, C4<0>, C4<0>;
v000002268dbaf100_0 .net8 "bitline1", 0 0, p000002268db068c8;  1 drivers, strength-aware
v000002268dbaf4c0_0 .net8 "bitline2", 0 0, p000002268db068f8;  1 drivers, strength-aware
v000002268dbafce0_0 .net "clk", 0 0, o000002268daedc38;  alias, 0 drivers
v000002268dbaf6a0_0 .net "d", 0 0, L_000002268dcaf6d0;  1 drivers
v000002268dbb0a00_0 .net "q", 0 0, v000002268dbb00a0_0;  1 drivers
v000002268dbae660_0 .net "rden1", 0 0, L_000002268dcaff90;  alias, 1 drivers
v000002268dbaf9c0_0 .net "rden2", 0 0, L_000002268dcb0170;  alias, 1 drivers
v000002268dbafd80_0 .net "rst", 0 0, o000002268daedcc8;  alias, 0 drivers
v000002268dbafe20_0 .net "wren", 0 0, L_000002268dcb00d0;  alias, 1 drivers
S_000002268dba72a0 .scope module, "cell_dff" "dff" 5 13, 6 4 0, S_000002268dba5040;
 .timescale 0 0;
    .port_info 0 /OUTPUT 1 "q";
    .port_info 1 /INPUT 1 "d";
    .port_info 2 /INPUT 1 "wen";
    .port_info 3 /INPUT 1 "clk";
    .port_info 4 /INPUT 1 "rst";
v000002268dbafba0_0 .net "clk", 0 0, o000002268daedc38;  alias, 0 drivers
v000002268dbafc40_0 .net "d", 0 0, L_000002268dcaf6d0;  alias, 1 drivers
v000002268dbb00a0_0 .var "q", 0 0;
v000002268dbaf920_0 .net "rst", 0 0, o000002268daedcc8;  alias, 0 drivers
v000002268dbaf240_0 .net "wen", 0 0, L_000002268dcb00d0;  alias, 1 drivers
S_000002268dba75c0 .scope module, "bit_cell2" "bit_cell" 4 14, 5 2 0, S_000002268dba51d0;
 .timescale 0 0;
    .port_info 0 /INPUT 1 "clk";
    .port_info 1 /INPUT 1 "rst";
    .port_info 2 /INPUT 1 "d";
    .port_info 3 /INPUT 1 "wren";
    .port_info 4 /INPUT 1 "rden1";
    .port_info 5 /INPUT 1 "rden2";
    .port_info 6 /INOUT 1 "bitline1";
    .port_info 7 /INOUT 1 "bitline2";
L_000002268dd49730 .functor BUFIF1 1, v000002268dbb1220_0, L_000002268dcaff90, C4<0>, C4<0>;
L_000002268dd49180 .functor BUFIF1 1, v000002268dbb1220_0, L_000002268dcb0170, C4<0>, C4<0>;
v000002268dbb28a0_0 .net8 "bitline1", 0 0, p000002268db06bf8;  1 drivers, strength-aware
v000002268dbb17c0_0 .net8 "bitline2", 0 0, p000002268db06c28;  1 drivers, strength-aware
v000002268dbb32a0_0 .net "clk", 0 0, o000002268daedc38;  alias, 0 drivers
v000002268dbb2b20_0 .net "d", 0 0, L_000002268dcb0490;  1 drivers
v000002268dbb2ee0_0 .net "q", 0 0, v000002268dbb1220_0;  1 drivers
v000002268dbb3340_0 .net "rden1", 0 0, L_000002268dcaff90;  alias, 1 drivers
v000002268dbb1e00_0 .net "rden2", 0 0, L_000002268dcb0170;  alias, 1 drivers
v000002268dbb19a0_0 .net "rst", 0 0, o000002268daedcc8;  alias, 0 drivers
v000002268dbb1680_0 .net "wren", 0 0, L_000002268dcb00d0;  alias, 1 drivers
S_000002268dba5b30 .scope module, "cell_dff" "dff" 5 13, 6 4 0, S_000002268dba75c0;
 .timescale 0 0;
    .port_info 0 /OUTPUT 1 "q";
    .port_info 1 /INPUT 1 "d";
    .port_info 2 /INPUT 1 "wen";
    .port_info 3 /INPUT 1 "clk";
    .port_info 4 /INPUT 1 "rst";
v000002268dbb0140_0 .net "clk", 0 0, o000002268daedc38;  alias, 0 drivers
v000002268dbb0320_0 .net "d", 0 0, L_000002268dcb0490;  alias, 1 drivers
v000002268dbb1220_0 .var "q", 0 0;
v000002268dbb0dc0_0 .net "rst", 0 0, o000002268daedcc8;  alias, 0 drivers
v000002268dbb2f80_0 .net "wen", 0 0, L_000002268dcb00d0;  alias, 1 drivers
S_000002268dba6490 .scope module, "bit_cell3" "bit_cell" 4 15, 5 2 0, S_000002268dba51d0;
 .timescale 0 0;
    .port_info 0 /INPUT 1 "clk";
    .port_info 1 /INPUT 1 "rst";
    .port_info 2 /INPUT 1 "d";
    .port_info 3 /INPUT 1 "wren";
    .port_info 4 /INPUT 1 "rden1";
    .port_info 5 /INPUT 1 "rden2";
    .port_info 6 /INOUT 1 "bitline1";
    .port_info 7 /INOUT 1 "bitline2";
L_000002268dd497a0 .functor BUFIF1 1, v000002268dbb1900_0, L_000002268dcaff90, C4<0>, C4<0>;
L_000002268dd498f0 .functor BUFIF1 1, v000002268dbb1900_0, L_000002268dcb0170, C4<0>, C4<0>;
v000002268dbb0fa0_0 .net8 "bitline1", 0 0, p000002268db06f28;  1 drivers, strength-aware
v000002268dbb1b80_0 .net8 "bitline2", 0 0, p000002268db06f58;  1 drivers, strength-aware
v000002268dbb33e0_0 .net "clk", 0 0, o000002268daedc38;  alias, 0 drivers
v000002268dbb1c20_0 .net "d", 0 0, L_000002268dcaf630;  1 drivers
v000002268dbb10e0_0 .net "q", 0 0, v000002268dbb1900_0;  1 drivers
v000002268dbb1400_0 .net "rden1", 0 0, L_000002268dcaff90;  alias, 1 drivers
v000002268dbb0e60_0 .net "rden2", 0 0, L_000002268dcb0170;  alias, 1 drivers
v000002268dbb1180_0 .net "rst", 0 0, o000002268daedcc8;  alias, 0 drivers
v000002268dbb30c0_0 .net "wren", 0 0, L_000002268dcb00d0;  alias, 1 drivers
S_000002268dba7750 .scope module, "cell_dff" "dff" 5 13, 6 4 0, S_000002268dba6490;
 .timescale 0 0;
    .port_info 0 /OUTPUT 1 "q";
    .port_info 1 /INPUT 1 "d";
    .port_info 2 /INPUT 1 "wen";
    .port_info 3 /INPUT 1 "clk";
    .port_info 4 /INPUT 1 "rst";
v000002268dbb2bc0_0 .net "clk", 0 0, o000002268daedc38;  alias, 0 drivers
v000002268dbb1860_0 .net "d", 0 0, L_000002268dcaf630;  alias, 1 drivers
v000002268dbb1900_0 .var "q", 0 0;
v000002268dbb1720_0 .net "rst", 0 0, o000002268daedcc8;  alias, 0 drivers
v000002268dbb1040_0 .net "wen", 0 0, L_000002268dcb00d0;  alias, 1 drivers
S_000002268dba86f0 .scope module, "bit_cell4" "bit_cell" 4 16, 5 2 0, S_000002268dba51d0;
 .timescale 0 0;
    .port_info 0 /INPUT 1 "clk";
    .port_info 1 /INPUT 1 "rst";
    .port_info 2 /INPUT 1 "d";
    .port_info 3 /INPUT 1 "wren";
    .port_info 4 /INPUT 1 "rden1";
    .port_info 5 /INPUT 1 "rden2";
    .port_info 6 /INOUT 1 "bitline1";
    .port_info 7 /INOUT 1 "bitline2";
L_000002268dd49810 .functor BUFIF1 1, v000002268dbb1360_0, L_000002268dcaff90, C4<0>, C4<0>;
L_000002268dd49880 .functor BUFIF1 1, v000002268dbb1360_0, L_000002268dcb0170, C4<0>, C4<0>;
v000002268dbb1cc0_0 .net8 "bitline1", 0 0, p000002268db07258;  1 drivers, strength-aware
v000002268dbb1d60_0 .net8 "bitline2", 0 0, p000002268db07288;  1 drivers, strength-aware
v000002268dbb0f00_0 .net "clk", 0 0, o000002268daedc38;  alias, 0 drivers
v000002268dbb14a0_0 .net "d", 0 0, L_000002268dcaf9f0;  1 drivers
v000002268dbb29e0_0 .net "q", 0 0, v000002268dbb1360_0;  1 drivers
v000002268dbb26c0_0 .net "rden1", 0 0, L_000002268dcaff90;  alias, 1 drivers
v000002268dbb2760_0 .net "rden2", 0 0, L_000002268dcb0170;  alias, 1 drivers
v000002268dbb1ea0_0 .net "rst", 0 0, o000002268daedcc8;  alias, 0 drivers
v000002268dbb0d20_0 .net "wren", 0 0, L_000002268dcb00d0;  alias, 1 drivers
S_000002268dba8a10 .scope module, "cell_dff" "dff" 5 13, 6 4 0, S_000002268dba86f0;
 .timescale 0 0;
    .port_info 0 /OUTPUT 1 "q";
    .port_info 1 /INPUT 1 "d";
    .port_info 2 /INPUT 1 "wen";
    .port_info 3 /INPUT 1 "clk";
    .port_info 4 /INPUT 1 "rst";
v000002268dbb12c0_0 .net "clk", 0 0, o000002268daedc38;  alias, 0 drivers
v000002268dbb1a40_0 .net "d", 0 0, L_000002268dcaf9f0;  alias, 1 drivers
v000002268dbb1360_0 .var "q", 0 0;
v000002268dbb1ae0_0 .net "rst", 0 0, o000002268daedcc8;  alias, 0 drivers
v000002268dbb0c80_0 .net "wen", 0 0, L_000002268dcb00d0;  alias, 1 drivers
S_000002268dba5cc0 .scope module, "bit_cell5" "bit_cell" 4 17, 5 2 0, S_000002268dba51d0;
 .timescale 0 0;
    .port_info 0 /INPUT 1 "clk";
    .port_info 1 /INPUT 1 "rst";
    .port_info 2 /INPUT 1 "d";
    .port_info 3 /INPUT 1 "wren";
    .port_info 4 /INPUT 1 "rden1";
    .port_info 5 /INPUT 1 "rden2";
    .port_info 6 /INOUT 1 "bitline1";
    .port_info 7 /INOUT 1 "bitline2";
L_000002268dd48af0 .functor BUFIF1 1, v000002268dbb1f40_0, L_000002268dcaff90, C4<0>, C4<0>;
L_000002268dd481c0 .functor BUFIF1 1, v000002268dbb1f40_0, L_000002268dcb0170, C4<0>, C4<0>;
v000002268dbb1fe0_0 .net8 "bitline1", 0 0, p000002268db07588;  1 drivers, strength-aware
v000002268dbb2080_0 .net8 "bitline2", 0 0, p000002268db075b8;  1 drivers, strength-aware
v000002268dbb15e0_0 .net "clk", 0 0, o000002268daedc38;  alias, 0 drivers
v000002268dbb3200_0 .net "d", 0 0, L_000002268dcb1c50;  1 drivers
v000002268dbb2120_0 .net "q", 0 0, v000002268dbb1f40_0;  1 drivers
v000002268dbb2800_0 .net "rden1", 0 0, L_000002268dcaff90;  alias, 1 drivers
v000002268dbb21c0_0 .net "rden2", 0 0, L_000002268dcb0170;  alias, 1 drivers
v000002268dbb2260_0 .net "rst", 0 0, o000002268daedcc8;  alias, 0 drivers
v000002268dbb2da0_0 .net "wren", 0 0, L_000002268dcb00d0;  alias, 1 drivers
S_000002268dba78e0 .scope module, "cell_dff" "dff" 5 13, 6 4 0, S_000002268dba5cc0;
 .timescale 0 0;
    .port_info 0 /OUTPUT 1 "q";
    .port_info 1 /INPUT 1 "d";
    .port_info 2 /INPUT 1 "wen";
    .port_info 3 /INPUT 1 "clk";
    .port_info 4 /INPUT 1 "rst";
v000002268dbb1540_0 .net "clk", 0 0, o000002268daedc38;  alias, 0 drivers
v000002268dbb3020_0 .net "d", 0 0, L_000002268dcb1c50;  alias, 1 drivers
v000002268dbb1f40_0 .var "q", 0 0;
v000002268dbb3160_0 .net "rst", 0 0, o000002268daedcc8;  alias, 0 drivers
v000002268dbb2e40_0 .net "wen", 0 0, L_000002268dcb00d0;  alias, 1 drivers
S_000002268dba8240 .scope module, "bit_cell6" "bit_cell" 4 18, 5 2 0, S_000002268dba51d0;
 .timescale 0 0;
    .port_info 0 /INPUT 1 "clk";
    .port_info 1 /INPUT 1 "rst";
    .port_info 2 /INPUT 1 "d";
    .port_info 3 /INPUT 1 "wren";
    .port_info 4 /INPUT 1 "rden1";
    .port_info 5 /INPUT 1 "rden2";
    .port_info 6 /INOUT 1 "bitline1";
    .port_info 7 /INOUT 1 "bitline2";
L_000002268dd49c00 .functor BUFIF1 1, v000002268dbb23a0_0, L_000002268dcaff90, C4<0>, C4<0>;
L_000002268dd48850 .functor BUFIF1 1, v000002268dbb23a0_0, L_000002268dcb0170, C4<0>, C4<0>;
v000002268dbb2580_0 .net8 "bitline1", 0 0, p000002268db078b8;  1 drivers, strength-aware
v000002268dbb2c60_0 .net8 "bitline2", 0 0, p000002268db078e8;  1 drivers, strength-aware
v000002268dbb2a80_0 .net "clk", 0 0, o000002268daedc38;  alias, 0 drivers
v000002268dbb2620_0 .net "d", 0 0, L_000002268dcafef0;  1 drivers
v000002268dbb2940_0 .net "q", 0 0, v000002268dbb23a0_0;  1 drivers
v000002268dbb3de0_0 .net "rden1", 0 0, L_000002268dcaff90;  alias, 1 drivers
v000002268dbb44c0_0 .net "rden2", 0 0, L_000002268dcb0170;  alias, 1 drivers
v000002268dbb3a20_0 .net "rst", 0 0, o000002268daedcc8;  alias, 0 drivers
v000002268dbb56e0_0 .net "wren", 0 0, L_000002268dcb00d0;  alias, 1 drivers
S_000002268dba83d0 .scope module, "cell_dff" "dff" 5 13, 6 4 0, S_000002268dba8240;
 .timescale 0 0;
    .port_info 0 /OUTPUT 1 "q";
    .port_info 1 /INPUT 1 "d";
    .port_info 2 /INPUT 1 "wen";
    .port_info 3 /INPUT 1 "clk";
    .port_info 4 /INPUT 1 "rst";
v000002268dbb2300_0 .net "clk", 0 0, o000002268daedc38;  alias, 0 drivers
v000002268dbb2d00_0 .net "d", 0 0, L_000002268dcafef0;  alias, 1 drivers
v000002268dbb23a0_0 .var "q", 0 0;
v000002268dbb2440_0 .net "rst", 0 0, o000002268daedcc8;  alias, 0 drivers
v000002268dbb24e0_0 .net "wen", 0 0, L_000002268dcb00d0;  alias, 1 drivers
S_000002268dba5e50 .scope module, "bit_cell7" "bit_cell" 4 19, 5 2 0, S_000002268dba51d0;
 .timescale 0 0;
    .port_info 0 /INPUT 1 "clk";
    .port_info 1 /INPUT 1 "rst";
    .port_info 2 /INPUT 1 "d";
    .port_info 3 /INPUT 1 "wren";
    .port_info 4 /INPUT 1 "rden1";
    .port_info 5 /INPUT 1 "rden2";
    .port_info 6 /INOUT 1 "bitline1";
    .port_info 7 /INOUT 1 "bitline2";
L_000002268dd4a450 .functor BUFIF1 1, v000002268dbb53c0_0, L_000002268dcaff90, C4<0>, C4<0>;
L_000002268dd4a4c0 .functor BUFIF1 1, v000002268dbb53c0_0, L_000002268dcb0170, C4<0>, C4<0>;
v000002268dbb5500_0 .net8 "bitline1", 0 0, p000002268db07be8;  1 drivers, strength-aware
v000002268dbb5000_0 .net8 "bitline2", 0 0, p000002268db07c18;  1 drivers, strength-aware
v000002268dbb4880_0 .net "clk", 0 0, o000002268daedc38;  alias, 0 drivers
v000002268dbb3520_0 .net "d", 0 0, L_000002268dcb03f0;  1 drivers
v000002268dbb4380_0 .net "q", 0 0, v000002268dbb53c0_0;  1 drivers
v000002268dbb3fc0_0 .net "rden1", 0 0, L_000002268dcaff90;  alias, 1 drivers
v000002268dbb3840_0 .net "rden2", 0 0, L_000002268dcb0170;  alias, 1 drivers
v000002268dbb3480_0 .net "rst", 0 0, o000002268daedcc8;  alias, 0 drivers
v000002268dbb4420_0 .net "wren", 0 0, L_000002268dcb00d0;  alias, 1 drivers
S_000002268dba5fe0 .scope module, "cell_dff" "dff" 5 13, 6 4 0, S_000002268dba5e50;
 .timescale 0 0;
    .port_info 0 /OUTPUT 1 "q";
    .port_info 1 /INPUT 1 "d";
    .port_info 2 /INPUT 1 "wen";
    .port_info 3 /INPUT 1 "clk";
    .port_info 4 /INPUT 1 "rst";
v000002268dbb5280_0 .net "clk", 0 0, o000002268daedc38;  alias, 0 drivers
v000002268dbb35c0_0 .net "d", 0 0, L_000002268dcb03f0;  alias, 1 drivers
v000002268dbb53c0_0 .var "q", 0 0;
v000002268dbb5be0_0 .net "rst", 0 0, o000002268daedcc8;  alias, 0 drivers
v000002268dbb5460_0 .net "wen", 0 0, L_000002268dcb00d0;  alias, 1 drivers
S_000002268dba6170 .scope module, "bit_cell8" "bit_cell" 4 20, 5 2 0, S_000002268dba51d0;
 .timescale 0 0;
    .port_info 0 /INPUT 1 "clk";
    .port_info 1 /INPUT 1 "rst";
    .port_info 2 /INPUT 1 "d";
    .port_info 3 /INPUT 1 "wren";
    .port_info 4 /INPUT 1 "rden1";
    .port_info 5 /INPUT 1 "rden2";
    .port_info 6 /INOUT 1 "bitline1";
    .port_info 7 /INOUT 1 "bitline2";
L_000002268dd49f10 .functor BUFIF1 1, v000002268dbb4a60_0, L_000002268dcaff90, C4<0>, C4<0>;
L_000002268dd49ff0 .functor BUFIF1 1, v000002268dbb4a60_0, L_000002268dcb0170, C4<0>, C4<0>;
v000002268dbb4560_0 .net8 "bitline1", 0 0, p000002268db07f18;  1 drivers, strength-aware
v000002268dbb47e0_0 .net8 "bitline2", 0 0, p000002268db07f48;  1 drivers, strength-aware
v000002268dbb41a0_0 .net "clk", 0 0, o000002268daedc38;  alias, 0 drivers
v000002268dbb37a0_0 .net "d", 0 0, L_000002268dcaf4f0;  1 drivers
v000002268dbb4600_0 .net "q", 0 0, v000002268dbb4a60_0;  1 drivers
v000002268dbb55a0_0 .net "rden1", 0 0, L_000002268dcaff90;  alias, 1 drivers
v000002268dbb38e0_0 .net "rden2", 0 0, L_000002268dcb0170;  alias, 1 drivers
v000002268dbb4d80_0 .net "rst", 0 0, o000002268daedcc8;  alias, 0 drivers
v000002268dbb5780_0 .net "wren", 0 0, L_000002268dcb00d0;  alias, 1 drivers
S_000002268dba6300 .scope module, "cell_dff" "dff" 5 13, 6 4 0, S_000002268dba6170;
 .timescale 0 0;
    .port_info 0 /OUTPUT 1 "q";
    .port_info 1 /INPUT 1 "d";
    .port_info 2 /INPUT 1 "wen";
    .port_info 3 /INPUT 1 "clk";
    .port_info 4 /INPUT 1 "rst";
v000002268dbb3ac0_0 .net "clk", 0 0, o000002268daedc38;  alias, 0 drivers
v000002268dbb4920_0 .net "d", 0 0, L_000002268dcaf4f0;  alias, 1 drivers
v000002268dbb4a60_0 .var "q", 0 0;
v000002268dbb4740_0 .net "rst", 0 0, o000002268daedcc8;  alias, 0 drivers
v000002268dbb51e0_0 .net "wen", 0 0, L_000002268dcb00d0;  alias, 1 drivers
S_000002268dbbf7d0 .scope module, "bit_cell9" "bit_cell" 4 21, 5 2 0, S_000002268dba51d0;
 .timescale 0 0;
    .port_info 0 /INPUT 1 "clk";
    .port_info 1 /INPUT 1 "rst";
    .port_info 2 /INPUT 1 "d";
    .port_info 3 /INPUT 1 "wren";
    .port_info 4 /INPUT 1 "rden1";
    .port_info 5 /INPUT 1 "rden2";
    .port_info 6 /INOUT 1 "bitline1";
    .port_info 7 /INOUT 1 "bitline2";
L_000002268dd4a060 .functor BUFIF1 1, v000002268dbb5820_0, L_000002268dcaff90, C4<0>, C4<0>;
L_000002268dd49f80 .functor BUFIF1 1, v000002268dbb5820_0, L_000002268dcb0170, C4<0>, C4<0>;
v000002268dbb49c0_0 .net8 "bitline1", 0 0, p000002268db08248;  1 drivers, strength-aware
v000002268dbb3b60_0 .net8 "bitline2", 0 0, p000002268db08278;  1 drivers, strength-aware
v000002268dbb42e0_0 .net "clk", 0 0, o000002268daedc38;  alias, 0 drivers
v000002268dbb3980_0 .net "d", 0 0, L_000002268dcb11b0;  1 drivers
v000002268dbb5140_0 .net "q", 0 0, v000002268dbb5820_0;  1 drivers
v000002268dbb3c00_0 .net "rden1", 0 0, L_000002268dcaff90;  alias, 1 drivers
v000002268dbb4060_0 .net "rden2", 0 0, L_000002268dcb0170;  alias, 1 drivers
v000002268dbb50a0_0 .net "rst", 0 0, o000002268daedcc8;  alias, 0 drivers
v000002268dbb3d40_0 .net "wren", 0 0, L_000002268dcb00d0;  alias, 1 drivers
S_000002268dbc0450 .scope module, "cell_dff" "dff" 5 13, 6 4 0, S_000002268dbbf7d0;
 .timescale 0 0;
    .port_info 0 /OUTPUT 1 "q";
    .port_info 1 /INPUT 1 "d";
    .port_info 2 /INPUT 1 "wen";
    .port_info 3 /INPUT 1 "clk";
    .port_info 4 /INPUT 1 "rst";
v000002268dbb4f60_0 .net "clk", 0 0, o000002268daedc38;  alias, 0 drivers
v000002268dbb5640_0 .net "d", 0 0, L_000002268dcb11b0;  alias, 1 drivers
v000002268dbb5820_0 .var "q", 0 0;
v000002268dbb4240_0 .net "rst", 0 0, o000002268daedcc8;  alias, 0 drivers
v000002268dbb3e80_0 .net "wen", 0 0, L_000002268dcb00d0;  alias, 1 drivers
S_000002268dbbfc80 .scope module, "reg2" "register" 2 25, 4 2 0, S_000002268d492190;
 .timescale 0 0;
    .port_info 0 /INPUT 1 "clk";
    .port_info 1 /INPUT 1 "rst";
    .port_info 2 /INPUT 16 "d";
    .port_info 3 /INPUT 1 "write_reg";
    .port_info 4 /INPUT 1 "rden1";
    .port_info 5 /INPUT 1 "rden2";
    .port_info 6 /INOUT 16 "bitline1";
    .port_info 7 /INOUT 16 "bitline2";
v000002268dbc5c80_0 .net8 "bitline1", 15 0, p000002268daf1028;  alias, 0 drivers, strength-aware
v000002268dbc5dc0_0 .net8 "bitline2", 15 0, p000002268daf1058;  alias, 0 drivers, strength-aware
v000002268dbc7e40_0 .net "clk", 0 0, o000002268daedc38;  alias, 0 drivers
v000002268dbc8020_0 .net "d", 15 0, o000002268daf1088;  alias, 0 drivers
v000002268dbc8ac0_0 .net "rden1", 0 0, L_000002268dcc8090;  1 drivers
v000002268dbc78a0_0 .net "rden2", 0 0, L_000002268dcc79b0;  1 drivers
v000002268dbc9060_0 .net "rst", 0 0, o000002268daedcc8;  alias, 0 drivers
v000002268dbc6900_0 .net "write_reg", 0 0, L_000002268dcc6a10;  1 drivers
L_000002268dcc56b0 .part o000002268daf1088, 0, 1;
L_000002268dcc6790 .part o000002268daf1088, 1, 1;
L_000002268dcc8310 .part o000002268daf1088, 2, 1;
L_000002268dcc83b0 .part o000002268daf1088, 3, 1;
L_000002268dcc68d0 .part o000002268daf1088, 4, 1;
L_000002268dcc7050 .part o000002268daf1088, 5, 1;
L_000002268dcc77d0 .part o000002268daf1088, 6, 1;
L_000002268dcc7870 .part o000002268daf1088, 7, 1;
L_000002268dcc7550 .part o000002268daf1088, 8, 1;
L_000002268dcc8450 .part o000002268daf1088, 9, 1;
L_000002268dcc65b0 .part o000002268daf1088, 10, 1;
L_000002268dcc6970 .part o000002268daf1088, 11, 1;
L_000002268dcc81d0 .part o000002268daf1088, 12, 1;
L_000002268dcc7230 .part o000002268daf1088, 13, 1;
L_000002268dcc7370 .part o000002268daf1088, 14, 1;
L_000002268dcc7190 .part o000002268daf1088, 15, 1;
p000002268db08728 .port I000002268da132c0, L_000002268da28250;
 .tranvp 16 1 0, I000002268da132c0, p000002268daf1028 p000002268db08728;
p000002268db08758 .port I000002268da12d00, L_000002268da288e0;
 .tranvp 16 1 0, I000002268da12d00, p000002268daf1058 p000002268db08758;
p000002268db08ab8 .port I000002268da132c0, L_000002268d9bccd0;
 .tranvp 16 1 1, I000002268da132c0, p000002268daf1028 p000002268db08ab8;
p000002268db08ae8 .port I000002268da12d00, L_000002268d9bcf00;
 .tranvp 16 1 1, I000002268da12d00, p000002268daf1058 p000002268db08ae8;
p000002268db0a108 .port I000002268da132c0, L_000002268d9bcdb0;
 .tranvp 16 1 2, I000002268da132c0, p000002268daf1028 p000002268db0a108;
p000002268db0a138 .port I000002268da12d00, L_000002268d9bbe60;
 .tranvp 16 1 2, I000002268da12d00, p000002268daf1058 p000002268db0a138;
p000002268db0a438 .port I000002268da132c0, L_000002268d9bb450;
 .tranvp 16 1 3, I000002268da132c0, p000002268daf1028 p000002268db0a438;
p000002268db0a468 .port I000002268da12d00, L_000002268d9bba00;
 .tranvp 16 1 3, I000002268da12d00, p000002268daf1058 p000002268db0a468;
p000002268db0a768 .port I000002268da132c0, L_000002268d9bb220;
 .tranvp 16 1 4, I000002268da132c0, p000002268daf1028 p000002268db0a768;
p000002268db0a798 .port I000002268da12d00, L_000002268d9bc2c0;
 .tranvp 16 1 4, I000002268da12d00, p000002268daf1058 p000002268db0a798;
p000002268db0aa98 .port I000002268da132c0, L_000002268d9bba70;
 .tranvp 16 1 5, I000002268da132c0, p000002268daf1028 p000002268db0aa98;
p000002268db0aac8 .port I000002268da12d00, L_000002268d9bc3a0;
 .tranvp 16 1 5, I000002268da12d00, p000002268daf1058 p000002268db0aac8;
p000002268db0adc8 .port I000002268da132c0, L_000002268d9bb4c0;
 .tranvp 16 1 6, I000002268da132c0, p000002268daf1028 p000002268db0adc8;
p000002268db0adf8 .port I000002268da12d00, L_000002268d9bb530;
 .tranvp 16 1 6, I000002268da12d00, p000002268daf1058 p000002268db0adf8;
p000002268db0b0f8 .port I000002268da132c0, L_000002268d9bb610;
 .tranvp 16 1 7, I000002268da132c0, p000002268daf1028 p000002268db0b0f8;
p000002268db0b128 .port I000002268da12d00, L_000002268d9bc720;
 .tranvp 16 1 7, I000002268da12d00, p000002268daf1058 p000002268db0b128;
p000002268db0b428 .port I000002268da132c0, L_000002268d9bbb50;
 .tranvp 16 1 8, I000002268da132c0, p000002268daf1028 p000002268db0b428;
p000002268db0b458 .port I000002268da12d00, L_000002268d9bb6f0;
 .tranvp 16 1 8, I000002268da12d00, p000002268daf1058 p000002268db0b458;
p000002268db0b758 .port I000002268da132c0, L_000002268d9bc870;
 .tranvp 16 1 9, I000002268da132c0, p000002268daf1028 p000002268db0b758;
p000002268db0b788 .port I000002268da12d00, L_000002268d9bc480;
 .tranvp 16 1 9, I000002268da12d00, p000002268daf1058 p000002268db0b788;
p000002268db08de8 .port I000002268da132c0, L_000002268d9bb0d0;
 .tranvp 16 1 10, I000002268da132c0, p000002268daf1028 p000002268db08de8;
p000002268db08e18 .port I000002268da12d00, L_000002268d9bcaa0;
 .tranvp 16 1 10, I000002268da12d00, p000002268daf1058 p000002268db08e18;
p000002268db09118 .port I000002268da132c0, L_000002268d9bbf40;
 .tranvp 16 1 11, I000002268da132c0, p000002268daf1028 p000002268db09118;
p000002268db09148 .port I000002268da12d00, L_000002268d9bc4f0;
 .tranvp 16 1 11, I000002268da12d00, p000002268daf1058 p000002268db09148;
p000002268db09448 .port I000002268da132c0, L_000002268d9bb7d0;
 .tranvp 16 1 12, I000002268da132c0, p000002268daf1028 p000002268db09448;
p000002268db09478 .port I000002268da12d00, L_000002268d9bbfb0;
 .tranvp 16 1 12, I000002268da12d00, p000002268daf1058 p000002268db09478;
p000002268db09778 .port I000002268da132c0, L_000002268d9d2fd0;
 .tranvp 16 1 13, I000002268da132c0, p000002268daf1028 p000002268db09778;
p000002268db097a8 .port I000002268da12d00, L_000002268d9d2cc0;
 .tranvp 16 1 13, I000002268da12d00, p000002268daf1058 p000002268db097a8;
p000002268db09aa8 .port I000002268da132c0, L_000002268d9d2da0;
 .tranvp 16 1 14, I000002268da132c0, p000002268daf1028 p000002268db09aa8;
p000002268db09ad8 .port I000002268da12d00, L_000002268d9d2a90;
 .tranvp 16 1 14, I000002268da12d00, p000002268daf1058 p000002268db09ad8;
p000002268db09dd8 .port I000002268da132c0, L_000002268d9d24e0;
 .tranvp 16 1 15, I000002268da132c0, p000002268daf1028 p000002268db09dd8;
p000002268db09e08 .port I000002268da12d00, L_000002268d9d1ec0;
 .tranvp 16 1 15, I000002268da12d00, p000002268daf1058 p000002268db09e08;
S_000002268dbc1260 .scope module, "bit_cell0" "bit_cell" 4 12, 5 2 0, S_000002268dbbfc80;
 .timescale 0 0;
    .port_info 0 /INPUT 1 "clk";
    .port_info 1 /INPUT 1 "rst";
    .port_info 2 /INPUT 1 "d";
    .port_info 3 /INPUT 1 "wren";
    .port_info 4 /INPUT 1 "rden1";
    .port_info 5 /INPUT 1 "rden2";
    .port_info 6 /INOUT 1 "bitline1";
    .port_info 7 /INOUT 1 "bitline2";
L_000002268da28250 .functor BUFIF1 1, v000002268dbb3700_0, L_000002268dcc8090, C4<0>, C4<0>;
L_000002268da288e0 .functor BUFIF1 1, v000002268dbb3700_0, L_000002268dcc79b0, C4<0>, C4<0>;
v000002268dbb4ec0_0 .net8 "bitline1", 0 0, p000002268db08728;  1 drivers, strength-aware
v000002268dbb58c0_0 .net8 "bitline2", 0 0, p000002268db08758;  1 drivers, strength-aware
v000002268dbb5960_0 .net "clk", 0 0, o000002268daedc38;  alias, 0 drivers
v000002268dbb5a00_0 .net "d", 0 0, L_000002268dcc56b0;  1 drivers
v000002268dbb5b40_0 .net "q", 0 0, v000002268dbb3700_0;  1 drivers
v000002268dbb5c80_0 .net "rden1", 0 0, L_000002268dcc8090;  alias, 1 drivers
v000002268dbb5d20_0 .net "rden2", 0 0, L_000002268dcc79b0;  alias, 1 drivers
v000002268dbb6a40_0 .net "rst", 0 0, o000002268daedcc8;  alias, 0 drivers
v000002268dbb80c0_0 .net "wren", 0 0, L_000002268dcc6a10;  alias, 1 drivers
S_000002268dbbf960 .scope module, "cell_dff" "dff" 5 13, 6 4 0, S_000002268dbc1260;
 .timescale 0 0;
    .port_info 0 /OUTPUT 1 "q";
    .port_info 1 /INPUT 1 "d";
    .port_info 2 /INPUT 1 "wen";
    .port_info 3 /INPUT 1 "clk";
    .port_info 4 /INPUT 1 "rst";
v000002268dbb4100_0 .net "clk", 0 0, o000002268daedc38;  alias, 0 drivers
v000002268dbb4ce0_0 .net "d", 0 0, L_000002268dcc56b0;  alias, 1 drivers
v000002268dbb3700_0 .var "q", 0 0;
v000002268dbb4e20_0 .net "rst", 0 0, o000002268daedcc8;  alias, 0 drivers
v000002268dbb5320_0 .net "wen", 0 0, L_000002268dcc6a10;  alias, 1 drivers
S_000002268dbc0a90 .scope module, "bit_cell1" "bit_cell" 4 13, 5 2 0, S_000002268dbbfc80;
 .timescale 0 0;
    .port_info 0 /INPUT 1 "clk";
    .port_info 1 /INPUT 1 "rst";
    .port_info 2 /INPUT 1 "d";
    .port_info 3 /INPUT 1 "wren";
    .port_info 4 /INPUT 1 "rden1";
    .port_info 5 /INPUT 1 "rden2";
    .port_info 6 /INOUT 1 "bitline1";
    .port_info 7 /INOUT 1 "bitline2";
L_000002268d9bccd0 .functor BUFIF1 1, v000002268dbb6c20_0, L_000002268dcc8090, C4<0>, C4<0>;
L_000002268d9bcf00 .functor BUFIF1 1, v000002268dbb6c20_0, L_000002268dcc79b0, C4<0>, C4<0>;
v000002268dbb8160_0 .net8 "bitline1", 0 0, p000002268db08ab8;  1 drivers, strength-aware
v000002268dbb6cc0_0 .net8 "bitline2", 0 0, p000002268db08ae8;  1 drivers, strength-aware
v000002268dbb6040_0 .net "clk", 0 0, o000002268daedc38;  alias, 0 drivers
v000002268dbb60e0_0 .net "d", 0 0, L_000002268dcc6790;  1 drivers
v000002268dbb7ee0_0 .net "q", 0 0, v000002268dbb6c20_0;  1 drivers
v000002268dbb7bc0_0 .net "rden1", 0 0, L_000002268dcc8090;  alias, 1 drivers
v000002268dbb83e0_0 .net "rden2", 0 0, L_000002268dcc79b0;  alias, 1 drivers
v000002268dbb6e00_0 .net "rst", 0 0, o000002268daedcc8;  alias, 0 drivers
v000002268dbb6fe0_0 .net "wren", 0 0, L_000002268dcc6a10;  alias, 1 drivers
S_000002268dbc0f40 .scope module, "cell_dff" "dff" 5 13, 6 4 0, S_000002268dbc0a90;
 .timescale 0 0;
    .port_info 0 /OUTPUT 1 "q";
    .port_info 1 /INPUT 1 "d";
    .port_info 2 /INPUT 1 "wen";
    .port_info 3 /INPUT 1 "clk";
    .port_info 4 /INPUT 1 "rst";
v000002268dbb8340_0 .net "clk", 0 0, o000002268daedc38;  alias, 0 drivers
v000002268dbb7e40_0 .net "d", 0 0, L_000002268dcc6790;  alias, 1 drivers
v000002268dbb6c20_0 .var "q", 0 0;
v000002268dbb5dc0_0 .net "rst", 0 0, o000002268daedcc8;  alias, 0 drivers
v000002268dbb79e0_0 .net "wen", 0 0, L_000002268dcc6a10;  alias, 1 drivers
S_000002268dbc02c0 .scope module, "bit_cell10" "bit_cell" 4 22, 5 2 0, S_000002268dbbfc80;
 .timescale 0 0;
    .port_info 0 /INPUT 1 "clk";
    .port_info 1 /INPUT 1 "rst";
    .port_info 2 /INPUT 1 "d";
    .port_info 3 /INPUT 1 "wren";
    .port_info 4 /INPUT 1 "rden1";
    .port_info 5 /INPUT 1 "rden2";
    .port_info 6 /INOUT 1 "bitline1";
    .port_info 7 /INOUT 1 "bitline2";
L_000002268d9bb0d0 .functor BUFIF1 1, v000002268dbb6540_0, L_000002268dcc8090, C4<0>, C4<0>;
L_000002268d9bcaa0 .functor BUFIF1 1, v000002268dbb6540_0, L_000002268dcc79b0, C4<0>, C4<0>;
v000002268dbb5fa0_0 .net8 "bitline1", 0 0, p000002268db08de8;  1 drivers, strength-aware
v000002268dbb6b80_0 .net8 "bitline2", 0 0, p000002268db08e18;  1 drivers, strength-aware
v000002268dbb82a0_0 .net "clk", 0 0, o000002268daedc38;  alias, 0 drivers
v000002268dbb6d60_0 .net "d", 0 0, L_000002268dcc65b0;  1 drivers
v000002268dbb6220_0 .net "q", 0 0, v000002268dbb6540_0;  1 drivers
v000002268dbb6400_0 .net "rden1", 0 0, L_000002268dcc8090;  alias, 1 drivers
v000002268dbb62c0_0 .net "rden2", 0 0, L_000002268dcc79b0;  alias, 1 drivers
v000002268dbb5e60_0 .net "rst", 0 0, o000002268daedcc8;  alias, 0 drivers
v000002268dbb5f00_0 .net "wren", 0 0, L_000002268dcc6a10;  alias, 1 drivers
S_000002268dbbee70 .scope module, "cell_dff" "dff" 5 13, 6 4 0, S_000002268dbc02c0;
 .timescale 0 0;
    .port_info 0 /OUTPUT 1 "q";
    .port_info 1 /INPUT 1 "d";
    .port_info 2 /INPUT 1 "wen";
    .port_info 3 /INPUT 1 "clk";
    .port_info 4 /INPUT 1 "rst";
v000002268dbb6720_0 .net "clk", 0 0, o000002268daedc38;  alias, 0 drivers
v000002268dbb6180_0 .net "d", 0 0, L_000002268dcc65b0;  alias, 1 drivers
v000002268dbb6540_0 .var "q", 0 0;
v000002268dbb7260_0 .net "rst", 0 0, o000002268daedcc8;  alias, 0 drivers
v000002268dbb6680_0 .net "wen", 0 0, L_000002268dcc6a10;  alias, 1 drivers
S_000002268dbbda20 .scope module, "bit_cell11" "bit_cell" 4 23, 5 2 0, S_000002268dbbfc80;
 .timescale 0 0;
    .port_info 0 /INPUT 1 "clk";
    .port_info 1 /INPUT 1 "rst";
    .port_info 2 /INPUT 1 "d";
    .port_info 3 /INPUT 1 "wren";
    .port_info 4 /INPUT 1 "rden1";
    .port_info 5 /INPUT 1 "rden2";
    .port_info 6 /INOUT 1 "bitline1";
    .port_info 7 /INOUT 1 "bitline2";
L_000002268d9bbf40 .functor BUFIF1 1, v000002268dbb6360_0, L_000002268dcc8090, C4<0>, C4<0>;
L_000002268d9bc4f0 .functor BUFIF1 1, v000002268dbb6360_0, L_000002268dcc79b0, C4<0>, C4<0>;
v000002268dbb6ea0_0 .net8 "bitline1", 0 0, p000002268db09118;  1 drivers, strength-aware
v000002268dbb7c60_0 .net8 "bitline2", 0 0, p000002268db09148;  1 drivers, strength-aware
v000002268dbb65e0_0 .net "clk", 0 0, o000002268daedc38;  alias, 0 drivers
v000002268dbb7a80_0 .net "d", 0 0, L_000002268dcc6970;  1 drivers
v000002268dbb6f40_0 .net "q", 0 0, v000002268dbb6360_0;  1 drivers
v000002268dbb7080_0 .net "rden1", 0 0, L_000002268dcc8090;  alias, 1 drivers
v000002268dbb6860_0 .net "rden2", 0 0, L_000002268dcc79b0;  alias, 1 drivers
v000002268dbb7300_0 .net "rst", 0 0, o000002268daedcc8;  alias, 0 drivers
v000002268dbb6900_0 .net "wren", 0 0, L_000002268dcc6a10;  alias, 1 drivers
S_000002268dbbfaf0 .scope module, "cell_dff" "dff" 5 13, 6 4 0, S_000002268dbbda20;
 .timescale 0 0;
    .port_info 0 /OUTPUT 1 "q";
    .port_info 1 /INPUT 1 "d";
    .port_info 2 /INPUT 1 "wen";
    .port_info 3 /INPUT 1 "clk";
    .port_info 4 /INPUT 1 "rst";
v000002268dbb67c0_0 .net "clk", 0 0, o000002268daedc38;  alias, 0 drivers
v000002268dbb71c0_0 .net "d", 0 0, L_000002268dcc6970;  alias, 1 drivers
v000002268dbb6360_0 .var "q", 0 0;
v000002268dbb64a0_0 .net "rst", 0 0, o000002268daedcc8;  alias, 0 drivers
v000002268dbb7b20_0 .net "wen", 0 0, L_000002268dcc6a10;  alias, 1 drivers
S_000002268dbbf640 .scope module, "bit_cell12" "bit_cell" 4 24, 5 2 0, S_000002268dbbfc80;
 .timescale 0 0;
    .port_info 0 /INPUT 1 "clk";
    .port_info 1 /INPUT 1 "rst";
    .port_info 2 /INPUT 1 "d";
    .port_info 3 /INPUT 1 "wren";
    .port_info 4 /INPUT 1 "rden1";
    .port_info 5 /INPUT 1 "rden2";
    .port_info 6 /INOUT 1 "bitline1";
    .port_info 7 /INOUT 1 "bitline2";
L_000002268d9bb7d0 .functor BUFIF1 1, v000002268dbb7f80_0, L_000002268dcc8090, C4<0>, C4<0>;
L_000002268d9bbfb0 .functor BUFIF1 1, v000002268dbb7f80_0, L_000002268dcc79b0, C4<0>, C4<0>;
v000002268dbb73a0_0 .net8 "bitline1", 0 0, p000002268db09448;  1 drivers, strength-aware
v000002268dbb7440_0 .net8 "bitline2", 0 0, p000002268db09478;  1 drivers, strength-aware
v000002268dbb74e0_0 .net "clk", 0 0, o000002268daedc38;  alias, 0 drivers
v000002268dbb7580_0 .net "d", 0 0, L_000002268dcc81d0;  1 drivers
v000002268dbb7620_0 .net "q", 0 0, v000002268dbb7f80_0;  1 drivers
v000002268dbb7800_0 .net "rden1", 0 0, L_000002268dcc8090;  alias, 1 drivers
v000002268dbb8200_0 .net "rden2", 0 0, L_000002268dcc79b0;  alias, 1 drivers
v000002268dbb76c0_0 .net "rst", 0 0, o000002268daedcc8;  alias, 0 drivers
v000002268dbb7760_0 .net "wren", 0 0, L_000002268dcc6a10;  alias, 1 drivers
S_000002268dbbe510 .scope module, "cell_dff" "dff" 5 13, 6 4 0, S_000002268dbbf640;
 .timescale 0 0;
    .port_info 0 /OUTPUT 1 "q";
    .port_info 1 /INPUT 1 "d";
    .port_info 2 /INPUT 1 "wen";
    .port_info 3 /INPUT 1 "clk";
    .port_info 4 /INPUT 1 "rst";
v000002268dbb69a0_0 .net "clk", 0 0, o000002268daedc38;  alias, 0 drivers
v000002268dbb6ae0_0 .net "d", 0 0, L_000002268dcc81d0;  alias, 1 drivers
v000002268dbb7f80_0 .var "q", 0 0;
v000002268dbb8020_0 .net "rst", 0 0, o000002268daedcc8;  alias, 0 drivers
v000002268dbb7120_0 .net "wen", 0 0, L_000002268dcc6a10;  alias, 1 drivers
S_000002268dbbf000 .scope module, "bit_cell13" "bit_cell" 4 25, 5 2 0, S_000002268dbbfc80;
 .timescale 0 0;
    .port_info 0 /INPUT 1 "clk";
    .port_info 1 /INPUT 1 "rst";
    .port_info 2 /INPUT 1 "d";
    .port_info 3 /INPUT 1 "wren";
    .port_info 4 /INPUT 1 "rden1";
    .port_info 5 /INPUT 1 "rden2";
    .port_info 6 /INOUT 1 "bitline1";
    .port_info 7 /INOUT 1 "bitline2";
L_000002268d9d2fd0 .functor BUFIF1 1, v000002268dbb7d00_0, L_000002268dcc8090, C4<0>, C4<0>;
L_000002268d9d2cc0 .functor BUFIF1 1, v000002268dbb7d00_0, L_000002268dcc79b0, C4<0>, C4<0>;
v000002268dbb8fc0_0 .net8 "bitline1", 0 0, p000002268db09778;  1 drivers, strength-aware
v000002268dbb8ca0_0 .net8 "bitline2", 0 0, p000002268db097a8;  1 drivers, strength-aware
v000002268dbb87a0_0 .net "clk", 0 0, o000002268daedc38;  alias, 0 drivers
v000002268dbb8ac0_0 .net "d", 0 0, L_000002268dcc7230;  1 drivers
v000002268dbb91a0_0 .net "q", 0 0, v000002268dbb7d00_0;  1 drivers
v000002268dbb8b60_0 .net "rden1", 0 0, L_000002268dcc8090;  alias, 1 drivers
v000002268dbb8a20_0 .net "rden2", 0 0, L_000002268dcc79b0;  alias, 1 drivers
v000002268dbb9060_0 .net "rst", 0 0, o000002268daedcc8;  alias, 0 drivers
v000002268dbb8660_0 .net "wren", 0 0, L_000002268dcc6a10;  alias, 1 drivers
S_000002268dbbfe10 .scope module, "cell_dff" "dff" 5 13, 6 4 0, S_000002268dbbf000;
 .timescale 0 0;
    .port_info 0 /OUTPUT 1 "q";
    .port_info 1 /INPUT 1 "d";
    .port_info 2 /INPUT 1 "wen";
    .port_info 3 /INPUT 1 "clk";
    .port_info 4 /INPUT 1 "rst";
v000002268dbb78a0_0 .net "clk", 0 0, o000002268daedc38;  alias, 0 drivers
v000002268dbb7940_0 .net "d", 0 0, L_000002268dcc7230;  alias, 1 drivers
v000002268dbb7d00_0 .var "q", 0 0;
v000002268dbb7da0_0 .net "rst", 0 0, o000002268daedcc8;  alias, 0 drivers
v000002268dbb8480_0 .net "wen", 0 0, L_000002268dcc6a10;  alias, 1 drivers
S_000002268dbbf190 .scope module, "bit_cell14" "bit_cell" 4 26, 5 2 0, S_000002268dbbfc80;
 .timescale 0 0;
    .port_info 0 /INPUT 1 "clk";
    .port_info 1 /INPUT 1 "rst";
    .port_info 2 /INPUT 1 "d";
    .port_info 3 /INPUT 1 "wren";
    .port_info 4 /INPUT 1 "rden1";
    .port_info 5 /INPUT 1 "rden2";
    .port_info 6 /INOUT 1 "bitline1";
    .port_info 7 /INOUT 1 "bitline2";
L_000002268d9d2da0 .functor BUFIF1 1, v000002268dbb8f20_0, L_000002268dcc8090, C4<0>, C4<0>;
L_000002268d9d2a90 .functor BUFIF1 1, v000002268dbb8f20_0, L_000002268dcc79b0, C4<0>, C4<0>;
v000002268dbb8700_0 .net8 "bitline1", 0 0, p000002268db09aa8;  1 drivers, strength-aware
v000002268dbb88e0_0 .net8 "bitline2", 0 0, p000002268db09ad8;  1 drivers, strength-aware
v000002268dbb8e80_0 .net "clk", 0 0, o000002268daedc38;  alias, 0 drivers
v000002268dbb8980_0 .net "d", 0 0, L_000002268dcc7370;  1 drivers
v000002268dbb9240_0 .net "q", 0 0, v000002268dbb8f20_0;  1 drivers
v000002268dbb8520_0 .net "rden1", 0 0, L_000002268dcc8090;  alias, 1 drivers
v000002268dbb9100_0 .net "rden2", 0 0, L_000002268dcc79b0;  alias, 1 drivers
v000002268dbb85c0_0 .net "rst", 0 0, o000002268daedcc8;  alias, 0 drivers
v000002268dbb92e0_0 .net "wren", 0 0, L_000002268dcc6a10;  alias, 1 drivers
S_000002268dbbf320 .scope module, "cell_dff" "dff" 5 13, 6 4 0, S_000002268dbbf190;
 .timescale 0 0;
    .port_info 0 /OUTPUT 1 "q";
    .port_info 1 /INPUT 1 "d";
    .port_info 2 /INPUT 1 "wen";
    .port_info 3 /INPUT 1 "clk";
    .port_info 4 /INPUT 1 "rst";
v000002268dbb8d40_0 .net "clk", 0 0, o000002268daedc38;  alias, 0 drivers
v000002268dbb8840_0 .net "d", 0 0, L_000002268dcc7370;  alias, 1 drivers
v000002268dbb8f20_0 .var "q", 0 0;
v000002268dbb8c00_0 .net "rst", 0 0, o000002268daedcc8;  alias, 0 drivers
v000002268dbb8de0_0 .net "wen", 0 0, L_000002268dcc6a10;  alias, 1 drivers
S_000002268dbbe830 .scope module, "bit_cell15" "bit_cell" 4 27, 5 2 0, S_000002268dbbfc80;
 .timescale 0 0;
    .port_info 0 /INPUT 1 "clk";
    .port_info 1 /INPUT 1 "rst";
    .port_info 2 /INPUT 1 "d";
    .port_info 3 /INPUT 1 "wren";
    .port_info 4 /INPUT 1 "rden1";
    .port_info 5 /INPUT 1 "rden2";
    .port_info 6 /INOUT 1 "bitline1";
    .port_info 7 /INOUT 1 "bitline2";
L_000002268d9d24e0 .functor BUFIF1 1, v000002268dba9ca0_0, L_000002268dcc8090, C4<0>, C4<0>;
L_000002268d9d1ec0 .functor BUFIF1 1, v000002268dba9ca0_0, L_000002268dcc79b0, C4<0>, C4<0>;
v000002268dbab280_0 .net8 "bitline1", 0 0, p000002268db09dd8;  1 drivers, strength-aware
v000002268dbaa9c0_0 .net8 "bitline2", 0 0, p000002268db09e08;  1 drivers, strength-aware
v000002268dbabbe0_0 .net "clk", 0 0, o000002268daedc38;  alias, 0 drivers
v000002268dbabaa0_0 .net "d", 0 0, L_000002268dcc7190;  1 drivers
v000002268dbab320_0 .net "q", 0 0, v000002268dba9ca0_0;  1 drivers
v000002268dba9660_0 .net "rden1", 0 0, L_000002268dcc8090;  alias, 1 drivers
v000002268dbab3c0_0 .net "rden2", 0 0, L_000002268dcc79b0;  alias, 1 drivers
v000002268dbaa7e0_0 .net "rst", 0 0, o000002268daedcc8;  alias, 0 drivers
v000002268dba9e80_0 .net "wren", 0 0, L_000002268dcc6a10;  alias, 1 drivers
S_000002268dbbe060 .scope module, "cell_dff" "dff" 5 13, 6 4 0, S_000002268dbbe830;
 .timescale 0 0;
    .port_info 0 /OUTPUT 1 "q";
    .port_info 1 /INPUT 1 "d";
    .port_info 2 /INPUT 1 "wen";
    .port_info 3 /INPUT 1 "clk";
    .port_info 4 /INPUT 1 "rst";
v000002268dbabb40_0 .net "clk", 0 0, o000002268daedc38;  alias, 0 drivers
v000002268dbaaa60_0 .net "d", 0 0, L_000002268dcc7190;  alias, 1 drivers
v000002268dba9ca0_0 .var "q", 0 0;
v000002268dbaba00_0 .net "rst", 0 0, o000002268daedcc8;  alias, 0 drivers
v000002268dba95c0_0 .net "wen", 0 0, L_000002268dcc6a10;  alias, 1 drivers
S_000002268dbbe6a0 .scope module, "bit_cell2" "bit_cell" 4 14, 5 2 0, S_000002268dbbfc80;
 .timescale 0 0;
    .port_info 0 /INPUT 1 "clk";
    .port_info 1 /INPUT 1 "rst";
    .port_info 2 /INPUT 1 "d";
    .port_info 3 /INPUT 1 "wren";
    .port_info 4 /INPUT 1 "rden1";
    .port_info 5 /INPUT 1 "rden2";
    .port_info 6 /INOUT 1 "bitline1";
    .port_info 7 /INOUT 1 "bitline2";
L_000002268d9bcdb0 .functor BUFIF1 1, v000002268dba9980_0, L_000002268dcc8090, C4<0>, C4<0>;
L_000002268d9bbe60 .functor BUFIF1 1, v000002268dba9980_0, L_000002268dcc79b0, C4<0>, C4<0>;
v000002268dba9700_0 .net8 "bitline1", 0 0, p000002268db0a108;  1 drivers, strength-aware
v000002268dbaaba0_0 .net8 "bitline2", 0 0, p000002268db0a138;  1 drivers, strength-aware
v000002268dbab640_0 .net "clk", 0 0, o000002268daedc38;  alias, 0 drivers
v000002268dbab780_0 .net "d", 0 0, L_000002268dcc8310;  1 drivers
v000002268dbaa2e0_0 .net "q", 0 0, v000002268dba9980_0;  1 drivers
v000002268dbab1e0_0 .net "rden1", 0 0, L_000002268dcc8090;  alias, 1 drivers
v000002268dbab0a0_0 .net "rden2", 0 0, L_000002268dcc79b0;  alias, 1 drivers
v000002268dbaa420_0 .net "rst", 0 0, o000002268daedcc8;  alias, 0 drivers
v000002268dba9480_0 .net "wren", 0 0, L_000002268dcc6a10;  alias, 1 drivers
S_000002268dbbd890 .scope module, "cell_dff" "dff" 5 13, 6 4 0, S_000002268dbbe6a0;
 .timescale 0 0;
    .port_info 0 /OUTPUT 1 "q";
    .port_info 1 /INPUT 1 "d";
    .port_info 2 /INPUT 1 "wen";
    .port_info 3 /INPUT 1 "clk";
    .port_info 4 /INPUT 1 "rst";
v000002268dbab8c0_0 .net "clk", 0 0, o000002268daedc38;  alias, 0 drivers
v000002268dbab820_0 .net "d", 0 0, L_000002268dcc8310;  alias, 1 drivers
v000002268dba9980_0 .var "q", 0 0;
v000002268dbaa880_0 .net "rst", 0 0, o000002268daedcc8;  alias, 0 drivers
v000002268dbaac40_0 .net "wen", 0 0, L_000002268dcc6a10;  alias, 1 drivers
S_000002268dbbf4b0 .scope module, "bit_cell3" "bit_cell" 4 15, 5 2 0, S_000002268dbbfc80;
 .timescale 0 0;
    .port_info 0 /INPUT 1 "clk";
    .port_info 1 /INPUT 1 "rst";
    .port_info 2 /INPUT 1 "d";
    .port_info 3 /INPUT 1 "wren";
    .port_info 4 /INPUT 1 "rden1";
    .port_info 5 /INPUT 1 "rden2";
    .port_info 6 /INOUT 1 "bitline1";
    .port_info 7 /INOUT 1 "bitline2";
L_000002268d9bb450 .functor BUFIF1 1, v000002268dba9520_0, L_000002268dcc8090, C4<0>, C4<0>;
L_000002268d9bba00 .functor BUFIF1 1, v000002268dba9520_0, L_000002268dcc79b0, C4<0>, C4<0>;
v000002268dba97a0_0 .net8 "bitline1", 0 0, p000002268db0a438;  1 drivers, strength-aware
v000002268dbab960_0 .net8 "bitline2", 0 0, p000002268db0a468;  1 drivers, strength-aware
v000002268dbab500_0 .net "clk", 0 0, o000002268daedc38;  alias, 0 drivers
v000002268dbaa6a0_0 .net "d", 0 0, L_000002268dcc83b0;  1 drivers
v000002268dba9840_0 .net "q", 0 0, v000002268dba9520_0;  1 drivers
v000002268dba98e0_0 .net "rden1", 0 0, L_000002268dcc8090;  alias, 1 drivers
v000002268dbaab00_0 .net "rden2", 0 0, L_000002268dcc79b0;  alias, 1 drivers
v000002268dbab5a0_0 .net "rst", 0 0, o000002268daedcc8;  alias, 0 drivers
v000002268dba9d40_0 .net "wren", 0 0, L_000002268dcc6a10;  alias, 1 drivers
S_000002268dbc13f0 .scope module, "cell_dff" "dff" 5 13, 6 4 0, S_000002268dbbf4b0;
 .timescale 0 0;
    .port_info 0 /OUTPUT 1 "q";
    .port_info 1 /INPUT 1 "d";
    .port_info 2 /INPUT 1 "wen";
    .port_info 3 /INPUT 1 "clk";
    .port_info 4 /INPUT 1 "rst";
v000002268dbaa380_0 .net "clk", 0 0, o000002268daedc38;  alias, 0 drivers
v000002268dbab460_0 .net "d", 0 0, L_000002268dcc83b0;  alias, 1 drivers
v000002268dba9520_0 .var "q", 0 0;
v000002268dba9f20_0 .net "rst", 0 0, o000002268daedcc8;  alias, 0 drivers
v000002268dbaa4c0_0 .net "wen", 0 0, L_000002268dcc6a10;  alias, 1 drivers
S_000002268dbbe380 .scope module, "bit_cell4" "bit_cell" 4 16, 5 2 0, S_000002268dbbfc80;
 .timescale 0 0;
    .port_info 0 /INPUT 1 "clk";
    .port_info 1 /INPUT 1 "rst";
    .port_info 2 /INPUT 1 "d";
    .port_info 3 /INPUT 1 "wren";
    .port_info 4 /INPUT 1 "rden1";
    .port_info 5 /INPUT 1 "rden2";
    .port_info 6 /INOUT 1 "bitline1";
    .port_info 7 /INOUT 1 "bitline2";
L_000002268d9bb220 .functor BUFIF1 1, v000002268dbaad80_0, L_000002268dcc8090, C4<0>, C4<0>;
L_000002268d9bc2c0 .functor BUFIF1 1, v000002268dbaad80_0, L_000002268dcc79b0, C4<0>, C4<0>;
v000002268dbab6e0_0 .net8 "bitline1", 0 0, p000002268db0a768;  1 drivers, strength-aware
v000002268dba9de0_0 .net8 "bitline2", 0 0, p000002268db0a798;  1 drivers, strength-aware
v000002268dba9ac0_0 .net "clk", 0 0, o000002268daedc38;  alias, 0 drivers
v000002268dbaa740_0 .net "d", 0 0, L_000002268dcc68d0;  1 drivers
v000002268dbaaf60_0 .net "q", 0 0, v000002268dbaad80_0;  1 drivers
v000002268dbaa920_0 .net "rden1", 0 0, L_000002268dcc8090;  alias, 1 drivers
v000002268dba9b60_0 .net "rden2", 0 0, L_000002268dcc79b0;  alias, 1 drivers
v000002268dba9c00_0 .net "rst", 0 0, o000002268daedcc8;  alias, 0 drivers
v000002268dbaace0_0 .net "wren", 0 0, L_000002268dcc6a10;  alias, 1 drivers
S_000002268dbbffa0 .scope module, "cell_dff" "dff" 5 13, 6 4 0, S_000002268dbbe380;
 .timescale 0 0;
    .port_info 0 /OUTPUT 1 "q";
    .port_info 1 /INPUT 1 "d";
    .port_info 2 /INPUT 1 "wen";
    .port_info 3 /INPUT 1 "clk";
    .port_info 4 /INPUT 1 "rst";
v000002268dbaa560_0 .net "clk", 0 0, o000002268daedc38;  alias, 0 drivers
v000002268dba9a20_0 .net "d", 0 0, L_000002268dcc68d0;  alias, 1 drivers
v000002268dbaad80_0 .var "q", 0 0;
v000002268dbab140_0 .net "rst", 0 0, o000002268daedcc8;  alias, 0 drivers
v000002268dbaa600_0 .net "wen", 0 0, L_000002268dcc6a10;  alias, 1 drivers
S_000002268dbc0130 .scope module, "bit_cell5" "bit_cell" 4 17, 5 2 0, S_000002268dbbfc80;
 .timescale 0 0;
    .port_info 0 /INPUT 1 "clk";
    .port_info 1 /INPUT 1 "rst";
    .port_info 2 /INPUT 1 "d";
    .port_info 3 /INPUT 1 "wren";
    .port_info 4 /INPUT 1 "rden1";
    .port_info 5 /INPUT 1 "rden2";
    .port_info 6 /INOUT 1 "bitline1";
    .port_info 7 /INOUT 1 "bitline2";
L_000002268d9bba70 .functor BUFIF1 1, v000002268dbaa100_0, L_000002268dcc8090, C4<0>, C4<0>;
L_000002268d9bc3a0 .functor BUFIF1 1, v000002268dbaa100_0, L_000002268dcc79b0, C4<0>, C4<0>;
v000002268dbaa240_0 .net8 "bitline1", 0 0, p000002268db0aa98;  1 drivers, strength-aware
v000002268dbaaec0_0 .net8 "bitline2", 0 0, p000002268db0aac8;  1 drivers, strength-aware
v000002268dbab000_0 .net "clk", 0 0, o000002268daedc38;  alias, 0 drivers
v000002268dbc4ce0_0 .net "d", 0 0, L_000002268dcc7050;  1 drivers
v000002268dbc4380_0 .net "q", 0 0, v000002268dbaa100_0;  1 drivers
v000002268dbc6040_0 .net "rden1", 0 0, L_000002268dcc8090;  alias, 1 drivers
v000002268dbc49c0_0 .net "rden2", 0 0, L_000002268dcc79b0;  alias, 1 drivers
v000002268dbc51e0_0 .net "rst", 0 0, o000002268daedcc8;  alias, 0 drivers
v000002268dbc60e0_0 .net "wren", 0 0, L_000002268dcc6a10;  alias, 1 drivers
S_000002268dbc0900 .scope module, "cell_dff" "dff" 5 13, 6 4 0, S_000002268dbc0130;
 .timescale 0 0;
    .port_info 0 /OUTPUT 1 "q";
    .port_info 1 /INPUT 1 "d";
    .port_info 2 /INPUT 1 "wen";
    .port_info 3 /INPUT 1 "clk";
    .port_info 4 /INPUT 1 "rst";
v000002268dba9fc0_0 .net "clk", 0 0, o000002268daedc38;  alias, 0 drivers
v000002268dbaa060_0 .net "d", 0 0, L_000002268dcc7050;  alias, 1 drivers
v000002268dbaa100_0 .var "q", 0 0;
v000002268dbaae20_0 .net "rst", 0 0, o000002268daedcc8;  alias, 0 drivers
v000002268dbaa1a0_0 .net "wen", 0 0, L_000002268dcc6a10;  alias, 1 drivers
S_000002268dbc10d0 .scope module, "bit_cell6" "bit_cell" 4 18, 5 2 0, S_000002268dbbfc80;
 .timescale 0 0;
    .port_info 0 /INPUT 1 "clk";
    .port_info 1 /INPUT 1 "rst";
    .port_info 2 /INPUT 1 "d";
    .port_info 3 /INPUT 1 "wren";
    .port_info 4 /INPUT 1 "rden1";
    .port_info 5 /INPUT 1 "rden2";
    .port_info 6 /INOUT 1 "bitline1";
    .port_info 7 /INOUT 1 "bitline2";
L_000002268d9bb4c0 .functor BUFIF1 1, v000002268dbc41a0_0, L_000002268dcc8090, C4<0>, C4<0>;
L_000002268d9bb530 .functor BUFIF1 1, v000002268dbc41a0_0, L_000002268dcc79b0, C4<0>, C4<0>;
v000002268dbc4c40_0 .net8 "bitline1", 0 0, p000002268db0adc8;  1 drivers, strength-aware
v000002268dbc4d80_0 .net8 "bitline2", 0 0, p000002268db0adf8;  1 drivers, strength-aware
v000002268dbc4b00_0 .net "clk", 0 0, o000002268daedc38;  alias, 0 drivers
v000002268dbc6180_0 .net "d", 0 0, L_000002268dcc77d0;  1 drivers
v000002268dbc4240_0 .net "q", 0 0, v000002268dbc41a0_0;  1 drivers
v000002268dbc5140_0 .net "rden1", 0 0, L_000002268dcc8090;  alias, 1 drivers
v000002268dbc65e0_0 .net "rden2", 0 0, L_000002268dcc79b0;  alias, 1 drivers
v000002268dbc4420_0 .net "rst", 0 0, o000002268daedcc8;  alias, 0 drivers
v000002268dbc56e0_0 .net "wren", 0 0, L_000002268dcc6a10;  alias, 1 drivers
S_000002268dbbeb50 .scope module, "cell_dff" "dff" 5 13, 6 4 0, S_000002268dbc10d0;
 .timescale 0 0;
    .port_info 0 /OUTPUT 1 "q";
    .port_info 1 /INPUT 1 "d";
    .port_info 2 /INPUT 1 "wen";
    .port_info 3 /INPUT 1 "clk";
    .port_info 4 /INPUT 1 "rst";
v000002268dbc5fa0_0 .net "clk", 0 0, o000002268daedc38;  alias, 0 drivers
v000002268dbc42e0_0 .net "d", 0 0, L_000002268dcc77d0;  alias, 1 drivers
v000002268dbc41a0_0 .var "q", 0 0;
v000002268dbc4ec0_0 .net "rst", 0 0, o000002268daedcc8;  alias, 0 drivers
v000002268dbc4f60_0 .net "wen", 0 0, L_000002268dcc6a10;  alias, 1 drivers
S_000002268dbc0c20 .scope module, "bit_cell7" "bit_cell" 4 19, 5 2 0, S_000002268dbbfc80;
 .timescale 0 0;
    .port_info 0 /INPUT 1 "clk";
    .port_info 1 /INPUT 1 "rst";
    .port_info 2 /INPUT 1 "d";
    .port_info 3 /INPUT 1 "wren";
    .port_info 4 /INPUT 1 "rden1";
    .port_info 5 /INPUT 1 "rden2";
    .port_info 6 /INOUT 1 "bitline1";
    .port_info 7 /INOUT 1 "bitline2";
L_000002268d9bb610 .functor BUFIF1 1, v000002268dbc46a0_0, L_000002268dcc8090, C4<0>, C4<0>;
L_000002268d9bc720 .functor BUFIF1 1, v000002268dbc46a0_0, L_000002268dcc79b0, C4<0>, C4<0>;
v000002268dbc4ba0_0 .net8 "bitline1", 0 0, p000002268db0b0f8;  1 drivers, strength-aware
v000002268dbc4560_0 .net8 "bitline2", 0 0, p000002268db0b128;  1 drivers, strength-aware
v000002268dbc4e20_0 .net "clk", 0 0, o000002268daedc38;  alias, 0 drivers
v000002268dbc4600_0 .net "d", 0 0, L_000002268dcc7870;  1 drivers
v000002268dbc5f00_0 .net "q", 0 0, v000002268dbc46a0_0;  1 drivers
v000002268dbc6220_0 .net "rden1", 0 0, L_000002268dcc8090;  alias, 1 drivers
v000002268dbc5460_0 .net "rden2", 0 0, L_000002268dcc79b0;  alias, 1 drivers
v000002268dbc50a0_0 .net "rst", 0 0, o000002268daedcc8;  alias, 0 drivers
v000002268dbc5960_0 .net "wren", 0 0, L_000002268dcc6a10;  alias, 1 drivers
S_000002268dbc1580 .scope module, "cell_dff" "dff" 5 13, 6 4 0, S_000002268dbc0c20;
 .timescale 0 0;
    .port_info 0 /OUTPUT 1 "q";
    .port_info 1 /INPUT 1 "d";
    .port_info 2 /INPUT 1 "wen";
    .port_info 3 /INPUT 1 "clk";
    .port_info 4 /INPUT 1 "rst";
v000002268dbc5000_0 .net "clk", 0 0, o000002268daedc38;  alias, 0 drivers
v000002268dbc6720_0 .net "d", 0 0, L_000002268dcc7870;  alias, 1 drivers
v000002268dbc46a0_0 .var "q", 0 0;
v000002268dbc44c0_0 .net "rst", 0 0, o000002268daedcc8;  alias, 0 drivers
v000002268dbc6400_0 .net "wen", 0 0, L_000002268dcc6a10;  alias, 1 drivers
S_000002268dbc05e0 .scope module, "bit_cell8" "bit_cell" 4 20, 5 2 0, S_000002268dbbfc80;
 .timescale 0 0;
    .port_info 0 /INPUT 1 "clk";
    .port_info 1 /INPUT 1 "rst";
    .port_info 2 /INPUT 1 "d";
    .port_info 3 /INPUT 1 "wren";
    .port_info 4 /INPUT 1 "rden1";
    .port_info 5 /INPUT 1 "rden2";
    .port_info 6 /INOUT 1 "bitline1";
    .port_info 7 /INOUT 1 "bitline2";
L_000002268d9bbb50 .functor BUFIF1 1, v000002268dbc4740_0, L_000002268dcc8090, C4<0>, C4<0>;
L_000002268d9bb6f0 .functor BUFIF1 1, v000002268dbc4740_0, L_000002268dcc79b0, C4<0>, C4<0>;
v000002268dbc6680_0 .net8 "bitline1", 0 0, p000002268db0b428;  1 drivers, strength-aware
v000002268dbc5280_0 .net8 "bitline2", 0 0, p000002268db0b458;  1 drivers, strength-aware
v000002268dbc6360_0 .net "clk", 0 0, o000002268daedc38;  alias, 0 drivers
v000002268dbc5820_0 .net "d", 0 0, L_000002268dcc7550;  1 drivers
v000002268dbc5320_0 .net "q", 0 0, v000002268dbc4740_0;  1 drivers
v000002268dbc4100_0 .net "rden1", 0 0, L_000002268dcc8090;  alias, 1 drivers
v000002268dbc5e60_0 .net "rden2", 0 0, L_000002268dcc79b0;  alias, 1 drivers
v000002268dbc53c0_0 .net "rst", 0 0, o000002268daedcc8;  alias, 0 drivers
v000002268dbc5d20_0 .net "wren", 0 0, L_000002268dcc6a10;  alias, 1 drivers
S_000002268dbbdbb0 .scope module, "cell_dff" "dff" 5 13, 6 4 0, S_000002268dbc05e0;
 .timescale 0 0;
    .port_info 0 /OUTPUT 1 "q";
    .port_info 1 /INPUT 1 "d";
    .port_info 2 /INPUT 1 "wen";
    .port_info 3 /INPUT 1 "clk";
    .port_info 4 /INPUT 1 "rst";
v000002268dbc6540_0 .net "clk", 0 0, o000002268daedc38;  alias, 0 drivers
v000002268dbc64a0_0 .net "d", 0 0, L_000002268dcc7550;  alias, 1 drivers
v000002268dbc4740_0 .var "q", 0 0;
v000002268dbc5500_0 .net "rst", 0 0, o000002268daedcc8;  alias, 0 drivers
v000002268dbc58c0_0 .net "wen", 0 0, L_000002268dcc6a10;  alias, 1 drivers
S_000002268dbc0770 .scope module, "bit_cell9" "bit_cell" 4 21, 5 2 0, S_000002268dbbfc80;
 .timescale 0 0;
    .port_info 0 /INPUT 1 "clk";
    .port_info 1 /INPUT 1 "rst";
    .port_info 2 /INPUT 1 "d";
    .port_info 3 /INPUT 1 "wren";
    .port_info 4 /INPUT 1 "rden1";
    .port_info 5 /INPUT 1 "rden2";
    .port_info 6 /INOUT 1 "bitline1";
    .port_info 7 /INOUT 1 "bitline2";
L_000002268d9bc870 .functor BUFIF1 1, v000002268dbc62c0_0, L_000002268dcc8090, C4<0>, C4<0>;
L_000002268d9bc480 .functor BUFIF1 1, v000002268dbc62c0_0, L_000002268dcc79b0, C4<0>, C4<0>;
v000002268dbc67c0_0 .net8 "bitline1", 0 0, p000002268db0b758;  1 drivers, strength-aware
v000002268dbc4920_0 .net8 "bitline2", 0 0, p000002268db0b788;  1 drivers, strength-aware
v000002268dbc6860_0 .net "clk", 0 0, o000002268daedc38;  alias, 0 drivers
v000002268dbc5640_0 .net "d", 0 0, L_000002268dcc8450;  1 drivers
v000002268dbc5be0_0 .net "q", 0 0, v000002268dbc62c0_0;  1 drivers
v000002268dbc4a60_0 .net "rden1", 0 0, L_000002268dcc8090;  alias, 1 drivers
v000002268dbc5a00_0 .net "rden2", 0 0, L_000002268dcc79b0;  alias, 1 drivers
v000002268dbc5aa0_0 .net "rst", 0 0, o000002268daedcc8;  alias, 0 drivers
v000002268dbc5b40_0 .net "wren", 0 0, L_000002268dcc6a10;  alias, 1 drivers
S_000002268dbbdd40 .scope module, "cell_dff" "dff" 5 13, 6 4 0, S_000002268dbc0770;
 .timescale 0 0;
    .port_info 0 /OUTPUT 1 "q";
    .port_info 1 /INPUT 1 "d";
    .port_info 2 /INPUT 1 "wen";
    .port_info 3 /INPUT 1 "clk";
    .port_info 4 /INPUT 1 "rst";
v000002268dbc47e0_0 .net "clk", 0 0, o000002268daedc38;  alias, 0 drivers
v000002268dbc5780_0 .net "d", 0 0, L_000002268dcc8450;  alias, 1 drivers
v000002268dbc62c0_0 .var "q", 0 0;
v000002268dbc4880_0 .net "rst", 0 0, o000002268daedcc8;  alias, 0 drivers
v000002268dbc55a0_0 .net "wen", 0 0, L_000002268dcc6a10;  alias, 1 drivers
S_000002268dbbded0 .scope module, "reg3" "register" 2 26, 4 2 0, S_000002268d492190;
 .timescale 0 0;
    .port_info 0 /INPUT 1 "clk";
    .port_info 1 /INPUT 1 "rst";
    .port_info 2 /INPUT 16 "d";
    .port_info 3 /INPUT 1 "write_reg";
    .port_info 4 /INPUT 1 "rden1";
    .port_info 5 /INPUT 1 "rden2";
    .port_info 6 /INOUT 16 "bitline1";
    .port_info 7 /INOUT 16 "bitline2";
v000002268dbcfe60_0 .net8 "bitline1", 15 0, p000002268daf1028;  alias, 0 drivers, strength-aware
v000002268dbcf640_0 .net8 "bitline2", 15 0, p000002268daf1058;  alias, 0 drivers, strength-aware
v000002268dbcf780_0 .net "clk", 0 0, o000002268daedc38;  alias, 0 drivers
v000002268dbd0220_0 .net "d", 15 0, o000002268daf1088;  alias, 0 drivers
v000002268dbcf820_0 .net "rden1", 0 0, L_000002268dcc6b50;  1 drivers
v000002268dbcf8c0_0 .net "rden2", 0 0, L_000002268dcc74b0;  1 drivers
v000002268dbce420_0 .net "rst", 0 0, o000002268daedcc8;  alias, 0 drivers
v000002268dbcf960_0 .net "write_reg", 0 0, L_000002268dcc6ab0;  1 drivers
L_000002268dcc7c30 .part o000002268daf1088, 0, 1;
L_000002268dcc5cf0 .part o000002268daf1088, 1, 1;
L_000002268dcc6470 .part o000002268daf1088, 2, 1;
L_000002268dcc66f0 .part o000002268daf1088, 3, 1;
L_000002268dcc6bf0 .part o000002268daf1088, 4, 1;
L_000002268dcc5e30 .part o000002268daf1088, 5, 1;
L_000002268dcc5d90 .part o000002268daf1088, 6, 1;
L_000002268dcc5ed0 .part o000002268daf1088, 7, 1;
L_000002268dcc7cd0 .part o000002268daf1088, 8, 1;
L_000002268dcc72d0 .part o000002268daf1088, 9, 1;
L_000002268dcc7d70 .part o000002268daf1088, 10, 1;
L_000002268dcc7410 .part o000002268daf1088, 11, 1;
L_000002268dcc8270 .part o000002268daf1088, 12, 1;
L_000002268dcc7e10 .part o000002268daf1088, 13, 1;
L_000002268dcc70f0 .part o000002268daf1088, 14, 1;
L_000002268dcc5f70 .part o000002268daf1088, 15, 1;
p000002268db0bc38 .port I000002268da132c0, L_000002268d9d1440;
 .tranvp 16 1 0, I000002268da132c0, p000002268daf1028 p000002268db0bc38;
p000002268db0bc68 .port I000002268da12d00, L_000002268d9d1830;
 .tranvp 16 1 0, I000002268da12d00, p000002268daf1058 p000002268db0bc68;
p000002268db0bfc8 .port I000002268da132c0, L_000002268d9d18a0;
 .tranvp 16 1 1, I000002268da132c0, p000002268daf1028 p000002268db0bfc8;
p000002268db0bff8 .port I000002268da12d00, L_000002268d9d2160;
 .tranvp 16 1 1, I000002268da12d00, p000002268daf1058 p000002268db0bff8;
p000002268db0d618 .port I000002268da132c0, L_000002268d9d2010;
 .tranvp 16 1 2, I000002268da132c0, p000002268daf1028 p000002268db0d618;
p000002268db0d648 .port I000002268da12d00, L_000002268d9d19f0;
 .tranvp 16 1 2, I000002268da12d00, p000002268daf1058 p000002268db0d648;
p000002268db0d948 .port I000002268da132c0, L_000002268d9d22b0;
 .tranvp 16 1 3, I000002268da132c0, p000002268daf1028 p000002268db0d948;
p000002268db0d978 .port I000002268da12d00, L_000002268d9d27f0;
 .tranvp 16 1 3, I000002268da12d00, p000002268daf1058 p000002268db0d978;
p000002268db0dc78 .port I000002268da132c0, L_000002268d9d2b00;
 .tranvp 16 1 4, I000002268da132c0, p000002268daf1028 p000002268db0dc78;
p000002268db0dca8 .port I000002268da12d00, L_000002268d9d2be0;
 .tranvp 16 1 4, I000002268da12d00, p000002268daf1058 p000002268db0dca8;
p000002268db0dfa8 .port I000002268da132c0, L_000002268d9d1c20;
 .tranvp 16 1 5, I000002268da132c0, p000002268daf1028 p000002268db0dfa8;
p000002268db0dfd8 .port I000002268da12d00, L_000002268d9d2550;
 .tranvp 16 1 5, I000002268da12d00, p000002268daf1058 p000002268db0dfd8;
p000002268db0e2d8 .port I000002268da132c0, L_000002268d9d1130;
 .tranvp 16 1 6, I000002268da132c0, p000002268daf1028 p000002268db0e2d8;
p000002268db0e308 .port I000002268da12d00, L_000002268d9d2390;
 .tranvp 16 1 6, I000002268da12d00, p000002268daf1058 p000002268db0e308;
p000002268db0e608 .port I000002268da132c0, L_000002268d9d2940;
 .tranvp 16 1 7, I000002268da132c0, p000002268daf1028 p000002268db0e608;
p000002268db0e638 .port I000002268da12d00, L_000002268d9d1d00;
 .tranvp 16 1 7, I000002268da12d00, p000002268daf1058 p000002268db0e638;
p000002268db0e938 .port I000002268da132c0, L_000002268d9d1280;
 .tranvp 16 1 8, I000002268da132c0, p000002268daf1028 p000002268db0e938;
p000002268db0e968 .port I000002268da12d00, L_000002268d9d12f0;
 .tranvp 16 1 8, I000002268da12d00, p000002268daf1058 p000002268db0e968;
p000002268db0ec68 .port I000002268da132c0, L_000002268d9e5260;
 .tranvp 16 1 9, I000002268da132c0, p000002268daf1028 p000002268db0ec68;
p000002268db0ec98 .port I000002268da12d00, L_000002268d9e5180;
 .tranvp 16 1 9, I000002268da12d00, p000002268daf1058 p000002268db0ec98;
p000002268db0c2f8 .port I000002268da132c0, L_000002268d9e52d0;
 .tranvp 16 1 10, I000002268da132c0, p000002268daf1028 p000002268db0c2f8;
p000002268db0c328 .port I000002268da12d00, L_000002268d9e50a0;
 .tranvp 16 1 10, I000002268da12d00, p000002268daf1058 p000002268db0c328;
p000002268db0c628 .port I000002268da132c0, L_000002268d9e3970;
 .tranvp 16 1 11, I000002268da132c0, p000002268daf1028 p000002268db0c628;
p000002268db0c658 .port I000002268da12d00, L_000002268d9e4b60;
 .tranvp 16 1 11, I000002268da12d00, p000002268daf1058 p000002268db0c658;
p000002268db0c958 .port I000002268da132c0, L_000002268d9e3eb0;
 .tranvp 16 1 12, I000002268da132c0, p000002268daf1028 p000002268db0c958;
p000002268db0c988 .port I000002268da12d00, L_000002268d9e3820;
 .tranvp 16 1 12, I000002268da12d00, p000002268daf1058 p000002268db0c988;
p000002268db0cc88 .port I000002268da132c0, L_000002268d9e3f90;
 .tranvp 16 1 13, I000002268da132c0, p000002268daf1028 p000002268db0cc88;
p000002268db0ccb8 .port I000002268da12d00, L_000002268d9e3660;
 .tranvp 16 1 13, I000002268da12d00, p000002268daf1058 p000002268db0ccb8;
p000002268db0cfb8 .port I000002268da132c0, L_000002268d9e4d20;
 .tranvp 16 1 14, I000002268da132c0, p000002268daf1028 p000002268db0cfb8;
p000002268db0cfe8 .port I000002268da12d00, L_000002268d9e41c0;
 .tranvp 16 1 14, I000002268da12d00, p000002268daf1058 p000002268db0cfe8;
p000002268db0d2e8 .port I000002268da132c0, L_000002268d9e3c10;
 .tranvp 16 1 15, I000002268da132c0, p000002268daf1028 p000002268db0d2e8;
p000002268db0d318 .port I000002268da12d00, L_000002268d9e4460;
 .tranvp 16 1 15, I000002268da12d00, p000002268daf1058 p000002268db0d318;
S_000002268dbc0db0 .scope module, "bit_cell0" "bit_cell" 4 12, 5 2 0, S_000002268dbbded0;
 .timescale 0 0;
    .port_info 0 /INPUT 1 "clk";
    .port_info 1 /INPUT 1 "rst";
    .port_info 2 /INPUT 1 "d";
    .port_info 3 /INPUT 1 "wren";
    .port_info 4 /INPUT 1 "rden1";
    .port_info 5 /INPUT 1 "rden2";
    .port_info 6 /INOUT 1 "bitline1";
    .port_info 7 /INOUT 1 "bitline2";
L_000002268d9d1440 .functor BUFIF1 1, v000002268dbc7440_0, L_000002268dcc6b50, C4<0>, C4<0>;
L_000002268d9d1830 .functor BUFIF1 1, v000002268dbc7440_0, L_000002268dcc74b0, C4<0>, C4<0>;
v000002268dbc82a0_0 .net8 "bitline1", 0 0, p000002268db0bc38;  1 drivers, strength-aware
v000002268dbc8f20_0 .net8 "bitline2", 0 0, p000002268db0bc68;  1 drivers, strength-aware
v000002268dbc7ee0_0 .net "clk", 0 0, o000002268daedc38;  alias, 0 drivers
v000002268dbc83e0_0 .net "d", 0 0, L_000002268dcc7c30;  1 drivers
v000002268dbc6ea0_0 .net "q", 0 0, v000002268dbc7440_0;  1 drivers
v000002268dbc6a40_0 .net "rden1", 0 0, L_000002268dcc6b50;  alias, 1 drivers
v000002268dbc7f80_0 .net "rden2", 0 0, L_000002268dcc74b0;  alias, 1 drivers
v000002268dbc7120_0 .net "rst", 0 0, o000002268daedcc8;  alias, 0 drivers
v000002268dbc7bc0_0 .net "wren", 0 0, L_000002268dcc6ab0;  alias, 1 drivers
S_000002268dbbe1f0 .scope module, "cell_dff" "dff" 5 13, 6 4 0, S_000002268dbc0db0;
 .timescale 0 0;
    .port_info 0 /OUTPUT 1 "q";
    .port_info 1 /INPUT 1 "d";
    .port_info 2 /INPUT 1 "wen";
    .port_info 3 /INPUT 1 "clk";
    .port_info 4 /INPUT 1 "rst";
v000002268dbc69a0_0 .net "clk", 0 0, o000002268daedc38;  alias, 0 drivers
v000002268dbc7800_0 .net "d", 0 0, L_000002268dcc7c30;  alias, 1 drivers
v000002268dbc7440_0 .var "q", 0 0;
v000002268dbc7940_0 .net "rst", 0 0, o000002268daedcc8;  alias, 0 drivers
v000002268dbc73a0_0 .net "wen", 0 0, L_000002268dcc6ab0;  alias, 1 drivers
S_000002268dbbe9c0 .scope module, "bit_cell1" "bit_cell" 4 13, 5 2 0, S_000002268dbbded0;
 .timescale 0 0;
    .port_info 0 /INPUT 1 "clk";
    .port_info 1 /INPUT 1 "rst";
    .port_info 2 /INPUT 1 "d";
    .port_info 3 /INPUT 1 "wren";
    .port_info 4 /INPUT 1 "rden1";
    .port_info 5 /INPUT 1 "rden2";
    .port_info 6 /INOUT 1 "bitline1";
    .port_info 7 /INOUT 1 "bitline2";
L_000002268d9d18a0 .functor BUFIF1 1, v000002268dbc85c0_0, L_000002268dcc6b50, C4<0>, C4<0>;
L_000002268d9d2160 .functor BUFIF1 1, v000002268dbc85c0_0, L_000002268dcc74b0, C4<0>, C4<0>;
v000002268dbc88e0_0 .net8 "bitline1", 0 0, p000002268db0bfc8;  1 drivers, strength-aware
v000002268dbc6d60_0 .net8 "bitline2", 0 0, p000002268db0bff8;  1 drivers, strength-aware
v000002268dbc8480_0 .net "clk", 0 0, o000002268daedc38;  alias, 0 drivers
v000002268dbc8980_0 .net "d", 0 0, L_000002268dcc5cf0;  1 drivers
v000002268dbc8fc0_0 .net "q", 0 0, v000002268dbc85c0_0;  1 drivers
v000002268dbc7c60_0 .net "rden1", 0 0, L_000002268dcc6b50;  alias, 1 drivers
v000002268dbc7300_0 .net "rden2", 0 0, L_000002268dcc74b0;  alias, 1 drivers
v000002268dbc6ae0_0 .net "rst", 0 0, o000002268daedcc8;  alias, 0 drivers
v000002268dbc6b80_0 .net "wren", 0 0, L_000002268dcc6ab0;  alias, 1 drivers
S_000002268dbbece0 .scope module, "cell_dff" "dff" 5 13, 6 4 0, S_000002268dbbe9c0;
 .timescale 0 0;
    .port_info 0 /OUTPUT 1 "q";
    .port_info 1 /INPUT 1 "d";
    .port_info 2 /INPUT 1 "wen";
    .port_info 3 /INPUT 1 "clk";
    .port_info 4 /INPUT 1 "rst";
v000002268dbc8840_0 .net "clk", 0 0, o000002268daedc38;  alias, 0 drivers
v000002268dbc8200_0 .net "d", 0 0, L_000002268dcc5cf0;  alias, 1 drivers
v000002268dbc85c0_0 .var "q", 0 0;
v000002268dbc71c0_0 .net "rst", 0 0, o000002268daedcc8;  alias, 0 drivers
v000002268dbc8700_0 .net "wen", 0 0, L_000002268dcc6ab0;  alias, 1 drivers
S_000002268dbe31b0 .scope module, "bit_cell10" "bit_cell" 4 22, 5 2 0, S_000002268dbbded0;
 .timescale 0 0;
    .port_info 0 /INPUT 1 "clk";
    .port_info 1 /INPUT 1 "rst";
    .port_info 2 /INPUT 1 "d";
    .port_info 3 /INPUT 1 "wren";
    .port_info 4 /INPUT 1 "rden1";
    .port_info 5 /INPUT 1 "rden2";
    .port_info 6 /INOUT 1 "bitline1";
    .port_info 7 /INOUT 1 "bitline2";
L_000002268d9e52d0 .functor BUFIF1 1, v000002268dbc8a20_0, L_000002268dcc6b50, C4<0>, C4<0>;
L_000002268d9e50a0 .functor BUFIF1 1, v000002268dbc8a20_0, L_000002268dcc74b0, C4<0>, C4<0>;
v000002268dbc6cc0_0 .net8 "bitline1", 0 0, p000002268db0c2f8;  1 drivers, strength-aware
v000002268dbc8b60_0 .net8 "bitline2", 0 0, p000002268db0c328;  1 drivers, strength-aware
v000002268dbc87a0_0 .net "clk", 0 0, o000002268daedc38;  alias, 0 drivers
v000002268dbc6e00_0 .net "d", 0 0, L_000002268dcc7d70;  1 drivers
v000002268dbc8d40_0 .net "q", 0 0, v000002268dbc8a20_0;  1 drivers
v000002268dbc79e0_0 .net "rden1", 0 0, L_000002268dcc6b50;  alias, 1 drivers
v000002268dbc7a80_0 .net "rden2", 0 0, L_000002268dcc74b0;  alias, 1 drivers
v000002268dbc6f40_0 .net "rst", 0 0, o000002268daedcc8;  alias, 0 drivers
v000002268dbc8340_0 .net "wren", 0 0, L_000002268dcc6ab0;  alias, 1 drivers
S_000002268dbe4920 .scope module, "cell_dff" "dff" 5 13, 6 4 0, S_000002268dbe31b0;
 .timescale 0 0;
    .port_info 0 /OUTPUT 1 "q";
    .port_info 1 /INPUT 1 "d";
    .port_info 2 /INPUT 1 "wen";
    .port_info 3 /INPUT 1 "clk";
    .port_info 4 /INPUT 1 "rst";
v000002268dbc7580_0 .net "clk", 0 0, o000002268daedc38;  alias, 0 drivers
v000002268dbc80c0_0 .net "d", 0 0, L_000002268dcc7d70;  alias, 1 drivers
v000002268dbc8a20_0 .var "q", 0 0;
v000002268dbc8160_0 .net "rst", 0 0, o000002268daedcc8;  alias, 0 drivers
v000002268dbc6c20_0 .net "wen", 0 0, L_000002268dcc6ab0;  alias, 1 drivers
S_000002268dbe29e0 .scope module, "bit_cell11" "bit_cell" 4 23, 5 2 0, S_000002268dbbded0;
 .timescale 0 0;
    .port_info 0 /INPUT 1 "clk";
    .port_info 1 /INPUT 1 "rst";
    .port_info 2 /INPUT 1 "d";
    .port_info 3 /INPUT 1 "wren";
    .port_info 4 /INPUT 1 "rden1";
    .port_info 5 /INPUT 1 "rden2";
    .port_info 6 /INOUT 1 "bitline1";
    .port_info 7 /INOUT 1 "bitline2";
L_000002268d9e3970 .functor BUFIF1 1, v000002268dbc8c00_0, L_000002268dcc6b50, C4<0>, C4<0>;
L_000002268d9e4b60 .functor BUFIF1 1, v000002268dbc8c00_0, L_000002268dcc74b0, C4<0>, C4<0>;
v000002268dbc7080_0 .net8 "bitline1", 0 0, p000002268db0c628;  1 drivers, strength-aware
v000002268dbc7260_0 .net8 "bitline2", 0 0, p000002268db0c658;  1 drivers, strength-aware
v000002268dbc8520_0 .net "clk", 0 0, o000002268daedc38;  alias, 0 drivers
v000002268dbc76c0_0 .net "d", 0 0, L_000002268dcc7410;  1 drivers
v000002268dbc7760_0 .net "q", 0 0, v000002268dbc8c00_0;  1 drivers
v000002268dbc8de0_0 .net "rden1", 0 0, L_000002268dcc6b50;  alias, 1 drivers
v000002268dbc7b20_0 .net "rden2", 0 0, L_000002268dcc74b0;  alias, 1 drivers
v000002268dbc7da0_0 .net "rst", 0 0, o000002268daedcc8;  alias, 0 drivers
v000002268dbc8ca0_0 .net "wren", 0 0, L_000002268dcc6ab0;  alias, 1 drivers
S_000002268dbe4470 .scope module, "cell_dff" "dff" 5 13, 6 4 0, S_000002268dbe29e0;
 .timescale 0 0;
    .port_info 0 /OUTPUT 1 "q";
    .port_info 1 /INPUT 1 "d";
    .port_info 2 /INPUT 1 "wen";
    .port_info 3 /INPUT 1 "clk";
    .port_info 4 /INPUT 1 "rst";
v000002268dbc74e0_0 .net "clk", 0 0, o000002268daedc38;  alias, 0 drivers
v000002268dbc6fe0_0 .net "d", 0 0, L_000002268dcc7410;  alias, 1 drivers
v000002268dbc8c00_0 .var "q", 0 0;
v000002268dbc7d00_0 .net "rst", 0 0, o000002268daedcc8;  alias, 0 drivers
v000002268dbc7620_0 .net "wen", 0 0, L_000002268dcc6ab0;  alias, 1 drivers
S_000002268dbe1d60 .scope module, "bit_cell12" "bit_cell" 4 24, 5 2 0, S_000002268dbbded0;
 .timescale 0 0;
    .port_info 0 /INPUT 1 "clk";
    .port_info 1 /INPUT 1 "rst";
    .port_info 2 /INPUT 1 "d";
    .port_info 3 /INPUT 1 "wren";
    .port_info 4 /INPUT 1 "rden1";
    .port_info 5 /INPUT 1 "rden2";
    .port_info 6 /INOUT 1 "bitline1";
    .port_info 7 /INOUT 1 "bitline2";
L_000002268d9e3eb0 .functor BUFIF1 1, v000002268dbc9f60_0, L_000002268dcc6b50, C4<0>, C4<0>;
L_000002268d9e3820 .functor BUFIF1 1, v000002268dbc9f60_0, L_000002268dcc74b0, C4<0>, C4<0>;
v000002268dbc9100_0 .net8 "bitline1", 0 0, p000002268db0c958;  1 drivers, strength-aware
v000002268dbc9740_0 .net8 "bitline2", 0 0, p000002268db0c988;  1 drivers, strength-aware
v000002268dbc9b00_0 .net "clk", 0 0, o000002268daedc38;  alias, 0 drivers
v000002268dbcb0e0_0 .net "d", 0 0, L_000002268dcc8270;  1 drivers
v000002268dbc9600_0 .net "q", 0 0, v000002268dbc9f60_0;  1 drivers
v000002268dbca460_0 .net "rden1", 0 0, L_000002268dcc6b50;  alias, 1 drivers
v000002268dbc97e0_0 .net "rden2", 0 0, L_000002268dcc74b0;  alias, 1 drivers
v000002268dbcb180_0 .net "rst", 0 0, o000002268daedcc8;  alias, 0 drivers
v000002268dbc99c0_0 .net "wren", 0 0, L_000002268dcc6ab0;  alias, 1 drivers
S_000002268dbe1a40 .scope module, "cell_dff" "dff" 5 13, 6 4 0, S_000002268dbe1d60;
 .timescale 0 0;
    .port_info 0 /OUTPUT 1 "q";
    .port_info 1 /INPUT 1 "d";
    .port_info 2 /INPUT 1 "wen";
    .port_info 3 /INPUT 1 "clk";
    .port_info 4 /INPUT 1 "rst";
v000002268dbc8e80_0 .net "clk", 0 0, o000002268daedc38;  alias, 0 drivers
v000002268dbc8660_0 .net "d", 0 0, L_000002268dcc8270;  alias, 1 drivers
v000002268dbc9f60_0 .var "q", 0 0;
v000002268dbc92e0_0 .net "rst", 0 0, o000002268daedcc8;  alias, 0 drivers
v000002268dbca320_0 .net "wen", 0 0, L_000002268dcc6ab0;  alias, 1 drivers
S_000002268dbe4dd0 .scope module, "bit_cell13" "bit_cell" 4 25, 5 2 0, S_000002268dbbded0;
 .timescale 0 0;
    .port_info 0 /INPUT 1 "clk";
    .port_info 1 /INPUT 1 "rst";
    .port_info 2 /INPUT 1 "d";
    .port_info 3 /INPUT 1 "wren";
    .port_info 4 /INPUT 1 "rden1";
    .port_info 5 /INPUT 1 "rden2";
    .port_info 6 /INOUT 1 "bitline1";
    .port_info 7 /INOUT 1 "bitline2";
L_000002268d9e3f90 .functor BUFIF1 1, v000002268dbcb7c0_0, L_000002268dcc6b50, C4<0>, C4<0>;
L_000002268d9e3660 .functor BUFIF1 1, v000002268dbcb7c0_0, L_000002268dcc74b0, C4<0>, C4<0>;
v000002268dbcb2c0_0 .net8 "bitline1", 0 0, p000002268db0cc88;  1 drivers, strength-aware
v000002268dbc96a0_0 .net8 "bitline2", 0 0, p000002268db0ccb8;  1 drivers, strength-aware
v000002268dbca140_0 .net "clk", 0 0, o000002268daedc38;  alias, 0 drivers
v000002268dbcb040_0 .net "d", 0 0, L_000002268dcc7e10;  1 drivers
v000002268dbc94c0_0 .net "q", 0 0, v000002268dbcb7c0_0;  1 drivers
v000002268dbc9ba0_0 .net "rden1", 0 0, L_000002268dcc6b50;  alias, 1 drivers
v000002268dbc9c40_0 .net "rden2", 0 0, L_000002268dcc74b0;  alias, 1 drivers
v000002268dbca1e0_0 .net "rst", 0 0, o000002268daedcc8;  alias, 0 drivers
v000002268dbcb220_0 .net "wren", 0 0, L_000002268dcc6ab0;  alias, 1 drivers
S_000002268dbe2e90 .scope module, "cell_dff" "dff" 5 13, 6 4 0, S_000002268dbe4dd0;
 .timescale 0 0;
    .port_info 0 /OUTPUT 1 "q";
    .port_info 1 /INPUT 1 "d";
    .port_info 2 /INPUT 1 "wen";
    .port_info 3 /INPUT 1 "clk";
    .port_info 4 /INPUT 1 "rst";
v000002268dbcad20_0 .net "clk", 0 0, o000002268daedc38;  alias, 0 drivers
v000002268dbca0a0_0 .net "d", 0 0, L_000002268dcc7e10;  alias, 1 drivers
v000002268dbcb7c0_0 .var "q", 0 0;
v000002268dbc9a60_0 .net "rst", 0 0, o000002268daedcc8;  alias, 0 drivers
v000002268dbca000_0 .net "wen", 0 0, L_000002268dcc6ab0;  alias, 1 drivers
S_000002268dbe3b10 .scope module, "bit_cell14" "bit_cell" 4 26, 5 2 0, S_000002268dbbded0;
 .timescale 0 0;
    .port_info 0 /INPUT 1 "clk";
    .port_info 1 /INPUT 1 "rst";
    .port_info 2 /INPUT 1 "d";
    .port_info 3 /INPUT 1 "wren";
    .port_info 4 /INPUT 1 "rden1";
    .port_info 5 /INPUT 1 "rden2";
    .port_info 6 /INOUT 1 "bitline1";
    .port_info 7 /INOUT 1 "bitline2";
L_000002268d9e4d20 .functor BUFIF1 1, v000002268dbcae60_0, L_000002268dcc6b50, C4<0>, C4<0>;
L_000002268d9e41c0 .functor BUFIF1 1, v000002268dbcae60_0, L_000002268dcc74b0, C4<0>, C4<0>;
v000002268dbca3c0_0 .net8 "bitline1", 0 0, p000002268db0cfb8;  1 drivers, strength-aware
v000002268dbcadc0_0 .net8 "bitline2", 0 0, p000002268db0cfe8;  1 drivers, strength-aware
v000002268dbca280_0 .net "clk", 0 0, o000002268daedc38;  alias, 0 drivers
v000002268dbcb680_0 .net "d", 0 0, L_000002268dcc70f0;  1 drivers
v000002268dbc9560_0 .net "q", 0 0, v000002268dbcae60_0;  1 drivers
v000002268dbca500_0 .net "rden1", 0 0, L_000002268dcc6b50;  alias, 1 drivers
v000002268dbcaf00_0 .net "rden2", 0 0, L_000002268dcc74b0;  alias, 1 drivers
v000002268dbca6e0_0 .net "rst", 0 0, o000002268daedcc8;  alias, 0 drivers
v000002268dbc9880_0 .net "wren", 0 0, L_000002268dcc6ab0;  alias, 1 drivers
S_000002268dbe34d0 .scope module, "cell_dff" "dff" 5 13, 6 4 0, S_000002268dbe3b10;
 .timescale 0 0;
    .port_info 0 /OUTPUT 1 "q";
    .port_info 1 /INPUT 1 "d";
    .port_info 2 /INPUT 1 "wen";
    .port_info 3 /INPUT 1 "clk";
    .port_info 4 /INPUT 1 "rst";
v000002268dbcb860_0 .net "clk", 0 0, o000002268daedc38;  alias, 0 drivers
v000002268dbcb360_0 .net "d", 0 0, L_000002268dcc70f0;  alias, 1 drivers
v000002268dbcae60_0 .var "q", 0 0;
v000002268dbca640_0 .net "rst", 0 0, o000002268daedcc8;  alias, 0 drivers
v000002268dbca5a0_0 .net "wen", 0 0, L_000002268dcc6ab0;  alias, 1 drivers
S_000002268dbe4ab0 .scope module, "bit_cell15" "bit_cell" 4 27, 5 2 0, S_000002268dbbded0;
 .timescale 0 0;
    .port_info 0 /INPUT 1 "clk";
    .port_info 1 /INPUT 1 "rst";
    .port_info 2 /INPUT 1 "d";
    .port_info 3 /INPUT 1 "wren";
    .port_info 4 /INPUT 1 "rden1";
    .port_info 5 /INPUT 1 "rden2";
    .port_info 6 /INOUT 1 "bitline1";
    .port_info 7 /INOUT 1 "bitline2";
L_000002268d9e3c10 .functor BUFIF1 1, v000002268dbc9e20_0, L_000002268dcc6b50, C4<0>, C4<0>;
L_000002268d9e4460 .functor BUFIF1 1, v000002268dbc9e20_0, L_000002268dcc74b0, C4<0>, C4<0>;
v000002268dbca820_0 .net8 "bitline1", 0 0, p000002268db0d2e8;  1 drivers, strength-aware
v000002268dbcb4a0_0 .net8 "bitline2", 0 0, p000002268db0d318;  1 drivers, strength-aware
v000002268dbcafa0_0 .net "clk", 0 0, o000002268daedc38;  alias, 0 drivers
v000002268dbc9ce0_0 .net "d", 0 0, L_000002268dcc5f70;  1 drivers
v000002268dbc9920_0 .net "q", 0 0, v000002268dbc9e20_0;  1 drivers
v000002268dbc9d80_0 .net "rden1", 0 0, L_000002268dcc6b50;  alias, 1 drivers
v000002268dbc9ec0_0 .net "rden2", 0 0, L_000002268dcc74b0;  alias, 1 drivers
v000002268dbcb540_0 .net "rst", 0 0, o000002268daedcc8;  alias, 0 drivers
v000002268dbca8c0_0 .net "wren", 0 0, L_000002268dcc6ab0;  alias, 1 drivers
S_000002268dbe3020 .scope module, "cell_dff" "dff" 5 13, 6 4 0, S_000002268dbe4ab0;
 .timescale 0 0;
    .port_info 0 /OUTPUT 1 "q";
    .port_info 1 /INPUT 1 "d";
    .port_info 2 /INPUT 1 "wen";
    .port_info 3 /INPUT 1 "clk";
    .port_info 4 /INPUT 1 "rst";
v000002268dbca780_0 .net "clk", 0 0, o000002268daedc38;  alias, 0 drivers
v000002268dbcb400_0 .net "d", 0 0, L_000002268dcc5f70;  alias, 1 drivers
v000002268dbc9e20_0 .var "q", 0 0;
v000002268dbc91a0_0 .net "rst", 0 0, o000002268daedcc8;  alias, 0 drivers
v000002268dbcb720_0 .net "wen", 0 0, L_000002268dcc6ab0;  alias, 1 drivers
S_000002268dbe3980 .scope module, "bit_cell2" "bit_cell" 4 14, 5 2 0, S_000002268dbbded0;
 .timescale 0 0;
    .port_info 0 /INPUT 1 "clk";
    .port_info 1 /INPUT 1 "rst";
    .port_info 2 /INPUT 1 "d";
    .port_info 3 /INPUT 1 "wren";
    .port_info 4 /INPUT 1 "rden1";
    .port_info 5 /INPUT 1 "rden2";
    .port_info 6 /INOUT 1 "bitline1";
    .port_info 7 /INOUT 1 "bitline2";
L_000002268d9d2010 .functor BUFIF1 1, v000002268dbcb5e0_0, L_000002268dcc6b50, C4<0>, C4<0>;
L_000002268d9d19f0 .functor BUFIF1 1, v000002268dbcb5e0_0, L_000002268dcc74b0, C4<0>, C4<0>;
v000002268dbc9380_0 .net8 "bitline1", 0 0, p000002268db0d618;  1 drivers, strength-aware
v000002268dbcab40_0 .net8 "bitline2", 0 0, p000002268db0d648;  1 drivers, strength-aware
v000002268dbcabe0_0 .net "clk", 0 0, o000002268daedc38;  alias, 0 drivers
v000002268dbcac80_0 .net "d", 0 0, L_000002268dcc6470;  1 drivers
v000002268dbc9420_0 .net "q", 0 0, v000002268dbcb5e0_0;  1 drivers
v000002268dbce060_0 .net "rden1", 0 0, L_000002268dcc6b50;  alias, 1 drivers
v000002268dbcdf20_0 .net "rden2", 0 0, L_000002268dcc74b0;  alias, 1 drivers
v000002268dbcd7a0_0 .net "rst", 0 0, o000002268daedcc8;  alias, 0 drivers
v000002268dbcd700_0 .net "wren", 0 0, L_000002268dcc6ab0;  alias, 1 drivers
S_000002268dbe5410 .scope module, "cell_dff" "dff" 5 13, 6 4 0, S_000002268dbe3980;
 .timescale 0 0;
    .port_info 0 /OUTPUT 1 "q";
    .port_info 1 /INPUT 1 "d";
    .port_info 2 /INPUT 1 "wen";
    .port_info 3 /INPUT 1 "clk";
    .port_info 4 /INPUT 1 "rst";
v000002268dbca960_0 .net "clk", 0 0, o000002268daedc38;  alias, 0 drivers
v000002268dbcaa00_0 .net "d", 0 0, L_000002268dcc6470;  alias, 1 drivers
v000002268dbcb5e0_0 .var "q", 0 0;
v000002268dbcaaa0_0 .net "rst", 0 0, o000002268daedcc8;  alias, 0 drivers
v000002268dbc9240_0 .net "wen", 0 0, L_000002268dcc6ab0;  alias, 1 drivers
S_000002268dbe1bd0 .scope module, "bit_cell3" "bit_cell" 4 15, 5 2 0, S_000002268dbbded0;
 .timescale 0 0;
    .port_info 0 /INPUT 1 "clk";
    .port_info 1 /INPUT 1 "rst";
    .port_info 2 /INPUT 1 "d";
    .port_info 3 /INPUT 1 "wren";
    .port_info 4 /INPUT 1 "rden1";
    .port_info 5 /INPUT 1 "rden2";
    .port_info 6 /INOUT 1 "bitline1";
    .port_info 7 /INOUT 1 "bitline2";
L_000002268d9d22b0 .functor BUFIF1 1, v000002268dbcc6c0_0, L_000002268dcc6b50, C4<0>, C4<0>;
L_000002268d9d27f0 .functor BUFIF1 1, v000002268dbcc6c0_0, L_000002268dcc74b0, C4<0>, C4<0>;
v000002268dbcc3a0_0 .net8 "bitline1", 0 0, p000002268db0d948;  1 drivers, strength-aware
v000002268dbcbcc0_0 .net8 "bitline2", 0 0, p000002268db0d978;  1 drivers, strength-aware
v000002268dbcdd40_0 .net "clk", 0 0, o000002268daedc38;  alias, 0 drivers
v000002268dbcce40_0 .net "d", 0 0, L_000002268dcc66f0;  1 drivers
v000002268dbcd020_0 .net "q", 0 0, v000002268dbcc6c0_0;  1 drivers
v000002268dbcdac0_0 .net "rden1", 0 0, L_000002268dcc6b50;  alias, 1 drivers
v000002268dbcd0c0_0 .net "rden2", 0 0, L_000002268dcc74b0;  alias, 1 drivers
v000002268dbcdc00_0 .net "rst", 0 0, o000002268daedcc8;  alias, 0 drivers
v000002268dbcc940_0 .net "wren", 0 0, L_000002268dcc6ab0;  alias, 1 drivers
S_000002268dbe4600 .scope module, "cell_dff" "dff" 5 13, 6 4 0, S_000002268dbe1bd0;
 .timescale 0 0;
    .port_info 0 /OUTPUT 1 "q";
    .port_info 1 /INPUT 1 "d";
    .port_info 2 /INPUT 1 "wen";
    .port_info 3 /INPUT 1 "clk";
    .port_info 4 /INPUT 1 "rst";
v000002268dbcc8a0_0 .net "clk", 0 0, o000002268daedc38;  alias, 0 drivers
v000002268dbccf80_0 .net "d", 0 0, L_000002268dcc66f0;  alias, 1 drivers
v000002268dbcc6c0_0 .var "q", 0 0;
v000002268dbcdca0_0 .net "rst", 0 0, o000002268daedcc8;  alias, 0 drivers
v000002268dbcd8e0_0 .net "wen", 0 0, L_000002268dcc6ab0;  alias, 1 drivers
S_000002268dbe55a0 .scope module, "bit_cell4" "bit_cell" 4 16, 5 2 0, S_000002268dbbded0;
 .timescale 0 0;
    .port_info 0 /INPUT 1 "clk";
    .port_info 1 /INPUT 1 "rst";
    .port_info 2 /INPUT 1 "d";
    .port_info 3 /INPUT 1 "wren";
    .port_info 4 /INPUT 1 "rden1";
    .port_info 5 /INPUT 1 "rden2";
    .port_info 6 /INOUT 1 "bitline1";
    .port_info 7 /INOUT 1 "bitline2";
L_000002268d9d2b00 .functor BUFIF1 1, v000002268dbccd00_0, L_000002268dcc6b50, C4<0>, C4<0>;
L_000002268d9d2be0 .functor BUFIF1 1, v000002268dbccd00_0, L_000002268dcc74b0, C4<0>, C4<0>;
v000002268dbcc440_0 .net8 "bitline1", 0 0, p000002268db0dc78;  1 drivers, strength-aware
v000002268dbcc120_0 .net8 "bitline2", 0 0, p000002268db0dca8;  1 drivers, strength-aware
v000002268dbcd980_0 .net "clk", 0 0, o000002268daedc38;  alias, 0 drivers
v000002268dbcd2a0_0 .net "d", 0 0, L_000002268dcc6bf0;  1 drivers
v000002268dbcca80_0 .net "q", 0 0, v000002268dbccd00_0;  1 drivers
v000002268dbcd160_0 .net "rden1", 0 0, L_000002268dcc6b50;  alias, 1 drivers
v000002268dbcd200_0 .net "rden2", 0 0, L_000002268dcc74b0;  alias, 1 drivers
v000002268dbcda20_0 .net "rst", 0 0, o000002268daedcc8;  alias, 0 drivers
v000002268dbcd3e0_0 .net "wren", 0 0, L_000002268dcc6ab0;  alias, 1 drivers
S_000002268dbe3340 .scope module, "cell_dff" "dff" 5 13, 6 4 0, S_000002268dbe55a0;
 .timescale 0 0;
    .port_info 0 /OUTPUT 1 "q";
    .port_info 1 /INPUT 1 "d";
    .port_info 2 /INPUT 1 "wen";
    .port_info 3 /INPUT 1 "clk";
    .port_info 4 /INPUT 1 "rst";
v000002268dbcc9e0_0 .net "clk", 0 0, o000002268daedc38;  alias, 0 drivers
v000002268dbcd480_0 .net "d", 0 0, L_000002268dcc6bf0;  alias, 1 drivers
v000002268dbccd00_0 .var "q", 0 0;
v000002268dbccee0_0 .net "rst", 0 0, o000002268daedcc8;  alias, 0 drivers
v000002268dbcc800_0 .net "wen", 0 0, L_000002268dcc6ab0;  alias, 1 drivers
S_000002268dbe4790 .scope module, "bit_cell5" "bit_cell" 4 17, 5 2 0, S_000002268dbbded0;
 .timescale 0 0;
    .port_info 0 /INPUT 1 "clk";
    .port_info 1 /INPUT 1 "rst";
    .port_info 2 /INPUT 1 "d";
    .port_info 3 /INPUT 1 "wren";
    .port_info 4 /INPUT 1 "rden1";
    .port_info 5 /INPUT 1 "rden2";
    .port_info 6 /INOUT 1 "bitline1";
    .port_info 7 /INOUT 1 "bitline2";
L_000002268d9d1c20 .functor BUFIF1 1, v000002268dbcc620_0, L_000002268dcc6b50, C4<0>, C4<0>;
L_000002268d9d2550 .functor BUFIF1 1, v000002268dbcc620_0, L_000002268dcc74b0, C4<0>, C4<0>;
v000002268dbcd5c0_0 .net8 "bitline1", 0 0, p000002268db0dfa8;  1 drivers, strength-aware
v000002268dbcc1c0_0 .net8 "bitline2", 0 0, p000002268db0dfd8;  1 drivers, strength-aware
v000002268dbcb900_0 .net "clk", 0 0, o000002268daedc38;  alias, 0 drivers
v000002268dbcbf40_0 .net "d", 0 0, L_000002268dcc5e30;  1 drivers
v000002268dbcd840_0 .net "q", 0 0, v000002268dbcc620_0;  1 drivers
v000002268dbcdb60_0 .net "rden1", 0 0, L_000002268dcc6b50;  alias, 1 drivers
v000002268dbcd520_0 .net "rden2", 0 0, L_000002268dcc74b0;  alias, 1 drivers
v000002268dbcbe00_0 .net "rst", 0 0, o000002268daedcc8;  alias, 0 drivers
v000002268dbcbfe0_0 .net "wren", 0 0, L_000002268dcc6ab0;  alias, 1 drivers
S_000002268dbe37f0 .scope module, "cell_dff" "dff" 5 13, 6 4 0, S_000002268dbe4790;
 .timescale 0 0;
    .port_info 0 /OUTPUT 1 "q";
    .port_info 1 /INPUT 1 "d";
    .port_info 2 /INPUT 1 "wen";
    .port_info 3 /INPUT 1 "clk";
    .port_info 4 /INPUT 1 "rst";
v000002268dbcbea0_0 .net "clk", 0 0, o000002268daedc38;  alias, 0 drivers
v000002268dbccbc0_0 .net "d", 0 0, L_000002268dcc5e30;  alias, 1 drivers
v000002268dbcc620_0 .var "q", 0 0;
v000002268dbcbd60_0 .net "rst", 0 0, o000002268daedcc8;  alias, 0 drivers
v000002268dbccb20_0 .net "wen", 0 0, L_000002268dcc6ab0;  alias, 1 drivers
S_000002268dbe2d00 .scope module, "bit_cell6" "bit_cell" 4 18, 5 2 0, S_000002268dbbded0;
 .timescale 0 0;
    .port_info 0 /INPUT 1 "clk";
    .port_info 1 /INPUT 1 "rst";
    .port_info 2 /INPUT 1 "d";
    .port_info 3 /INPUT 1 "wren";
    .port_info 4 /INPUT 1 "rden1";
    .port_info 5 /INPUT 1 "rden2";
    .port_info 6 /INOUT 1 "bitline1";
    .port_info 7 /INOUT 1 "bitline2";
L_000002268d9d1130 .functor BUFIF1 1, v000002268dbcc080_0, L_000002268dcc6b50, C4<0>, C4<0>;
L_000002268d9d2390 .functor BUFIF1 1, v000002268dbcc080_0, L_000002268dcc74b0, C4<0>, C4<0>;
v000002268dbcc580_0 .net8 "bitline1", 0 0, p000002268db0e2d8;  1 drivers, strength-aware
v000002268dbcc300_0 .net8 "bitline2", 0 0, p000002268db0e308;  1 drivers, strength-aware
v000002268dbcde80_0 .net "clk", 0 0, o000002268daedc38;  alias, 0 drivers
v000002268dbcd340_0 .net "d", 0 0, L_000002268dcc5d90;  1 drivers
v000002268dbccda0_0 .net "q", 0 0, v000002268dbcc080_0;  1 drivers
v000002268dbcdfc0_0 .net "rden1", 0 0, L_000002268dcc6b50;  alias, 1 drivers
v000002268dbcb9a0_0 .net "rden2", 0 0, L_000002268dcc74b0;  alias, 1 drivers
v000002268dbcba40_0 .net "rst", 0 0, o000002268daedcc8;  alias, 0 drivers
v000002268dbcbae0_0 .net "wren", 0 0, L_000002268dcc6ab0;  alias, 1 drivers
S_000002268dbe18b0 .scope module, "cell_dff" "dff" 5 13, 6 4 0, S_000002268dbe2d00;
 .timescale 0 0;
    .port_info 0 /OUTPUT 1 "q";
    .port_info 1 /INPUT 1 "d";
    .port_info 2 /INPUT 1 "wen";
    .port_info 3 /INPUT 1 "clk";
    .port_info 4 /INPUT 1 "rst";
v000002268dbccc60_0 .net "clk", 0 0, o000002268daedc38;  alias, 0 drivers
v000002268dbcdde0_0 .net "d", 0 0, L_000002268dcc5d90;  alias, 1 drivers
v000002268dbcc080_0 .var "q", 0 0;
v000002268dbcc260_0 .net "rst", 0 0, o000002268daedcc8;  alias, 0 drivers
v000002268dbcd660_0 .net "wen", 0 0, L_000002268dcc6ab0;  alias, 1 drivers
S_000002268dbe26c0 .scope module, "bit_cell7" "bit_cell" 4 19, 5 2 0, S_000002268dbbded0;
 .timescale 0 0;
    .port_info 0 /INPUT 1 "clk";
    .port_info 1 /INPUT 1 "rst";
    .port_info 2 /INPUT 1 "d";
    .port_info 3 /INPUT 1 "wren";
    .port_info 4 /INPUT 1 "rden1";
    .port_info 5 /INPUT 1 "rden2";
    .port_info 6 /INOUT 1 "bitline1";
    .port_info 7 /INOUT 1 "bitline2";
L_000002268d9d2940 .functor BUFIF1 1, v000002268dbcbc20_0, L_000002268dcc6b50, C4<0>, C4<0>;
L_000002268d9d1d00 .functor BUFIF1 1, v000002268dbcbc20_0, L_000002268dcc74b0, C4<0>, C4<0>;
v000002268dbcff00_0 .net8 "bitline1", 0 0, p000002268db0e608;  1 drivers, strength-aware
v000002268dbce600_0 .net8 "bitline2", 0 0, p000002268db0e638;  1 drivers, strength-aware
v000002268dbce2e0_0 .net "clk", 0 0, o000002268daedc38;  alias, 0 drivers
v000002268dbd07c0_0 .net "d", 0 0, L_000002268dcc5ed0;  1 drivers
v000002268dbcf6e0_0 .net "q", 0 0, v000002268dbcbc20_0;  1 drivers
v000002268dbce920_0 .net "rden1", 0 0, L_000002268dcc6b50;  alias, 1 drivers
v000002268dbce6a0_0 .net "rden2", 0 0, L_000002268dcc74b0;  alias, 1 drivers
v000002268dbcfbe0_0 .net "rst", 0 0, o000002268daedcc8;  alias, 0 drivers
v000002268dbd0680_0 .net "wren", 0 0, L_000002268dcc6ab0;  alias, 1 drivers
S_000002268dbe3660 .scope module, "cell_dff" "dff" 5 13, 6 4 0, S_000002268dbe26c0;
 .timescale 0 0;
    .port_info 0 /OUTPUT 1 "q";
    .port_info 1 /INPUT 1 "d";
    .port_info 2 /INPUT 1 "wen";
    .port_info 3 /INPUT 1 "clk";
    .port_info 4 /INPUT 1 "rst";
v000002268dbcbb80_0 .net "clk", 0 0, o000002268daedc38;  alias, 0 drivers
v000002268dbcc4e0_0 .net "d", 0 0, L_000002268dcc5ed0;  alias, 1 drivers
v000002268dbcbc20_0 .var "q", 0 0;
v000002268dbcc760_0 .net "rst", 0 0, o000002268daedcc8;  alias, 0 drivers
v000002268dbcf140_0 .net "wen", 0 0, L_000002268dcc6ab0;  alias, 1 drivers
S_000002268dbe4c40 .scope module, "bit_cell8" "bit_cell" 4 20, 5 2 0, S_000002268dbbded0;
 .timescale 0 0;
    .port_info 0 /INPUT 1 "clk";
    .port_info 1 /INPUT 1 "rst";
    .port_info 2 /INPUT 1 "d";
    .port_info 3 /INPUT 1 "wren";
    .port_info 4 /INPUT 1 "rden1";
    .port_info 5 /INPUT 1 "rden2";
    .port_info 6 /INOUT 1 "bitline1";
    .port_info 7 /INOUT 1 "bitline2";
L_000002268d9d1280 .functor BUFIF1 1, v000002268dbceb00_0, L_000002268dcc6b50, C4<0>, C4<0>;
L_000002268d9d12f0 .functor BUFIF1 1, v000002268dbceb00_0, L_000002268dcc74b0, C4<0>, C4<0>;
v000002268dbcf320_0 .net8 "bitline1", 0 0, p000002268db0e938;  1 drivers, strength-aware
v000002268dbcf0a0_0 .net8 "bitline2", 0 0, p000002268db0e968;  1 drivers, strength-aware
v000002268dbce1a0_0 .net "clk", 0 0, o000002268daedc38;  alias, 0 drivers
v000002268dbceec0_0 .net "d", 0 0, L_000002268dcc7cd0;  1 drivers
v000002268dbceba0_0 .net "q", 0 0, v000002268dbceb00_0;  1 drivers
v000002268dbd0040_0 .net "rden1", 0 0, L_000002268dcc6b50;  alias, 1 drivers
v000002268dbce740_0 .net "rden2", 0 0, L_000002268dcc74b0;  alias, 1 drivers
v000002268dbd0400_0 .net "rst", 0 0, o000002268daedcc8;  alias, 0 drivers
v000002268dbce7e0_0 .net "wren", 0 0, L_000002268dcc6ab0;  alias, 1 drivers
S_000002268dbe1ef0 .scope module, "cell_dff" "dff" 5 13, 6 4 0, S_000002268dbe4c40;
 .timescale 0 0;
    .port_info 0 /OUTPUT 1 "q";
    .port_info 1 /INPUT 1 "d";
    .port_info 2 /INPUT 1 "wen";
    .port_info 3 /INPUT 1 "clk";
    .port_info 4 /INPUT 1 "rst";
v000002268dbcffa0_0 .net "clk", 0 0, o000002268daedc38;  alias, 0 drivers
v000002268dbce240_0 .net "d", 0 0, L_000002268dcc7cd0;  alias, 1 drivers
v000002268dbceb00_0 .var "q", 0 0;
v000002268dbcef60_0 .net "rst", 0 0, o000002268daedcc8;  alias, 0 drivers
v000002268dbcf000_0 .net "wen", 0 0, L_000002268dcc6ab0;  alias, 1 drivers
S_000002268dbe23a0 .scope module, "bit_cell9" "bit_cell" 4 21, 5 2 0, S_000002268dbbded0;
 .timescale 0 0;
    .port_info 0 /INPUT 1 "clk";
    .port_info 1 /INPUT 1 "rst";
    .port_info 2 /INPUT 1 "d";
    .port_info 3 /INPUT 1 "wren";
    .port_info 4 /INPUT 1 "rden1";
    .port_info 5 /INPUT 1 "rden2";
    .port_info 6 /INOUT 1 "bitline1";
    .port_info 7 /INOUT 1 "bitline2";
L_000002268d9e5260 .functor BUFIF1 1, v000002268dbcf3c0_0, L_000002268dcc6b50, C4<0>, C4<0>;
L_000002268d9e5180 .functor BUFIF1 1, v000002268dbcf3c0_0, L_000002268dcc74b0, C4<0>, C4<0>;
v000002268dbcf460_0 .net8 "bitline1", 0 0, p000002268db0ec68;  1 drivers, strength-aware
v000002268dbcf500_0 .net8 "bitline2", 0 0, p000002268db0ec98;  1 drivers, strength-aware
v000002268dbd02c0_0 .net "clk", 0 0, o000002268daedc38;  alias, 0 drivers
v000002268dbcf5a0_0 .net "d", 0 0, L_000002268dcc72d0;  1 drivers
v000002268dbce380_0 .net "q", 0 0, v000002268dbcf3c0_0;  1 drivers
v000002268dbd00e0_0 .net "rden1", 0 0, L_000002268dcc6b50;  alias, 1 drivers
v000002268dbd0180_0 .net "rden2", 0 0, L_000002268dcc74b0;  alias, 1 drivers
v000002268dbcec40_0 .net "rst", 0 0, o000002268daedcc8;  alias, 0 drivers
v000002268dbce4c0_0 .net "wren", 0 0, L_000002268dcc6ab0;  alias, 1 drivers
S_000002268dbe2080 .scope module, "cell_dff" "dff" 5 13, 6 4 0, S_000002268dbe23a0;
 .timescale 0 0;
    .port_info 0 /OUTPUT 1 "q";
    .port_info 1 /INPUT 1 "d";
    .port_info 2 /INPUT 1 "wen";
    .port_info 3 /INPUT 1 "clk";
    .port_info 4 /INPUT 1 "rst";
v000002268dbcf1e0_0 .net "clk", 0 0, o000002268daedc38;  alias, 0 drivers
v000002268dbd0860_0 .net "d", 0 0, L_000002268dcc72d0;  alias, 1 drivers
v000002268dbcf3c0_0 .var "q", 0 0;
v000002268dbcf280_0 .net "rst", 0 0, o000002268daedcc8;  alias, 0 drivers
v000002268dbce100_0 .net "wen", 0 0, L_000002268dcc6ab0;  alias, 1 drivers
S_000002268dbe2b70 .scope module, "reg4" "register" 2 27, 4 2 0, S_000002268d492190;
 .timescale 0 0;
    .port_info 0 /INPUT 1 "clk";
    .port_info 1 /INPUT 1 "rst";
    .port_info 2 /INPUT 16 "d";
    .port_info 3 /INPUT 1 "write_reg";
    .port_info 4 /INPUT 1 "rden1";
    .port_info 5 /INPUT 1 "rden2";
    .port_info 6 /INOUT 16 "bitline1";
    .port_info 7 /INOUT 16 "bitline2";
v000002268dbd8100_0 .net8 "bitline1", 15 0, p000002268daf1028;  alias, 0 drivers, strength-aware
v000002268dbd8ba0_0 .net8 "bitline2", 15 0, p000002268daf1058;  alias, 0 drivers, strength-aware
v000002268dbd8920_0 .net "clk", 0 0, o000002268daedc38;  alias, 0 drivers
v000002268dbd9960_0 .net "d", 15 0, o000002268daf1088;  alias, 0 drivers
v000002268dbd9e60_0 .net "rden1", 0 0, L_000002268dcc7a50;  1 drivers
v000002268dbd91e0_0 .net "rden2", 0 0, L_000002268dcc6fb0;  1 drivers
v000002268dbda400_0 .net "rst", 0 0, o000002268daedcc8;  alias, 0 drivers
v000002268dbd9820_0 .net "write_reg", 0 0, L_000002268dcc6330;  1 drivers
L_000002268dcc75f0 .part o000002268daf1088, 0, 1;
L_000002268dcc6010 .part o000002268daf1088, 1, 1;
L_000002268dcc6290 .part o000002268daf1088, 2, 1;
L_000002268dcc6830 .part o000002268daf1088, 3, 1;
L_000002268dcc7690 .part o000002268daf1088, 4, 1;
L_000002268dcc7eb0 .part o000002268daf1088, 5, 1;
L_000002268dcc60b0 .part o000002268daf1088, 6, 1;
L_000002268dcc7b90 .part o000002268daf1088, 7, 1;
L_000002268dcc7910 .part o000002268daf1088, 8, 1;
L_000002268dcc6c90 .part o000002268daf1088, 9, 1;
L_000002268dcc6150 .part o000002268daf1088, 10, 1;
L_000002268dcc6650 .part o000002268daf1088, 11, 1;
L_000002268dcc6d30 .part o000002268daf1088, 12, 1;
L_000002268dcc61f0 .part o000002268daf1088, 13, 1;
L_000002268dcc7730 .part o000002268daf1088, 14, 1;
L_000002268dcc7f50 .part o000002268daf1088, 15, 1;
p000002268db0f148 .port I000002268da132c0, L_000002268d9e3900;
 .tranvp 16 1 0, I000002268da132c0, p000002268daf1028 p000002268db0f148;
p000002268db0f178 .port I000002268da12d00, L_000002268d9e3d60;
 .tranvp 16 1 0, I000002268da12d00, p000002268daf1058 p000002268db0f178;
p000002268db0f4d8 .port I000002268da132c0, L_000002268d9e4000;
 .tranvp 16 1 1, I000002268da132c0, p000002268daf1028 p000002268db0f4d8;
p000002268db0f508 .port I000002268da12d00, L_000002268d9e4070;
 .tranvp 16 1 1, I000002268da12d00, p000002268daf1058 p000002268db0f508;
p000002268db10b28 .port I000002268da132c0, L_000002268d9e44d0;
 .tranvp 16 1 2, I000002268da132c0, p000002268daf1028 p000002268db10b28;
p000002268db10b58 .port I000002268da12d00, L_000002268d9e4540;
 .tranvp 16 1 2, I000002268da12d00, p000002268daf1058 p000002268db10b58;
p000002268db10e58 .port I000002268da132c0, L_000002268d9e4850;
 .tranvp 16 1 3, I000002268da132c0, p000002268daf1028 p000002268db10e58;
p000002268db10e88 .port I000002268da12d00, L_000002268d9e48c0;
 .tranvp 16 1 3, I000002268da12d00, p000002268daf1058 p000002268db10e88;
p000002268db11188 .port I000002268da132c0, L_000002268d9e4e00;
 .tranvp 16 1 4, I000002268da132c0, p000002268daf1028 p000002268db11188;
p000002268db111b8 .port I000002268da12d00, L_000002268d9e4930;
 .tranvp 16 1 4, I000002268da12d00, p000002268daf1058 p000002268db111b8;
p000002268db114b8 .port I000002268da132c0, L_000002268da1a4a0;
 .tranvp 16 1 5, I000002268da132c0, p000002268daf1028 p000002268db114b8;
p000002268db114e8 .port I000002268da12d00, L_000002268da1a270;
 .tranvp 16 1 5, I000002268da12d00, p000002268daf1058 p000002268db114e8;
p000002268db117e8 .port I000002268da132c0, L_000002268da1a2e0;
 .tranvp 16 1 6, I000002268da132c0, p000002268daf1028 p000002268db117e8;
p000002268db11818 .port I000002268da12d00, L_000002268da18590;
 .tranvp 16 1 6, I000002268da12d00, p000002268daf1058 p000002268db11818;
p000002268db11b18 .port I000002268da132c0, L_000002268da19da0;
 .tranvp 16 1 7, I000002268da132c0, p000002268daf1028 p000002268db11b18;
p000002268db11b48 .port I000002268da12d00, L_000002268da18c20;
 .tranvp 16 1 7, I000002268da12d00, p000002268daf1058 p000002268db11b48;
p000002268db11e48 .port I000002268da132c0, L_000002268da18670;
 .tranvp 16 1 8, I000002268da132c0, p000002268daf1028 p000002268db11e48;
p000002268db11e78 .port I000002268da12d00, L_000002268da19630;
 .tranvp 16 1 8, I000002268da12d00, p000002268daf1058 p000002268db11e78;
p000002268db12178 .port I000002268da132c0, L_000002268da18600;
 .tranvp 16 1 9, I000002268da132c0, p000002268daf1028 p000002268db12178;
p000002268db121a8 .port I000002268da12d00, L_000002268da18e50;
 .tranvp 16 1 9, I000002268da12d00, p000002268daf1058 p000002268db121a8;
p000002268db0f808 .port I000002268da132c0, L_000002268da19be0;
 .tranvp 16 1 10, I000002268da132c0, p000002268daf1028 p000002268db0f808;
p000002268db0f838 .port I000002268da12d00, L_000002268da199b0;
 .tranvp 16 1 10, I000002268da12d00, p000002268daf1058 p000002268db0f838;
p000002268db0fb38 .port I000002268da132c0, L_000002268da18830;
 .tranvp 16 1 11, I000002268da132c0, p000002268daf1028 p000002268db0fb38;
p000002268db0fb68 .port I000002268da12d00, L_000002268da19ef0;
 .tranvp 16 1 11, I000002268da12d00, p000002268daf1058 p000002268db0fb68;
p000002268db0fe68 .port I000002268da132c0, L_000002268da190f0;
 .tranvp 16 1 12, I000002268da132c0, p000002268daf1028 p000002268db0fe68;
p000002268db0fe98 .port I000002268da12d00, L_000002268da197f0;
 .tranvp 16 1 12, I000002268da12d00, p000002268daf1058 p000002268db0fe98;
p000002268db10198 .port I000002268da132c0, L_000002268da18c90;
 .tranvp 16 1 13, I000002268da132c0, p000002268daf1028 p000002268db10198;
p000002268db101c8 .port I000002268da12d00, L_000002268da19320;
 .tranvp 16 1 13, I000002268da12d00, p000002268daf1058 p000002268db101c8;
p000002268db104c8 .port I000002268da132c0, L_000002268da19400;
 .tranvp 16 1 14, I000002268da132c0, p000002268daf1028 p000002268db104c8;
p000002268db104f8 .port I000002268da12d00, L_000002268da19470;
 .tranvp 16 1 14, I000002268da12d00, p000002268daf1058 p000002268db104f8;
p000002268db107f8 .port I000002268da132c0, L_000002268da19550;
 .tranvp 16 1 15, I000002268da132c0, p000002268daf1028 p000002268db107f8;
p000002268db10828 .port I000002268da12d00, L_000002268da19860;
 .tranvp 16 1 15, I000002268da12d00, p000002268daf1058 p000002268db10828;
S_000002268dbe2210 .scope module, "bit_cell0" "bit_cell" 4 12, 5 2 0, S_000002268dbe2b70;
 .timescale 0 0;
    .port_info 0 /INPUT 1 "clk";
    .port_info 1 /INPUT 1 "rst";
    .port_info 2 /INPUT 1 "d";
    .port_info 3 /INPUT 1 "wren";
    .port_info 4 /INPUT 1 "rden1";
    .port_info 5 /INPUT 1 "rden2";
    .port_info 6 /INOUT 1 "bitline1";
    .port_info 7 /INOUT 1 "bitline2";
L_000002268d9e3900 .functor BUFIF1 1, v000002268dbcfa00_0, L_000002268dcc7a50, C4<0>, C4<0>;
L_000002268d9e3d60 .functor BUFIF1 1, v000002268dbcfa00_0, L_000002268dcc6fb0, C4<0>, C4<0>;
v000002268dbcfaa0_0 .net8 "bitline1", 0 0, p000002268db0f148;  1 drivers, strength-aware
v000002268dbcea60_0 .net8 "bitline2", 0 0, p000002268db0f178;  1 drivers, strength-aware
v000002268dbd0360_0 .net "clk", 0 0, o000002268daedc38;  alias, 0 drivers
v000002268dbd0540_0 .net "d", 0 0, L_000002268dcc75f0;  1 drivers
v000002268dbcfb40_0 .net "q", 0 0, v000002268dbcfa00_0;  1 drivers
v000002268dbcfc80_0 .net "rden1", 0 0, L_000002268dcc7a50;  alias, 1 drivers
v000002268dbcee20_0 .net "rden2", 0 0, L_000002268dcc6fb0;  alias, 1 drivers
v000002268dbcfd20_0 .net "rst", 0 0, o000002268daedcc8;  alias, 0 drivers
v000002268dbcece0_0 .net "wren", 0 0, L_000002268dcc6330;  alias, 1 drivers
S_000002268dbe5280 .scope module, "cell_dff" "dff" 5 13, 6 4 0, S_000002268dbe2210;
 .timescale 0 0;
    .port_info 0 /OUTPUT 1 "q";
    .port_info 1 /INPUT 1 "d";
    .port_info 2 /INPUT 1 "wen";
    .port_info 3 /INPUT 1 "clk";
    .port_info 4 /INPUT 1 "rst";
v000002268dbd0720_0 .net "clk", 0 0, o000002268daedc38;  alias, 0 drivers
v000002268dbce560_0 .net "d", 0 0, L_000002268dcc75f0;  alias, 1 drivers
v000002268dbcfa00_0 .var "q", 0 0;
v000002268dbce880_0 .net "rst", 0 0, o000002268daedcc8;  alias, 0 drivers
v000002268dbce9c0_0 .net "wen", 0 0, L_000002268dcc6330;  alias, 1 drivers
S_000002268dbe2530 .scope module, "bit_cell1" "bit_cell" 4 13, 5 2 0, S_000002268dbe2b70;
 .timescale 0 0;
    .port_info 0 /INPUT 1 "clk";
    .port_info 1 /INPUT 1 "rst";
    .port_info 2 /INPUT 1 "d";
    .port_info 3 /INPUT 1 "wren";
    .port_info 4 /INPUT 1 "rden1";
    .port_info 5 /INPUT 1 "rden2";
    .port_info 6 /INOUT 1 "bitline1";
    .port_info 7 /INOUT 1 "bitline2";
L_000002268d9e4000 .functor BUFIF1 1, v000002268dbd04a0_0, L_000002268dcc7a50, C4<0>, C4<0>;
L_000002268d9e4070 .functor BUFIF1 1, v000002268dbd04a0_0, L_000002268dcc6fb0, C4<0>, C4<0>;
v000002268dbd1ee0_0 .net8 "bitline1", 0 0, p000002268db0f4d8;  1 drivers, strength-aware
v000002268dbd2840_0 .net8 "bitline2", 0 0, p000002268db0f508;  1 drivers, strength-aware
v000002268dbd2160_0 .net "clk", 0 0, o000002268daedc38;  alias, 0 drivers
v000002268dbd1940_0 .net "d", 0 0, L_000002268dcc6010;  1 drivers
v000002268dbd0c20_0 .net "q", 0 0, v000002268dbd04a0_0;  1 drivers
v000002268dbd1800_0 .net "rden1", 0 0, L_000002268dcc7a50;  alias, 1 drivers
v000002268dbd27a0_0 .net "rden2", 0 0, L_000002268dcc6fb0;  alias, 1 drivers
v000002268dbd2ac0_0 .net "rst", 0 0, o000002268daedcc8;  alias, 0 drivers
v000002268dbd18a0_0 .net "wren", 0 0, L_000002268dcc6330;  alias, 1 drivers
S_000002268dbe3ca0 .scope module, "cell_dff" "dff" 5 13, 6 4 0, S_000002268dbe2530;
 .timescale 0 0;
    .port_info 0 /OUTPUT 1 "q";
    .port_info 1 /INPUT 1 "d";
    .port_info 2 /INPUT 1 "wen";
    .port_info 3 /INPUT 1 "clk";
    .port_info 4 /INPUT 1 "rst";
v000002268dbced80_0 .net "clk", 0 0, o000002268daedc38;  alias, 0 drivers
v000002268dbcfdc0_0 .net "d", 0 0, L_000002268dcc6010;  alias, 1 drivers
v000002268dbd04a0_0 .var "q", 0 0;
v000002268dbd05e0_0 .net "rst", 0 0, o000002268daedcc8;  alias, 0 drivers
v000002268dbd09a0_0 .net "wen", 0 0, L_000002268dcc6330;  alias, 1 drivers
S_000002268dbe3fc0 .scope module, "bit_cell10" "bit_cell" 4 22, 5 2 0, S_000002268dbe2b70;
 .timescale 0 0;
    .port_info 0 /INPUT 1 "clk";
    .port_info 1 /INPUT 1 "rst";
    .port_info 2 /INPUT 1 "d";
    .port_info 3 /INPUT 1 "wren";
    .port_info 4 /INPUT 1 "rden1";
    .port_info 5 /INPUT 1 "rden2";
    .port_info 6 /INOUT 1 "bitline1";
    .port_info 7 /INOUT 1 "bitline2";
L_000002268da19be0 .functor BUFIF1 1, v000002268dbd2020_0, L_000002268dcc7a50, C4<0>, C4<0>;
L_000002268da199b0 .functor BUFIF1 1, v000002268dbd2020_0, L_000002268dcc6fb0, C4<0>, C4<0>;
v000002268dbd28e0_0 .net8 "bitline1", 0 0, p000002268db0f808;  1 drivers, strength-aware
v000002268dbd0ae0_0 .net8 "bitline2", 0 0, p000002268db0f838;  1 drivers, strength-aware
v000002268dbd13a0_0 .net "clk", 0 0, o000002268daedc38;  alias, 0 drivers
v000002268dbd19e0_0 .net "d", 0 0, L_000002268dcc6150;  1 drivers
v000002268dbd1760_0 .net "q", 0 0, v000002268dbd2020_0;  1 drivers
v000002268dbd1b20_0 .net "rden1", 0 0, L_000002268dcc7a50;  alias, 1 drivers
v000002268dbd25c0_0 .net "rden2", 0 0, L_000002268dcc6fb0;  alias, 1 drivers
v000002268dbd1260_0 .net "rst", 0 0, o000002268daedcc8;  alias, 0 drivers
v000002268dbd1bc0_0 .net "wren", 0 0, L_000002268dcc6330;  alias, 1 drivers
S_000002268dbe4f60 .scope module, "cell_dff" "dff" 5 13, 6 4 0, S_000002268dbe3fc0;
 .timescale 0 0;
    .port_info 0 /OUTPUT 1 "q";
    .port_info 1 /INPUT 1 "d";
    .port_info 2 /INPUT 1 "wen";
    .port_info 3 /INPUT 1 "clk";
    .port_info 4 /INPUT 1 "rst";
v000002268dbd0a40_0 .net "clk", 0 0, o000002268daedc38;  alias, 0 drivers
v000002268dbd2340_0 .net "d", 0 0, L_000002268dcc6150;  alias, 1 drivers
v000002268dbd2020_0 .var "q", 0 0;
v000002268dbd2700_0 .net "rst", 0 0, o000002268daedcc8;  alias, 0 drivers
v000002268dbd1300_0 .net "wen", 0 0, L_000002268dcc6330;  alias, 1 drivers
S_000002268dbe2850 .scope module, "bit_cell11" "bit_cell" 4 23, 5 2 0, S_000002268dbe2b70;
 .timescale 0 0;
    .port_info 0 /INPUT 1 "clk";
    .port_info 1 /INPUT 1 "rst";
    .port_info 2 /INPUT 1 "d";
    .port_info 3 /INPUT 1 "wren";
    .port_info 4 /INPUT 1 "rden1";
    .port_info 5 /INPUT 1 "rden2";
    .port_info 6 /INOUT 1 "bitline1";
    .port_info 7 /INOUT 1 "bitline2";
L_000002268da18830 .functor BUFIF1 1, v000002268dbd2fc0_0, L_000002268dcc7a50, C4<0>, C4<0>;
L_000002268da19ef0 .functor BUFIF1 1, v000002268dbd2fc0_0, L_000002268dcc6fb0, C4<0>, C4<0>;
v000002268dbd1c60_0 .net8 "bitline1", 0 0, p000002268db0fb38;  1 drivers, strength-aware
v000002268dbd2660_0 .net8 "bitline2", 0 0, p000002268db0fb68;  1 drivers, strength-aware
v000002268dbd1d00_0 .net "clk", 0 0, o000002268daedc38;  alias, 0 drivers
v000002268dbd3060_0 .net "d", 0 0, L_000002268dcc6650;  1 drivers
v000002268dbd0900_0 .net "q", 0 0, v000002268dbd2fc0_0;  1 drivers
v000002268dbd14e0_0 .net "rden1", 0 0, L_000002268dcc7a50;  alias, 1 drivers
v000002268dbd1da0_0 .net "rden2", 0 0, L_000002268dcc6fb0;  alias, 1 drivers
v000002268dbd1f80_0 .net "rst", 0 0, o000002268daedcc8;  alias, 0 drivers
v000002268dbd20c0_0 .net "wren", 0 0, L_000002268dcc6330;  alias, 1 drivers
S_000002268dbe3e30 .scope module, "cell_dff" "dff" 5 13, 6 4 0, S_000002268dbe2850;
 .timescale 0 0;
    .port_info 0 /OUTPUT 1 "q";
    .port_info 1 /INPUT 1 "d";
    .port_info 2 /INPUT 1 "wen";
    .port_info 3 /INPUT 1 "clk";
    .port_info 4 /INPUT 1 "rst";
v000002268dbd1440_0 .net "clk", 0 0, o000002268daedc38;  alias, 0 drivers
v000002268dbd11c0_0 .net "d", 0 0, L_000002268dcc6650;  alias, 1 drivers
v000002268dbd2fc0_0 .var "q", 0 0;
v000002268dbd1e40_0 .net "rst", 0 0, o000002268daedcc8;  alias, 0 drivers
v000002268dbd1a80_0 .net "wen", 0 0, L_000002268dcc6330;  alias, 1 drivers
S_000002268dbe4150 .scope module, "bit_cell12" "bit_cell" 4 24, 5 2 0, S_000002268dbe2b70;
 .timescale 0 0;
    .port_info 0 /INPUT 1 "clk";
    .port_info 1 /INPUT 1 "rst";
    .port_info 2 /INPUT 1 "d";
    .port_info 3 /INPUT 1 "wren";
    .port_info 4 /INPUT 1 "rden1";
    .port_info 5 /INPUT 1 "rden2";
    .port_info 6 /INOUT 1 "bitline1";
    .port_info 7 /INOUT 1 "bitline2";
L_000002268da190f0 .functor BUFIF1 1, v000002268dbd2980_0, L_000002268dcc7a50, C4<0>, C4<0>;
L_000002268da197f0 .functor BUFIF1 1, v000002268dbd2980_0, L_000002268dcc6fb0, C4<0>, C4<0>;
v000002268dbd0cc0_0 .net8 "bitline1", 0 0, p000002268db0fe68;  1 drivers, strength-aware
v000002268dbd0d60_0 .net8 "bitline2", 0 0, p000002268db0fe98;  1 drivers, strength-aware
v000002268dbd1580_0 .net "clk", 0 0, o000002268daedc38;  alias, 0 drivers
v000002268dbd2a20_0 .net "d", 0 0, L_000002268dcc6d30;  1 drivers
v000002268dbd23e0_0 .net "q", 0 0, v000002268dbd2980_0;  1 drivers
v000002268dbd0f40_0 .net "rden1", 0 0, L_000002268dcc7a50;  alias, 1 drivers
v000002268dbd1620_0 .net "rden2", 0 0, L_000002268dcc6fb0;  alias, 1 drivers
v000002268dbd0ea0_0 .net "rst", 0 0, o000002268daedcc8;  alias, 0 drivers
v000002268dbd2b60_0 .net "wren", 0 0, L_000002268dcc6330;  alias, 1 drivers
S_000002268dbe50f0 .scope module, "cell_dff" "dff" 5 13, 6 4 0, S_000002268dbe4150;
 .timescale 0 0;
    .port_info 0 /OUTPUT 1 "q";
    .port_info 1 /INPUT 1 "d";
    .port_info 2 /INPUT 1 "wen";
    .port_info 3 /INPUT 1 "clk";
    .port_info 4 /INPUT 1 "rst";
v000002268dbd2200_0 .net "clk", 0 0, o000002268daedc38;  alias, 0 drivers
v000002268dbd1120_0 .net "d", 0 0, L_000002268dcc6d30;  alias, 1 drivers
v000002268dbd2980_0 .var "q", 0 0;
v000002268dbd0b80_0 .net "rst", 0 0, o000002268daedcc8;  alias, 0 drivers
v000002268dbd22a0_0 .net "wen", 0 0, L_000002268dcc6330;  alias, 1 drivers
S_000002268dbe42e0 .scope module, "bit_cell13" "bit_cell" 4 25, 5 2 0, S_000002268dbe2b70;
 .timescale 0 0;
    .port_info 0 /INPUT 1 "clk";
    .port_info 1 /INPUT 1 "rst";
    .port_info 2 /INPUT 1 "d";
    .port_info 3 /INPUT 1 "wren";
    .port_info 4 /INPUT 1 "rden1";
    .port_info 5 /INPUT 1 "rden2";
    .port_info 6 /INOUT 1 "bitline1";
    .port_info 7 /INOUT 1 "bitline2";
L_000002268da18c90 .functor BUFIF1 1, v000002268dbd2c00_0, L_000002268dcc7a50, C4<0>, C4<0>;
L_000002268da19320 .functor BUFIF1 1, v000002268dbd2c00_0, L_000002268dcc6fb0, C4<0>, C4<0>;
v000002268dbd2480_0 .net8 "bitline1", 0 0, p000002268db10198;  1 drivers, strength-aware
v000002268dbd2d40_0 .net8 "bitline2", 0 0, p000002268db101c8;  1 drivers, strength-aware
v000002268dbd2de0_0 .net "clk", 0 0, o000002268daedc38;  alias, 0 drivers
v000002268dbd0fe0_0 .net "d", 0 0, L_000002268dcc61f0;  1 drivers
v000002268dbd2e80_0 .net "q", 0 0, v000002268dbd2c00_0;  1 drivers
v000002268dbd1080_0 .net "rden1", 0 0, L_000002268dcc7a50;  alias, 1 drivers
v000002268dbd2f20_0 .net "rden2", 0 0, L_000002268dcc6fb0;  alias, 1 drivers
v000002268dbd3420_0 .net "rst", 0 0, o000002268daedcc8;  alias, 0 drivers
v000002268dbd5540_0 .net "wren", 0 0, L_000002268dcc6330;  alias, 1 drivers
S_000002268dbf8bc0 .scope module, "cell_dff" "dff" 5 13, 6 4 0, S_000002268dbe42e0;
 .timescale 0 0;
    .port_info 0 /OUTPUT 1 "q";
    .port_info 1 /INPUT 1 "d";
    .port_info 2 /INPUT 1 "wen";
    .port_info 3 /INPUT 1 "clk";
    .port_info 4 /INPUT 1 "rst";
v000002268dbd16c0_0 .net "clk", 0 0, o000002268daedc38;  alias, 0 drivers
v000002268dbd0e00_0 .net "d", 0 0, L_000002268dcc61f0;  alias, 1 drivers
v000002268dbd2c00_0 .var "q", 0 0;
v000002268dbd2ca0_0 .net "rst", 0 0, o000002268daedcc8;  alias, 0 drivers
v000002268dbd2520_0 .net "wen", 0 0, L_000002268dcc6330;  alias, 1 drivers
S_000002268dbf7c20 .scope module, "bit_cell14" "bit_cell" 4 26, 5 2 0, S_000002268dbe2b70;
 .timescale 0 0;
    .port_info 0 /INPUT 1 "clk";
    .port_info 1 /INPUT 1 "rst";
    .port_info 2 /INPUT 1 "d";
    .port_info 3 /INPUT 1 "wren";
    .port_info 4 /INPUT 1 "rden1";
    .port_info 5 /INPUT 1 "rden2";
    .port_info 6 /INOUT 1 "bitline1";
    .port_info 7 /INOUT 1 "bitline2";
L_000002268da19400 .functor BUFIF1 1, v000002268dbd32e0_0, L_000002268dcc7a50, C4<0>, C4<0>;
L_000002268da19470 .functor BUFIF1 1, v000002268dbd32e0_0, L_000002268dcc6fb0, C4<0>, C4<0>;
v000002268dbd31a0_0 .net8 "bitline1", 0 0, p000002268db104c8;  1 drivers, strength-aware
v000002268dbd55e0_0 .net8 "bitline2", 0 0, p000002268db104f8;  1 drivers, strength-aware
v000002268dbd50e0_0 .net "clk", 0 0, o000002268daedc38;  alias, 0 drivers
v000002268dbd3600_0 .net "d", 0 0, L_000002268dcc7730;  1 drivers
v000002268dbd37e0_0 .net "q", 0 0, v000002268dbd32e0_0;  1 drivers
v000002268dbd3880_0 .net "rden1", 0 0, L_000002268dcc7a50;  alias, 1 drivers
v000002268dbd3ba0_0 .net "rden2", 0 0, L_000002268dcc6fb0;  alias, 1 drivers
v000002268dbd5180_0 .net "rst", 0 0, o000002268daedcc8;  alias, 0 drivers
v000002268dbd39c0_0 .net "wren", 0 0, L_000002268dcc6330;  alias, 1 drivers
S_000002268dbfb2d0 .scope module, "cell_dff" "dff" 5 13, 6 4 0, S_000002268dbf7c20;
 .timescale 0 0;
    .port_info 0 /OUTPUT 1 "q";
    .port_info 1 /INPUT 1 "d";
    .port_info 2 /INPUT 1 "wen";
    .port_info 3 /INPUT 1 "clk";
    .port_info 4 /INPUT 1 "rst";
v000002268dbd4960_0 .net "clk", 0 0, o000002268daedc38;  alias, 0 drivers
v000002268dbd3f60_0 .net "d", 0 0, L_000002268dcc7730;  alias, 1 drivers
v000002268dbd32e0_0 .var "q", 0 0;
v000002268dbd4dc0_0 .net "rst", 0 0, o000002268daedcc8;  alias, 0 drivers
v000002268dbd4e60_0 .net "wen", 0 0, L_000002268dcc6330;  alias, 1 drivers
S_000002268dbfb140 .scope module, "bit_cell15" "bit_cell" 4 27, 5 2 0, S_000002268dbe2b70;
 .timescale 0 0;
    .port_info 0 /INPUT 1 "clk";
    .port_info 1 /INPUT 1 "rst";
    .port_info 2 /INPUT 1 "d";
    .port_info 3 /INPUT 1 "wren";
    .port_info 4 /INPUT 1 "rden1";
    .port_info 5 /INPUT 1 "rden2";
    .port_info 6 /INOUT 1 "bitline1";
    .port_info 7 /INOUT 1 "bitline2";
L_000002268da19550 .functor BUFIF1 1, v000002268dbd57c0_0, L_000002268dcc7a50, C4<0>, C4<0>;
L_000002268da19860 .functor BUFIF1 1, v000002268dbd57c0_0, L_000002268dcc6fb0, C4<0>, C4<0>;
v000002268dbd52c0_0 .net8 "bitline1", 0 0, p000002268db107f8;  1 drivers, strength-aware
v000002268dbd36a0_0 .net8 "bitline2", 0 0, p000002268db10828;  1 drivers, strength-aware
v000002268dbd4140_0 .net "clk", 0 0, o000002268daedc38;  alias, 0 drivers
v000002268dbd5040_0 .net "d", 0 0, L_000002268dcc7f50;  1 drivers
v000002268dbd34c0_0 .net "q", 0 0, v000002268dbd57c0_0;  1 drivers
v000002268dbd3c40_0 .net "rden1", 0 0, L_000002268dcc7a50;  alias, 1 drivers
v000002268dbd3ce0_0 .net "rden2", 0 0, L_000002268dcc6fb0;  alias, 1 drivers
v000002268dbd41e0_0 .net "rst", 0 0, o000002268daedcc8;  alias, 0 drivers
v000002268dbd5220_0 .net "wren", 0 0, L_000002268dcc6330;  alias, 1 drivers
S_000002268dbf80d0 .scope module, "cell_dff" "dff" 5 13, 6 4 0, S_000002268dbfb140;
 .timescale 0 0;
    .port_info 0 /OUTPUT 1 "q";
    .port_info 1 /INPUT 1 "d";
    .port_info 2 /INPUT 1 "wen";
    .port_info 3 /INPUT 1 "clk";
    .port_info 4 /INPUT 1 "rst";
v000002268dbd4d20_0 .net "clk", 0 0, o000002268daedc38;  alias, 0 drivers
v000002268dbd40a0_0 .net "d", 0 0, L_000002268dcc7f50;  alias, 1 drivers
v000002268dbd57c0_0 .var "q", 0 0;
v000002268dbd3a60_0 .net "rst", 0 0, o000002268daedcc8;  alias, 0 drivers
v000002268dbd4000_0 .net "wen", 0 0, L_000002268dcc6330;  alias, 1 drivers
S_000002268dbf9520 .scope module, "bit_cell2" "bit_cell" 4 14, 5 2 0, S_000002268dbe2b70;
 .timescale 0 0;
    .port_info 0 /INPUT 1 "clk";
    .port_info 1 /INPUT 1 "rst";
    .port_info 2 /INPUT 1 "d";
    .port_info 3 /INPUT 1 "wren";
    .port_info 4 /INPUT 1 "rden1";
    .port_info 5 /INPUT 1 "rden2";
    .port_info 6 /INOUT 1 "bitline1";
    .port_info 7 /INOUT 1 "bitline2";
L_000002268d9e44d0 .functor BUFIF1 1, v000002268dbd3b00_0, L_000002268dcc7a50, C4<0>, C4<0>;
L_000002268d9e4540 .functor BUFIF1 1, v000002268dbd3b00_0, L_000002268dcc6fb0, C4<0>, C4<0>;
v000002268dbd3e20_0 .net8 "bitline1", 0 0, p000002268db10b28;  1 drivers, strength-aware
v000002268dbd3560_0 .net8 "bitline2", 0 0, p000002268db10b58;  1 drivers, strength-aware
v000002268dbd5680_0 .net "clk", 0 0, o000002268daedc38;  alias, 0 drivers
v000002268dbd3d80_0 .net "d", 0 0, L_000002268dcc6290;  1 drivers
v000002268dbd4be0_0 .net "q", 0 0, v000002268dbd3b00_0;  1 drivers
v000002268dbd4a00_0 .net "rden1", 0 0, L_000002268dcc7a50;  alias, 1 drivers
v000002268dbd4f00_0 .net "rden2", 0 0, L_000002268dcc6fb0;  alias, 1 drivers
v000002268dbd3ec0_0 .net "rst", 0 0, o000002268daedcc8;  alias, 0 drivers
v000002268dbd5860_0 .net "wren", 0 0, L_000002268dcc6330;  alias, 1 drivers
S_000002268dbf6af0 .scope module, "cell_dff" "dff" 5 13, 6 4 0, S_000002268dbf9520;
 .timescale 0 0;
    .port_info 0 /OUTPUT 1 "q";
    .port_info 1 /INPUT 1 "d";
    .port_info 2 /INPUT 1 "wen";
    .port_info 3 /INPUT 1 "clk";
    .port_info 4 /INPUT 1 "rst";
v000002268dbd46e0_0 .net "clk", 0 0, o000002268daedc38;  alias, 0 drivers
v000002268dbd3920_0 .net "d", 0 0, L_000002268dcc6290;  alias, 1 drivers
v000002268dbd3b00_0 .var "q", 0 0;
v000002268dbd45a0_0 .net "rst", 0 0, o000002268daedcc8;  alias, 0 drivers
v000002268dbd3740_0 .net "wen", 0 0, L_000002268dcc6330;  alias, 1 drivers
S_000002268dbf8260 .scope module, "bit_cell3" "bit_cell" 4 15, 5 2 0, S_000002268dbe2b70;
 .timescale 0 0;
    .port_info 0 /INPUT 1 "clk";
    .port_info 1 /INPUT 1 "rst";
    .port_info 2 /INPUT 1 "d";
    .port_info 3 /INPUT 1 "wren";
    .port_info 4 /INPUT 1 "rden1";
    .port_info 5 /INPUT 1 "rden2";
    .port_info 6 /INOUT 1 "bitline1";
    .port_info 7 /INOUT 1 "bitline2";
L_000002268d9e4850 .functor BUFIF1 1, v000002268dbd5720_0, L_000002268dcc7a50, C4<0>, C4<0>;
L_000002268d9e48c0 .functor BUFIF1 1, v000002268dbd5720_0, L_000002268dcc6fb0, C4<0>, C4<0>;
v000002268dbd4320_0 .net8 "bitline1", 0 0, p000002268db10e58;  1 drivers, strength-aware
v000002268dbd43c0_0 .net8 "bitline2", 0 0, p000002268db10e88;  1 drivers, strength-aware
v000002268dbd4500_0 .net "clk", 0 0, o000002268daedc38;  alias, 0 drivers
v000002268dbd4640_0 .net "d", 0 0, L_000002268dcc6830;  1 drivers
v000002268dbd4820_0 .net "q", 0 0, v000002268dbd5720_0;  1 drivers
v000002268dbd48c0_0 .net "rden1", 0 0, L_000002268dcc7a50;  alias, 1 drivers
v000002268dbd4aa0_0 .net "rden2", 0 0, L_000002268dcc6fb0;  alias, 1 drivers
v000002268dbd5360_0 .net "rst", 0 0, o000002268daedcc8;  alias, 0 drivers
v000002268dbd54a0_0 .net "wren", 0 0, L_000002268dcc6330;  alias, 1 drivers
S_000002268dbfab00 .scope module, "cell_dff" "dff" 5 13, 6 4 0, S_000002268dbf8260;
 .timescale 0 0;
    .port_info 0 /OUTPUT 1 "q";
    .port_info 1 /INPUT 1 "d";
    .port_info 2 /INPUT 1 "wen";
    .port_info 3 /INPUT 1 "clk";
    .port_info 4 /INPUT 1 "rst";
v000002268dbd4460_0 .net "clk", 0 0, o000002268daedc38;  alias, 0 drivers
v000002268dbd4280_0 .net "d", 0 0, L_000002268dcc6830;  alias, 1 drivers
v000002268dbd5720_0 .var "q", 0 0;
v000002268dbd4780_0 .net "rst", 0 0, o000002268daedcc8;  alias, 0 drivers
v000002268dbd3380_0 .net "wen", 0 0, L_000002268dcc6330;  alias, 1 drivers
S_000002268dbfa970 .scope module, "bit_cell4" "bit_cell" 4 16, 5 2 0, S_000002268dbe2b70;
 .timescale 0 0;
    .port_info 0 /INPUT 1 "clk";
    .port_info 1 /INPUT 1 "rst";
    .port_info 2 /INPUT 1 "d";
    .port_info 3 /INPUT 1 "wren";
    .port_info 4 /INPUT 1 "rden1";
    .port_info 5 /INPUT 1 "rden2";
    .port_info 6 /INOUT 1 "bitline1";
    .port_info 7 /INOUT 1 "bitline2";
L_000002268d9e4e00 .functor BUFIF1 1, v000002268dbd4b40_0, L_000002268dcc7a50, C4<0>, C4<0>;
L_000002268d9e4930 .functor BUFIF1 1, v000002268dbd4b40_0, L_000002268dcc6fb0, C4<0>, C4<0>;
v000002268dbd5400_0 .net8 "bitline1", 0 0, p000002268db11188;  1 drivers, strength-aware
v000002268dbd64e0_0 .net8 "bitline2", 0 0, p000002268db111b8;  1 drivers, strength-aware
v000002268dbd6300_0 .net "clk", 0 0, o000002268daedc38;  alias, 0 drivers
v000002268dbd6e40_0 .net "d", 0 0, L_000002268dcc7690;  1 drivers
v000002268dbd6440_0 .net "q", 0 0, v000002268dbd4b40_0;  1 drivers
v000002268dbd7f20_0 .net "rden1", 0 0, L_000002268dcc7a50;  alias, 1 drivers
v000002268dbd6800_0 .net "rden2", 0 0, L_000002268dcc6fb0;  alias, 1 drivers
v000002268dbd6940_0 .net "rst", 0 0, o000002268daedcc8;  alias, 0 drivers
v000002268dbd77a0_0 .net "wren", 0 0, L_000002268dcc6330;  alias, 1 drivers
S_000002268dbfac90 .scope module, "cell_dff" "dff" 5 13, 6 4 0, S_000002268dbfa970;
 .timescale 0 0;
    .port_info 0 /OUTPUT 1 "q";
    .port_info 1 /INPUT 1 "d";
    .port_info 2 /INPUT 1 "wen";
    .port_info 3 /INPUT 1 "clk";
    .port_info 4 /INPUT 1 "rst";
v000002268dbd3240_0 .net "clk", 0 0, o000002268daedc38;  alias, 0 drivers
v000002268dbd3100_0 .net "d", 0 0, L_000002268dcc7690;  alias, 1 drivers
v000002268dbd4b40_0 .var "q", 0 0;
v000002268dbd4c80_0 .net "rst", 0 0, o000002268daedcc8;  alias, 0 drivers
v000002268dbd4fa0_0 .net "wen", 0 0, L_000002268dcc6330;  alias, 1 drivers
S_000002268dbfa650 .scope module, "bit_cell5" "bit_cell" 4 17, 5 2 0, S_000002268dbe2b70;
 .timescale 0 0;
    .port_info 0 /INPUT 1 "clk";
    .port_info 1 /INPUT 1 "rst";
    .port_info 2 /INPUT 1 "d";
    .port_info 3 /INPUT 1 "wren";
    .port_info 4 /INPUT 1 "rden1";
    .port_info 5 /INPUT 1 "rden2";
    .port_info 6 /INOUT 1 "bitline1";
    .port_info 7 /INOUT 1 "bitline2";
L_000002268da1a4a0 .functor BUFIF1 1, v000002268dbd7c00_0, L_000002268dcc7a50, C4<0>, C4<0>;
L_000002268da1a270 .functor BUFIF1 1, v000002268dbd7c00_0, L_000002268dcc6fb0, C4<0>, C4<0>;
v000002268dbd6580_0 .net8 "bitline1", 0 0, p000002268db114b8;  1 drivers, strength-aware
v000002268dbd7fc0_0 .net8 "bitline2", 0 0, p000002268db114e8;  1 drivers, strength-aware
v000002268dbd7700_0 .net "clk", 0 0, o000002268daedc38;  alias, 0 drivers
v000002268dbd5a40_0 .net "d", 0 0, L_000002268dcc7eb0;  1 drivers
v000002268dbd6c60_0 .net "q", 0 0, v000002268dbd7c00_0;  1 drivers
v000002268dbd68a0_0 .net "rden1", 0 0, L_000002268dcc7a50;  alias, 1 drivers
v000002268dbd6760_0 .net "rden2", 0 0, L_000002268dcc6fb0;  alias, 1 drivers
v000002268dbd69e0_0 .net "rst", 0 0, o000002268daedcc8;  alias, 0 drivers
v000002268dbd7840_0 .net "wren", 0 0, L_000002268dcc6330;  alias, 1 drivers
S_000002268dbfbdc0 .scope module, "cell_dff" "dff" 5 13, 6 4 0, S_000002268dbfa650;
 .timescale 0 0;
    .port_info 0 /OUTPUT 1 "q";
    .port_info 1 /INPUT 1 "d";
    .port_info 2 /INPUT 1 "wen";
    .port_info 3 /INPUT 1 "clk";
    .port_info 4 /INPUT 1 "rst";
v000002268dbd6120_0 .net "clk", 0 0, o000002268daedc38;  alias, 0 drivers
v000002268dbd73e0_0 .net "d", 0 0, L_000002268dcc7eb0;  alias, 1 drivers
v000002268dbd7c00_0 .var "q", 0 0;
v000002268dbd6d00_0 .net "rst", 0 0, o000002268daedcc8;  alias, 0 drivers
v000002268dbd7020_0 .net "wen", 0 0, L_000002268dcc6330;  alias, 1 drivers
S_000002268dbf5ce0 .scope module, "bit_cell6" "bit_cell" 4 18, 5 2 0, S_000002268dbe2b70;
 .timescale 0 0;
    .port_info 0 /INPUT 1 "clk";
    .port_info 1 /INPUT 1 "rst";
    .port_info 2 /INPUT 1 "d";
    .port_info 3 /INPUT 1 "wren";
    .port_info 4 /INPUT 1 "rden1";
    .port_info 5 /INPUT 1 "rden2";
    .port_info 6 /INOUT 1 "bitline1";
    .port_info 7 /INOUT 1 "bitline2";
L_000002268da1a2e0 .functor BUFIF1 1, v000002268dbd70c0_0, L_000002268dcc7a50, C4<0>, C4<0>;
L_000002268da18590 .functor BUFIF1 1, v000002268dbd70c0_0, L_000002268dcc6fb0, C4<0>, C4<0>;
v000002268dbd7160_0 .net8 "bitline1", 0 0, p000002268db117e8;  1 drivers, strength-aware
v000002268dbd7ac0_0 .net8 "bitline2", 0 0, p000002268db11818;  1 drivers, strength-aware
v000002268dbd6a80_0 .net "clk", 0 0, o000002268daedc38;  alias, 0 drivers
v000002268dbd8060_0 .net "d", 0 0, L_000002268dcc60b0;  1 drivers
v000002268dbd7660_0 .net "q", 0 0, v000002268dbd70c0_0;  1 drivers
v000002268dbd6b20_0 .net "rden1", 0 0, L_000002268dcc7a50;  alias, 1 drivers
v000002268dbd6bc0_0 .net "rden2", 0 0, L_000002268dcc6fb0;  alias, 1 drivers
v000002268dbd5900_0 .net "rst", 0 0, o000002268daedcc8;  alias, 0 drivers
v000002268dbd7200_0 .net "wren", 0 0, L_000002268dcc6330;  alias, 1 drivers
S_000002268dbf7f40 .scope module, "cell_dff" "dff" 5 13, 6 4 0, S_000002268dbf5ce0;
 .timescale 0 0;
    .port_info 0 /OUTPUT 1 "q";
    .port_info 1 /INPUT 1 "d";
    .port_info 2 /INPUT 1 "wen";
    .port_info 3 /INPUT 1 "clk";
    .port_info 4 /INPUT 1 "rst";
v000002268dbd78e0_0 .net "clk", 0 0, o000002268daedc38;  alias, 0 drivers
v000002268dbd7ca0_0 .net "d", 0 0, L_000002268dcc60b0;  alias, 1 drivers
v000002268dbd70c0_0 .var "q", 0 0;
v000002268dbd7980_0 .net "rst", 0 0, o000002268daedcc8;  alias, 0 drivers
v000002268dbd61c0_0 .net "wen", 0 0, L_000002268dcc6330;  alias, 1 drivers
S_000002268dbfafb0 .scope module, "bit_cell7" "bit_cell" 4 19, 5 2 0, S_000002268dbe2b70;
 .timescale 0 0;
    .port_info 0 /INPUT 1 "clk";
    .port_info 1 /INPUT 1 "rst";
    .port_info 2 /INPUT 1 "d";
    .port_info 3 /INPUT 1 "wren";
    .port_info 4 /INPUT 1 "rden1";
    .port_info 5 /INPUT 1 "rden2";
    .port_info 6 /INOUT 1 "bitline1";
    .port_info 7 /INOUT 1 "bitline2";
L_000002268da19da0 .functor BUFIF1 1, v000002268dbd6da0_0, L_000002268dcc7a50, C4<0>, C4<0>;
L_000002268da18c20 .functor BUFIF1 1, v000002268dbd6da0_0, L_000002268dcc6fb0, C4<0>, C4<0>;
v000002268dbd6f80_0 .net8 "bitline1", 0 0, p000002268db11b18;  1 drivers, strength-aware
v000002268dbd72a0_0 .net8 "bitline2", 0 0, p000002268db11b48;  1 drivers, strength-aware
v000002268dbd7480_0 .net "clk", 0 0, o000002268daedc38;  alias, 0 drivers
v000002268dbd5ea0_0 .net "d", 0 0, L_000002268dcc7b90;  1 drivers
v000002268dbd7340_0 .net "q", 0 0, v000002268dbd6da0_0;  1 drivers
v000002268dbd7520_0 .net "rden1", 0 0, L_000002268dcc7a50;  alias, 1 drivers
v000002268dbd7d40_0 .net "rden2", 0 0, L_000002268dcc6fb0;  alias, 1 drivers
v000002268dbd6260_0 .net "rst", 0 0, o000002268daedcc8;  alias, 0 drivers
v000002268dbd75c0_0 .net "wren", 0 0, L_000002268dcc6330;  alias, 1 drivers
S_000002268dbf8ee0 .scope module, "cell_dff" "dff" 5 13, 6 4 0, S_000002268dbfafb0;
 .timescale 0 0;
    .port_info 0 /OUTPUT 1 "q";
    .port_info 1 /INPUT 1 "d";
    .port_info 2 /INPUT 1 "wen";
    .port_info 3 /INPUT 1 "clk";
    .port_info 4 /INPUT 1 "rst";
v000002268dbd7a20_0 .net "clk", 0 0, o000002268daedc38;  alias, 0 drivers
v000002268dbd6620_0 .net "d", 0 0, L_000002268dcc7b90;  alias, 1 drivers
v000002268dbd6da0_0 .var "q", 0 0;
v000002268dbd6ee0_0 .net "rst", 0 0, o000002268daedcc8;  alias, 0 drivers
v000002268dbd7b60_0 .net "wen", 0 0, L_000002268dcc6330;  alias, 1 drivers
S_000002268dbfb460 .scope module, "bit_cell8" "bit_cell" 4 20, 5 2 0, S_000002268dbe2b70;
 .timescale 0 0;
    .port_info 0 /INPUT 1 "clk";
    .port_info 1 /INPUT 1 "rst";
    .port_info 2 /INPUT 1 "d";
    .port_info 3 /INPUT 1 "wren";
    .port_info 4 /INPUT 1 "rden1";
    .port_info 5 /INPUT 1 "rden2";
    .port_info 6 /INOUT 1 "bitline1";
    .port_info 7 /INOUT 1 "bitline2";
L_000002268da18670 .functor BUFIF1 1, v000002268dbd59a0_0, L_000002268dcc7a50, C4<0>, C4<0>;
L_000002268da19630 .functor BUFIF1 1, v000002268dbd59a0_0, L_000002268dcc6fb0, C4<0>, C4<0>;
v000002268dbd5c20_0 .net8 "bitline1", 0 0, p000002268db11e48;  1 drivers, strength-aware
v000002268dbd5cc0_0 .net8 "bitline2", 0 0, p000002268db11e78;  1 drivers, strength-aware
v000002268dbd5d60_0 .net "clk", 0 0, o000002268daedc38;  alias, 0 drivers
v000002268dbd5e00_0 .net "d", 0 0, L_000002268dcc7910;  1 drivers
v000002268dbd5f40_0 .net "q", 0 0, v000002268dbd59a0_0;  1 drivers
v000002268dbd5fe0_0 .net "rden1", 0 0, L_000002268dcc7a50;  alias, 1 drivers
v000002268dbd6080_0 .net "rden2", 0 0, L_000002268dcc6fb0;  alias, 1 drivers
v000002268dbd63a0_0 .net "rst", 0 0, o000002268daedcc8;  alias, 0 drivers
v000002268dbd66c0_0 .net "wren", 0 0, L_000002268dcc6330;  alias, 1 drivers
S_000002268dbf7db0 .scope module, "cell_dff" "dff" 5 13, 6 4 0, S_000002268dbfb460;
 .timescale 0 0;
    .port_info 0 /OUTPUT 1 "q";
    .port_info 1 /INPUT 1 "d";
    .port_info 2 /INPUT 1 "wen";
    .port_info 3 /INPUT 1 "clk";
    .port_info 4 /INPUT 1 "rst";
v000002268dbd7de0_0 .net "clk", 0 0, o000002268daedc38;  alias, 0 drivers
v000002268dbd7e80_0 .net "d", 0 0, L_000002268dcc7910;  alias, 1 drivers
v000002268dbd59a0_0 .var "q", 0 0;
v000002268dbd5ae0_0 .net "rst", 0 0, o000002268daedcc8;  alias, 0 drivers
v000002268dbd5b80_0 .net "wen", 0 0, L_000002268dcc6330;  alias, 1 drivers
S_000002268dbf64b0 .scope module, "bit_cell9" "bit_cell" 4 21, 5 2 0, S_000002268dbe2b70;
 .timescale 0 0;
    .port_info 0 /INPUT 1 "clk";
    .port_info 1 /INPUT 1 "rst";
    .port_info 2 /INPUT 1 "d";
    .port_info 3 /INPUT 1 "wren";
    .port_info 4 /INPUT 1 "rden1";
    .port_info 5 /INPUT 1 "rden2";
    .port_info 6 /INOUT 1 "bitline1";
    .port_info 7 /INOUT 1 "bitline2";
L_000002268da18600 .functor BUFIF1 1, v000002268dbd8ce0_0, L_000002268dcc7a50, C4<0>, C4<0>;
L_000002268da18e50 .functor BUFIF1 1, v000002268dbd8ce0_0, L_000002268dcc6fb0, C4<0>, C4<0>;
v000002268dbd9140_0 .net8 "bitline1", 0 0, p000002268db12178;  1 drivers, strength-aware
v000002268dbd9780_0 .net8 "bitline2", 0 0, p000002268db121a8;  1 drivers, strength-aware
v000002268dbda5e0_0 .net "clk", 0 0, o000002268daedc38;  alias, 0 drivers
v000002268dbd9000_0 .net "d", 0 0, L_000002268dcc6c90;  1 drivers
v000002268dbd93c0_0 .net "q", 0 0, v000002268dbd8ce0_0;  1 drivers
v000002268dbd90a0_0 .net "rden1", 0 0, L_000002268dcc7a50;  alias, 1 drivers
v000002268dbda2c0_0 .net "rden2", 0 0, L_000002268dcc6fb0;  alias, 1 drivers
v000002268dbd9c80_0 .net "rst", 0 0, o000002268daedcc8;  alias, 0 drivers
v000002268dbda360_0 .net "wren", 0 0, L_000002268dcc6330;  alias, 1 drivers
S_000002268dbf6e10 .scope module, "cell_dff" "dff" 5 13, 6 4 0, S_000002268dbf64b0;
 .timescale 0 0;
    .port_info 0 /OUTPUT 1 "q";
    .port_info 1 /INPUT 1 "d";
    .port_info 2 /INPUT 1 "wen";
    .port_info 3 /INPUT 1 "clk";
    .port_info 4 /INPUT 1 "rst";
v000002268dbd9280_0 .net "clk", 0 0, o000002268daedc38;  alias, 0 drivers
v000002268dbda220_0 .net "d", 0 0, L_000002268dcc6c90;  alias, 1 drivers
v000002268dbd8ce0_0 .var "q", 0 0;
v000002268dbda040_0 .net "rst", 0 0, o000002268daedcc8;  alias, 0 drivers
v000002268dbd96e0_0 .net "wen", 0 0, L_000002268dcc6330;  alias, 1 drivers
S_000002268dbf9390 .scope module, "reg5" "register" 2 28, 4 2 0, S_000002268d492190;
 .timescale 0 0;
    .port_info 0 /INPUT 1 "clk";
    .port_info 1 /INPUT 1 "rst";
    .port_info 2 /INPUT 16 "d";
    .port_info 3 /INPUT 1 "write_reg";
    .port_info 4 /INPUT 1 "rden1";
    .port_info 5 /INPUT 1 "rden2";
    .port_info 6 /INOUT 16 "bitline1";
    .port_info 7 /INOUT 16 "bitline2";
v000002268dbc1ae0_0 .net8 "bitline1", 15 0, p000002268daf1028;  alias, 0 drivers, strength-aware
v000002268dbc3b60_0 .net8 "bitline2", 15 0, p000002268daf1058;  alias, 0 drivers, strength-aware
v000002268dbc2c60_0 .net "clk", 0 0, o000002268daedc38;  alias, 0 drivers
v000002268dbc3160_0 .net "d", 15 0, o000002268daf1088;  alias, 0 drivers
v000002268dbc2760_0 .net "rden1", 0 0, L_000002268dcc9d50;  1 drivers
v000002268dbc1b80_0 .net "rden2", 0 0, L_000002268dcc8f90;  1 drivers
v000002268dbc1cc0_0 .net "rst", 0 0, o000002268daedcc8;  alias, 0 drivers
v000002268dbc35c0_0 .net "write_reg", 0 0, L_000002268dcca2f0;  1 drivers
L_000002268dcc63d0 .part o000002268daf1088, 0, 1;
L_000002268dcc6510 .part o000002268daf1088, 1, 1;
L_000002268dcc7af0 .part o000002268daf1088, 2, 1;
L_000002268dcc6e70 .part o000002268daf1088, 3, 1;
L_000002268dcc6dd0 .part o000002268daf1088, 4, 1;
L_000002268dcc7ff0 .part o000002268daf1088, 5, 1;
L_000002268dcc8130 .part o000002268daf1088, 6, 1;
L_000002268dcc6f10 .part o000002268daf1088, 7, 1;
L_000002268dcc97b0 .part o000002268daf1088, 8, 1;
L_000002268dcc9850 .part o000002268daf1088, 9, 1;
L_000002268dcc9c10 .part o000002268daf1088, 10, 1;
L_000002268dcc8db0 .part o000002268daf1088, 11, 1;
L_000002268dccab10 .part o000002268daf1088, 12, 1;
L_000002268dcca930 .part o000002268daf1088, 13, 1;
L_000002268dcc98f0 .part o000002268daf1088, 14, 1;
L_000002268dcc8810 .part o000002268daf1088, 15, 1;
p000002268db12658 .port I000002268da132c0, L_000002268da19a90;
 .tranvp 16 1 0, I000002268da132c0, p000002268daf1028 p000002268db12658;
p000002268db12688 .port I000002268da12d00, L_000002268da19c50;
 .tranvp 16 1 0, I000002268da12d00, p000002268daf1058 p000002268db12688;
p000002268db129e8 .port I000002268da132c0, L_000002268d9840a0;
 .tranvp 16 1 1, I000002268da132c0, p000002268daf1028 p000002268db129e8;
p000002268db12a18 .port I000002268da12d00, L_000002268d983690;
 .tranvp 16 1 1, I000002268da12d00, p000002268daf1058 p000002268db12a18;
p000002268db14038 .port I000002268da132c0, L_000002268d983ee0;
 .tranvp 16 1 2, I000002268da132c0, p000002268daf1028 p000002268db14038;
p000002268db14068 .port I000002268da12d00, L_000002268d983bd0;
 .tranvp 16 1 2, I000002268da12d00, p000002268daf1058 p000002268db14068;
p000002268db14368 .port I000002268da132c0, L_000002268d983770;
 .tranvp 16 1 3, I000002268da132c0, p000002268daf1028 p000002268db14368;
p000002268db14398 .port I000002268da12d00, L_000002268d983700;
 .tranvp 16 1 3, I000002268da12d00, p000002268daf1058 p000002268db14398;
p000002268db14698 .port I000002268da132c0, L_000002268d983cb0;
 .tranvp 16 1 4, I000002268da132c0, p000002268daf1028 p000002268db14698;
p000002268db146c8 .port I000002268da12d00, L_000002268d984180;
 .tranvp 16 1 4, I000002268da12d00, p000002268daf1058 p000002268db146c8;
p000002268db149c8 .port I000002268da132c0, L_000002268d9832a0;
 .tranvp 16 1 5, I000002268da132c0, p000002268daf1028 p000002268db149c8;
p000002268db149f8 .port I000002268da12d00, L_000002268d983d90;
 .tranvp 16 1 5, I000002268da12d00, p000002268daf1058 p000002268db149f8;
p000002268db14cf8 .port I000002268da132c0, L_000002268d9837e0;
 .tranvp 16 1 6, I000002268da132c0, p000002268daf1028 p000002268db14cf8;
p000002268db14d28 .port I000002268da12d00, L_000002268d9833f0;
 .tranvp 16 1 6, I000002268da12d00, p000002268daf1058 p000002268db14d28;
p000002268db15028 .port I000002268da132c0, L_000002268d986c60;
 .tranvp 16 1 7, I000002268da132c0, p000002268daf1028 p000002268db15028;
p000002268db15058 .port I000002268da12d00, L_000002268d986870;
 .tranvp 16 1 7, I000002268da12d00, p000002268daf1058 p000002268db15058;
p000002268db15358 .port I000002268da132c0, L_000002268d986950;
 .tranvp 16 1 8, I000002268da132c0, p000002268daf1028 p000002268db15358;
p000002268db15388 .port I000002268da12d00, L_000002268d986720;
 .tranvp 16 1 8, I000002268da12d00, p000002268daf1058 p000002268db15388;
p000002268db15688 .port I000002268da132c0, L_000002268d986480;
 .tranvp 16 1 9, I000002268da132c0, p000002268daf1028 p000002268db15688;
p000002268db156b8 .port I000002268da12d00, L_000002268d9862c0;
 .tranvp 16 1 9, I000002268da12d00, p000002268daf1058 p000002268db156b8;
p000002268db12d18 .port I000002268da132c0, L_000002268d986560;
 .tranvp 16 1 10, I000002268da132c0, p000002268daf1028 p000002268db12d18;
p000002268db12d48 .port I000002268da12d00, L_000002268d986a30;
 .tranvp 16 1 10, I000002268da12d00, p000002268daf1058 p000002268db12d48;
p000002268db13048 .port I000002268da132c0, L_000002268d986e90;
 .tranvp 16 1 11, I000002268da132c0, p000002268daf1028 p000002268db13048;
p000002268db13078 .port I000002268da12d00, L_000002268d986f70;
 .tranvp 16 1 11, I000002268da12d00, p000002268daf1058 p000002268db13078;
p000002268db13378 .port I000002268da132c0, L_000002268d987050;
 .tranvp 16 1 12, I000002268da132c0, p000002268daf1028 p000002268db13378;
p000002268db133a8 .port I000002268da12d00, L_000002268d9870c0;
 .tranvp 16 1 12, I000002268da12d00, p000002268daf1058 p000002268db133a8;
p000002268db136a8 .port I000002268da132c0, L_000002268d9a1470;
 .tranvp 16 1 13, I000002268da132c0, p000002268daf1028 p000002268db136a8;
p000002268db136d8 .port I000002268da12d00, L_000002268d9a1240;
 .tranvp 16 1 13, I000002268da12d00, p000002268daf1058 p000002268db136d8;
p000002268db139d8 .port I000002268da132c0, L_000002268d9a1550;
 .tranvp 16 1 14, I000002268da132c0, p000002268daf1028 p000002268db139d8;
p000002268db13a08 .port I000002268da12d00, L_000002268d9a15c0;
 .tranvp 16 1 14, I000002268da12d00, p000002268daf1058 p000002268db13a08;
p000002268db13d08 .port I000002268da132c0, L_000002268d9a09f0;
 .tranvp 16 1 15, I000002268da132c0, p000002268daf1028 p000002268db13d08;
p000002268db13d38 .port I000002268da12d00, L_000002268d9a0c90;
 .tranvp 16 1 15, I000002268da12d00, p000002268daf1058 p000002268db13d38;
S_000002268dbfa7e0 .scope module, "bit_cell0" "bit_cell" 4 12, 5 2 0, S_000002268dbf9390;
 .timescale 0 0;
    .port_info 0 /INPUT 1 "clk";
    .port_info 1 /INPUT 1 "rst";
    .port_info 2 /INPUT 1 "d";
    .port_info 3 /INPUT 1 "wren";
    .port_info 4 /INPUT 1 "rden1";
    .port_info 5 /INPUT 1 "rden2";
    .port_info 6 /INOUT 1 "bitline1";
    .port_info 7 /INOUT 1 "bitline2";
L_000002268da19a90 .functor BUFIF1 1, v000002268dbd9dc0_0, L_000002268dcc9d50, C4<0>, C4<0>;
L_000002268da19c50 .functor BUFIF1 1, v000002268dbd9dc0_0, L_000002268dcc8f90, C4<0>, C4<0>;
v000002268dbda680_0 .net8 "bitline1", 0 0, p000002268db12658;  1 drivers, strength-aware
v000002268dbd8d80_0 .net8 "bitline2", 0 0, p000002268db12688;  1 drivers, strength-aware
v000002268dbd8740_0 .net "clk", 0 0, o000002268daedc38;  alias, 0 drivers
v000002268dbda0e0_0 .net "d", 0 0, L_000002268dcc63d0;  1 drivers
v000002268dbd9500_0 .net "q", 0 0, v000002268dbd9dc0_0;  1 drivers
v000002268dbd8560_0 .net "rden1", 0 0, L_000002268dcc9d50;  alias, 1 drivers
v000002268dbd8f60_0 .net "rden2", 0 0, L_000002268dcc8f90;  alias, 1 drivers
v000002268dbd9be0_0 .net "rst", 0 0, o000002268daedcc8;  alias, 0 drivers
v000002268dbda720_0 .net "wren", 0 0, L_000002268dcca2f0;  alias, 1 drivers
S_000002268dbf6c80 .scope module, "cell_dff" "dff" 5 13, 6 4 0, S_000002268dbfa7e0;
 .timescale 0 0;
    .port_info 0 /OUTPUT 1 "q";
    .port_info 1 /INPUT 1 "d";
    .port_info 2 /INPUT 1 "wen";
    .port_info 3 /INPUT 1 "clk";
    .port_info 4 /INPUT 1 "rst";
v000002268dbda4a0_0 .net "clk", 0 0, o000002268daedc38;  alias, 0 drivers
v000002268dbd9460_0 .net "d", 0 0, L_000002268dcc63d0;  alias, 1 drivers
v000002268dbd9dc0_0 .var "q", 0 0;
v000002268dbd9320_0 .net "rst", 0 0, o000002268daedcc8;  alias, 0 drivers
v000002268dbda540_0 .net "wen", 0 0, L_000002268dcca2f0;  alias, 1 drivers
S_000002268dbf96b0 .scope module, "bit_cell1" "bit_cell" 4 13, 5 2 0, S_000002268dbf9390;
 .timescale 0 0;
    .port_info 0 /INPUT 1 "clk";
    .port_info 1 /INPUT 1 "rst";
    .port_info 2 /INPUT 1 "d";
    .port_info 3 /INPUT 1 "wren";
    .port_info 4 /INPUT 1 "rden1";
    .port_info 5 /INPUT 1 "rden2";
    .port_info 6 /INOUT 1 "bitline1";
    .port_info 7 /INOUT 1 "bitline2";
L_000002268d9840a0 .functor BUFIF1 1, v000002268dbd8a60_0, L_000002268dcc9d50, C4<0>, C4<0>;
L_000002268d983690 .functor BUFIF1 1, v000002268dbd8a60_0, L_000002268dcc8f90, C4<0>, C4<0>;
v000002268dbd81a0_0 .net8 "bitline1", 0 0, p000002268db129e8;  1 drivers, strength-aware
v000002268dbd95a0_0 .net8 "bitline2", 0 0, p000002268db12a18;  1 drivers, strength-aware
v000002268dbd98c0_0 .net "clk", 0 0, o000002268daedc38;  alias, 0 drivers
v000002268dbd9640_0 .net "d", 0 0, L_000002268dcc6510;  1 drivers
v000002268dbd9fa0_0 .net "q", 0 0, v000002268dbd8a60_0;  1 drivers
v000002268dbd9a00_0 .net "rden1", 0 0, L_000002268dcc9d50;  alias, 1 drivers
v000002268dbd86a0_0 .net "rden2", 0 0, L_000002268dcc8f90;  alias, 1 drivers
v000002268dbd9aa0_0 .net "rst", 0 0, o000002268daedcc8;  alias, 0 drivers
v000002268dbda860_0 .net "wren", 0 0, L_000002268dcca2f0;  alias, 1 drivers
S_000002268dbf6640 .scope module, "cell_dff" "dff" 5 13, 6 4 0, S_000002268dbf96b0;
 .timescale 0 0;
    .port_info 0 /OUTPUT 1 "q";
    .port_info 1 /INPUT 1 "d";
    .port_info 2 /INPUT 1 "wen";
    .port_info 3 /INPUT 1 "clk";
    .port_info 4 /INPUT 1 "rst";
v000002268dbda7c0_0 .net "clk", 0 0, o000002268daedc38;  alias, 0 drivers
v000002268dbd8600_0 .net "d", 0 0, L_000002268dcc6510;  alias, 1 drivers
v000002268dbd8a60_0 .var "q", 0 0;
v000002268dbd8c40_0 .net "rst", 0 0, o000002268daedcc8;  alias, 0 drivers
v000002268dbd8e20_0 .net "wen", 0 0, L_000002268dcca2f0;  alias, 1 drivers
S_000002268dbf9840 .scope module, "bit_cell10" "bit_cell" 4 22, 5 2 0, S_000002268dbf9390;
 .timescale 0 0;
    .port_info 0 /INPUT 1 "clk";
    .port_info 1 /INPUT 1 "rst";
    .port_info 2 /INPUT 1 "d";
    .port_info 3 /INPUT 1 "wren";
    .port_info 4 /INPUT 1 "rden1";
    .port_info 5 /INPUT 1 "rden2";
    .port_info 6 /INOUT 1 "bitline1";
    .port_info 7 /INOUT 1 "bitline2";
L_000002268d986560 .functor BUFIF1 1, v000002268dbd9d20_0, L_000002268dcc9d50, C4<0>, C4<0>;
L_000002268d986a30 .functor BUFIF1 1, v000002268dbd9d20_0, L_000002268dcc8f90, C4<0>, C4<0>;
v000002268dbd9f00_0 .net8 "bitline1", 0 0, p000002268db12d18;  1 drivers, strength-aware
v000002268dbda180_0 .net8 "bitline2", 0 0, p000002268db12d48;  1 drivers, strength-aware
v000002268dbd82e0_0 .net "clk", 0 0, o000002268daedc38;  alias, 0 drivers
v000002268dbd8380_0 .net "d", 0 0, L_000002268dcc9c10;  1 drivers
v000002268dbd8420_0 .net "q", 0 0, v000002268dbd9d20_0;  1 drivers
v000002268dbd84c0_0 .net "rden1", 0 0, L_000002268dcc9d50;  alias, 1 drivers
v000002268dbd8880_0 .net "rden2", 0 0, L_000002268dcc8f90;  alias, 1 drivers
v000002268dbd89c0_0 .net "rst", 0 0, o000002268daedcc8;  alias, 0 drivers
v000002268dbd8b00_0 .net "wren", 0 0, L_000002268dcca2f0;  alias, 1 drivers
S_000002268dbf6000 .scope module, "cell_dff" "dff" 5 13, 6 4 0, S_000002268dbf9840;
 .timescale 0 0;
    .port_info 0 /OUTPUT 1 "q";
    .port_info 1 /INPUT 1 "d";
    .port_info 2 /INPUT 1 "wen";
    .port_info 3 /INPUT 1 "clk";
    .port_info 4 /INPUT 1 "rst";
v000002268dbd9b40_0 .net "clk", 0 0, o000002268daedc38;  alias, 0 drivers
v000002268dbd87e0_0 .net "d", 0 0, L_000002268dcc9c10;  alias, 1 drivers
v000002268dbd9d20_0 .var "q", 0 0;
v000002268dbd8ec0_0 .net "rst", 0 0, o000002268daedcc8;  alias, 0 drivers
v000002268dbd8240_0 .net "wen", 0 0, L_000002268dcca2f0;  alias, 1 drivers
S_000002268dbf6fa0 .scope module, "bit_cell11" "bit_cell" 4 23, 5 2 0, S_000002268dbf9390;
 .timescale 0 0;
    .port_info 0 /INPUT 1 "clk";
    .port_info 1 /INPUT 1 "rst";
    .port_info 2 /INPUT 1 "d";
    .port_info 3 /INPUT 1 "wren";
    .port_info 4 /INPUT 1 "rden1";
    .port_info 5 /INPUT 1 "rden2";
    .port_info 6 /INOUT 1 "bitline1";
    .port_info 7 /INOUT 1 "bitline2";
L_000002268d986e90 .functor BUFIF1 1, v000002268dbdc020_0, L_000002268dcc9d50, C4<0>, C4<0>;
L_000002268d986f70 .functor BUFIF1 1, v000002268dbdc020_0, L_000002268dcc8f90, C4<0>, C4<0>;
v000002268dbdc520_0 .net8 "bitline1", 0 0, p000002268db13048;  1 drivers, strength-aware
v000002268dbdd060_0 .net8 "bitline2", 0 0, p000002268db13078;  1 drivers, strength-aware
v000002268dbdca20_0 .net "clk", 0 0, o000002268daedc38;  alias, 0 drivers
v000002268dbdcb60_0 .net "d", 0 0, L_000002268dcc8db0;  1 drivers
v000002268dbdbd00_0 .net "q", 0 0, v000002268dbdc020_0;  1 drivers
v000002268dbdbee0_0 .net "rden1", 0 0, L_000002268dcc9d50;  alias, 1 drivers
v000002268dbdb800_0 .net "rden2", 0 0, L_000002268dcc8f90;  alias, 1 drivers
v000002268dbdc7a0_0 .net "rst", 0 0, o000002268daedcc8;  alias, 0 drivers
v000002268dbdc840_0 .net "wren", 0 0, L_000002268dcca2f0;  alias, 1 drivers
S_000002268dbf7770 .scope module, "cell_dff" "dff" 5 13, 6 4 0, S_000002268dbf6fa0;
 .timescale 0 0;
    .port_info 0 /OUTPUT 1 "q";
    .port_info 1 /INPUT 1 "d";
    .port_info 2 /INPUT 1 "wen";
    .port_info 3 /INPUT 1 "clk";
    .port_info 4 /INPUT 1 "rst";
v000002268dbdcfc0_0 .net "clk", 0 0, o000002268daedc38;  alias, 0 drivers
v000002268dbdab80_0 .net "d", 0 0, L_000002268dcc8db0;  alias, 1 drivers
v000002268dbdc020_0 .var "q", 0 0;
v000002268dbdcac0_0 .net "rst", 0 0, o000002268daedcc8;  alias, 0 drivers
v000002268dbdc0c0_0 .net "wen", 0 0, L_000002268dcca2f0;  alias, 1 drivers
S_000002268dbf99d0 .scope module, "bit_cell12" "bit_cell" 4 24, 5 2 0, S_000002268dbf9390;
 .timescale 0 0;
    .port_info 0 /INPUT 1 "clk";
    .port_info 1 /INPUT 1 "rst";
    .port_info 2 /INPUT 1 "d";
    .port_info 3 /INPUT 1 "wren";
    .port_info 4 /INPUT 1 "rden1";
    .port_info 5 /INPUT 1 "rden2";
    .port_info 6 /INOUT 1 "bitline1";
    .port_info 7 /INOUT 1 "bitline2";
L_000002268d987050 .functor BUFIF1 1, v000002268dbdbda0_0, L_000002268dcc9d50, C4<0>, C4<0>;
L_000002268d9870c0 .functor BUFIF1 1, v000002268dbdbda0_0, L_000002268dcc8f90, C4<0>, C4<0>;
v000002268dbdafe0_0 .net8 "bitline1", 0 0, p000002268db13378;  1 drivers, strength-aware
v000002268dbdaea0_0 .net8 "bitline2", 0 0, p000002268db133a8;  1 drivers, strength-aware
v000002268dbdbbc0_0 .net "clk", 0 0, o000002268daedc38;  alias, 0 drivers
v000002268dbdb620_0 .net "d", 0 0, L_000002268dccab10;  1 drivers
v000002268dbdac20_0 .net "q", 0 0, v000002268dbdbda0_0;  1 drivers
v000002268dbdcc00_0 .net "rden1", 0 0, L_000002268dcc9d50;  alias, 1 drivers
v000002268dbdcca0_0 .net "rden2", 0 0, L_000002268dcc8f90;  alias, 1 drivers
v000002268dbdad60_0 .net "rst", 0 0, o000002268daedcc8;  alias, 0 drivers
v000002268dbdc3e0_0 .net "wren", 0 0, L_000002268dcca2f0;  alias, 1 drivers
S_000002268dbf83f0 .scope module, "cell_dff" "dff" 5 13, 6 4 0, S_000002268dbf99d0;
 .timescale 0 0;
    .port_info 0 /OUTPUT 1 "q";
    .port_info 1 /INPUT 1 "d";
    .port_info 2 /INPUT 1 "wen";
    .port_info 3 /INPUT 1 "clk";
    .port_info 4 /INPUT 1 "rst";
v000002268dbdc980_0 .net "clk", 0 0, o000002268daedc38;  alias, 0 drivers
v000002268dbdbb20_0 .net "d", 0 0, L_000002268dccab10;  alias, 1 drivers
v000002268dbdbda0_0 .var "q", 0 0;
v000002268dbdbf80_0 .net "rst", 0 0, o000002268daedcc8;  alias, 0 drivers
v000002268dbdc8e0_0 .net "wen", 0 0, L_000002268dcca2f0;  alias, 1 drivers
S_000002268dbf7130 .scope module, "bit_cell13" "bit_cell" 4 25, 5 2 0, S_000002268dbf9390;
 .timescale 0 0;
    .port_info 0 /INPUT 1 "clk";
    .port_info 1 /INPUT 1 "rst";
    .port_info 2 /INPUT 1 "d";
    .port_info 3 /INPUT 1 "wren";
    .port_info 4 /INPUT 1 "rden1";
    .port_info 5 /INPUT 1 "rden2";
    .port_info 6 /INOUT 1 "bitline1";
    .port_info 7 /INOUT 1 "bitline2";
L_000002268d9a1470 .functor BUFIF1 1, v000002268dbda900_0, L_000002268dcc9d50, C4<0>, C4<0>;
L_000002268d9a1240 .functor BUFIF1 1, v000002268dbda900_0, L_000002268dcc8f90, C4<0>, C4<0>;
v000002268dbdaae0_0 .net8 "bitline1", 0 0, p000002268db136a8;  1 drivers, strength-aware
v000002268dbdce80_0 .net8 "bitline2", 0 0, p000002268db136d8;  1 drivers, strength-aware
v000002268dbdb080_0 .net "clk", 0 0, o000002268daedc38;  alias, 0 drivers
v000002268dbdb9e0_0 .net "d", 0 0, L_000002268dcca930;  1 drivers
v000002268dbdb760_0 .net "q", 0 0, v000002268dbda900_0;  1 drivers
v000002268dbdcf20_0 .net "rden1", 0 0, L_000002268dcc9d50;  alias, 1 drivers
v000002268dbdb580_0 .net "rden2", 0 0, L_000002268dcc8f90;  alias, 1 drivers
v000002268dbdb3a0_0 .net "rst", 0 0, o000002268daedcc8;  alias, 0 drivers
v000002268dbdb4e0_0 .net "wren", 0 0, L_000002268dcca2f0;  alias, 1 drivers
S_000002268dbfae20 .scope module, "cell_dff" "dff" 5 13, 6 4 0, S_000002268dbf7130;
 .timescale 0 0;
    .port_info 0 /OUTPUT 1 "q";
    .port_info 1 /INPUT 1 "d";
    .port_info 2 /INPUT 1 "wen";
    .port_info 3 /INPUT 1 "clk";
    .port_info 4 /INPUT 1 "rst";
v000002268dbdcd40_0 .net "clk", 0 0, o000002268daedc38;  alias, 0 drivers
v000002268dbdcde0_0 .net "d", 0 0, L_000002268dcca930;  alias, 1 drivers
v000002268dbda900_0 .var "q", 0 0;
v000002268dbdbc60_0 .net "rst", 0 0, o000002268daedcc8;  alias, 0 drivers
v000002268dbdb6c0_0 .net "wen", 0 0, L_000002268dcca2f0;  alias, 1 drivers
S_000002268dbf5e70 .scope module, "bit_cell14" "bit_cell" 4 26, 5 2 0, S_000002268dbf9390;
 .timescale 0 0;
    .port_info 0 /INPUT 1 "clk";
    .port_info 1 /INPUT 1 "rst";
    .port_info 2 /INPUT 1 "d";
    .port_info 3 /INPUT 1 "wren";
    .port_info 4 /INPUT 1 "rden1";
    .port_info 5 /INPUT 1 "rden2";
    .port_info 6 /INOUT 1 "bitline1";
    .port_info 7 /INOUT 1 "bitline2";
L_000002268d9a1550 .functor BUFIF1 1, v000002268dbdb440_0, L_000002268dcc9d50, C4<0>, C4<0>;
L_000002268d9a15c0 .functor BUFIF1 1, v000002268dbdb440_0, L_000002268dcc8f90, C4<0>, C4<0>;
v000002268dbdacc0_0 .net8 "bitline1", 0 0, p000002268db139d8;  1 drivers, strength-aware
v000002268dbdaf40_0 .net8 "bitline2", 0 0, p000002268db13a08;  1 drivers, strength-aware
v000002268dbdae00_0 .net "clk", 0 0, o000002268daedc38;  alias, 0 drivers
v000002268dbdc340_0 .net "d", 0 0, L_000002268dcc98f0;  1 drivers
v000002268dbdbe40_0 .net "q", 0 0, v000002268dbdb440_0;  1 drivers
v000002268dbdb120_0 .net "rden1", 0 0, L_000002268dcc9d50;  alias, 1 drivers
v000002268dbdc700_0 .net "rden2", 0 0, L_000002268dcc8f90;  alias, 1 drivers
v000002268dbdb300_0 .net "rst", 0 0, o000002268daedcc8;  alias, 0 drivers
v000002268dbdc5c0_0 .net "wren", 0 0, L_000002268dcca2f0;  alias, 1 drivers
S_000002268dbf9b60 .scope module, "cell_dff" "dff" 5 13, 6 4 0, S_000002268dbf5e70;
 .timescale 0 0;
    .port_info 0 /OUTPUT 1 "q";
    .port_info 1 /INPUT 1 "d";
    .port_info 2 /INPUT 1 "wen";
    .port_info 3 /INPUT 1 "clk";
    .port_info 4 /INPUT 1 "rst";
v000002268dbda9a0_0 .net "clk", 0 0, o000002268daedc38;  alias, 0 drivers
v000002268dbdb8a0_0 .net "d", 0 0, L_000002268dcc98f0;  alias, 1 drivers
v000002268dbdb440_0 .var "q", 0 0;
v000002268dbdaa40_0 .net "rst", 0 0, o000002268daedcc8;  alias, 0 drivers
v000002268dbdb940_0 .net "wen", 0 0, L_000002268dcca2f0;  alias, 1 drivers
S_000002268dbfb5f0 .scope module, "bit_cell15" "bit_cell" 4 27, 5 2 0, S_000002268dbf9390;
 .timescale 0 0;
    .port_info 0 /INPUT 1 "clk";
    .port_info 1 /INPUT 1 "rst";
    .port_info 2 /INPUT 1 "d";
    .port_info 3 /INPUT 1 "wren";
    .port_info 4 /INPUT 1 "rden1";
    .port_info 5 /INPUT 1 "rden2";
    .port_info 6 /INOUT 1 "bitline1";
    .port_info 7 /INOUT 1 "bitline2";
L_000002268d9a09f0 .functor BUFIF1 1, v000002268dbdc200_0, L_000002268dcc9d50, C4<0>, C4<0>;
L_000002268d9a0c90 .functor BUFIF1 1, v000002268dbdc200_0, L_000002268dcc8f90, C4<0>, C4<0>;
v000002268dbdb260_0 .net8 "bitline1", 0 0, p000002268db13d08;  1 drivers, strength-aware
v000002268dbdc2a0_0 .net8 "bitline2", 0 0, p000002268db13d38;  1 drivers, strength-aware
v000002268dbdc480_0 .net "clk", 0 0, o000002268daedc38;  alias, 0 drivers
v000002268dbddba0_0 .net "d", 0 0, L_000002268dcc8810;  1 drivers
v000002268dbdd9c0_0 .net "q", 0 0, v000002268dbdc200_0;  1 drivers
v000002268dbdf7c0_0 .net "rden1", 0 0, L_000002268dcc9d50;  alias, 1 drivers
v000002268dbdf4a0_0 .net "rden2", 0 0, L_000002268dcc8f90;  alias, 1 drivers
v000002268dbdd380_0 .net "rst", 0 0, o000002268daedcc8;  alias, 0 drivers
v000002268dbde640_0 .net "wren", 0 0, L_000002268dcca2f0;  alias, 1 drivers
S_000002268dbf8580 .scope module, "cell_dff" "dff" 5 13, 6 4 0, S_000002268dbfb5f0;
 .timescale 0 0;
    .port_info 0 /OUTPUT 1 "q";
    .port_info 1 /INPUT 1 "d";
    .port_info 2 /INPUT 1 "wen";
    .port_info 3 /INPUT 1 "clk";
    .port_info 4 /INPUT 1 "rst";
v000002268dbdc160_0 .net "clk", 0 0, o000002268daedc38;  alias, 0 drivers
v000002268dbdc660_0 .net "d", 0 0, L_000002268dcc8810;  alias, 1 drivers
v000002268dbdc200_0 .var "q", 0 0;
v000002268dbdba80_0 .net "rst", 0 0, o000002268daedcc8;  alias, 0 drivers
v000002268dbdb1c0_0 .net "wen", 0 0, L_000002268dcca2f0;  alias, 1 drivers
S_000002268dbf6190 .scope module, "bit_cell2" "bit_cell" 4 14, 5 2 0, S_000002268dbf9390;
 .timescale 0 0;
    .port_info 0 /INPUT 1 "clk";
    .port_info 1 /INPUT 1 "rst";
    .port_info 2 /INPUT 1 "d";
    .port_info 3 /INPUT 1 "wren";
    .port_info 4 /INPUT 1 "rden1";
    .port_info 5 /INPUT 1 "rden2";
    .port_info 6 /INOUT 1 "bitline1";
    .port_info 7 /INOUT 1 "bitline2";
L_000002268d983ee0 .functor BUFIF1 1, v000002268dbdeb40_0, L_000002268dcc9d50, C4<0>, C4<0>;
L_000002268d983bd0 .functor BUFIF1 1, v000002268dbdeb40_0, L_000002268dcc8f90, C4<0>, C4<0>;
v000002268dbde6e0_0 .net8 "bitline1", 0 0, p000002268db14038;  1 drivers, strength-aware
v000002268dbdd420_0 .net8 "bitline2", 0 0, p000002268db14068;  1 drivers, strength-aware
v000002268dbde0a0_0 .net "clk", 0 0, o000002268daedc38;  alias, 0 drivers
v000002268dbdf540_0 .net "d", 0 0, L_000002268dcc7af0;  1 drivers
v000002268dbdd600_0 .net "q", 0 0, v000002268dbdeb40_0;  1 drivers
v000002268dbdda60_0 .net "rden1", 0 0, L_000002268dcc9d50;  alias, 1 drivers
v000002268dbddd80_0 .net "rden2", 0 0, L_000002268dcc8f90;  alias, 1 drivers
v000002268dbddce0_0 .net "rst", 0 0, o000002268daedcc8;  alias, 0 drivers
v000002268dbddb00_0 .net "wren", 0 0, L_000002268dcca2f0;  alias, 1 drivers
S_000002268dbf8710 .scope module, "cell_dff" "dff" 5 13, 6 4 0, S_000002268dbf6190;
 .timescale 0 0;
    .port_info 0 /OUTPUT 1 "q";
    .port_info 1 /INPUT 1 "d";
    .port_info 2 /INPUT 1 "wen";
    .port_info 3 /INPUT 1 "clk";
    .port_info 4 /INPUT 1 "rst";
v000002268dbdf5e0_0 .net "clk", 0 0, o000002268daedc38;  alias, 0 drivers
v000002268dbde000_0 .net "d", 0 0, L_000002268dcc7af0;  alias, 1 drivers
v000002268dbdeb40_0 .var "q", 0 0;
v000002268dbdf360_0 .net "rst", 0 0, o000002268daedcc8;  alias, 0 drivers
v000002268dbde280_0 .net "wen", 0 0, L_000002268dcca2f0;  alias, 1 drivers
S_000002268dbf88a0 .scope module, "bit_cell3" "bit_cell" 4 15, 5 2 0, S_000002268dbf9390;
 .timescale 0 0;
    .port_info 0 /INPUT 1 "clk";
    .port_info 1 /INPUT 1 "rst";
    .port_info 2 /INPUT 1 "d";
    .port_info 3 /INPUT 1 "wren";
    .port_info 4 /INPUT 1 "rden1";
    .port_info 5 /INPUT 1 "rden2";
    .port_info 6 /INOUT 1 "bitline1";
    .port_info 7 /INOUT 1 "bitline2";
L_000002268d983770 .functor BUFIF1 1, v000002268dbde780_0, L_000002268dcc9d50, C4<0>, C4<0>;
L_000002268d983700 .functor BUFIF1 1, v000002268dbde780_0, L_000002268dcc8f90, C4<0>, C4<0>;
v000002268dbde820_0 .net8 "bitline1", 0 0, p000002268db14368;  1 drivers, strength-aware
v000002268dbdebe0_0 .net8 "bitline2", 0 0, p000002268db14398;  1 drivers, strength-aware
v000002268dbdf400_0 .net "clk", 0 0, o000002268daedc38;  alias, 0 drivers
v000002268dbddc40_0 .net "d", 0 0, L_000002268dcc6e70;  1 drivers
v000002268dbde8c0_0 .net "q", 0 0, v000002268dbde780_0;  1 drivers
v000002268dbde320_0 .net "rden1", 0 0, L_000002268dcc9d50;  alias, 1 drivers
v000002268dbdd2e0_0 .net "rden2", 0 0, L_000002268dcc8f90;  alias, 1 drivers
v000002268dbde500_0 .net "rst", 0 0, o000002268daedcc8;  alias, 0 drivers
v000002268dbdef00_0 .net "wren", 0 0, L_000002268dcca2f0;  alias, 1 drivers
S_000002268dbfbc30 .scope module, "cell_dff" "dff" 5 13, 6 4 0, S_000002268dbf88a0;
 .timescale 0 0;
    .port_info 0 /OUTPUT 1 "q";
    .port_info 1 /INPUT 1 "d";
    .port_info 2 /INPUT 1 "wen";
    .port_info 3 /INPUT 1 "clk";
    .port_info 4 /INPUT 1 "rst";
v000002268dbdf2c0_0 .net "clk", 0 0, o000002268daedc38;  alias, 0 drivers
v000002268dbdf040_0 .net "d", 0 0, L_000002268dcc6e70;  alias, 1 drivers
v000002268dbde780_0 .var "q", 0 0;
v000002268dbdde20_0 .net "rst", 0 0, o000002268daedcc8;  alias, 0 drivers
v000002268dbdee60_0 .net "wen", 0 0, L_000002268dcca2f0;  alias, 1 drivers
S_000002268dbfb780 .scope module, "bit_cell4" "bit_cell" 4 16, 5 2 0, S_000002268dbf9390;
 .timescale 0 0;
    .port_info 0 /INPUT 1 "clk";
    .port_info 1 /INPUT 1 "rst";
    .port_info 2 /INPUT 1 "d";
    .port_info 3 /INPUT 1 "wren";
    .port_info 4 /INPUT 1 "rden1";
    .port_info 5 /INPUT 1 "rden2";
    .port_info 6 /INOUT 1 "bitline1";
    .port_info 7 /INOUT 1 "bitline2";
L_000002268d983cb0 .functor BUFIF1 1, v000002268dbde460_0, L_000002268dcc9d50, C4<0>, C4<0>;
L_000002268d984180 .functor BUFIF1 1, v000002268dbde460_0, L_000002268dcc8f90, C4<0>, C4<0>;
v000002268dbdf0e0_0 .net8 "bitline1", 0 0, p000002268db14698;  1 drivers, strength-aware
v000002268dbdf680_0 .net8 "bitline2", 0 0, p000002268db146c8;  1 drivers, strength-aware
v000002268dbde960_0 .net "clk", 0 0, o000002268daedc38;  alias, 0 drivers
v000002268dbddec0_0 .net "d", 0 0, L_000002268dcc6dd0;  1 drivers
v000002268dbddf60_0 .net "q", 0 0, v000002268dbde460_0;  1 drivers
v000002268dbdf860_0 .net "rden1", 0 0, L_000002268dcc9d50;  alias, 1 drivers
v000002268dbdf720_0 .net "rden2", 0 0, L_000002268dcc8f90;  alias, 1 drivers
v000002268dbdd4c0_0 .net "rst", 0 0, o000002268daedcc8;  alias, 0 drivers
v000002268dbdea00_0 .net "wren", 0 0, L_000002268dcca2f0;  alias, 1 drivers
S_000002268dbf8a30 .scope module, "cell_dff" "dff" 5 13, 6 4 0, S_000002268dbfb780;
 .timescale 0 0;
    .port_info 0 /OUTPUT 1 "q";
    .port_info 1 /INPUT 1 "d";
    .port_info 2 /INPUT 1 "wen";
    .port_info 3 /INPUT 1 "clk";
    .port_info 4 /INPUT 1 "rst";
v000002268dbde3c0_0 .net "clk", 0 0, o000002268daedc38;  alias, 0 drivers
v000002268dbdedc0_0 .net "d", 0 0, L_000002268dcc6dd0;  alias, 1 drivers
v000002268dbde460_0 .var "q", 0 0;
v000002268dbde140_0 .net "rst", 0 0, o000002268daedcc8;  alias, 0 drivers
v000002268dbdd100_0 .net "wen", 0 0, L_000002268dcca2f0;  alias, 1 drivers
S_000002268dbf6320 .scope module, "bit_cell5" "bit_cell" 4 17, 5 2 0, S_000002268dbf9390;
 .timescale 0 0;
    .port_info 0 /INPUT 1 "clk";
    .port_info 1 /INPUT 1 "rst";
    .port_info 2 /INPUT 1 "d";
    .port_info 3 /INPUT 1 "wren";
    .port_info 4 /INPUT 1 "rden1";
    .port_info 5 /INPUT 1 "rden2";
    .port_info 6 /INOUT 1 "bitline1";
    .port_info 7 /INOUT 1 "bitline2";
L_000002268d9832a0 .functor BUFIF1 1, v000002268dbde5a0_0, L_000002268dcc9d50, C4<0>, C4<0>;
L_000002268d983d90 .functor BUFIF1 1, v000002268dbde5a0_0, L_000002268dcc8f90, C4<0>, C4<0>;
v000002268dbdec80_0 .net8 "bitline1", 0 0, p000002268db149c8;  1 drivers, strength-aware
v000002268dbded20_0 .net8 "bitline2", 0 0, p000002268db149f8;  1 drivers, strength-aware
v000002268dbdefa0_0 .net "clk", 0 0, o000002268daedc38;  alias, 0 drivers
v000002268dbdf180_0 .net "d", 0 0, L_000002268dcc7ff0;  1 drivers
v000002268dbdd1a0_0 .net "q", 0 0, v000002268dbde5a0_0;  1 drivers
v000002268dbdd240_0 .net "rden1", 0 0, L_000002268dcc9d50;  alias, 1 drivers
v000002268dbdd6a0_0 .net "rden2", 0 0, L_000002268dcc8f90;  alias, 1 drivers
v000002268dbdd740_0 .net "rst", 0 0, o000002268daedcc8;  alias, 0 drivers
v000002268dbdd7e0_0 .net "wren", 0 0, L_000002268dcca2f0;  alias, 1 drivers
S_000002268dbf8d50 .scope module, "cell_dff" "dff" 5 13, 6 4 0, S_000002268dbf6320;
 .timescale 0 0;
    .port_info 0 /OUTPUT 1 "q";
    .port_info 1 /INPUT 1 "d";
    .port_info 2 /INPUT 1 "wen";
    .port_info 3 /INPUT 1 "clk";
    .port_info 4 /INPUT 1 "rst";
v000002268dbdd560_0 .net "clk", 0 0, o000002268daedc38;  alias, 0 drivers
v000002268dbde1e0_0 .net "d", 0 0, L_000002268dcc7ff0;  alias, 1 drivers
v000002268dbde5a0_0 .var "q", 0 0;
v000002268dbdeaa0_0 .net "rst", 0 0, o000002268daedcc8;  alias, 0 drivers
v000002268dbdf220_0 .net "wen", 0 0, L_000002268dcca2f0;  alias, 1 drivers
S_000002268dbf67d0 .scope module, "bit_cell6" "bit_cell" 4 18, 5 2 0, S_000002268dbf9390;
 .timescale 0 0;
    .port_info 0 /INPUT 1 "clk";
    .port_info 1 /INPUT 1 "rst";
    .port_info 2 /INPUT 1 "d";
    .port_info 3 /INPUT 1 "wren";
    .port_info 4 /INPUT 1 "rden1";
    .port_info 5 /INPUT 1 "rden2";
    .port_info 6 /INOUT 1 "bitline1";
    .port_info 7 /INOUT 1 "bitline2";
L_000002268d9837e0 .functor BUFIF1 1, v000002268dbdfe00_0, L_000002268dcc9d50, C4<0>, C4<0>;
L_000002268d9833f0 .functor BUFIF1 1, v000002268dbdfe00_0, L_000002268dcc8f90, C4<0>, C4<0>;
v000002268dbe0620_0 .net8 "bitline1", 0 0, p000002268db14cf8;  1 drivers, strength-aware
v000002268dbe1160_0 .net8 "bitline2", 0 0, p000002268db14d28;  1 drivers, strength-aware
v000002268dbe0da0_0 .net "clk", 0 0, o000002268daedc38;  alias, 0 drivers
v000002268dbe0760_0 .net "d", 0 0, L_000002268dcc8130;  1 drivers
v000002268dbe1480_0 .net "q", 0 0, v000002268dbdfe00_0;  1 drivers
v000002268dbe0260_0 .net "rden1", 0 0, L_000002268dcc9d50;  alias, 1 drivers
v000002268dbe17a0_0 .net "rden2", 0 0, L_000002268dcc8f90;  alias, 1 drivers
v000002268dbdfae0_0 .net "rst", 0 0, o000002268daedcc8;  alias, 0 drivers
v000002268dbdfea0_0 .net "wren", 0 0, L_000002268dcca2f0;  alias, 1 drivers
S_000002268dbf9cf0 .scope module, "cell_dff" "dff" 5 13, 6 4 0, S_000002268dbf67d0;
 .timescale 0 0;
    .port_info 0 /OUTPUT 1 "q";
    .port_info 1 /INPUT 1 "d";
    .port_info 2 /INPUT 1 "wen";
    .port_info 3 /INPUT 1 "clk";
    .port_info 4 /INPUT 1 "rst";
v000002268dbdd880_0 .net "clk", 0 0, o000002268daedc38;  alias, 0 drivers
v000002268dbdd920_0 .net "d", 0 0, L_000002268dcc8130;  alias, 1 drivers
v000002268dbdfe00_0 .var "q", 0 0;
v000002268dbdfd60_0 .net "rst", 0 0, o000002268daedcc8;  alias, 0 drivers
v000002268dbe13e0_0 .net "wen", 0 0, L_000002268dcca2f0;  alias, 1 drivers
S_000002268dbfa010 .scope module, "bit_cell7" "bit_cell" 4 19, 5 2 0, S_000002268dbf9390;
 .timescale 0 0;
    .port_info 0 /INPUT 1 "clk";
    .port_info 1 /INPUT 1 "rst";
    .port_info 2 /INPUT 1 "d";
    .port_info 3 /INPUT 1 "wren";
    .port_info 4 /INPUT 1 "rden1";
    .port_info 5 /INPUT 1 "rden2";
    .port_info 6 /INOUT 1 "bitline1";
    .port_info 7 /INOUT 1 "bitline2";
L_000002268d986c60 .functor BUFIF1 1, v000002268dbdf900_0, L_000002268dcc9d50, C4<0>, C4<0>;
L_000002268d986870 .functor BUFIF1 1, v000002268dbdf900_0, L_000002268dcc8f90, C4<0>, C4<0>;
v000002268dbe0a80_0 .net8 "bitline1", 0 0, p000002268db15028;  1 drivers, strength-aware
v000002268dbe01c0_0 .net8 "bitline2", 0 0, p000002268db15058;  1 drivers, strength-aware
v000002268dbe1520_0 .net "clk", 0 0, o000002268daedc38;  alias, 0 drivers
v000002268dbe08a0_0 .net "d", 0 0, L_000002268dcc6f10;  1 drivers
v000002268dbe0440_0 .net "q", 0 0, v000002268dbdf900_0;  1 drivers
v000002268dbdff40_0 .net "rden1", 0 0, L_000002268dcc9d50;  alias, 1 drivers
v000002268dbe0800_0 .net "rden2", 0 0, L_000002268dcc8f90;  alias, 1 drivers
v000002268dbe15c0_0 .net "rst", 0 0, o000002268daedcc8;  alias, 0 drivers
v000002268dbe1700_0 .net "wren", 0 0, L_000002268dcca2f0;  alias, 1 drivers
S_000002268dbfbf50 .scope module, "cell_dff" "dff" 5 13, 6 4 0, S_000002268dbfa010;
 .timescale 0 0;
    .port_info 0 /OUTPUT 1 "q";
    .port_info 1 /INPUT 1 "d";
    .port_info 2 /INPUT 1 "wen";
    .port_info 3 /INPUT 1 "clk";
    .port_info 4 /INPUT 1 "rst";
v000002268dbe0940_0 .net "clk", 0 0, o000002268daedc38;  alias, 0 drivers
v000002268dbe0e40_0 .net "d", 0 0, L_000002268dcc6f10;  alias, 1 drivers
v000002268dbdf900_0 .var "q", 0 0;
v000002268dbdf9a0_0 .net "rst", 0 0, o000002268daedcc8;  alias, 0 drivers
v000002268dbe0b20_0 .net "wen", 0 0, L_000002268dcca2f0;  alias, 1 drivers
S_000002268dbf7a90 .scope module, "bit_cell8" "bit_cell" 4 20, 5 2 0, S_000002268dbf9390;
 .timescale 0 0;
    .port_info 0 /INPUT 1 "clk";
    .port_info 1 /INPUT 1 "rst";
    .port_info 2 /INPUT 1 "d";
    .port_info 3 /INPUT 1 "wren";
    .port_info 4 /INPUT 1 "rden1";
    .port_info 5 /INPUT 1 "rden2";
    .port_info 6 /INOUT 1 "bitline1";
    .port_info 7 /INOUT 1 "bitline2";
L_000002268d986950 .functor BUFIF1 1, v000002268dbe0ee0_0, L_000002268dcc9d50, C4<0>, C4<0>;
L_000002268d986720 .functor BUFIF1 1, v000002268dbe0ee0_0, L_000002268dcc8f90, C4<0>, C4<0>;
v000002268dbdfb80_0 .net8 "bitline1", 0 0, p000002268db15358;  1 drivers, strength-aware
v000002268dbe0d00_0 .net8 "bitline2", 0 0, p000002268db15388;  1 drivers, strength-aware
v000002268dbe0080_0 .net "clk", 0 0, o000002268daedc38;  alias, 0 drivers
v000002268dbe0bc0_0 .net "d", 0 0, L_000002268dcc97b0;  1 drivers
v000002268dbe0120_0 .net "q", 0 0, v000002268dbe0ee0_0;  1 drivers
v000002268dbe0300_0 .net "rden1", 0 0, L_000002268dcc9d50;  alias, 1 drivers
v000002268dbe06c0_0 .net "rden2", 0 0, L_000002268dcc8f90;  alias, 1 drivers
v000002268dbe0c60_0 .net "rst", 0 0, o000002268daedcc8;  alias, 0 drivers
v000002268dbe03a0_0 .net "wren", 0 0, L_000002268dcca2f0;  alias, 1 drivers
S_000002268dbf72c0 .scope module, "cell_dff" "dff" 5 13, 6 4 0, S_000002268dbf7a90;
 .timescale 0 0;
    .port_info 0 /OUTPUT 1 "q";
    .port_info 1 /INPUT 1 "d";
    .port_info 2 /INPUT 1 "wen";
    .port_info 3 /INPUT 1 "clk";
    .port_info 4 /INPUT 1 "rst";
v000002268dbe1020_0 .net "clk", 0 0, o000002268daedc38;  alias, 0 drivers
v000002268dbdffe0_0 .net "d", 0 0, L_000002268dcc97b0;  alias, 1 drivers
v000002268dbe0ee0_0 .var "q", 0 0;
v000002268dbe09e0_0 .net "rst", 0 0, o000002268daedcc8;  alias, 0 drivers
v000002268dbdfa40_0 .net "wen", 0 0, L_000002268dcca2f0;  alias, 1 drivers
S_000002268dbfb910 .scope module, "bit_cell9" "bit_cell" 4 21, 5 2 0, S_000002268dbf9390;
 .timescale 0 0;
    .port_info 0 /INPUT 1 "clk";
    .port_info 1 /INPUT 1 "rst";
    .port_info 2 /INPUT 1 "d";
    .port_info 3 /INPUT 1 "wren";
    .port_info 4 /INPUT 1 "rden1";
    .port_info 5 /INPUT 1 "rden2";
    .port_info 6 /INOUT 1 "bitline1";
    .port_info 7 /INOUT 1 "bitline2";
L_000002268d986480 .functor BUFIF1 1, v000002268dbdfcc0_0, L_000002268dcc9d50, C4<0>, C4<0>;
L_000002268d9862c0 .functor BUFIF1 1, v000002268dbdfcc0_0, L_000002268dcc8f90, C4<0>, C4<0>;
v000002268dbe04e0_0 .net8 "bitline1", 0 0, p000002268db15688;  1 drivers, strength-aware
v000002268dbe1660_0 .net8 "bitline2", 0 0, p000002268db156b8;  1 drivers, strength-aware
v000002268dbe12a0_0 .net "clk", 0 0, o000002268daedc38;  alias, 0 drivers
v000002268dbe0580_0 .net "d", 0 0, L_000002268dcc9850;  1 drivers
v000002268dbe1340_0 .net "q", 0 0, v000002268dbdfcc0_0;  1 drivers
v000002268dbc2300_0 .net "rden1", 0 0, L_000002268dcc9d50;  alias, 1 drivers
v000002268dbc2d00_0 .net "rden2", 0 0, L_000002268dcc8f90;  alias, 1 drivers
v000002268dbc3020_0 .net "rst", 0 0, o000002268daedcc8;  alias, 0 drivers
v000002268dbc24e0_0 .net "wren", 0 0, L_000002268dcca2f0;  alias, 1 drivers
S_000002268dbf6960 .scope module, "cell_dff" "dff" 5 13, 6 4 0, S_000002268dbfb910;
 .timescale 0 0;
    .port_info 0 /OUTPUT 1 "q";
    .port_info 1 /INPUT 1 "d";
    .port_info 2 /INPUT 1 "wen";
    .port_info 3 /INPUT 1 "clk";
    .port_info 4 /INPUT 1 "rst";
v000002268dbdfc20_0 .net "clk", 0 0, o000002268daedc38;  alias, 0 drivers
v000002268dbe0f80_0 .net "d", 0 0, L_000002268dcc9850;  alias, 1 drivers
v000002268dbdfcc0_0 .var "q", 0 0;
v000002268dbe10c0_0 .net "rst", 0 0, o000002268daedcc8;  alias, 0 drivers
v000002268dbe1200_0 .net "wen", 0 0, L_000002268dcca2f0;  alias, 1 drivers
S_000002268dbf7450 .scope module, "reg6" "register" 2 29, 4 2 0, S_000002268d492190;
 .timescale 0 0;
    .port_info 0 /INPUT 1 "clk";
    .port_info 1 /INPUT 1 "rst";
    .port_info 2 /INPUT 16 "d";
    .port_info 3 /INPUT 1 "write_reg";
    .port_info 4 /INPUT 1 "rden1";
    .port_info 5 /INPUT 1 "rden2";
    .port_info 6 /INOUT 16 "bitline1";
    .port_info 7 /INOUT 16 "bitline2";
v000002268dc16150_0 .net8 "bitline1", 15 0, p000002268daf1028;  alias, 0 drivers, strength-aware
v000002268dc15cf0_0 .net8 "bitline2", 15 0, p000002268daf1058;  alias, 0 drivers, strength-aware
v000002268dc17910_0 .net "clk", 0 0, o000002268daedc38;  alias, 0 drivers
v000002268dc16b50_0 .net "d", 15 0, o000002268daf1088;  alias, 0 drivers
v000002268dc16e70_0 .net "rden1", 0 0, L_000002268dcc9a30;  1 drivers
v000002268dc177d0_0 .net "rden2", 0 0, L_000002268dcc8c70;  1 drivers
v000002268dc17870_0 .net "rst", 0 0, o000002268daedcc8;  alias, 0 drivers
v000002268dc168d0_0 .net "write_reg", 0 0, L_000002268dcc92b0;  1 drivers
L_000002268dcc86d0 .part o000002268daf1088, 0, 1;
L_000002268dcca6b0 .part o000002268daf1088, 1, 1;
L_000002268dcc90d0 .part o000002268daf1088, 2, 1;
L_000002268dcc93f0 .part o000002268daf1088, 3, 1;
L_000002268dcca750 .part o000002268daf1088, 4, 1;
L_000002268dcca7f0 .part o000002268daf1088, 5, 1;
L_000002268dcc8a90 .part o000002268daf1088, 6, 1;
L_000002268dcc9cb0 .part o000002268daf1088, 7, 1;
L_000002268dcc9b70 .part o000002268daf1088, 8, 1;
L_000002268dcc8950 .part o000002268daf1088, 9, 1;
L_000002268dcc8e50 .part o000002268daf1088, 10, 1;
L_000002268dcc9530 .part o000002268daf1088, 11, 1;
L_000002268dcca890 .part o000002268daf1088, 12, 1;
L_000002268dcca9d0 .part o000002268daf1088, 13, 1;
L_000002268dccabb0 .part o000002268daf1088, 14, 1;
L_000002268dcc9990 .part o000002268daf1088, 15, 1;
p000002268db15b68 .port I000002268da132c0, L_000002268d9a0d00;
 .tranvp 16 1 0, I000002268da132c0, p000002268daf1028 p000002268db15b68;
p000002268db15b98 .port I000002268da12d00, L_000002268d9a0e50;
 .tranvp 16 1 0, I000002268da12d00, p000002268daf1058 p000002268db15b98;
p000002268db15ef8 .port I000002268da132c0, L_000002268d9a1160;
 .tranvp 16 1 1, I000002268da132c0, p000002268daf1028 p000002268db15ef8;
p000002268db15f28 .port I000002268da12d00, L_000002268d9a0de0;
 .tranvp 16 1 1, I000002268da12d00, p000002268daf1058 p000002268db15f28;
p000002268db17548 .port I000002268da132c0, L_000002268d9a07c0;
 .tranvp 16 1 2, I000002268da132c0, p000002268daf1028 p000002268db17548;
p000002268db17578 .port I000002268da12d00, L_000002268d9a0830;
 .tranvp 16 1 2, I000002268da12d00, p000002268daf1058 p000002268db17578;
p000002268db17878 .port I000002268da132c0, L_000002268d97d0d0;
 .tranvp 16 1 3, I000002268da132c0, p000002268daf1028 p000002268db17878;
p000002268db178a8 .port I000002268da12d00, L_000002268d97c2d0;
 .tranvp 16 1 3, I000002268da12d00, p000002268daf1058 p000002268db178a8;
p000002268db17ba8 .port I000002268da132c0, L_000002268d97c340;
 .tranvp 16 1 4, I000002268da132c0, p000002268daf1028 p000002268db17ba8;
p000002268db17bd8 .port I000002268da12d00, L_000002268d97c810;
 .tranvp 16 1 4, I000002268da12d00, p000002268daf1058 p000002268db17bd8;
p000002268db17ed8 .port I000002268da132c0, L_000002268d97cf80;
 .tranvp 16 1 5, I000002268da132c0, p000002268daf1028 p000002268db17ed8;
p000002268db17f08 .port I000002268da12d00, L_000002268d97c650;
 .tranvp 16 1 5, I000002268da12d00, p000002268daf1058 p000002268db17f08;
p000002268db18208 .port I000002268da132c0, L_000002268d97cff0;
 .tranvp 16 1 6, I000002268da132c0, p000002268daf1028 p000002268db18208;
p000002268db18238 .port I000002268da12d00, L_000002268d97c880;
 .tranvp 16 1 6, I000002268da12d00, p000002268daf1058 p000002268db18238;
p000002268db18538 .port I000002268da132c0, L_000002268d97c8f0;
 .tranvp 16 1 7, I000002268da132c0, p000002268daf1028 p000002268db18538;
p000002268db18568 .port I000002268da12d00, L_000002268d97cab0;
 .tranvp 16 1 7, I000002268da12d00, p000002268daf1058 p000002268db18568;
p000002268db18868 .port I000002268da132c0, L_000002268d97cb90;
 .tranvp 16 1 8, I000002268da132c0, p000002268daf1028 p000002268db18868;
p000002268db18898 .port I000002268da12d00, L_000002268d99a440;
 .tranvp 16 1 8, I000002268da12d00, p000002268daf1058 p000002268db18898;
p000002268db18b98 .port I000002268da132c0, L_000002268d999e90;
 .tranvp 16 1 9, I000002268da132c0, p000002268daf1028 p000002268db18b98;
p000002268db18bc8 .port I000002268da12d00, L_000002268d999cd0;
 .tranvp 16 1 9, I000002268da12d00, p000002268daf1058 p000002268db18bc8;
p000002268db16228 .port I000002268da132c0, L_000002268d999fe0;
 .tranvp 16 1 10, I000002268da132c0, p000002268daf1028 p000002268db16228;
p000002268db16258 .port I000002268da12d00, L_000002268d99a0c0;
 .tranvp 16 1 10, I000002268da12d00, p000002268daf1058 p000002268db16258;
p000002268db16558 .port I000002268da132c0, L_000002268d99a600;
 .tranvp 16 1 11, I000002268da132c0, p000002268daf1028 p000002268db16558;
p000002268db16588 .port I000002268da12d00, L_000002268d999800;
 .tranvp 16 1 11, I000002268da12d00, p000002268daf1058 p000002268db16588;
p000002268db16888 .port I000002268da132c0, L_000002268d999b10;
 .tranvp 16 1 12, I000002268da132c0, p000002268daf1028 p000002268db16888;
p000002268db168b8 .port I000002268da12d00, L_000002268d99a1a0;
 .tranvp 16 1 12, I000002268da12d00, p000002268daf1058 p000002268db168b8;
p000002268db16bb8 .port I000002268da132c0, L_000002268d999bf0;
 .tranvp 16 1 13, I000002268da132c0, p000002268daf1028 p000002268db16bb8;
p000002268db16be8 .port I000002268da12d00, L_000002268d99a2f0;
 .tranvp 16 1 13, I000002268da12d00, p000002268daf1058 p000002268db16be8;
p000002268db16ee8 .port I000002268da132c0, L_000002268d96c990;
 .tranvp 16 1 14, I000002268da132c0, p000002268daf1028 p000002268db16ee8;
p000002268db16f18 .port I000002268da12d00, L_000002268dd32030;
 .tranvp 16 1 14, I000002268da12d00, p000002268daf1058 p000002268db16f18;
p000002268db17218 .port I000002268da132c0, L_000002268dd32650;
 .tranvp 16 1 15, I000002268da132c0, p000002268daf1028 p000002268db17218;
p000002268db17248 .port I000002268da12d00, L_000002268dd32e30;
 .tranvp 16 1 15, I000002268da12d00, p000002268daf1058 p000002268db17248;
S_000002268dbfbaa0 .scope module, "bit_cell0" "bit_cell" 4 12, 5 2 0, S_000002268dbf7450;
 .timescale 0 0;
    .port_info 0 /INPUT 1 "clk";
    .port_info 1 /INPUT 1 "rst";
    .port_info 2 /INPUT 1 "d";
    .port_info 3 /INPUT 1 "wren";
    .port_info 4 /INPUT 1 "rden1";
    .port_info 5 /INPUT 1 "rden2";
    .port_info 6 /INOUT 1 "bitline1";
    .port_info 7 /INOUT 1 "bitline2";
L_000002268d9a0d00 .functor BUFIF1 1, v000002268dbc3ca0_0, L_000002268dcc9a30, C4<0>, C4<0>;
L_000002268d9a0e50 .functor BUFIF1 1, v000002268dbc3ca0_0, L_000002268dcc8c70, C4<0>, C4<0>;
v000002268dbc1900_0 .net8 "bitline1", 0 0, p000002268db15b68;  1 drivers, strength-aware
v000002268dbc3520_0 .net8 "bitline2", 0 0, p000002268db15b98;  1 drivers, strength-aware
v000002268dbc3fc0_0 .net "clk", 0 0, o000002268daedc38;  alias, 0 drivers
v000002268dbc4060_0 .net "d", 0 0, L_000002268dcc86d0;  1 drivers
v000002268dbc3de0_0 .net "q", 0 0, v000002268dbc3ca0_0;  1 drivers
v000002268dbc28a0_0 .net "rden1", 0 0, L_000002268dcc9a30;  alias, 1 drivers
v000002268dbc3340_0 .net "rden2", 0 0, L_000002268dcc8c70;  alias, 1 drivers
v000002268dbc2940_0 .net "rst", 0 0, o000002268daedcc8;  alias, 0 drivers
v000002268dbc3a20_0 .net "wren", 0 0, L_000002268dcc92b0;  alias, 1 drivers
S_000002268dbf75e0 .scope module, "cell_dff" "dff" 5 13, 6 4 0, S_000002268dbfbaa0;
 .timescale 0 0;
    .port_info 0 /OUTPUT 1 "q";
    .port_info 1 /INPUT 1 "d";
    .port_info 2 /INPUT 1 "wen";
    .port_info 3 /INPUT 1 "clk";
    .port_info 4 /INPUT 1 "rst";
v000002268dbc3980_0 .net "clk", 0 0, o000002268daedc38;  alias, 0 drivers
v000002268dbc1d60_0 .net "d", 0 0, L_000002268dcc86d0;  alias, 1 drivers
v000002268dbc3ca0_0 .var "q", 0 0;
v000002268dbc2800_0 .net "rst", 0 0, o000002268daedcc8;  alias, 0 drivers
v000002268dbc30c0_0 .net "wen", 0 0, L_000002268dcc92b0;  alias, 1 drivers
S_000002268dbf7900 .scope module, "bit_cell1" "bit_cell" 4 13, 5 2 0, S_000002268dbf7450;
 .timescale 0 0;
    .port_info 0 /INPUT 1 "clk";
    .port_info 1 /INPUT 1 "rst";
    .port_info 2 /INPUT 1 "d";
    .port_info 3 /INPUT 1 "wren";
    .port_info 4 /INPUT 1 "rden1";
    .port_info 5 /INPUT 1 "rden2";
    .port_info 6 /INOUT 1 "bitline1";
    .port_info 7 /INOUT 1 "bitline2";
L_000002268d9a1160 .functor BUFIF1 1, v000002268dbc2da0_0, L_000002268dcc9a30, C4<0>, C4<0>;
L_000002268d9a0de0 .functor BUFIF1 1, v000002268dbc2da0_0, L_000002268dcc8c70, C4<0>, C4<0>;
v000002268dbc1fe0_0 .net8 "bitline1", 0 0, p000002268db15ef8;  1 drivers, strength-aware
v000002268dbc1ea0_0 .net8 "bitline2", 0 0, p000002268db15f28;  1 drivers, strength-aware
v000002268dbc2bc0_0 .net "clk", 0 0, o000002268daedc38;  alias, 0 drivers
v000002268dbc2620_0 .net "d", 0 0, L_000002268dcca6b0;  1 drivers
v000002268dbc1c20_0 .net "q", 0 0, v000002268dbc2da0_0;  1 drivers
v000002268dbc3c00_0 .net "rden1", 0 0, L_000002268dcc9a30;  alias, 1 drivers
v000002268dbc38e0_0 .net "rden2", 0 0, L_000002268dcc8c70;  alias, 1 drivers
v000002268dbc1e00_0 .net "rst", 0 0, o000002268daedcc8;  alias, 0 drivers
v000002268dbc33e0_0 .net "wren", 0 0, L_000002268dcc92b0;  alias, 1 drivers
S_000002268dbf9070 .scope module, "cell_dff" "dff" 5 13, 6 4 0, S_000002268dbf7900;
 .timescale 0 0;
    .port_info 0 /OUTPUT 1 "q";
    .port_info 1 /INPUT 1 "d";
    .port_info 2 /INPUT 1 "wen";
    .port_info 3 /INPUT 1 "clk";
    .port_info 4 /INPUT 1 "rst";
v000002268dbc3ac0_0 .net "clk", 0 0, o000002268daedc38;  alias, 0 drivers
v000002268dbc32a0_0 .net "d", 0 0, L_000002268dcca6b0;  alias, 1 drivers
v000002268dbc2da0_0 .var "q", 0 0;
v000002268dbc2ee0_0 .net "rst", 0 0, o000002268daedcc8;  alias, 0 drivers
v000002268dbc3840_0 .net "wen", 0 0, L_000002268dcc92b0;  alias, 1 drivers
S_000002268dbf9200 .scope module, "bit_cell10" "bit_cell" 4 22, 5 2 0, S_000002268dbf7450;
 .timescale 0 0;
    .port_info 0 /INPUT 1 "clk";
    .port_info 1 /INPUT 1 "rst";
    .port_info 2 /INPUT 1 "d";
    .port_info 3 /INPUT 1 "wren";
    .port_info 4 /INPUT 1 "rden1";
    .port_info 5 /INPUT 1 "rden2";
    .port_info 6 /INOUT 1 "bitline1";
    .port_info 7 /INOUT 1 "bitline2";
L_000002268d999fe0 .functor BUFIF1 1, v000002268dbc3e80_0, L_000002268dcc9a30, C4<0>, C4<0>;
L_000002268d99a0c0 .functor BUFIF1 1, v000002268dbc3e80_0, L_000002268dcc8c70, C4<0>, C4<0>;
v000002268dbc1f40_0 .net8 "bitline1", 0 0, p000002268db16228;  1 drivers, strength-aware
v000002268dbc29e0_0 .net8 "bitline2", 0 0, p000002268db16258;  1 drivers, strength-aware
v000002268dbc2a80_0 .net "clk", 0 0, o000002268daedc38;  alias, 0 drivers
v000002268dbc2b20_0 .net "d", 0 0, L_000002268dcc8e50;  1 drivers
v000002268dbc2260_0 .net "q", 0 0, v000002268dbc3e80_0;  1 drivers
v000002268dbc2440_0 .net "rden1", 0 0, L_000002268dcc9a30;  alias, 1 drivers
v000002268dbc2580_0 .net "rden2", 0 0, L_000002268dcc8c70;  alias, 1 drivers
v000002268dbc3f20_0 .net "rst", 0 0, o000002268daedcc8;  alias, 0 drivers
v000002268dbc2f80_0 .net "wren", 0 0, L_000002268dcc92b0;  alias, 1 drivers
S_000002268dbfa330 .scope module, "cell_dff" "dff" 5 13, 6 4 0, S_000002268dbf9200;
 .timescale 0 0;
    .port_info 0 /OUTPUT 1 "q";
    .port_info 1 /INPUT 1 "d";
    .port_info 2 /INPUT 1 "wen";
    .port_info 3 /INPUT 1 "clk";
    .port_info 4 /INPUT 1 "rst";
v000002268dbc3480_0 .net "clk", 0 0, o000002268daedc38;  alias, 0 drivers
v000002268dbc3d40_0 .net "d", 0 0, L_000002268dcc8e50;  alias, 1 drivers
v000002268dbc3e80_0 .var "q", 0 0;
v000002268dbc26c0_0 .net "rst", 0 0, o000002268daedcc8;  alias, 0 drivers
v000002268dbc23a0_0 .net "wen", 0 0, L_000002268dcc92b0;  alias, 1 drivers
S_000002268dbf9e80 .scope module, "bit_cell11" "bit_cell" 4 23, 5 2 0, S_000002268dbf7450;
 .timescale 0 0;
    .port_info 0 /INPUT 1 "clk";
    .port_info 1 /INPUT 1 "rst";
    .port_info 2 /INPUT 1 "d";
    .port_info 3 /INPUT 1 "wren";
    .port_info 4 /INPUT 1 "rden1";
    .port_info 5 /INPUT 1 "rden2";
    .port_info 6 /INOUT 1 "bitline1";
    .port_info 7 /INOUT 1 "bitline2";
L_000002268d99a600 .functor BUFIF1 1, v000002268dbc2e40_0, L_000002268dcc9a30, C4<0>, C4<0>;
L_000002268d999800 .functor BUFIF1 1, v000002268dbc2e40_0, L_000002268dcc8c70, C4<0>, C4<0>;
v000002268dbc3660_0 .net8 "bitline1", 0 0, p000002268db16558;  1 drivers, strength-aware
v000002268dbc1a40_0 .net8 "bitline2", 0 0, p000002268db16588;  1 drivers, strength-aware
v000002268dbc3700_0 .net "clk", 0 0, o000002268daedc38;  alias, 0 drivers
v000002268dbc37a0_0 .net "d", 0 0, L_000002268dcc9530;  1 drivers
v000002268dbc21c0_0 .net "q", 0 0, v000002268dbc2e40_0;  1 drivers
v000002268dc106b0_0 .net "rden1", 0 0, L_000002268dcc9a30;  alias, 1 drivers
v000002268dc115b0_0 .net "rden2", 0 0, L_000002268dcc8c70;  alias, 1 drivers
v000002268dc11150_0 .net "rst", 0 0, o000002268daedcc8;  alias, 0 drivers
v000002268dc111f0_0 .net "wren", 0 0, L_000002268dcc92b0;  alias, 1 drivers
S_000002268dbfa1a0 .scope module, "cell_dff" "dff" 5 13, 6 4 0, S_000002268dbf9e80;
 .timescale 0 0;
    .port_info 0 /OUTPUT 1 "q";
    .port_info 1 /INPUT 1 "d";
    .port_info 2 /INPUT 1 "wen";
    .port_info 3 /INPUT 1 "clk";
    .port_info 4 /INPUT 1 "rst";
v000002268dbc2080_0 .net "clk", 0 0, o000002268daedc38;  alias, 0 drivers
v000002268dbc3200_0 .net "d", 0 0, L_000002268dcc9530;  alias, 1 drivers
v000002268dbc2e40_0 .var "q", 0 0;
v000002268dbc2120_0 .net "rst", 0 0, o000002268daedcc8;  alias, 0 drivers
v000002268dbc19a0_0 .net "wen", 0 0, L_000002268dcc92b0;  alias, 1 drivers
S_000002268dbfa4c0 .scope module, "bit_cell12" "bit_cell" 4 24, 5 2 0, S_000002268dbf7450;
 .timescale 0 0;
    .port_info 0 /INPUT 1 "clk";
    .port_info 1 /INPUT 1 "rst";
    .port_info 2 /INPUT 1 "d";
    .port_info 3 /INPUT 1 "wren";
    .port_info 4 /INPUT 1 "rden1";
    .port_info 5 /INPUT 1 "rden2";
    .port_info 6 /INOUT 1 "bitline1";
    .port_info 7 /INOUT 1 "bitline2";
L_000002268d999b10 .functor BUFIF1 1, v000002268dc11bf0_0, L_000002268dcc9a30, C4<0>, C4<0>;
L_000002268d99a1a0 .functor BUFIF1 1, v000002268dc11bf0_0, L_000002268dcc8c70, C4<0>, C4<0>;
v000002268dc11d30_0 .net8 "bitline1", 0 0, p000002268db16888;  1 drivers, strength-aware
v000002268dc125f0_0 .net8 "bitline2", 0 0, p000002268db168b8;  1 drivers, strength-aware
v000002268dc10e30_0 .net "clk", 0 0, o000002268daedc38;  alias, 0 drivers
v000002268dc12910_0 .net "d", 0 0, L_000002268dcca890;  1 drivers
v000002268dc11ab0_0 .net "q", 0 0, v000002268dc11bf0_0;  1 drivers
v000002268dc12c30_0 .net "rden1", 0 0, L_000002268dcc9a30;  alias, 1 drivers
v000002268dc12730_0 .net "rden2", 0 0, L_000002268dcc8c70;  alias, 1 drivers
v000002268dc12870_0 .net "rst", 0 0, o000002268daedcc8;  alias, 0 drivers
v000002268dc11510_0 .net "wren", 0 0, L_000002268dcc92b0;  alias, 1 drivers
S_000002268dbfcbd0 .scope module, "cell_dff" "dff" 5 13, 6 4 0, S_000002268dbfa4c0;
 .timescale 0 0;
    .port_info 0 /OUTPUT 1 "q";
    .port_info 1 /INPUT 1 "d";
    .port_info 2 /INPUT 1 "wen";
    .port_info 3 /INPUT 1 "clk";
    .port_info 4 /INPUT 1 "rst";
v000002268dc11790_0 .net "clk", 0 0, o000002268daedc38;  alias, 0 drivers
v000002268dc11fb0_0 .net "d", 0 0, L_000002268dcca890;  alias, 1 drivers
v000002268dc11bf0_0 .var "q", 0 0;
v000002268dc11330_0 .net "rst", 0 0, o000002268daedcc8;  alias, 0 drivers
v000002268dc129b0_0 .net "wen", 0 0, L_000002268dcc92b0;  alias, 1 drivers
S_000002268dbfd9e0 .scope module, "bit_cell13" "bit_cell" 4 25, 5 2 0, S_000002268dbf7450;
 .timescale 0 0;
    .port_info 0 /INPUT 1 "clk";
    .port_info 1 /INPUT 1 "rst";
    .port_info 2 /INPUT 1 "d";
    .port_info 3 /INPUT 1 "wren";
    .port_info 4 /INPUT 1 "rden1";
    .port_info 5 /INPUT 1 "rden2";
    .port_info 6 /INOUT 1 "bitline1";
    .port_info 7 /INOUT 1 "bitline2";
L_000002268d999bf0 .functor BUFIF1 1, v000002268dc11970_0, L_000002268dcc9a30, C4<0>, C4<0>;
L_000002268d99a2f0 .functor BUFIF1 1, v000002268dc11970_0, L_000002268dcc8c70, C4<0>, C4<0>;
v000002268dc11010_0 .net8 "bitline1", 0 0, p000002268db16bb8;  1 drivers, strength-aware
v000002268dc10d90_0 .net8 "bitline2", 0 0, p000002268db16be8;  1 drivers, strength-aware
v000002268dc12690_0 .net "clk", 0 0, o000002268daedc38;  alias, 0 drivers
v000002268dc11f10_0 .net "d", 0 0, L_000002268dcca9d0;  1 drivers
v000002268dc116f0_0 .net "q", 0 0, v000002268dc11970_0;  1 drivers
v000002268dc11c90_0 .net "rden1", 0 0, L_000002268dcc9a30;  alias, 1 drivers
v000002268dc11dd0_0 .net "rden2", 0 0, L_000002268dcc8c70;  alias, 1 drivers
v000002268dc127d0_0 .net "rst", 0 0, o000002268daedcc8;  alias, 0 drivers
v000002268dc12050_0 .net "wren", 0 0, L_000002268dcc92b0;  alias, 1 drivers
S_000002268dbfca40 .scope module, "cell_dff" "dff" 5 13, 6 4 0, S_000002268dbfd9e0;
 .timescale 0 0;
    .port_info 0 /OUTPUT 1 "q";
    .port_info 1 /INPUT 1 "d";
    .port_info 2 /INPUT 1 "wen";
    .port_info 3 /INPUT 1 "clk";
    .port_info 4 /INPUT 1 "rst";
v000002268dc11650_0 .net "clk", 0 0, o000002268daedc38;  alias, 0 drivers
v000002268dc120f0_0 .net "d", 0 0, L_000002268dcca9d0;  alias, 1 drivers
v000002268dc11970_0 .var "q", 0 0;
v000002268dc11b50_0 .net "rst", 0 0, o000002268daedcc8;  alias, 0 drivers
v000002268dc11470_0 .net "wen", 0 0, L_000002268dcc92b0;  alias, 1 drivers
S_000002268dbfd3a0 .scope module, "bit_cell14" "bit_cell" 4 26, 5 2 0, S_000002268dbf7450;
 .timescale 0 0;
    .port_info 0 /INPUT 1 "clk";
    .port_info 1 /INPUT 1 "rst";
    .port_info 2 /INPUT 1 "d";
    .port_info 3 /INPUT 1 "wren";
    .port_info 4 /INPUT 1 "rden1";
    .port_info 5 /INPUT 1 "rden2";
    .port_info 6 /INOUT 1 "bitline1";
    .port_info 7 /INOUT 1 "bitline2";
L_000002268d96c990 .functor BUFIF1 1, v000002268dc113d0_0, L_000002268dcc9a30, C4<0>, C4<0>;
L_000002268dd32030 .functor BUFIF1 1, v000002268dc113d0_0, L_000002268dcc8c70, C4<0>, C4<0>;
v000002268dc11a10_0 .net8 "bitline1", 0 0, p000002268db16ee8;  1 drivers, strength-aware
v000002268dc11e70_0 .net8 "bitline2", 0 0, p000002268db16f18;  1 drivers, strength-aware
v000002268dc10750_0 .net "clk", 0 0, o000002268daedc38;  alias, 0 drivers
v000002268dc10890_0 .net "d", 0 0, L_000002268dccabb0;  1 drivers
v000002268dc118d0_0 .net "q", 0 0, v000002268dc113d0_0;  1 drivers
v000002268dc12af0_0 .net "rden1", 0 0, L_000002268dcc9a30;  alias, 1 drivers
v000002268dc12230_0 .net "rden2", 0 0, L_000002268dcc8c70;  alias, 1 drivers
v000002268dc10a70_0 .net "rst", 0 0, o000002268daedcc8;  alias, 0 drivers
v000002268dc122d0_0 .net "wren", 0 0, L_000002268dcc92b0;  alias, 1 drivers
S_000002268dbfc270 .scope module, "cell_dff" "dff" 5 13, 6 4 0, S_000002268dbfd3a0;
 .timescale 0 0;
    .port_info 0 /OUTPUT 1 "q";
    .port_info 1 /INPUT 1 "d";
    .port_info 2 /INPUT 1 "wen";
    .port_info 3 /INPUT 1 "clk";
    .port_info 4 /INPUT 1 "rst";
v000002268dc11830_0 .net "clk", 0 0, o000002268daedc38;  alias, 0 drivers
v000002268dc12190_0 .net "d", 0 0, L_000002268dccabb0;  alias, 1 drivers
v000002268dc113d0_0 .var "q", 0 0;
v000002268dc12a50_0 .net "rst", 0 0, o000002268daedcc8;  alias, 0 drivers
v000002268dc124b0_0 .net "wen", 0 0, L_000002268dcc92b0;  alias, 1 drivers
S_000002268dbfc720 .scope module, "bit_cell15" "bit_cell" 4 27, 5 2 0, S_000002268dbf7450;
 .timescale 0 0;
    .port_info 0 /INPUT 1 "clk";
    .port_info 1 /INPUT 1 "rst";
    .port_info 2 /INPUT 1 "d";
    .port_info 3 /INPUT 1 "wren";
    .port_info 4 /INPUT 1 "rden1";
    .port_info 5 /INPUT 1 "rden2";
    .port_info 6 /INOUT 1 "bitline1";
    .port_info 7 /INOUT 1 "bitline2";
L_000002268dd32650 .functor BUFIF1 1, v000002268dc12410_0, L_000002268dcc9a30, C4<0>, C4<0>;
L_000002268dd32e30 .functor BUFIF1 1, v000002268dc12410_0, L_000002268dcc8c70, C4<0>, C4<0>;
v000002268dc10f70_0 .net8 "bitline1", 0 0, p000002268db17218;  1 drivers, strength-aware
v000002268dc12cd0_0 .net8 "bitline2", 0 0, p000002268db17248;  1 drivers, strength-aware
v000002268dc10570_0 .net "clk", 0 0, o000002268daedc38;  alias, 0 drivers
v000002268dc10ed0_0 .net "d", 0 0, L_000002268dcc9990;  1 drivers
v000002268dc10610_0 .net "q", 0 0, v000002268dc12410_0;  1 drivers
v000002268dc107f0_0 .net "rden1", 0 0, L_000002268dcc9a30;  alias, 1 drivers
v000002268dc109d0_0 .net "rden2", 0 0, L_000002268dcc8c70;  alias, 1 drivers
v000002268dc110b0_0 .net "rst", 0 0, o000002268daedcc8;  alias, 0 drivers
v000002268dc10b10_0 .net "wren", 0 0, L_000002268dcc92b0;  alias, 1 drivers
S_000002268dbfc0e0 .scope module, "cell_dff" "dff" 5 13, 6 4 0, S_000002268dbfc720;
 .timescale 0 0;
    .port_info 0 /OUTPUT 1 "q";
    .port_info 1 /INPUT 1 "d";
    .port_info 2 /INPUT 1 "wen";
    .port_info 3 /INPUT 1 "clk";
    .port_info 4 /INPUT 1 "rst";
v000002268dc10930_0 .net "clk", 0 0, o000002268daedc38;  alias, 0 drivers
v000002268dc12b90_0 .net "d", 0 0, L_000002268dcc9990;  alias, 1 drivers
v000002268dc12410_0 .var "q", 0 0;
v000002268dc12370_0 .net "rst", 0 0, o000002268daedcc8;  alias, 0 drivers
v000002268dc12550_0 .net "wen", 0 0, L_000002268dcc92b0;  alias, 1 drivers
S_000002268dbfcd60 .scope module, "bit_cell2" "bit_cell" 4 14, 5 2 0, S_000002268dbf7450;
 .timescale 0 0;
    .port_info 0 /INPUT 1 "clk";
    .port_info 1 /INPUT 1 "rst";
    .port_info 2 /INPUT 1 "d";
    .port_info 3 /INPUT 1 "wren";
    .port_info 4 /INPUT 1 "rden1";
    .port_info 5 /INPUT 1 "rden2";
    .port_info 6 /INOUT 1 "bitline1";
    .port_info 7 /INOUT 1 "bitline2";
L_000002268d9a07c0 .functor BUFIF1 1, v000002268dc10cf0_0, L_000002268dcc9a30, C4<0>, C4<0>;
L_000002268d9a0830 .functor BUFIF1 1, v000002268dc10cf0_0, L_000002268dcc8c70, C4<0>, C4<0>;
v000002268dc133b0_0 .net8 "bitline1", 0 0, p000002268db17548;  1 drivers, strength-aware
v000002268dc13770_0 .net8 "bitline2", 0 0, p000002268db17578;  1 drivers, strength-aware
v000002268dc14b70_0 .net "clk", 0 0, o000002268daedc38;  alias, 0 drivers
v000002268dc15070_0 .net "d", 0 0, L_000002268dcc90d0;  1 drivers
v000002268dc140d0_0 .net "q", 0 0, v000002268dc10cf0_0;  1 drivers
v000002268dc13810_0 .net "rden1", 0 0, L_000002268dcc9a30;  alias, 1 drivers
v000002268dc13630_0 .net "rden2", 0 0, L_000002268dcc8c70;  alias, 1 drivers
v000002268dc136d0_0 .net "rst", 0 0, o000002268daedcc8;  alias, 0 drivers
v000002268dc15430_0 .net "wren", 0 0, L_000002268dcc92b0;  alias, 1 drivers
S_000002268dbfc400 .scope module, "cell_dff" "dff" 5 13, 6 4 0, S_000002268dbfcd60;
 .timescale 0 0;
    .port_info 0 /OUTPUT 1 "q";
    .port_info 1 /INPUT 1 "d";
    .port_info 2 /INPUT 1 "wen";
    .port_info 3 /INPUT 1 "clk";
    .port_info 4 /INPUT 1 "rst";
v000002268dc10bb0_0 .net "clk", 0 0, o000002268daedc38;  alias, 0 drivers
v000002268dc10c50_0 .net "d", 0 0, L_000002268dcc90d0;  alias, 1 drivers
v000002268dc10cf0_0 .var "q", 0 0;
v000002268dc11290_0 .net "rst", 0 0, o000002268daedcc8;  alias, 0 drivers
v000002268dc14ad0_0 .net "wen", 0 0, L_000002268dcc92b0;  alias, 1 drivers
S_000002268dbfcef0 .scope module, "bit_cell3" "bit_cell" 4 15, 5 2 0, S_000002268dbf7450;
 .timescale 0 0;
    .port_info 0 /INPUT 1 "clk";
    .port_info 1 /INPUT 1 "rst";
    .port_info 2 /INPUT 1 "d";
    .port_info 3 /INPUT 1 "wren";
    .port_info 4 /INPUT 1 "rden1";
    .port_info 5 /INPUT 1 "rden2";
    .port_info 6 /INOUT 1 "bitline1";
    .port_info 7 /INOUT 1 "bitline2";
L_000002268d97d0d0 .functor BUFIF1 1, v000002268dc138b0_0, L_000002268dcc9a30, C4<0>, C4<0>;
L_000002268d97c2d0 .functor BUFIF1 1, v000002268dc138b0_0, L_000002268dcc8c70, C4<0>, C4<0>;
v000002268dc13310_0 .net8 "bitline1", 0 0, p000002268db17878;  1 drivers, strength-aware
v000002268dc13c70_0 .net8 "bitline2", 0 0, p000002268db178a8;  1 drivers, strength-aware
v000002268dc13950_0 .net "clk", 0 0, o000002268daedc38;  alias, 0 drivers
v000002268dc12e10_0 .net "d", 0 0, L_000002268dcc93f0;  1 drivers
v000002268dc139f0_0 .net "q", 0 0, v000002268dc138b0_0;  1 drivers
v000002268dc14d50_0 .net "rden1", 0 0, L_000002268dcc9a30;  alias, 1 drivers
v000002268dc13590_0 .net "rden2", 0 0, L_000002268dcc8c70;  alias, 1 drivers
v000002268dc14170_0 .net "rst", 0 0, o000002268daedcc8;  alias, 0 drivers
v000002268dc145d0_0 .net "wren", 0 0, L_000002268dcc92b0;  alias, 1 drivers
S_000002268dbfd850 .scope module, "cell_dff" "dff" 5 13, 6 4 0, S_000002268dbfcef0;
 .timescale 0 0;
    .port_info 0 /OUTPUT 1 "q";
    .port_info 1 /INPUT 1 "d";
    .port_info 2 /INPUT 1 "wen";
    .port_info 3 /INPUT 1 "clk";
    .port_info 4 /INPUT 1 "rst";
v000002268dc154d0_0 .net "clk", 0 0, o000002268daedc38;  alias, 0 drivers
v000002268dc12d70_0 .net "d", 0 0, L_000002268dcc93f0;  alias, 1 drivers
v000002268dc138b0_0 .var "q", 0 0;
v000002268dc14030_0 .net "rst", 0 0, o000002268daedcc8;  alias, 0 drivers
v000002268dc147b0_0 .net "wen", 0 0, L_000002268dcc92b0;  alias, 1 drivers
S_000002268dbfd6c0 .scope module, "bit_cell4" "bit_cell" 4 16, 5 2 0, S_000002268dbf7450;
 .timescale 0 0;
    .port_info 0 /INPUT 1 "clk";
    .port_info 1 /INPUT 1 "rst";
    .port_info 2 /INPUT 1 "d";
    .port_info 3 /INPUT 1 "wren";
    .port_info 4 /INPUT 1 "rden1";
    .port_info 5 /INPUT 1 "rden2";
    .port_info 6 /INOUT 1 "bitline1";
    .port_info 7 /INOUT 1 "bitline2";
L_000002268d97c340 .functor BUFIF1 1, v000002268dc142b0_0, L_000002268dcc9a30, C4<0>, C4<0>;
L_000002268d97c810 .functor BUFIF1 1, v000002268dc142b0_0, L_000002268dcc8c70, C4<0>, C4<0>;
v000002268dc14a30_0 .net8 "bitline1", 0 0, p000002268db17ba8;  1 drivers, strength-aware
v000002268dc13e50_0 .net8 "bitline2", 0 0, p000002268db17bd8;  1 drivers, strength-aware
v000002268dc15110_0 .net "clk", 0 0, o000002268daedc38;  alias, 0 drivers
v000002268dc14350_0 .net "d", 0 0, L_000002268dcca750;  1 drivers
v000002268dc14850_0 .net "q", 0 0, v000002268dc142b0_0;  1 drivers
v000002268dc12eb0_0 .net "rden1", 0 0, L_000002268dcc9a30;  alias, 1 drivers
v000002268dc14210_0 .net "rden2", 0 0, L_000002268dcc8c70;  alias, 1 drivers
v000002268dc12f50_0 .net "rst", 0 0, o000002268daedcc8;  alias, 0 drivers
v000002268dc12ff0_0 .net "wren", 0 0, L_000002268dcc92b0;  alias, 1 drivers
S_000002268dbfd210 .scope module, "cell_dff" "dff" 5 13, 6 4 0, S_000002268dbfd6c0;
 .timescale 0 0;
    .port_info 0 /OUTPUT 1 "q";
    .port_info 1 /INPUT 1 "d";
    .port_info 2 /INPUT 1 "wen";
    .port_info 3 /INPUT 1 "clk";
    .port_info 4 /INPUT 1 "rst";
v000002268dc13a90_0 .net "clk", 0 0, o000002268daedc38;  alias, 0 drivers
v000002268dc14c10_0 .net "d", 0 0, L_000002268dcca750;  alias, 1 drivers
v000002268dc142b0_0 .var "q", 0 0;
v000002268dc13450_0 .net "rst", 0 0, o000002268daedcc8;  alias, 0 drivers
v000002268dc13b30_0 .net "wen", 0 0, L_000002268dcc92b0;  alias, 1 drivers
S_000002268dbfc8b0 .scope module, "bit_cell5" "bit_cell" 4 17, 5 2 0, S_000002268dbf7450;
 .timescale 0 0;
    .port_info 0 /INPUT 1 "clk";
    .port_info 1 /INPUT 1 "rst";
    .port_info 2 /INPUT 1 "d";
    .port_info 3 /INPUT 1 "wren";
    .port_info 4 /INPUT 1 "rden1";
    .port_info 5 /INPUT 1 "rden2";
    .port_info 6 /INOUT 1 "bitline1";
    .port_info 7 /INOUT 1 "bitline2";
L_000002268d97cf80 .functor BUFIF1 1, v000002268dc152f0_0, L_000002268dcc9a30, C4<0>, C4<0>;
L_000002268d97c650 .functor BUFIF1 1, v000002268dc152f0_0, L_000002268dcc8c70, C4<0>, C4<0>;
v000002268dc13090_0 .net8 "bitline1", 0 0, p000002268db17ed8;  1 drivers, strength-aware
v000002268dc134f0_0 .net8 "bitline2", 0 0, p000002268db17f08;  1 drivers, strength-aware
v000002268dc13ef0_0 .net "clk", 0 0, o000002268daedc38;  alias, 0 drivers
v000002268dc14990_0 .net "d", 0 0, L_000002268dcca7f0;  1 drivers
v000002268dc13bd0_0 .net "q", 0 0, v000002268dc152f0_0;  1 drivers
v000002268dc14df0_0 .net "rden1", 0 0, L_000002268dcc9a30;  alias, 1 drivers
v000002268dc151b0_0 .net "rden2", 0 0, L_000002268dcc8c70;  alias, 1 drivers
v000002268dc14e90_0 .net "rst", 0 0, o000002268daedcc8;  alias, 0 drivers
v000002268dc13f90_0 .net "wren", 0 0, L_000002268dcc92b0;  alias, 1 drivers
S_000002268dbfc590 .scope module, "cell_dff" "dff" 5 13, 6 4 0, S_000002268dbfc8b0;
 .timescale 0 0;
    .port_info 0 /OUTPUT 1 "q";
    .port_info 1 /INPUT 1 "d";
    .port_info 2 /INPUT 1 "wen";
    .port_info 3 /INPUT 1 "clk";
    .port_info 4 /INPUT 1 "rst";
v000002268dc14cb0_0 .net "clk", 0 0, o000002268daedc38;  alias, 0 drivers
v000002268dc131d0_0 .net "d", 0 0, L_000002268dcca7f0;  alias, 1 drivers
v000002268dc152f0_0 .var "q", 0 0;
v000002268dc13270_0 .net "rst", 0 0, o000002268daedcc8;  alias, 0 drivers
v000002268dc148f0_0 .net "wen", 0 0, L_000002268dcc92b0;  alias, 1 drivers
S_000002268dbfd080 .scope module, "bit_cell6" "bit_cell" 4 18, 5 2 0, S_000002268dbf7450;
 .timescale 0 0;
    .port_info 0 /INPUT 1 "clk";
    .port_info 1 /INPUT 1 "rst";
    .port_info 2 /INPUT 1 "d";
    .port_info 3 /INPUT 1 "wren";
    .port_info 4 /INPUT 1 "rden1";
    .port_info 5 /INPUT 1 "rden2";
    .port_info 6 /INOUT 1 "bitline1";
    .port_info 7 /INOUT 1 "bitline2";
L_000002268d97cff0 .functor BUFIF1 1, v000002268dc13db0_0, L_000002268dcc9a30, C4<0>, C4<0>;
L_000002268d97c880 .functor BUFIF1 1, v000002268dc13db0_0, L_000002268dcc8c70, C4<0>, C4<0>;
v000002268dc15390_0 .net8 "bitline1", 0 0, p000002268db18208;  1 drivers, strength-aware
v000002268dc13130_0 .net8 "bitline2", 0 0, p000002268db18238;  1 drivers, strength-aware
v000002268dc14530_0 .net "clk", 0 0, o000002268daedc38;  alias, 0 drivers
v000002268dc14670_0 .net "d", 0 0, L_000002268dcc8a90;  1 drivers
v000002268dc14710_0 .net "q", 0 0, v000002268dc13db0_0;  1 drivers
v000002268dc14f30_0 .net "rden1", 0 0, L_000002268dcc9a30;  alias, 1 drivers
v000002268dc14fd0_0 .net "rden2", 0 0, L_000002268dcc8c70;  alias, 1 drivers
v000002268dc174b0_0 .net "rst", 0 0, o000002268daedcc8;  alias, 0 drivers
v000002268dc159d0_0 .net "wren", 0 0, L_000002268dcc92b0;  alias, 1 drivers
S_000002268dbfd530 .scope module, "cell_dff" "dff" 5 13, 6 4 0, S_000002268dbfd080;
 .timescale 0 0;
    .port_info 0 /OUTPUT 1 "q";
    .port_info 1 /INPUT 1 "d";
    .port_info 2 /INPUT 1 "wen";
    .port_info 3 /INPUT 1 "clk";
    .port_info 4 /INPUT 1 "rst";
v000002268dc15250_0 .net "clk", 0 0, o000002268daedc38;  alias, 0 drivers
v000002268dc13d10_0 .net "d", 0 0, L_000002268dcc8a90;  alias, 1 drivers
v000002268dc13db0_0 .var "q", 0 0;
v000002268dc143f0_0 .net "rst", 0 0, o000002268daedcc8;  alias, 0 drivers
v000002268dc14490_0 .net "wen", 0 0, L_000002268dcc92b0;  alias, 1 drivers
S_000002268dc302a0 .scope module, "bit_cell7" "bit_cell" 4 19, 5 2 0, S_000002268dbf7450;
 .timescale 0 0;
    .port_info 0 /INPUT 1 "clk";
    .port_info 1 /INPUT 1 "rst";
    .port_info 2 /INPUT 1 "d";
    .port_info 3 /INPUT 1 "wren";
    .port_info 4 /INPUT 1 "rden1";
    .port_info 5 /INPUT 1 "rden2";
    .port_info 6 /INOUT 1 "bitline1";
    .port_info 7 /INOUT 1 "bitline2";
L_000002268d97c8f0 .functor BUFIF1 1, v000002268dc15b10_0, L_000002268dcc9a30, C4<0>, C4<0>;
L_000002268d97cab0 .functor BUFIF1 1, v000002268dc15b10_0, L_000002268dcc8c70, C4<0>, C4<0>;
v000002268dc17370_0 .net8 "bitline1", 0 0, p000002268db18538;  1 drivers, strength-aware
v000002268dc17550_0 .net8 "bitline2", 0 0, p000002268db18568;  1 drivers, strength-aware
v000002268dc16dd0_0 .net "clk", 0 0, o000002268daedc38;  alias, 0 drivers
v000002268dc163d0_0 .net "d", 0 0, L_000002268dcc9cb0;  1 drivers
v000002268dc175f0_0 .net "q", 0 0, v000002268dc15b10_0;  1 drivers
v000002268dc15930_0 .net "rden1", 0 0, L_000002268dcc9a30;  alias, 1 drivers
v000002268dc17230_0 .net "rden2", 0 0, L_000002268dcc8c70;  alias, 1 drivers
v000002268dc172d0_0 .net "rst", 0 0, o000002268daedcc8;  alias, 0 drivers
v000002268dc15ed0_0 .net "wren", 0 0, L_000002268dcc92b0;  alias, 1 drivers
S_000002268dc2e1d0 .scope module, "cell_dff" "dff" 5 13, 6 4 0, S_000002268dc302a0;
 .timescale 0 0;
    .port_info 0 /OUTPUT 1 "q";
    .port_info 1 /INPUT 1 "d";
    .port_info 2 /INPUT 1 "wen";
    .port_info 3 /INPUT 1 "clk";
    .port_info 4 /INPUT 1 "rst";
v000002268dc16fb0_0 .net "clk", 0 0, o000002268daedc38;  alias, 0 drivers
v000002268dc16970_0 .net "d", 0 0, L_000002268dcc9cb0;  alias, 1 drivers
v000002268dc15b10_0 .var "q", 0 0;
v000002268dc170f0_0 .net "rst", 0 0, o000002268daedcc8;  alias, 0 drivers
v000002268dc16d30_0 .net "wen", 0 0, L_000002268dcc92b0;  alias, 1 drivers
S_000002268dc2f620 .scope module, "bit_cell8" "bit_cell" 4 20, 5 2 0, S_000002268dbf7450;
 .timescale 0 0;
    .port_info 0 /INPUT 1 "clk";
    .port_info 1 /INPUT 1 "rst";
    .port_info 2 /INPUT 1 "d";
    .port_info 3 /INPUT 1 "wren";
    .port_info 4 /INPUT 1 "rden1";
    .port_info 5 /INPUT 1 "rden2";
    .port_info 6 /INOUT 1 "bitline1";
    .port_info 7 /INOUT 1 "bitline2";
L_000002268d97cb90 .functor BUFIF1 1, v000002268dc15e30_0, L_000002268dcc9a30, C4<0>, C4<0>;
L_000002268d99a440 .functor BUFIF1 1, v000002268dc15e30_0, L_000002268dcc8c70, C4<0>, C4<0>;
v000002268dc16510_0 .net8 "bitline1", 0 0, p000002268db18868;  1 drivers, strength-aware
v000002268dc15570_0 .net8 "bitline2", 0 0, p000002268db18898;  1 drivers, strength-aware
v000002268dc17190_0 .net "clk", 0 0, o000002268daedc38;  alias, 0 drivers
v000002268dc165b0_0 .net "d", 0 0, L_000002268dcc9b70;  1 drivers
v000002268dc16c90_0 .net "q", 0 0, v000002268dc15e30_0;  1 drivers
v000002268dc17a50_0 .net "rden1", 0 0, L_000002268dcc9a30;  alias, 1 drivers
v000002268dc15f70_0 .net "rden2", 0 0, L_000002268dcc8c70;  alias, 1 drivers
v000002268dc16470_0 .net "rst", 0 0, o000002268daedcc8;  alias, 0 drivers
v000002268dc16650_0 .net "wren", 0 0, L_000002268dcc92b0;  alias, 1 drivers
S_000002268dc2e9a0 .scope module, "cell_dff" "dff" 5 13, 6 4 0, S_000002268dc2f620;
 .timescale 0 0;
    .port_info 0 /OUTPUT 1 "q";
    .port_info 1 /INPUT 1 "d";
    .port_info 2 /INPUT 1 "wen";
    .port_info 3 /INPUT 1 "clk";
    .port_info 4 /INPUT 1 "rst";
v000002268dc15c50_0 .net "clk", 0 0, o000002268daedc38;  alias, 0 drivers
v000002268dc17690_0 .net "d", 0 0, L_000002268dcc9b70;  alias, 1 drivers
v000002268dc15e30_0 .var "q", 0 0;
v000002268dc157f0_0 .net "rst", 0 0, o000002268daedcc8;  alias, 0 drivers
v000002268dc16ab0_0 .net "wen", 0 0, L_000002268dcc92b0;  alias, 1 drivers
S_000002268dc2deb0 .scope module, "bit_cell9" "bit_cell" 4 21, 5 2 0, S_000002268dbf7450;
 .timescale 0 0;
    .port_info 0 /INPUT 1 "clk";
    .port_info 1 /INPUT 1 "rst";
    .port_info 2 /INPUT 1 "d";
    .port_info 3 /INPUT 1 "wren";
    .port_info 4 /INPUT 1 "rden1";
    .port_info 5 /INPUT 1 "rden2";
    .port_info 6 /INOUT 1 "bitline1";
    .port_info 7 /INOUT 1 "bitline2";
L_000002268d999e90 .functor BUFIF1 1, v000002268dc16830_0, L_000002268dcc9a30, C4<0>, C4<0>;
L_000002268d999cd0 .functor BUFIF1 1, v000002268dc16830_0, L_000002268dcc8c70, C4<0>, C4<0>;
v000002268dc17730_0 .net8 "bitline1", 0 0, p000002268db18b98;  1 drivers, strength-aware
v000002268dc15a70_0 .net8 "bitline2", 0 0, p000002268db18bc8;  1 drivers, strength-aware
v000002268dc160b0_0 .net "clk", 0 0, o000002268daedc38;  alias, 0 drivers
v000002268dc17050_0 .net "d", 0 0, L_000002268dcc8950;  1 drivers
v000002268dc16790_0 .net "q", 0 0, v000002268dc16830_0;  1 drivers
v000002268dc15610_0 .net "rden1", 0 0, L_000002268dcc9a30;  alias, 1 drivers
v000002268dc15bb0_0 .net "rden2", 0 0, L_000002268dcc8c70;  alias, 1 drivers
v000002268dc16330_0 .net "rst", 0 0, o000002268daedcc8;  alias, 0 drivers
v000002268dc179b0_0 .net "wren", 0 0, L_000002268dcc92b0;  alias, 1 drivers
S_000002268dc32b40 .scope module, "cell_dff" "dff" 5 13, 6 4 0, S_000002268dc2deb0;
 .timescale 0 0;
    .port_info 0 /OUTPUT 1 "q";
    .port_info 1 /INPUT 1 "d";
    .port_info 2 /INPUT 1 "wen";
    .port_info 3 /INPUT 1 "clk";
    .port_info 4 /INPUT 1 "rst";
v000002268dc16010_0 .net "clk", 0 0, o000002268daedc38;  alias, 0 drivers
v000002268dc166f0_0 .net "d", 0 0, L_000002268dcc8950;  alias, 1 drivers
v000002268dc16830_0 .var "q", 0 0;
v000002268dc17410_0 .net "rst", 0 0, o000002268daedcc8;  alias, 0 drivers
v000002268dc16f10_0 .net "wen", 0 0, L_000002268dcc92b0;  alias, 1 drivers
S_000002268dc316f0 .scope module, "reg7" "register" 2 30, 4 2 0, S_000002268d492190;
 .timescale 0 0;
    .port_info 0 /INPUT 1 "clk";
    .port_info 1 /INPUT 1 "rst";
    .port_info 2 /INPUT 16 "d";
    .port_info 3 /INPUT 1 "write_reg";
    .port_info 4 /INPUT 1 "rden1";
    .port_info 5 /INPUT 1 "rden2";
    .port_info 6 /INOUT 16 "bitline1";
    .port_info 7 /INOUT 16 "bitline2";
v000002268dc212d0_0 .net8 "bitline1", 15 0, p000002268daf1028;  alias, 0 drivers, strength-aware
v000002268dc20fb0_0 .net8 "bitline2", 15 0, p000002268daf1058;  alias, 0 drivers, strength-aware
v000002268dc1f570_0 .net "clk", 0 0, o000002268daedc38;  alias, 0 drivers
v000002268dc1f890_0 .net "d", 15 0, o000002268daf1088;  alias, 0 drivers
v000002268dc20330_0 .net "rden1", 0 0, L_000002268dccac50;  1 drivers
v000002268dc20010_0 .net "rden2", 0 0, L_000002268dcca390;  1 drivers
v000002268dc1f930_0 .net "rst", 0 0, o000002268daedcc8;  alias, 0 drivers
v000002268dc215f0_0 .net "write_reg", 0 0, L_000002268dcca4d0;  1 drivers
L_000002268dcc8ef0 .part o000002268daf1088, 0, 1;
L_000002268dcc9350 .part o000002268daf1088, 1, 1;
L_000002268dcc9ad0 .part o000002268daf1088, 2, 1;
L_000002268dcc9490 .part o000002268daf1088, 3, 1;
L_000002268dcc95d0 .part o000002268daf1088, 4, 1;
L_000002268dcc9fd0 .part o000002268daf1088, 5, 1;
L_000002268dcca430 .part o000002268daf1088, 6, 1;
L_000002268dcc8770 .part o000002268daf1088, 7, 1;
L_000002268dcc8d10 .part o000002268daf1088, 8, 1;
L_000002268dccaa70 .part o000002268daf1088, 9, 1;
L_000002268dcc9030 .part o000002268daf1088, 10, 1;
L_000002268dcc9170 .part o000002268daf1088, 11, 1;
L_000002268dcc88b0 .part o000002268daf1088, 12, 1;
L_000002268dcca250 .part o000002268daf1088, 13, 1;
L_000002268dcc9210 .part o000002268daf1088, 14, 1;
L_000002268dcc9670 .part o000002268daf1088, 15, 1;
p000002268db19078 .port I000002268da132c0, L_000002268dd31700;
 .tranvp 16 1 0, I000002268da132c0, p000002268daf1028 p000002268db19078;
p000002268db190a8 .port I000002268da12d00, L_000002268dd32260;
 .tranvp 16 1 0, I000002268da12d00, p000002268daf1058 p000002268db190a8;
p000002268db19408 .port I000002268da132c0, L_000002268dd33060;
 .tranvp 16 1 1, I000002268da132c0, p000002268daf1028 p000002268db19408;
p000002268db19438 .port I000002268da12d00, L_000002268dd31690;
 .tranvp 16 1 1, I000002268da12d00, p000002268daf1058 p000002268db19438;
p000002268db1aa58 .port I000002268da132c0, L_000002268dd31770;
 .tranvp 16 1 2, I000002268da132c0, p000002268daf1028 p000002268db1aa58;
p000002268db1aa88 .port I000002268da12d00, L_000002268dd32c00;
 .tranvp 16 1 2, I000002268da12d00, p000002268daf1058 p000002268db1aa88;
p000002268db1ad88 .port I000002268da132c0, L_000002268dd31f50;
 .tranvp 16 1 3, I000002268da132c0, p000002268daf1028 p000002268db1ad88;
p000002268db1adb8 .port I000002268da12d00, L_000002268dd31ee0;
 .tranvp 16 1 3, I000002268da12d00, p000002268daf1058 p000002268db1adb8;
p000002268db1b0b8 .port I000002268da132c0, L_000002268dd321f0;
 .tranvp 16 1 4, I000002268da132c0, p000002268daf1028 p000002268db1b0b8;
p000002268db1b0e8 .port I000002268da12d00, L_000002268dd32180;
 .tranvp 16 1 4, I000002268da12d00, p000002268daf1058 p000002268db1b0e8;
p000002268db1b3e8 .port I000002268da132c0, L_000002268dd32b20;
 .tranvp 16 1 5, I000002268da132c0, p000002268daf1028 p000002268db1b3e8;
p000002268db1b418 .port I000002268da12d00, L_000002268dd31fc0;
 .tranvp 16 1 5, I000002268da12d00, p000002268daf1058 p000002268db1b418;
p000002268db1b718 .port I000002268da132c0, L_000002268dd32dc0;
 .tranvp 16 1 6, I000002268da132c0, p000002268daf1028 p000002268db1b718;
p000002268db1b748 .port I000002268da12d00, L_000002268dd322d0;
 .tranvp 16 1 6, I000002268da12d00, p000002268daf1058 p000002268db1b748;
p000002268db1ba48 .port I000002268da132c0, L_000002268dd31c40;
 .tranvp 16 1 7, I000002268da132c0, p000002268daf1028 p000002268db1ba48;
p000002268db1ba78 .port I000002268da12d00, L_000002268dd31a10;
 .tranvp 16 1 7, I000002268da12d00, p000002268daf1058 p000002268db1ba78;
p000002268db1bd78 .port I000002268da132c0, L_000002268dd31850;
 .tranvp 16 1 8, I000002268da132c0, p000002268daf1028 p000002268db1bd78;
p000002268db1bda8 .port I000002268da12d00, L_000002268dd317e0;
 .tranvp 16 1 8, I000002268da12d00, p000002268daf1058 p000002268db1bda8;
p000002268db1c0a8 .port I000002268da132c0, L_000002268dd319a0;
 .tranvp 16 1 9, I000002268da132c0, p000002268daf1028 p000002268db1c0a8;
p000002268db1c0d8 .port I000002268da12d00, L_000002268dd320a0;
 .tranvp 16 1 9, I000002268da12d00, p000002268daf1058 p000002268db1c0d8;
p000002268db19738 .port I000002268da132c0, L_000002268dd32d50;
 .tranvp 16 1 10, I000002268da132c0, p000002268daf1028 p000002268db19738;
p000002268db19768 .port I000002268da12d00, L_000002268dd32340;
 .tranvp 16 1 10, I000002268da12d00, p000002268daf1058 p000002268db19768;
p000002268db19a68 .port I000002268da132c0, L_000002268dd318c0;
 .tranvp 16 1 11, I000002268da132c0, p000002268daf1028 p000002268db19a68;
p000002268db19a98 .port I000002268da12d00, L_000002268dd32110;
 .tranvp 16 1 11, I000002268da12d00, p000002268daf1058 p000002268db19a98;
p000002268db19d98 .port I000002268da132c0, L_000002268dd31cb0;
 .tranvp 16 1 12, I000002268da132c0, p000002268daf1028 p000002268db19d98;
p000002268db19dc8 .port I000002268da12d00, L_000002268dd326c0;
 .tranvp 16 1 12, I000002268da12d00, p000002268daf1058 p000002268db19dc8;
p000002268db1a0c8 .port I000002268da132c0, L_000002268dd32ce0;
 .tranvp 16 1 13, I000002268da132c0, p000002268daf1028 p000002268db1a0c8;
p000002268db1a0f8 .port I000002268da12d00, L_000002268dd32500;
 .tranvp 16 1 13, I000002268da12d00, p000002268daf1058 p000002268db1a0f8;
p000002268db1a3f8 .port I000002268da132c0, L_000002268dd31930;
 .tranvp 16 1 14, I000002268da132c0, p000002268daf1028 p000002268db1a3f8;
p000002268db1a428 .port I000002268da12d00, L_000002268dd32f80;
 .tranvp 16 1 14, I000002268da12d00, p000002268daf1058 p000002268db1a428;
p000002268db1a728 .port I000002268da132c0, L_000002268dd32ff0;
 .tranvp 16 1 15, I000002268da132c0, p000002268daf1028 p000002268db1a728;
p000002268db1a758 .port I000002268da12d00, L_000002268dd32570;
 .tranvp 16 1 15, I000002268da12d00, p000002268daf1058 p000002268db1a758;
S_000002268dc2f300 .scope module, "bit_cell0" "bit_cell" 4 12, 5 2 0, S_000002268dc316f0;
 .timescale 0 0;
    .port_info 0 /INPUT 1 "clk";
    .port_info 1 /INPUT 1 "rst";
    .port_info 2 /INPUT 1 "d";
    .port_info 3 /INPUT 1 "wren";
    .port_info 4 /INPUT 1 "rden1";
    .port_info 5 /INPUT 1 "rden2";
    .port_info 6 /INOUT 1 "bitline1";
    .port_info 7 /INOUT 1 "bitline2";
L_000002268dd31700 .functor BUFIF1 1, v000002268dc16a10_0, L_000002268dccac50, C4<0>, C4<0>;
L_000002268dd32260 .functor BUFIF1 1, v000002268dc16a10_0, L_000002268dcca390, C4<0>, C4<0>;
v000002268dc17b90_0 .net8 "bitline1", 0 0, p000002268db19078;  1 drivers, strength-aware
v000002268dc17c30_0 .net8 "bitline2", 0 0, p000002268db190a8;  1 drivers, strength-aware
v000002268dc17cd0_0 .net "clk", 0 0, o000002268daedc38;  alias, 0 drivers
v000002268dc16bf0_0 .net "d", 0 0, L_000002268dcc8ef0;  1 drivers
v000002268dc156b0_0 .net "q", 0 0, v000002268dc16a10_0;  1 drivers
v000002268dc15750_0 .net "rden1", 0 0, L_000002268dccac50;  alias, 1 drivers
v000002268dc15890_0 .net "rden2", 0 0, L_000002268dcca390;  alias, 1 drivers
v000002268dc1a4d0_0 .net "rst", 0 0, o000002268daedcc8;  alias, 0 drivers
v000002268dc19350_0 .net "wren", 0 0, L_000002268dcca4d0;  alias, 1 drivers
S_000002268dc2e680 .scope module, "cell_dff" "dff" 5 13, 6 4 0, S_000002268dc2f300;
 .timescale 0 0;
    .port_info 0 /OUTPUT 1 "q";
    .port_info 1 /INPUT 1 "d";
    .port_info 2 /INPUT 1 "wen";
    .port_info 3 /INPUT 1 "clk";
    .port_info 4 /INPUT 1 "rst";
v000002268dc17af0_0 .net "clk", 0 0, o000002268daedc38;  alias, 0 drivers
v000002268dc15d90_0 .net "d", 0 0, L_000002268dcc8ef0;  alias, 1 drivers
v000002268dc16a10_0 .var "q", 0 0;
v000002268dc161f0_0 .net "rst", 0 0, o000002268daedcc8;  alias, 0 drivers
v000002268dc16290_0 .net "wen", 0 0, L_000002268dcca4d0;  alias, 1 drivers
S_000002268dc305c0 .scope module, "bit_cell1" "bit_cell" 4 13, 5 2 0, S_000002268dc316f0;
 .timescale 0 0;
    .port_info 0 /INPUT 1 "clk";
    .port_info 1 /INPUT 1 "rst";
    .port_info 2 /INPUT 1 "d";
    .port_info 3 /INPUT 1 "wren";
    .port_info 4 /INPUT 1 "rden1";
    .port_info 5 /INPUT 1 "rden2";
    .port_info 6 /INOUT 1 "bitline1";
    .port_info 7 /INOUT 1 "bitline2";
L_000002268dd33060 .functor BUFIF1 1, v000002268dc181d0_0, L_000002268dccac50, C4<0>, C4<0>;
L_000002268dd31690 .functor BUFIF1 1, v000002268dc181d0_0, L_000002268dcca390, C4<0>, C4<0>;
v000002268dc19cb0_0 .net8 "bitline1", 0 0, p000002268db19408;  1 drivers, strength-aware
v000002268dc19d50_0 .net8 "bitline2", 0 0, p000002268db19438;  1 drivers, strength-aware
v000002268dc18270_0 .net "clk", 0 0, o000002268daedc38;  alias, 0 drivers
v000002268dc19f30_0 .net "d", 0 0, L_000002268dcc9350;  1 drivers
v000002268dc1a1b0_0 .net "q", 0 0, v000002268dc181d0_0;  1 drivers
v000002268dc1a430_0 .net "rden1", 0 0, L_000002268dccac50;  alias, 1 drivers
v000002268dc18ef0_0 .net "rden2", 0 0, L_000002268dcca390;  alias, 1 drivers
v000002268dc18a90_0 .net "rst", 0 0, o000002268daedcc8;  alias, 0 drivers
v000002268dc18770_0 .net "wren", 0 0, L_000002268dcca4d0;  alias, 1 drivers
S_000002268dc30750 .scope module, "cell_dff" "dff" 5 13, 6 4 0, S_000002268dc305c0;
 .timescale 0 0;
    .port_info 0 /OUTPUT 1 "q";
    .port_info 1 /INPUT 1 "d";
    .port_info 2 /INPUT 1 "wen";
    .port_info 3 /INPUT 1 "clk";
    .port_info 4 /INPUT 1 "rst";
v000002268dc18e50_0 .net "clk", 0 0, o000002268daedc38;  alias, 0 drivers
v000002268dc1a2f0_0 .net "d", 0 0, L_000002268dcc9350;  alias, 1 drivers
v000002268dc181d0_0 .var "q", 0 0;
v000002268dc19030_0 .net "rst", 0 0, o000002268daedcc8;  alias, 0 drivers
v000002268dc195d0_0 .net "wen", 0 0, L_000002268dcca4d0;  alias, 1 drivers
S_000002268dc30430 .scope module, "bit_cell10" "bit_cell" 4 22, 5 2 0, S_000002268dc316f0;
 .timescale 0 0;
    .port_info 0 /INPUT 1 "clk";
    .port_info 1 /INPUT 1 "rst";
    .port_info 2 /INPUT 1 "d";
    .port_info 3 /INPUT 1 "wren";
    .port_info 4 /INPUT 1 "rden1";
    .port_info 5 /INPUT 1 "rden2";
    .port_info 6 /INOUT 1 "bitline1";
    .port_info 7 /INOUT 1 "bitline2";
L_000002268dd32d50 .functor BUFIF1 1, v000002268dc19df0_0, L_000002268dccac50, C4<0>, C4<0>;
L_000002268dd32340 .functor BUFIF1 1, v000002268dc19df0_0, L_000002268dcca390, C4<0>, C4<0>;
v000002268dc1a390_0 .net8 "bitline1", 0 0, p000002268db19738;  1 drivers, strength-aware
v000002268dc19c10_0 .net8 "bitline2", 0 0, p000002268db19768;  1 drivers, strength-aware
v000002268dc18c70_0 .net "clk", 0 0, o000002268daedc38;  alias, 0 drivers
v000002268dc18310_0 .net "d", 0 0, L_000002268dcc9030;  1 drivers
v000002268dc193f0_0 .net "q", 0 0, v000002268dc19df0_0;  1 drivers
v000002268dc18b30_0 .net "rden1", 0 0, L_000002268dccac50;  alias, 1 drivers
v000002268dc18810_0 .net "rden2", 0 0, L_000002268dcca390;  alias, 1 drivers
v000002268dc17d70_0 .net "rst", 0 0, o000002268daedcc8;  alias, 0 drivers
v000002268dc17eb0_0 .net "wren", 0 0, L_000002268dcca4d0;  alias, 1 drivers
S_000002268dc2eb30 .scope module, "cell_dff" "dff" 5 13, 6 4 0, S_000002268dc30430;
 .timescale 0 0;
    .port_info 0 /OUTPUT 1 "q";
    .port_info 1 /INPUT 1 "d";
    .port_info 2 /INPUT 1 "wen";
    .port_info 3 /INPUT 1 "clk";
    .port_info 4 /INPUT 1 "rst";
v000002268dc189f0_0 .net "clk", 0 0, o000002268daedc38;  alias, 0 drivers
v000002268dc18950_0 .net "d", 0 0, L_000002268dcc9030;  alias, 1 drivers
v000002268dc19df0_0 .var "q", 0 0;
v000002268dc18130_0 .net "rst", 0 0, o000002268daedcc8;  alias, 0 drivers
v000002268dc19e90_0 .net "wen", 0 0, L_000002268dcca4d0;  alias, 1 drivers
S_000002268dc31ec0 .scope module, "bit_cell11" "bit_cell" 4 23, 5 2 0, S_000002268dc316f0;
 .timescale 0 0;
    .port_info 0 /INPUT 1 "clk";
    .port_info 1 /INPUT 1 "rst";
    .port_info 2 /INPUT 1 "d";
    .port_info 3 /INPUT 1 "wren";
    .port_info 4 /INPUT 1 "rden1";
    .port_info 5 /INPUT 1 "rden2";
    .port_info 6 /INOUT 1 "bitline1";
    .port_info 7 /INOUT 1 "bitline2";
L_000002268dd318c0 .functor BUFIF1 1, v000002268dc17e10_0, L_000002268dccac50, C4<0>, C4<0>;
L_000002268dd32110 .functor BUFIF1 1, v000002268dc17e10_0, L_000002268dcca390, C4<0>, C4<0>;
v000002268dc1a070_0 .net8 "bitline1", 0 0, p000002268db19a68;  1 drivers, strength-aware
v000002268dc19490_0 .net8 "bitline2", 0 0, p000002268db19a98;  1 drivers, strength-aware
v000002268dc18bd0_0 .net "clk", 0 0, o000002268daedc38;  alias, 0 drivers
v000002268dc188b0_0 .net "d", 0 0, L_000002268dcc9170;  1 drivers
v000002268dc17f50_0 .net "q", 0 0, v000002268dc17e10_0;  1 drivers
v000002268dc18d10_0 .net "rden1", 0 0, L_000002268dccac50;  alias, 1 drivers
v000002268dc1a250_0 .net "rden2", 0 0, L_000002268dcca390;  alias, 1 drivers
v000002268dc18f90_0 .net "rst", 0 0, o000002268daedcc8;  alias, 0 drivers
v000002268dc190d0_0 .net "wren", 0 0, L_000002268dcca4d0;  alias, 1 drivers
S_000002268dc2fad0 .scope module, "cell_dff" "dff" 5 13, 6 4 0, S_000002268dc31ec0;
 .timescale 0 0;
    .port_info 0 /OUTPUT 1 "q";
    .port_info 1 /INPUT 1 "d";
    .port_info 2 /INPUT 1 "wen";
    .port_info 3 /INPUT 1 "clk";
    .port_info 4 /INPUT 1 "rst";
v000002268dc19530_0 .net "clk", 0 0, o000002268daedc38;  alias, 0 drivers
v000002268dc18db0_0 .net "d", 0 0, L_000002268dcc9170;  alias, 1 drivers
v000002268dc17e10_0 .var "q", 0 0;
v000002268dc19b70_0 .net "rst", 0 0, o000002268daedcc8;  alias, 0 drivers
v000002268dc19fd0_0 .net "wen", 0 0, L_000002268dcca4d0;  alias, 1 drivers
S_000002268dc2ecc0 .scope module, "bit_cell12" "bit_cell" 4 24, 5 2 0, S_000002268dc316f0;
 .timescale 0 0;
    .port_info 0 /INPUT 1 "clk";
    .port_info 1 /INPUT 1 "rst";
    .port_info 2 /INPUT 1 "d";
    .port_info 3 /INPUT 1 "wren";
    .port_info 4 /INPUT 1 "rden1";
    .port_info 5 /INPUT 1 "rden2";
    .port_info 6 /INOUT 1 "bitline1";
    .port_info 7 /INOUT 1 "bitline2";
L_000002268dd31cb0 .functor BUFIF1 1, v000002268dc18090_0, L_000002268dccac50, C4<0>, C4<0>;
L_000002268dd326c0 .functor BUFIF1 1, v000002268dc18090_0, L_000002268dcca390, C4<0>, C4<0>;
v000002268dc186d0_0 .net8 "bitline1", 0 0, p000002268db19d98;  1 drivers, strength-aware
v000002268dc197b0_0 .net8 "bitline2", 0 0, p000002268db19dc8;  1 drivers, strength-aware
v000002268dc19710_0 .net "clk", 0 0, o000002268daedc38;  alias, 0 drivers
v000002268dc183b0_0 .net "d", 0 0, L_000002268dcc88b0;  1 drivers
v000002268dc18450_0 .net "q", 0 0, v000002268dc18090_0;  1 drivers
v000002268dc184f0_0 .net "rden1", 0 0, L_000002268dccac50;  alias, 1 drivers
v000002268dc18590_0 .net "rden2", 0 0, L_000002268dcca390;  alias, 1 drivers
v000002268dc18630_0 .net "rst", 0 0, o000002268daedcc8;  alias, 0 drivers
v000002268dc19210_0 .net "wren", 0 0, L_000002268dcca4d0;  alias, 1 drivers
S_000002268dc2e040 .scope module, "cell_dff" "dff" 5 13, 6 4 0, S_000002268dc2ecc0;
 .timescale 0 0;
    .port_info 0 /OUTPUT 1 "q";
    .port_info 1 /INPUT 1 "d";
    .port_info 2 /INPUT 1 "wen";
    .port_info 3 /INPUT 1 "clk";
    .port_info 4 /INPUT 1 "rst";
v000002268dc17ff0_0 .net "clk", 0 0, o000002268daedc38;  alias, 0 drivers
v000002268dc1a110_0 .net "d", 0 0, L_000002268dcc88b0;  alias, 1 drivers
v000002268dc18090_0 .var "q", 0 0;
v000002268dc19670_0 .net "rst", 0 0, o000002268daedcc8;  alias, 0 drivers
v000002268dc19170_0 .net "wen", 0 0, L_000002268dcca4d0;  alias, 1 drivers
S_000002268dc31240 .scope module, "bit_cell13" "bit_cell" 4 25, 5 2 0, S_000002268dc316f0;
 .timescale 0 0;
    .port_info 0 /INPUT 1 "clk";
    .port_info 1 /INPUT 1 "rst";
    .port_info 2 /INPUT 1 "d";
    .port_info 3 /INPUT 1 "wren";
    .port_info 4 /INPUT 1 "rden1";
    .port_info 5 /INPUT 1 "rden2";
    .port_info 6 /INOUT 1 "bitline1";
    .port_info 7 /INOUT 1 "bitline2";
L_000002268dd32ce0 .functor BUFIF1 1, v000002268dc19990_0, L_000002268dccac50, C4<0>, C4<0>;
L_000002268dd32500 .functor BUFIF1 1, v000002268dc19990_0, L_000002268dcca390, C4<0>, C4<0>;
v000002268dc19ad0_0 .net8 "bitline1", 0 0, p000002268db1a0c8;  1 drivers, strength-aware
v000002268dc1c690_0 .net8 "bitline2", 0 0, p000002268db1a0f8;  1 drivers, strength-aware
v000002268dc1ca50_0 .net "clk", 0 0, o000002268daedc38;  alias, 0 drivers
v000002268dc1ab10_0 .net "d", 0 0, L_000002268dcca250;  1 drivers
v000002268dc1bb50_0 .net "q", 0 0, v000002268dc19990_0;  1 drivers
v000002268dc1c4b0_0 .net "rden1", 0 0, L_000002268dccac50;  alias, 1 drivers
v000002268dc1b0b0_0 .net "rden2", 0 0, L_000002268dcca390;  alias, 1 drivers
v000002268dc1a930_0 .net "rst", 0 0, o000002268daedcc8;  alias, 0 drivers
v000002268dc1a570_0 .net "wren", 0 0, L_000002268dcca4d0;  alias, 1 drivers
S_000002268dc33310 .scope module, "cell_dff" "dff" 5 13, 6 4 0, S_000002268dc31240;
 .timescale 0 0;
    .port_info 0 /OUTPUT 1 "q";
    .port_info 1 /INPUT 1 "d";
    .port_info 2 /INPUT 1 "wen";
    .port_info 3 /INPUT 1 "clk";
    .port_info 4 /INPUT 1 "rst";
v000002268dc192b0_0 .net "clk", 0 0, o000002268daedc38;  alias, 0 drivers
v000002268dc19850_0 .net "d", 0 0, L_000002268dcca250;  alias, 1 drivers
v000002268dc19990_0 .var "q", 0 0;
v000002268dc198f0_0 .net "rst", 0 0, o000002268daedcc8;  alias, 0 drivers
v000002268dc19a30_0 .net "wen", 0 0, L_000002268dcca4d0;  alias, 1 drivers
S_000002268dc31d30 .scope module, "bit_cell14" "bit_cell" 4 26, 5 2 0, S_000002268dc316f0;
 .timescale 0 0;
    .port_info 0 /INPUT 1 "clk";
    .port_info 1 /INPUT 1 "rst";
    .port_info 2 /INPUT 1 "d";
    .port_info 3 /INPUT 1 "wren";
    .port_info 4 /INPUT 1 "rden1";
    .port_info 5 /INPUT 1 "rden2";
    .port_info 6 /INOUT 1 "bitline1";
    .port_info 7 /INOUT 1 "bitline2";
L_000002268dd31930 .functor BUFIF1 1, v000002268dc1ccd0_0, L_000002268dccac50, C4<0>, C4<0>;
L_000002268dd32f80 .functor BUFIF1 1, v000002268dc1ccd0_0, L_000002268dcca390, C4<0>, C4<0>;
v000002268dc1aed0_0 .net8 "bitline1", 0 0, p000002268db1a3f8;  1 drivers, strength-aware
v000002268dc1c7d0_0 .net8 "bitline2", 0 0, p000002268db1a428;  1 drivers, strength-aware
v000002268dc1b650_0 .net "clk", 0 0, o000002268daedc38;  alias, 0 drivers
v000002268dc1c230_0 .net "d", 0 0, L_000002268dcc9210;  1 drivers
v000002268dc1a9d0_0 .net "q", 0 0, v000002268dc1ccd0_0;  1 drivers
v000002268dc1caf0_0 .net "rden1", 0 0, L_000002268dccac50;  alias, 1 drivers
v000002268dc1c550_0 .net "rden2", 0 0, L_000002268dcca390;  alias, 1 drivers
v000002268dc1aa70_0 .net "rst", 0 0, o000002268daedcc8;  alias, 0 drivers
v000002268dc1abb0_0 .net "wren", 0 0, L_000002268dcca4d0;  alias, 1 drivers
S_000002268dc334a0 .scope module, "cell_dff" "dff" 5 13, 6 4 0, S_000002268dc31d30;
 .timescale 0 0;
    .port_info 0 /OUTPUT 1 "q";
    .port_info 1 /INPUT 1 "d";
    .port_info 2 /INPUT 1 "wen";
    .port_info 3 /INPUT 1 "clk";
    .port_info 4 /INPUT 1 "rst";
v000002268dc1b790_0 .net "clk", 0 0, o000002268daedc38;  alias, 0 drivers
v000002268dc1a610_0 .net "d", 0 0, L_000002268dcc9210;  alias, 1 drivers
v000002268dc1ccd0_0 .var "q", 0 0;
v000002268dc1ad90_0 .net "rst", 0 0, o000002268daedcc8;  alias, 0 drivers
v000002268dc1b830_0 .net "wen", 0 0, L_000002268dcca4d0;  alias, 1 drivers
S_000002268dc2ee50 .scope module, "bit_cell15" "bit_cell" 4 27, 5 2 0, S_000002268dc316f0;
 .timescale 0 0;
    .port_info 0 /INPUT 1 "clk";
    .port_info 1 /INPUT 1 "rst";
    .port_info 2 /INPUT 1 "d";
    .port_info 3 /INPUT 1 "wren";
    .port_info 4 /INPUT 1 "rden1";
    .port_info 5 /INPUT 1 "rden2";
    .port_info 6 /INOUT 1 "bitline1";
    .port_info 7 /INOUT 1 "bitline2";
L_000002268dd32ff0 .functor BUFIF1 1, v000002268dc1b8d0_0, L_000002268dccac50, C4<0>, C4<0>;
L_000002268dd32570 .functor BUFIF1 1, v000002268dc1b8d0_0, L_000002268dcca390, C4<0>, C4<0>;
v000002268dc1bbf0_0 .net8 "bitline1", 0 0, p000002268db1a728;  1 drivers, strength-aware
v000002268dc1a890_0 .net8 "bitline2", 0 0, p000002268db1a758;  1 drivers, strength-aware
v000002268dc1b470_0 .net "clk", 0 0, o000002268daedc38;  alias, 0 drivers
v000002268dc1c910_0 .net "d", 0 0, L_000002268dcc9670;  1 drivers
v000002268dc1ac50_0 .net "q", 0 0, v000002268dc1b8d0_0;  1 drivers
v000002268dc1af70_0 .net "rden1", 0 0, L_000002268dccac50;  alias, 1 drivers
v000002268dc1c730_0 .net "rden2", 0 0, L_000002268dcca390;  alias, 1 drivers
v000002268dc1b1f0_0 .net "rst", 0 0, o000002268daedcc8;  alias, 0 drivers
v000002268dc1b010_0 .net "wren", 0 0, L_000002268dcca4d0;  alias, 1 drivers
S_000002268dc308e0 .scope module, "cell_dff" "dff" 5 13, 6 4 0, S_000002268dc2ee50;
 .timescale 0 0;
    .port_info 0 /OUTPUT 1 "q";
    .port_info 1 /INPUT 1 "d";
    .port_info 2 /INPUT 1 "wen";
    .port_info 3 /INPUT 1 "clk";
    .port_info 4 /INPUT 1 "rst";
v000002268dc1b3d0_0 .net "clk", 0 0, o000002268daedc38;  alias, 0 drivers
v000002268dc1c050_0 .net "d", 0 0, L_000002268dcc9670;  alias, 1 drivers
v000002268dc1b8d0_0 .var "q", 0 0;
v000002268dc1b6f0_0 .net "rst", 0 0, o000002268daedcc8;  alias, 0 drivers
v000002268dc1b970_0 .net "wen", 0 0, L_000002268dcca4d0;  alias, 1 drivers
S_000002268dc31a10 .scope module, "bit_cell2" "bit_cell" 4 14, 5 2 0, S_000002268dc316f0;
 .timescale 0 0;
    .port_info 0 /INPUT 1 "clk";
    .port_info 1 /INPUT 1 "rst";
    .port_info 2 /INPUT 1 "d";
    .port_info 3 /INPUT 1 "wren";
    .port_info 4 /INPUT 1 "rden1";
    .port_info 5 /INPUT 1 "rden2";
    .port_info 6 /INOUT 1 "bitline1";
    .port_info 7 /INOUT 1 "bitline2";
L_000002268dd31770 .functor BUFIF1 1, v000002268dc1b510_0, L_000002268dccac50, C4<0>, C4<0>;
L_000002268dd32c00 .functor BUFIF1 1, v000002268dc1b510_0, L_000002268dcca390, C4<0>, C4<0>;
v000002268dc1c2d0_0 .net8 "bitline1", 0 0, p000002268db1aa58;  1 drivers, strength-aware
v000002268dc1cc30_0 .net8 "bitline2", 0 0, p000002268db1aa88;  1 drivers, strength-aware
v000002268dc1ba10_0 .net "clk", 0 0, o000002268daedc38;  alias, 0 drivers
v000002268dc1b150_0 .net "d", 0 0, L_000002268dcc9ad0;  1 drivers
v000002268dc1a750_0 .net "q", 0 0, v000002268dc1b510_0;  1 drivers
v000002268dc1a6b0_0 .net "rden1", 0 0, L_000002268dccac50;  alias, 1 drivers
v000002268dc1bfb0_0 .net "rden2", 0 0, L_000002268dcca390;  alias, 1 drivers
v000002268dc1bab0_0 .net "rst", 0 0, o000002268daedcc8;  alias, 0 drivers
v000002268dc1bc90_0 .net "wren", 0 0, L_000002268dcca4d0;  alias, 1 drivers
S_000002268dc313d0 .scope module, "cell_dff" "dff" 5 13, 6 4 0, S_000002268dc31a10;
 .timescale 0 0;
    .port_info 0 /OUTPUT 1 "q";
    .port_info 1 /INPUT 1 "d";
    .port_info 2 /INPUT 1 "wen";
    .port_info 3 /INPUT 1 "clk";
    .port_info 4 /INPUT 1 "rst";
v000002268dc1b5b0_0 .net "clk", 0 0, o000002268daedc38;  alias, 0 drivers
v000002268dc1acf0_0 .net "d", 0 0, L_000002268dcc9ad0;  alias, 1 drivers
v000002268dc1b510_0 .var "q", 0 0;
v000002268dc1cb90_0 .net "rst", 0 0, o000002268daedcc8;  alias, 0 drivers
v000002268dc1c870_0 .net "wen", 0 0, L_000002268dcca4d0;  alias, 1 drivers
S_000002268dc33c70 .scope module, "bit_cell3" "bit_cell" 4 15, 5 2 0, S_000002268dc316f0;
 .timescale 0 0;
    .port_info 0 /INPUT 1 "clk";
    .port_info 1 /INPUT 1 "rst";
    .port_info 2 /INPUT 1 "d";
    .port_info 3 /INPUT 1 "wren";
    .port_info 4 /INPUT 1 "rden1";
    .port_info 5 /INPUT 1 "rden2";
    .port_info 6 /INOUT 1 "bitline1";
    .port_info 7 /INOUT 1 "bitline2";
L_000002268dd31f50 .functor BUFIF1 1, v000002268dc1a7f0_0, L_000002268dccac50, C4<0>, C4<0>;
L_000002268dd31ee0 .functor BUFIF1 1, v000002268dc1a7f0_0, L_000002268dcca390, C4<0>, C4<0>;
v000002268dc1ae30_0 .net8 "bitline1", 0 0, p000002268db1ad88;  1 drivers, strength-aware
v000002268dc1c9b0_0 .net8 "bitline2", 0 0, p000002268db1adb8;  1 drivers, strength-aware
v000002268dc1c5f0_0 .net "clk", 0 0, o000002268daedc38;  alias, 0 drivers
v000002268dc1b290_0 .net "d", 0 0, L_000002268dcc9490;  1 drivers
v000002268dc1b330_0 .net "q", 0 0, v000002268dc1a7f0_0;  1 drivers
v000002268dc1be70_0 .net "rden1", 0 0, L_000002268dccac50;  alias, 1 drivers
v000002268dc1bf10_0 .net "rden2", 0 0, L_000002268dcca390;  alias, 1 drivers
v000002268dc1c0f0_0 .net "rst", 0 0, o000002268daedcc8;  alias, 0 drivers
v000002268dc1c190_0 .net "wren", 0 0, L_000002268dcca4d0;  alias, 1 drivers
S_000002268dc33630 .scope module, "cell_dff" "dff" 5 13, 6 4 0, S_000002268dc33c70;
 .timescale 0 0;
    .port_info 0 /OUTPUT 1 "q";
    .port_info 1 /INPUT 1 "d";
    .port_info 2 /INPUT 1 "wen";
    .port_info 3 /INPUT 1 "clk";
    .port_info 4 /INPUT 1 "rst";
v000002268dc1bdd0_0 .net "clk", 0 0, o000002268daedc38;  alias, 0 drivers
v000002268dc1bd30_0 .net "d", 0 0, L_000002268dcc9490;  alias, 1 drivers
v000002268dc1a7f0_0 .var "q", 0 0;
v000002268dc1c370_0 .net "rst", 0 0, o000002268daedcc8;  alias, 0 drivers
v000002268dc1c410_0 .net "wen", 0 0, L_000002268dcca4d0;  alias, 1 drivers
S_000002268dc33180 .scope module, "bit_cell4" "bit_cell" 4 16, 5 2 0, S_000002268dc316f0;
 .timescale 0 0;
    .port_info 0 /INPUT 1 "clk";
    .port_info 1 /INPUT 1 "rst";
    .port_info 2 /INPUT 1 "d";
    .port_info 3 /INPUT 1 "wren";
    .port_info 4 /INPUT 1 "rden1";
    .port_info 5 /INPUT 1 "rden2";
    .port_info 6 /INOUT 1 "bitline1";
    .port_info 7 /INOUT 1 "bitline2";
L_000002268dd321f0 .functor BUFIF1 1, v000002268dc1f430_0, L_000002268dccac50, C4<0>, C4<0>;
L_000002268dd32180 .functor BUFIF1 1, v000002268dc1f430_0, L_000002268dcca390, C4<0>, C4<0>;
v000002268dc1ef30_0 .net8 "bitline1", 0 0, p000002268db1b0b8;  1 drivers, strength-aware
v000002268dc1d310_0 .net8 "bitline2", 0 0, p000002268db1b0e8;  1 drivers, strength-aware
v000002268dc1ddb0_0 .net "clk", 0 0, o000002268daedc38;  alias, 0 drivers
v000002268dc1ecb0_0 .net "d", 0 0, L_000002268dcc95d0;  1 drivers
v000002268dc1d130_0 .net "q", 0 0, v000002268dc1f430_0;  1 drivers
v000002268dc1d810_0 .net "rden1", 0 0, L_000002268dccac50;  alias, 1 drivers
v000002268dc1d8b0_0 .net "rden2", 0 0, L_000002268dcca390;  alias, 1 drivers
v000002268dc1de50_0 .net "rst", 0 0, o000002268daedcc8;  alias, 0 drivers
v000002268dc1ed50_0 .net "wren", 0 0, L_000002268dcca4d0;  alias, 1 drivers
S_000002268dc30110 .scope module, "cell_dff" "dff" 5 13, 6 4 0, S_000002268dc33180;
 .timescale 0 0;
    .port_info 0 /OUTPUT 1 "q";
    .port_info 1 /INPUT 1 "d";
    .port_info 2 /INPUT 1 "wen";
    .port_info 3 /INPUT 1 "clk";
    .port_info 4 /INPUT 1 "rst";
v000002268dc1e990_0 .net "clk", 0 0, o000002268daedc38;  alias, 0 drivers
v000002268dc1dd10_0 .net "d", 0 0, L_000002268dcc95d0;  alias, 1 drivers
v000002268dc1f430_0 .var "q", 0 0;
v000002268dc1d630_0 .net "rst", 0 0, o000002268daedcc8;  alias, 0 drivers
v000002268dc1dc70_0 .net "wen", 0 0, L_000002268dcca4d0;  alias, 1 drivers
S_000002268dc31560 .scope module, "bit_cell5" "bit_cell" 4 17, 5 2 0, S_000002268dc316f0;
 .timescale 0 0;
    .port_info 0 /INPUT 1 "clk";
    .port_info 1 /INPUT 1 "rst";
    .port_info 2 /INPUT 1 "d";
    .port_info 3 /INPUT 1 "wren";
    .port_info 4 /INPUT 1 "rden1";
    .port_info 5 /INPUT 1 "rden2";
    .port_info 6 /INOUT 1 "bitline1";
    .port_info 7 /INOUT 1 "bitline2";
L_000002268dd32b20 .functor BUFIF1 1, v000002268dc1ead0_0, L_000002268dccac50, C4<0>, C4<0>;
L_000002268dd31fc0 .functor BUFIF1 1, v000002268dc1ead0_0, L_000002268dcca390, C4<0>, C4<0>;
v000002268dc1e030_0 .net8 "bitline1", 0 0, p000002268db1b3e8;  1 drivers, strength-aware
v000002268dc1ea30_0 .net8 "bitline2", 0 0, p000002268db1b418;  1 drivers, strength-aware
v000002268dc1def0_0 .net "clk", 0 0, o000002268daedc38;  alias, 0 drivers
v000002268dc1f2f0_0 .net "d", 0 0, L_000002268dcc9fd0;  1 drivers
v000002268dc1d1d0_0 .net "q", 0 0, v000002268dc1ead0_0;  1 drivers
v000002268dc1f250_0 .net "rden1", 0 0, L_000002268dccac50;  alias, 1 drivers
v000002268dc1e0d0_0 .net "rden2", 0 0, L_000002268dcca390;  alias, 1 drivers
v000002268dc1e5d0_0 .net "rst", 0 0, o000002268daedcc8;  alias, 0 drivers
v000002268dc1f110_0 .net "wren", 0 0, L_000002268dcca4d0;  alias, 1 drivers
S_000002268dc30a70 .scope module, "cell_dff" "dff" 5 13, 6 4 0, S_000002268dc31560;
 .timescale 0 0;
    .port_info 0 /OUTPUT 1 "q";
    .port_info 1 /INPUT 1 "d";
    .port_info 2 /INPUT 1 "wen";
    .port_info 3 /INPUT 1 "clk";
    .port_info 4 /INPUT 1 "rst";
v000002268dc1f4d0_0 .net "clk", 0 0, o000002268daedc38;  alias, 0 drivers
v000002268dc1edf0_0 .net "d", 0 0, L_000002268dcc9fd0;  alias, 1 drivers
v000002268dc1ead0_0 .var "q", 0 0;
v000002268dc1e2b0_0 .net "rst", 0 0, o000002268daedcc8;  alias, 0 drivers
v000002268dc1e210_0 .net "wen", 0 0, L_000002268dcca4d0;  alias, 1 drivers
S_000002268dc32cd0 .scope module, "bit_cell6" "bit_cell" 4 18, 5 2 0, S_000002268dc316f0;
 .timescale 0 0;
    .port_info 0 /INPUT 1 "clk";
    .port_info 1 /INPUT 1 "rst";
    .port_info 2 /INPUT 1 "d";
    .port_info 3 /INPUT 1 "wren";
    .port_info 4 /INPUT 1 "rden1";
    .port_info 5 /INPUT 1 "rden2";
    .port_info 6 /INOUT 1 "bitline1";
    .port_info 7 /INOUT 1 "bitline2";
L_000002268dd32dc0 .functor BUFIF1 1, v000002268dc1da90_0, L_000002268dccac50, C4<0>, C4<0>;
L_000002268dd322d0 .functor BUFIF1 1, v000002268dc1da90_0, L_000002268dcca390, C4<0>, C4<0>;
v000002268dc1e170_0 .net8 "bitline1", 0 0, p000002268db1b718;  1 drivers, strength-aware
v000002268dc1f1b0_0 .net8 "bitline2", 0 0, p000002268db1b748;  1 drivers, strength-aware
v000002268dc1dbd0_0 .net "clk", 0 0, o000002268daedc38;  alias, 0 drivers
v000002268dc1d6d0_0 .net "d", 0 0, L_000002268dcca430;  1 drivers
v000002268dc1d9f0_0 .net "q", 0 0, v000002268dc1da90_0;  1 drivers
v000002268dc1d770_0 .net "rden1", 0 0, L_000002268dccac50;  alias, 1 drivers
v000002268dc1db30_0 .net "rden2", 0 0, L_000002268dcca390;  alias, 1 drivers
v000002268dc1ee90_0 .net "rst", 0 0, o000002268daedcc8;  alias, 0 drivers
v000002268dc1e350_0 .net "wren", 0 0, L_000002268dcca4d0;  alias, 1 drivers
S_000002268dc30c00 .scope module, "cell_dff" "dff" 5 13, 6 4 0, S_000002268dc32cd0;
 .timescale 0 0;
    .port_info 0 /OUTPUT 1 "q";
    .port_info 1 /INPUT 1 "d";
    .port_info 2 /INPUT 1 "wen";
    .port_info 3 /INPUT 1 "clk";
    .port_info 4 /INPUT 1 "rst";
v000002268dc1df90_0 .net "clk", 0 0, o000002268daedc38;  alias, 0 drivers
v000002268dc1efd0_0 .net "d", 0 0, L_000002268dcca430;  alias, 1 drivers
v000002268dc1da90_0 .var "q", 0 0;
v000002268dc1ce10_0 .net "rst", 0 0, o000002268daedcc8;  alias, 0 drivers
v000002268dc1f390_0 .net "wen", 0 0, L_000002268dcca4d0;  alias, 1 drivers
S_000002268dc33f90 .scope module, "bit_cell7" "bit_cell" 4 19, 5 2 0, S_000002268dc316f0;
 .timescale 0 0;
    .port_info 0 /INPUT 1 "clk";
    .port_info 1 /INPUT 1 "rst";
    .port_info 2 /INPUT 1 "d";
    .port_info 3 /INPUT 1 "wren";
    .port_info 4 /INPUT 1 "rden1";
    .port_info 5 /INPUT 1 "rden2";
    .port_info 6 /INOUT 1 "bitline1";
    .port_info 7 /INOUT 1 "bitline2";
L_000002268dd31c40 .functor BUFIF1 1, v000002268dc1d3b0_0, L_000002268dccac50, C4<0>, C4<0>;
L_000002268dd31a10 .functor BUFIF1 1, v000002268dc1d3b0_0, L_000002268dcca390, C4<0>, C4<0>;
v000002268dc1f070_0 .net8 "bitline1", 0 0, p000002268db1ba48;  1 drivers, strength-aware
v000002268dc1e850_0 .net8 "bitline2", 0 0, p000002268db1ba78;  1 drivers, strength-aware
v000002268dc1e670_0 .net "clk", 0 0, o000002268daedc38;  alias, 0 drivers
v000002268dc1eb70_0 .net "d", 0 0, L_000002268dcc8770;  1 drivers
v000002268dc1d950_0 .net "q", 0 0, v000002268dc1d3b0_0;  1 drivers
v000002268dc1d4f0_0 .net "rden1", 0 0, L_000002268dccac50;  alias, 1 drivers
v000002268dc1d590_0 .net "rden2", 0 0, L_000002268dcca390;  alias, 1 drivers
v000002268dc1cd70_0 .net "rst", 0 0, o000002268daedcc8;  alias, 0 drivers
v000002268dc1e710_0 .net "wren", 0 0, L_000002268dcca4d0;  alias, 1 drivers
S_000002268dc30d90 .scope module, "cell_dff" "dff" 5 13, 6 4 0, S_000002268dc33f90;
 .timescale 0 0;
    .port_info 0 /OUTPUT 1 "q";
    .port_info 1 /INPUT 1 "d";
    .port_info 2 /INPUT 1 "wen";
    .port_info 3 /INPUT 1 "clk";
    .port_info 4 /INPUT 1 "rst";
v000002268dc1e3f0_0 .net "clk", 0 0, o000002268daedc38;  alias, 0 drivers
v000002268dc1d450_0 .net "d", 0 0, L_000002268dcc8770;  alias, 1 drivers
v000002268dc1d3b0_0 .var "q", 0 0;
v000002268dc1e490_0 .net "rst", 0 0, o000002268daedcc8;  alias, 0 drivers
v000002268dc1e530_0 .net "wen", 0 0, L_000002268dcca4d0;  alias, 1 drivers
S_000002268dc30f20 .scope module, "bit_cell8" "bit_cell" 4 20, 5 2 0, S_000002268dc316f0;
 .timescale 0 0;
    .port_info 0 /INPUT 1 "clk";
    .port_info 1 /INPUT 1 "rst";
    .port_info 2 /INPUT 1 "d";
    .port_info 3 /INPUT 1 "wren";
    .port_info 4 /INPUT 1 "rden1";
    .port_info 5 /INPUT 1 "rden2";
    .port_info 6 /INOUT 1 "bitline1";
    .port_info 7 /INOUT 1 "bitline2";
L_000002268dd31850 .functor BUFIF1 1, v000002268dc1e7b0_0, L_000002268dccac50, C4<0>, C4<0>;
L_000002268dd317e0 .functor BUFIF1 1, v000002268dc1e7b0_0, L_000002268dcca390, C4<0>, C4<0>;
v000002268dc1cff0_0 .net8 "bitline1", 0 0, p000002268db1bd78;  1 drivers, strength-aware
v000002268dc1d090_0 .net8 "bitline2", 0 0, p000002268db1bda8;  1 drivers, strength-aware
v000002268dc1d270_0 .net "clk", 0 0, o000002268daedc38;  alias, 0 drivers
v000002268dc1ff70_0 .net "d", 0 0, L_000002268dcc8d10;  1 drivers
v000002268dc214b0_0 .net "q", 0 0, v000002268dc1e7b0_0;  1 drivers
v000002268dc20dd0_0 .net "rden1", 0 0, L_000002268dccac50;  alias, 1 drivers
v000002268dc1f610_0 .net "rden2", 0 0, L_000002268dcca390;  alias, 1 drivers
v000002268dc205b0_0 .net "rst", 0 0, o000002268daedcc8;  alias, 0 drivers
v000002268dc21a50_0 .net "wren", 0 0, L_000002268dcca4d0;  alias, 1 drivers
S_000002268dc310b0 .scope module, "cell_dff" "dff" 5 13, 6 4 0, S_000002268dc30f20;
 .timescale 0 0;
    .port_info 0 /OUTPUT 1 "q";
    .port_info 1 /INPUT 1 "d";
    .port_info 2 /INPUT 1 "wen";
    .port_info 3 /INPUT 1 "clk";
    .port_info 4 /INPUT 1 "rst";
v000002268dc1ceb0_0 .net "clk", 0 0, o000002268daedc38;  alias, 0 drivers
v000002268dc1ec10_0 .net "d", 0 0, L_000002268dcc8d10;  alias, 1 drivers
v000002268dc1e7b0_0 .var "q", 0 0;
v000002268dc1e8f0_0 .net "rst", 0 0, o000002268daedcc8;  alias, 0 drivers
v000002268dc1cf50_0 .net "wen", 0 0, L_000002268dcca4d0;  alias, 1 drivers
S_000002268dc2e810 .scope module, "bit_cell9" "bit_cell" 4 21, 5 2 0, S_000002268dc316f0;
 .timescale 0 0;
    .port_info 0 /INPUT 1 "clk";
    .port_info 1 /INPUT 1 "rst";
    .port_info 2 /INPUT 1 "d";
    .port_info 3 /INPUT 1 "wren";
    .port_info 4 /INPUT 1 "rden1";
    .port_info 5 /INPUT 1 "rden2";
    .port_info 6 /INOUT 1 "bitline1";
    .port_info 7 /INOUT 1 "bitline2";
L_000002268dd319a0 .functor BUFIF1 1, v000002268dc200b0_0, L_000002268dccac50, C4<0>, C4<0>;
L_000002268dd320a0 .functor BUFIF1 1, v000002268dc200b0_0, L_000002268dcca390, C4<0>, C4<0>;
v000002268dc1fb10_0 .net8 "bitline1", 0 0, p000002268db1c0a8;  1 drivers, strength-aware
v000002268dc210f0_0 .net8 "bitline2", 0 0, p000002268db1c0d8;  1 drivers, strength-aware
v000002268dc20650_0 .net "clk", 0 0, o000002268daedc38;  alias, 0 drivers
v000002268dc20150_0 .net "d", 0 0, L_000002268dccaa70;  1 drivers
v000002268dc1f7f0_0 .net "q", 0 0, v000002268dc200b0_0;  1 drivers
v000002268dc217d0_0 .net "rden1", 0 0, L_000002268dccac50;  alias, 1 drivers
v000002268dc1f6b0_0 .net "rden2", 0 0, L_000002268dcca390;  alias, 1 drivers
v000002268dc21550_0 .net "rst", 0 0, o000002268daedcc8;  alias, 0 drivers
v000002268dc208d0_0 .net "wren", 0 0, L_000002268dcca4d0;  alias, 1 drivers
S_000002268dc337c0 .scope module, "cell_dff" "dff" 5 13, 6 4 0, S_000002268dc2e810;
 .timescale 0 0;
    .port_info 0 /OUTPUT 1 "q";
    .port_info 1 /INPUT 1 "d";
    .port_info 2 /INPUT 1 "wen";
    .port_info 3 /INPUT 1 "clk";
    .port_info 4 /INPUT 1 "rst";
v000002268dc21c30_0 .net "clk", 0 0, o000002268daedc38;  alias, 0 drivers
v000002268dc1fa70_0 .net "d", 0 0, L_000002268dccaa70;  alias, 1 drivers
v000002268dc200b0_0 .var "q", 0 0;
v000002268dc1f750_0 .net "rst", 0 0, o000002268daedcc8;  alias, 0 drivers
v000002268dc21af0_0 .net "wen", 0 0, L_000002268dcca4d0;  alias, 1 drivers
S_000002268dc33e00 .scope module, "reg8" "register" 2 31, 4 2 0, S_000002268d492190;
 .timescale 0 0;
    .port_info 0 /INPUT 1 "clk";
    .port_info 1 /INPUT 1 "rst";
    .port_info 2 /INPUT 16 "d";
    .port_info 3 /INPUT 1 "write_reg";
    .port_info 4 /INPUT 1 "rden1";
    .port_info 5 /INPUT 1 "rden2";
    .port_info 6 /INOUT 16 "bitline1";
    .port_info 7 /INOUT 16 "bitline2";
v000002268dc285d0_0 .net8 "bitline1", 15 0, p000002268daf1028;  alias, 0 drivers, strength-aware
v000002268dc28670_0 .net8 "bitline2", 15 0, p000002268daf1058;  alias, 0 drivers, strength-aware
v000002268dc28710_0 .net "clk", 0 0, o000002268daedc38;  alias, 0 drivers
v000002268dc287b0_0 .net "d", 15 0, o000002268daf1088;  alias, 0 drivers
v000002268dc29c50_0 .net "rden1", 0 0, L_000002268dccb8d0;  1 drivers
v000002268dc29e30_0 .net "rden2", 0 0, L_000002268dccb6f0;  1 drivers
v000002268dc29ed0_0 .net "rst", 0 0, o000002268daedcc8;  alias, 0 drivers
v000002268dc2bc30_0 .net "write_reg", 0 0, L_000002268dccb970;  1 drivers
L_000002268dcc89f0 .part o000002268daf1088, 0, 1;
L_000002268dcc84f0 .part o000002268daf1088, 1, 1;
L_000002268dcc9df0 .part o000002268daf1088, 2, 1;
L_000002268dcc8590 .part o000002268daf1088, 3, 1;
L_000002268dcc9710 .part o000002268daf1088, 4, 1;
L_000002268dcc9e90 .part o000002268daf1088, 5, 1;
L_000002268dcca570 .part o000002268daf1088, 6, 1;
L_000002268dcca610 .part o000002268daf1088, 7, 1;
L_000002268dcc8630 .part o000002268daf1088, 8, 1;
L_000002268dcc8b30 .part o000002268daf1088, 9, 1;
L_000002268dcc9f30 .part o000002268daf1088, 10, 1;
L_000002268dcca070 .part o000002268daf1088, 11, 1;
L_000002268dcca110 .part o000002268daf1088, 12, 1;
L_000002268dcc8bd0 .part o000002268daf1088, 13, 1;
L_000002268dcca1b0 .part o000002268daf1088, 14, 1;
L_000002268dccd3b0 .part o000002268daf1088, 15, 1;
p000002268dc39db8 .port I000002268da132c0, L_000002268dd31620;
 .tranvp 16 1 0, I000002268da132c0, p000002268daf1028 p000002268dc39db8;
p000002268dc39de8 .port I000002268da12d00, L_000002268dd325e0;
 .tranvp 16 1 0, I000002268da12d00, p000002268daf1058 p000002268dc39de8;
p000002268dc3a148 .port I000002268da132c0, L_000002268dd31a80;
 .tranvp 16 1 1, I000002268da132c0, p000002268daf1028 p000002268dc3a148;
p000002268dc3a178 .port I000002268da12d00, L_000002268dd31b60;
 .tranvp 16 1 1, I000002268da12d00, p000002268daf1058 p000002268dc3a178;
p000002268dc3b798 .port I000002268da132c0, L_000002268dd31d20;
 .tranvp 16 1 2, I000002268da132c0, p000002268daf1028 p000002268dc3b798;
p000002268dc3b7c8 .port I000002268da12d00, L_000002268dd329d0;
 .tranvp 16 1 2, I000002268da12d00, p000002268daf1058 p000002268dc3b7c8;
p000002268dc3bac8 .port I000002268da132c0, L_000002268dd330d0;
 .tranvp 16 1 3, I000002268da132c0, p000002268daf1028 p000002268dc3bac8;
p000002268dc3baf8 .port I000002268da12d00, L_000002268dd323b0;
 .tranvp 16 1 3, I000002268da12d00, p000002268daf1058 p000002268dc3baf8;
p000002268dc3bdf8 .port I000002268da132c0, L_000002268dd32ea0;
 .tranvp 16 1 4, I000002268da132c0, p000002268daf1028 p000002268dc3bdf8;
p000002268dc3be28 .port I000002268da12d00, L_000002268dd31540;
 .tranvp 16 1 4, I000002268da12d00, p000002268daf1058 p000002268dc3be28;
p000002268dc3c128 .port I000002268da132c0, L_000002268dd31d90;
 .tranvp 16 1 5, I000002268da132c0, p000002268daf1028 p000002268dc3c128;
p000002268dc3c158 .port I000002268da12d00, L_000002268dd32f10;
 .tranvp 16 1 5, I000002268da12d00, p000002268daf1058 p000002268dc3c158;
p000002268dc3c458 .port I000002268da132c0, L_000002268dd315b0;
 .tranvp 16 1 6, I000002268da132c0, p000002268daf1028 p000002268dc3c458;
p000002268dc3c488 .port I000002268da12d00, L_000002268dd31af0;
 .tranvp 16 1 6, I000002268da12d00, p000002268daf1058 p000002268dc3c488;
p000002268dc3c788 .port I000002268da132c0, L_000002268dd32420;
 .tranvp 16 1 7, I000002268da132c0, p000002268daf1028 p000002268dc3c788;
p000002268dc3c7b8 .port I000002268da12d00, L_000002268dd31bd0;
 .tranvp 16 1 7, I000002268da12d00, p000002268daf1058 p000002268dc3c7b8;
p000002268dc3cab8 .port I000002268da132c0, L_000002268dd32490;
 .tranvp 16 1 8, I000002268da132c0, p000002268daf1028 p000002268dc3cab8;
p000002268dc3cae8 .port I000002268da12d00, L_000002268dd31e00;
 .tranvp 16 1 8, I000002268da12d00, p000002268daf1058 p000002268dc3cae8;
p000002268dc3cde8 .port I000002268da132c0, L_000002268dd31e70;
 .tranvp 16 1 9, I000002268da132c0, p000002268daf1028 p000002268dc3cde8;
p000002268dc3ce18 .port I000002268da12d00, L_000002268dd32730;
 .tranvp 16 1 9, I000002268da12d00, p000002268daf1058 p000002268dc3ce18;
p000002268dc3a478 .port I000002268da132c0, L_000002268dd327a0;
 .tranvp 16 1 10, I000002268da132c0, p000002268daf1028 p000002268dc3a478;
p000002268dc3a4a8 .port I000002268da12d00, L_000002268dd32810;
 .tranvp 16 1 10, I000002268da12d00, p000002268daf1058 p000002268dc3a4a8;
p000002268dc3a7a8 .port I000002268da132c0, L_000002268dd328f0;
 .tranvp 16 1 11, I000002268da132c0, p000002268daf1028 p000002268dc3a7a8;
p000002268dc3a7d8 .port I000002268da12d00, L_000002268dd32880;
 .tranvp 16 1 11, I000002268da12d00, p000002268daf1058 p000002268dc3a7d8;
p000002268dc3aad8 .port I000002268da132c0, L_000002268dd32960;
 .tranvp 16 1 12, I000002268da132c0, p000002268daf1028 p000002268dc3aad8;
p000002268dc3ab08 .port I000002268da12d00, L_000002268dd32a40;
 .tranvp 16 1 12, I000002268da12d00, p000002268daf1058 p000002268dc3ab08;
p000002268dc3ae08 .port I000002268da132c0, L_000002268dd32c70;
 .tranvp 16 1 13, I000002268da132c0, p000002268daf1028 p000002268dc3ae08;
p000002268dc3ae38 .port I000002268da12d00, L_000002268dd32ab0;
 .tranvp 16 1 13, I000002268da12d00, p000002268daf1058 p000002268dc3ae38;
p000002268dc3b138 .port I000002268da132c0, L_000002268dd32b90;
 .tranvp 16 1 14, I000002268da132c0, p000002268daf1028 p000002268dc3b138;
p000002268dc3b168 .port I000002268da12d00, L_000002268dd34bf0;
 .tranvp 16 1 14, I000002268da12d00, p000002268daf1058 p000002268dc3b168;
p000002268dc3b468 .port I000002268da132c0, L_000002268dd33450;
 .tranvp 16 1 15, I000002268da132c0, p000002268daf1028 p000002268dc3b468;
p000002268dc3b498 .port I000002268da12d00, L_000002268dd34020;
 .tranvp 16 1 15, I000002268da12d00, p000002268daf1058 p000002268dc3b498;
S_000002268dc31880 .scope module, "bit_cell0" "bit_cell" 4 12, 5 2 0, S_000002268dc33e00;
 .timescale 0 0;
    .port_info 0 /INPUT 1 "clk";
    .port_info 1 /INPUT 1 "rst";
    .port_info 2 /INPUT 1 "d";
    .port_info 3 /INPUT 1 "wren";
    .port_info 4 /INPUT 1 "rden1";
    .port_info 5 /INPUT 1 "rden2";
    .port_info 6 /INOUT 1 "bitline1";
    .port_info 7 /INOUT 1 "bitline2";
L_000002268dd31620 .functor BUFIF1 1, v000002268dc20510_0, L_000002268dccb8d0, C4<0>, C4<0>;
L_000002268dd325e0 .functor BUFIF1 1, v000002268dc20510_0, L_000002268dccb6f0, C4<0>, C4<0>;
v000002268dc20bf0_0 .net8 "bitline1", 0 0, p000002268dc39db8;  1 drivers, strength-aware
v000002268dc21050_0 .net8 "bitline2", 0 0, p000002268dc39de8;  1 drivers, strength-aware
v000002268dc1fc50_0 .net "clk", 0 0, o000002268daedc38;  alias, 0 drivers
v000002268dc1fcf0_0 .net "d", 0 0, L_000002268dcc89f0;  1 drivers
v000002268dc20b50_0 .net "q", 0 0, v000002268dc20510_0;  1 drivers
v000002268dc20830_0 .net "rden1", 0 0, L_000002268dccb8d0;  alias, 1 drivers
v000002268dc201f0_0 .net "rden2", 0 0, L_000002268dccb6f0;  alias, 1 drivers
v000002268dc20ab0_0 .net "rst", 0 0, o000002268daedcc8;  alias, 0 drivers
v000002268dc20a10_0 .net "wren", 0 0, L_000002268dccb970;  alias, 1 drivers
S_000002268dc31ba0 .scope module, "cell_dff" "dff" 5 13, 6 4 0, S_000002268dc31880;
 .timescale 0 0;
    .port_info 0 /OUTPUT 1 "q";
    .port_info 1 /INPUT 1 "d";
    .port_info 2 /INPUT 1 "wen";
    .port_info 3 /INPUT 1 "clk";
    .port_info 4 /INPUT 1 "rst";
v000002268dc1f9d0_0 .net "clk", 0 0, o000002268daedc38;  alias, 0 drivers
v000002268dc20790_0 .net "d", 0 0, L_000002268dcc89f0;  alias, 1 drivers
v000002268dc20510_0 .var "q", 0 0;
v000002268dc21cd0_0 .net "rst", 0 0, o000002268daedcc8;  alias, 0 drivers
v000002268dc1fbb0_0 .net "wen", 0 0, L_000002268dccb970;  alias, 1 drivers
S_000002268dc2e4f0 .scope module, "bit_cell1" "bit_cell" 4 13, 5 2 0, S_000002268dc33e00;
 .timescale 0 0;
    .port_info 0 /INPUT 1 "clk";
    .port_info 1 /INPUT 1 "rst";
    .port_info 2 /INPUT 1 "d";
    .port_info 3 /INPUT 1 "wren";
    .port_info 4 /INPUT 1 "rden1";
    .port_info 5 /INPUT 1 "rden2";
    .port_info 6 /INOUT 1 "bitline1";
    .port_info 7 /INOUT 1 "bitline2";
L_000002268dd31a80 .functor BUFIF1 1, v000002268dc20c90_0, L_000002268dccb8d0, C4<0>, C4<0>;
L_000002268dd31b60 .functor BUFIF1 1, v000002268dc20c90_0, L_000002268dccb6f0, C4<0>, C4<0>;
v000002268dc21730_0 .net8 "bitline1", 0 0, p000002268dc3a148;  1 drivers, strength-aware
v000002268dc1fd90_0 .net8 "bitline2", 0 0, p000002268dc3a178;  1 drivers, strength-aware
v000002268dc20470_0 .net "clk", 0 0, o000002268daedc38;  alias, 0 drivers
v000002268dc21690_0 .net "d", 0 0, L_000002268dcc84f0;  1 drivers
v000002268dc1fed0_0 .net "q", 0 0, v000002268dc20c90_0;  1 drivers
v000002268dc20290_0 .net "rden1", 0 0, L_000002268dccb8d0;  alias, 1 drivers
v000002268dc20d30_0 .net "rden2", 0 0, L_000002268dccb6f0;  alias, 1 drivers
v000002268dc203d0_0 .net "rst", 0 0, o000002268daedcc8;  alias, 0 drivers
v000002268dc20e70_0 .net "wren", 0 0, L_000002268dccb970;  alias, 1 drivers
S_000002268dc32050 .scope module, "cell_dff" "dff" 5 13, 6 4 0, S_000002268dc2e4f0;
 .timescale 0 0;
    .port_info 0 /OUTPUT 1 "q";
    .port_info 1 /INPUT 1 "d";
    .port_info 2 /INPUT 1 "wen";
    .port_info 3 /INPUT 1 "clk";
    .port_info 4 /INPUT 1 "rst";
v000002268dc20970_0 .net "clk", 0 0, o000002268daedc38;  alias, 0 drivers
v000002268dc206f0_0 .net "d", 0 0, L_000002268dcc84f0;  alias, 1 drivers
v000002268dc20c90_0 .var "q", 0 0;
v000002268dc21b90_0 .net "rst", 0 0, o000002268daedcc8;  alias, 0 drivers
v000002268dc1fe30_0 .net "wen", 0 0, L_000002268dccb970;  alias, 1 drivers
S_000002268dc32e60 .scope module, "bit_cell10" "bit_cell" 4 22, 5 2 0, S_000002268dc33e00;
 .timescale 0 0;
    .port_info 0 /INPUT 1 "clk";
    .port_info 1 /INPUT 1 "rst";
    .port_info 2 /INPUT 1 "d";
    .port_info 3 /INPUT 1 "wren";
    .port_info 4 /INPUT 1 "rden1";
    .port_info 5 /INPUT 1 "rden2";
    .port_info 6 /INOUT 1 "bitline1";
    .port_info 7 /INOUT 1 "bitline2";
L_000002268dd327a0 .functor BUFIF1 1, v000002268dc21190_0, L_000002268dccb8d0, C4<0>, C4<0>;
L_000002268dd32810 .functor BUFIF1 1, v000002268dc21190_0, L_000002268dccb6f0, C4<0>, C4<0>;
v000002268dc21870_0 .net8 "bitline1", 0 0, p000002268dc3a478;  1 drivers, strength-aware
v000002268dc21910_0 .net8 "bitline2", 0 0, p000002268dc3a4a8;  1 drivers, strength-aware
v000002268dc219b0_0 .net "clk", 0 0, o000002268daedc38;  alias, 0 drivers
v000002268dc23850_0 .net "d", 0 0, L_000002268dcc9f30;  1 drivers
v000002268dc23030_0 .net "q", 0 0, v000002268dc21190_0;  1 drivers
v000002268dc23a30_0 .net "rden1", 0 0, L_000002268dccb8d0;  alias, 1 drivers
v000002268dc22950_0 .net "rden2", 0 0, L_000002268dccb6f0;  alias, 1 drivers
v000002268dc21ff0_0 .net "rst", 0 0, o000002268daedcc8;  alias, 0 drivers
v000002268dc223b0_0 .net "wren", 0 0, L_000002268dccb970;  alias, 1 drivers
S_000002268dc321e0 .scope module, "cell_dff" "dff" 5 13, 6 4 0, S_000002268dc32e60;
 .timescale 0 0;
    .port_info 0 /OUTPUT 1 "q";
    .port_info 1 /INPUT 1 "d";
    .port_info 2 /INPUT 1 "wen";
    .port_info 3 /INPUT 1 "clk";
    .port_info 4 /INPUT 1 "rst";
v000002268dc20f10_0 .net "clk", 0 0, o000002268daedc38;  alias, 0 drivers
v000002268dc21370_0 .net "d", 0 0, L_000002268dcc9f30;  alias, 1 drivers
v000002268dc21190_0 .var "q", 0 0;
v000002268dc21230_0 .net "rst", 0 0, o000002268daedcc8;  alias, 0 drivers
v000002268dc21410_0 .net "wen", 0 0, L_000002268dccb970;  alias, 1 drivers
S_000002268dc32370 .scope module, "bit_cell11" "bit_cell" 4 23, 5 2 0, S_000002268dc33e00;
 .timescale 0 0;
    .port_info 0 /INPUT 1 "clk";
    .port_info 1 /INPUT 1 "rst";
    .port_info 2 /INPUT 1 "d";
    .port_info 3 /INPUT 1 "wren";
    .port_info 4 /INPUT 1 "rden1";
    .port_info 5 /INPUT 1 "rden2";
    .port_info 6 /INOUT 1 "bitline1";
    .port_info 7 /INOUT 1 "bitline2";
L_000002268dd328f0 .functor BUFIF1 1, v000002268dc23710_0, L_000002268dccb8d0, C4<0>, C4<0>;
L_000002268dd32880 .functor BUFIF1 1, v000002268dc23710_0, L_000002268dccb6f0, C4<0>, C4<0>;
v000002268dc22bd0_0 .net8 "bitline1", 0 0, p000002268dc3a7a8;  1 drivers, strength-aware
v000002268dc23e90_0 .net8 "bitline2", 0 0, p000002268dc3a7d8;  1 drivers, strength-aware
v000002268dc229f0_0 .net "clk", 0 0, o000002268daedc38;  alias, 0 drivers
v000002268dc22a90_0 .net "d", 0 0, L_000002268dcca070;  1 drivers
v000002268dc23350_0 .net "q", 0 0, v000002268dc23710_0;  1 drivers
v000002268dc23cb0_0 .net "rden1", 0 0, L_000002268dccb8d0;  alias, 1 drivers
v000002268dc24110_0 .net "rden2", 0 0, L_000002268dccb6f0;  alias, 1 drivers
v000002268dc21e10_0 .net "rst", 0 0, o000002268daedcc8;  alias, 0 drivers
v000002268dc235d0_0 .net "wren", 0 0, L_000002268dccb970;  alias, 1 drivers
S_000002268dc2dd20 .scope module, "cell_dff" "dff" 5 13, 6 4 0, S_000002268dc32370;
 .timescale 0 0;
    .port_info 0 /OUTPUT 1 "q";
    .port_info 1 /INPUT 1 "d";
    .port_info 2 /INPUT 1 "wen";
    .port_info 3 /INPUT 1 "clk";
    .port_info 4 /INPUT 1 "rst";
v000002268dc22770_0 .net "clk", 0 0, o000002268daedc38;  alias, 0 drivers
v000002268dc22090_0 .net "d", 0 0, L_000002268dcca070;  alias, 1 drivers
v000002268dc23710_0 .var "q", 0 0;
v000002268dc23ad0_0 .net "rst", 0 0, o000002268daedcc8;  alias, 0 drivers
v000002268dc232b0_0 .net "wen", 0 0, L_000002268dccb970;  alias, 1 drivers
S_000002268dc33950 .scope module, "bit_cell12" "bit_cell" 4 24, 5 2 0, S_000002268dc33e00;
 .timescale 0 0;
    .port_info 0 /INPUT 1 "clk";
    .port_info 1 /INPUT 1 "rst";
    .port_info 2 /INPUT 1 "d";
    .port_info 3 /INPUT 1 "wren";
    .port_info 4 /INPUT 1 "rden1";
    .port_info 5 /INPUT 1 "rden2";
    .port_info 6 /INOUT 1 "bitline1";
    .port_info 7 /INOUT 1 "bitline2";
L_000002268dd32960 .functor BUFIF1 1, v000002268dc22c70_0, L_000002268dccb8d0, C4<0>, C4<0>;
L_000002268dd32a40 .functor BUFIF1 1, v000002268dc22c70_0, L_000002268dccb6f0, C4<0>, C4<0>;
v000002268dc22b30_0 .net8 "bitline1", 0 0, p000002268dc3aad8;  1 drivers, strength-aware
v000002268dc238f0_0 .net8 "bitline2", 0 0, p000002268dc3ab08;  1 drivers, strength-aware
v000002268dc21eb0_0 .net "clk", 0 0, o000002268daedc38;  alias, 0 drivers
v000002268dc22d10_0 .net "d", 0 0, L_000002268dcca110;  1 drivers
v000002268dc24390_0 .net "q", 0 0, v000002268dc22c70_0;  1 drivers
v000002268dc23b70_0 .net "rden1", 0 0, L_000002268dccb8d0;  alias, 1 drivers
v000002268dc22130_0 .net "rden2", 0 0, L_000002268dccb6f0;  alias, 1 drivers
v000002268dc230d0_0 .net "rst", 0 0, o000002268daedcc8;  alias, 0 drivers
v000002268dc228b0_0 .net "wren", 0 0, L_000002268dccb970;  alias, 1 drivers
S_000002268dc32500 .scope module, "cell_dff" "dff" 5 13, 6 4 0, S_000002268dc33950;
 .timescale 0 0;
    .port_info 0 /OUTPUT 1 "q";
    .port_info 1 /INPUT 1 "d";
    .port_info 2 /INPUT 1 "wen";
    .port_info 3 /INPUT 1 "clk";
    .port_info 4 /INPUT 1 "rst";
v000002268dc22810_0 .net "clk", 0 0, o000002268daedc38;  alias, 0 drivers
v000002268dc24430_0 .net "d", 0 0, L_000002268dcca110;  alias, 1 drivers
v000002268dc22c70_0 .var "q", 0 0;
v000002268dc22f90_0 .net "rst", 0 0, o000002268daedcc8;  alias, 0 drivers
v000002268dc21f50_0 .net "wen", 0 0, L_000002268dccb970;  alias, 1 drivers
S_000002268dc2f490 .scope module, "bit_cell13" "bit_cell" 4 25, 5 2 0, S_000002268dc33e00;
 .timescale 0 0;
    .port_info 0 /INPUT 1 "clk";
    .port_info 1 /INPUT 1 "rst";
    .port_info 2 /INPUT 1 "d";
    .port_info 3 /INPUT 1 "wren";
    .port_info 4 /INPUT 1 "rden1";
    .port_info 5 /INPUT 1 "rden2";
    .port_info 6 /INOUT 1 "bitline1";
    .port_info 7 /INOUT 1 "bitline2";
L_000002268dd32c70 .functor BUFIF1 1, v000002268dc244d0_0, L_000002268dccb8d0, C4<0>, C4<0>;
L_000002268dd32ab0 .functor BUFIF1 1, v000002268dc244d0_0, L_000002268dccb6f0, C4<0>, C4<0>;
v000002268dc221d0_0 .net8 "bitline1", 0 0, p000002268dc3ae08;  1 drivers, strength-aware
v000002268dc233f0_0 .net8 "bitline2", 0 0, p000002268dc3ae38;  1 drivers, strength-aware
v000002268dc22270_0 .net "clk", 0 0, o000002268daedc38;  alias, 0 drivers
v000002268dc23f30_0 .net "d", 0 0, L_000002268dcc8bd0;  1 drivers
v000002268dc23490_0 .net "q", 0 0, v000002268dc244d0_0;  1 drivers
v000002268dc23990_0 .net "rden1", 0 0, L_000002268dccb8d0;  alias, 1 drivers
v000002268dc23170_0 .net "rden2", 0 0, L_000002268dccb6f0;  alias, 1 drivers
v000002268dc22310_0 .net "rst", 0 0, o000002268daedcc8;  alias, 0 drivers
v000002268dc22450_0 .net "wren", 0 0, L_000002268dccb970;  alias, 1 drivers
S_000002268dc32690 .scope module, "cell_dff" "dff" 5 13, 6 4 0, S_000002268dc2f490;
 .timescale 0 0;
    .port_info 0 /OUTPUT 1 "q";
    .port_info 1 /INPUT 1 "d";
    .port_info 2 /INPUT 1 "wen";
    .port_info 3 /INPUT 1 "clk";
    .port_info 4 /INPUT 1 "rst";
v000002268dc22db0_0 .net "clk", 0 0, o000002268daedc38;  alias, 0 drivers
v000002268dc22e50_0 .net "d", 0 0, L_000002268dcc8bd0;  alias, 1 drivers
v000002268dc244d0_0 .var "q", 0 0;
v000002268dc21d70_0 .net "rst", 0 0, o000002268daedcc8;  alias, 0 drivers
v000002268dc22ef0_0 .net "wen", 0 0, L_000002268dccb970;  alias, 1 drivers
S_000002268dc32820 .scope module, "bit_cell14" "bit_cell" 4 26, 5 2 0, S_000002268dc33e00;
 .timescale 0 0;
    .port_info 0 /INPUT 1 "clk";
    .port_info 1 /INPUT 1 "rst";
    .port_info 2 /INPUT 1 "d";
    .port_info 3 /INPUT 1 "wren";
    .port_info 4 /INPUT 1 "rden1";
    .port_info 5 /INPUT 1 "rden2";
    .port_info 6 /INOUT 1 "bitline1";
    .port_info 7 /INOUT 1 "bitline2";
L_000002268dd32b90 .functor BUFIF1 1, v000002268dc224f0_0, L_000002268dccb8d0, C4<0>, C4<0>;
L_000002268dd34bf0 .functor BUFIF1 1, v000002268dc224f0_0, L_000002268dccb6f0, C4<0>, C4<0>;
v000002268dc23c10_0 .net8 "bitline1", 0 0, p000002268dc3b138;  1 drivers, strength-aware
v000002268dc22590_0 .net8 "bitline2", 0 0, p000002268dc3b168;  1 drivers, strength-aware
v000002268dc22630_0 .net "clk", 0 0, o000002268daedc38;  alias, 0 drivers
v000002268dc226d0_0 .net "d", 0 0, L_000002268dcca1b0;  1 drivers
v000002268dc23df0_0 .net "q", 0 0, v000002268dc224f0_0;  1 drivers
v000002268dc23670_0 .net "rden1", 0 0, L_000002268dccb8d0;  alias, 1 drivers
v000002268dc237b0_0 .net "rden2", 0 0, L_000002268dccb6f0;  alias, 1 drivers
v000002268dc23fd0_0 .net "rst", 0 0, o000002268daedcc8;  alias, 0 drivers
v000002268dc24070_0 .net "wren", 0 0, L_000002268dccb970;  alias, 1 drivers
S_000002268dc2f7b0 .scope module, "cell_dff" "dff" 5 13, 6 4 0, S_000002268dc32820;
 .timescale 0 0;
    .port_info 0 /OUTPUT 1 "q";
    .port_info 1 /INPUT 1 "d";
    .port_info 2 /INPUT 1 "wen";
    .port_info 3 /INPUT 1 "clk";
    .port_info 4 /INPUT 1 "rst";
v000002268dc23210_0 .net "clk", 0 0, o000002268daedc38;  alias, 0 drivers
v000002268dc23530_0 .net "d", 0 0, L_000002268dcca1b0;  alias, 1 drivers
v000002268dc224f0_0 .var "q", 0 0;
v000002268dc242f0_0 .net "rst", 0 0, o000002268daedcc8;  alias, 0 drivers
v000002268dc23d50_0 .net "wen", 0 0, L_000002268dccb970;  alias, 1 drivers
S_000002268dc2efe0 .scope module, "bit_cell15" "bit_cell" 4 27, 5 2 0, S_000002268dc33e00;
 .timescale 0 0;
    .port_info 0 /INPUT 1 "clk";
    .port_info 1 /INPUT 1 "rst";
    .port_info 2 /INPUT 1 "d";
    .port_info 3 /INPUT 1 "wren";
    .port_info 4 /INPUT 1 "rden1";
    .port_info 5 /INPUT 1 "rden2";
    .port_info 6 /INOUT 1 "bitline1";
    .port_info 7 /INOUT 1 "bitline2";
L_000002268dd33450 .functor BUFIF1 1, v000002268dc269b0_0, L_000002268dccb8d0, C4<0>, C4<0>;
L_000002268dd34020 .functor BUFIF1 1, v000002268dc269b0_0, L_000002268dccb6f0, C4<0>, C4<0>;
v000002268dc24f70_0 .net8 "bitline1", 0 0, p000002268dc3b468;  1 drivers, strength-aware
v000002268dc26910_0 .net8 "bitline2", 0 0, p000002268dc3b498;  1 drivers, strength-aware
v000002268dc24610_0 .net "clk", 0 0, o000002268daedc38;  alias, 0 drivers
v000002268dc26a50_0 .net "d", 0 0, L_000002268dccd3b0;  1 drivers
v000002268dc25b50_0 .net "q", 0 0, v000002268dc269b0_0;  1 drivers
v000002268dc255b0_0 .net "rden1", 0 0, L_000002268dccb8d0;  alias, 1 drivers
v000002268dc26410_0 .net "rden2", 0 0, L_000002268dccb6f0;  alias, 1 drivers
v000002268dc26b90_0 .net "rst", 0 0, o000002268daedcc8;  alias, 0 drivers
v000002268dc26730_0 .net "wren", 0 0, L_000002268dccb970;  alias, 1 drivers
S_000002268dc2e360 .scope module, "cell_dff" "dff" 5 13, 6 4 0, S_000002268dc2efe0;
 .timescale 0 0;
    .port_info 0 /OUTPUT 1 "q";
    .port_info 1 /INPUT 1 "d";
    .port_info 2 /INPUT 1 "wen";
    .port_info 3 /INPUT 1 "clk";
    .port_info 4 /INPUT 1 "rst";
v000002268dc241b0_0 .net "clk", 0 0, o000002268daedc38;  alias, 0 drivers
v000002268dc24250_0 .net "d", 0 0, L_000002268dccd3b0;  alias, 1 drivers
v000002268dc269b0_0 .var "q", 0 0;
v000002268dc24ed0_0 .net "rst", 0 0, o000002268daedcc8;  alias, 0 drivers
v000002268dc26690_0 .net "wen", 0 0, L_000002268dccb970;  alias, 1 drivers
S_000002268dc2f170 .scope module, "bit_cell2" "bit_cell" 4 14, 5 2 0, S_000002268dc33e00;
 .timescale 0 0;
    .port_info 0 /INPUT 1 "clk";
    .port_info 1 /INPUT 1 "rst";
    .port_info 2 /INPUT 1 "d";
    .port_info 3 /INPUT 1 "wren";
    .port_info 4 /INPUT 1 "rden1";
    .port_info 5 /INPUT 1 "rden2";
    .port_info 6 /INOUT 1 "bitline1";
    .port_info 7 /INOUT 1 "bitline2";
L_000002268dd31d20 .functor BUFIF1 1, v000002268dc25970_0, L_000002268dccb8d0, C4<0>, C4<0>;
L_000002268dd329d0 .functor BUFIF1 1, v000002268dc25970_0, L_000002268dccb6f0, C4<0>, C4<0>;
v000002268dc24750_0 .net8 "bitline1", 0 0, p000002268dc3b798;  1 drivers, strength-aware
v000002268dc267d0_0 .net8 "bitline2", 0 0, p000002268dc3b7c8;  1 drivers, strength-aware
v000002268dc258d0_0 .net "clk", 0 0, o000002268daedc38;  alias, 0 drivers
v000002268dc25dd0_0 .net "d", 0 0, L_000002268dcc9df0;  1 drivers
v000002268dc253d0_0 .net "q", 0 0, v000002268dc25970_0;  1 drivers
v000002268dc247f0_0 .net "rden1", 0 0, L_000002268dccb8d0;  alias, 1 drivers
v000002268dc24930_0 .net "rden2", 0 0, L_000002268dccb6f0;  alias, 1 drivers
v000002268dc262d0_0 .net "rst", 0 0, o000002268daedcc8;  alias, 0 drivers
v000002268dc25010_0 .net "wren", 0 0, L_000002268dccb970;  alias, 1 drivers
S_000002268dc33ae0 .scope module, "cell_dff" "dff" 5 13, 6 4 0, S_000002268dc2f170;
 .timescale 0 0;
    .port_info 0 /OUTPUT 1 "q";
    .port_info 1 /INPUT 1 "d";
    .port_info 2 /INPUT 1 "wen";
    .port_info 3 /INPUT 1 "clk";
    .port_info 4 /INPUT 1 "rst";
v000002268dc26af0_0 .net "clk", 0 0, o000002268daedc38;  alias, 0 drivers
v000002268dc26870_0 .net "d", 0 0, L_000002268dcc9df0;  alias, 1 drivers
v000002268dc25970_0 .var "q", 0 0;
v000002268dc24b10_0 .net "rst", 0 0, o000002268daedcc8;  alias, 0 drivers
v000002268dc26cd0_0 .net "wen", 0 0, L_000002268dccb970;  alias, 1 drivers
S_000002268dc2f940 .scope module, "bit_cell3" "bit_cell" 4 15, 5 2 0, S_000002268dc33e00;
 .timescale 0 0;
    .port_info 0 /INPUT 1 "clk";
    .port_info 1 /INPUT 1 "rst";
    .port_info 2 /INPUT 1 "d";
    .port_info 3 /INPUT 1 "wren";
    .port_info 4 /INPUT 1 "rden1";
    .port_info 5 /INPUT 1 "rden2";
    .port_info 6 /INOUT 1 "bitline1";
    .port_info 7 /INOUT 1 "bitline2";
L_000002268dd330d0 .functor BUFIF1 1, v000002268dc24e30_0, L_000002268dccb8d0, C4<0>, C4<0>;
L_000002268dd323b0 .functor BUFIF1 1, v000002268dc24e30_0, L_000002268dccb6f0, C4<0>, C4<0>;
v000002268dc25510_0 .net8 "bitline1", 0 0, p000002268dc3bac8;  1 drivers, strength-aware
v000002268dc24570_0 .net8 "bitline2", 0 0, p000002268dc3baf8;  1 drivers, strength-aware
v000002268dc26190_0 .net "clk", 0 0, o000002268daedc38;  alias, 0 drivers
v000002268dc25650_0 .net "d", 0 0, L_000002268dcc8590;  1 drivers
v000002268dc25c90_0 .net "q", 0 0, v000002268dc24e30_0;  1 drivers
v000002268dc26c30_0 .net "rden1", 0 0, L_000002268dccb8d0;  alias, 1 drivers
v000002268dc250b0_0 .net "rden2", 0 0, L_000002268dccb6f0;  alias, 1 drivers
v000002268dc25470_0 .net "rst", 0 0, o000002268daedcc8;  alias, 0 drivers
v000002268dc256f0_0 .net "wren", 0 0, L_000002268dccb970;  alias, 1 drivers
S_000002268dc2fc60 .scope module, "cell_dff" "dff" 5 13, 6 4 0, S_000002268dc2f940;
 .timescale 0 0;
    .port_info 0 /OUTPUT 1 "q";
    .port_info 1 /INPUT 1 "d";
    .port_info 2 /INPUT 1 "wen";
    .port_info 3 /INPUT 1 "clk";
    .port_info 4 /INPUT 1 "rst";
v000002268dc24c50_0 .net "clk", 0 0, o000002268daedc38;  alias, 0 drivers
v000002268dc265f0_0 .net "d", 0 0, L_000002268dcc8590;  alias, 1 drivers
v000002268dc24e30_0 .var "q", 0 0;
v000002268dc24890_0 .net "rst", 0 0, o000002268daedcc8;  alias, 0 drivers
v000002268dc25ab0_0 .net "wen", 0 0, L_000002268dccb970;  alias, 1 drivers
S_000002268dc2fdf0 .scope module, "bit_cell4" "bit_cell" 4 16, 5 2 0, S_000002268dc33e00;
 .timescale 0 0;
    .port_info 0 /INPUT 1 "clk";
    .port_info 1 /INPUT 1 "rst";
    .port_info 2 /INPUT 1 "d";
    .port_info 3 /INPUT 1 "wren";
    .port_info 4 /INPUT 1 "rden1";
    .port_info 5 /INPUT 1 "rden2";
    .port_info 6 /INOUT 1 "bitline1";
    .port_info 7 /INOUT 1 "bitline2";
L_000002268dd32ea0 .functor BUFIF1 1, v000002268dc25830_0, L_000002268dccb8d0, C4<0>, C4<0>;
L_000002268dd31540 .functor BUFIF1 1, v000002268dc25830_0, L_000002268dccb6f0, C4<0>, C4<0>;
v000002268dc264b0_0 .net8 "bitline1", 0 0, p000002268dc3bdf8;  1 drivers, strength-aware
v000002268dc249d0_0 .net8 "bitline2", 0 0, p000002268dc3be28;  1 drivers, strength-aware
v000002268dc251f0_0 .net "clk", 0 0, o000002268daedc38;  alias, 0 drivers
v000002268dc25fb0_0 .net "d", 0 0, L_000002268dcc9710;  1 drivers
v000002268dc25a10_0 .net "q", 0 0, v000002268dc25830_0;  1 drivers
v000002268dc246b0_0 .net "rden1", 0 0, L_000002268dccb8d0;  alias, 1 drivers
v000002268dc24bb0_0 .net "rden2", 0 0, L_000002268dccb6f0;  alias, 1 drivers
v000002268dc25330_0 .net "rst", 0 0, o000002268daedcc8;  alias, 0 drivers
v000002268dc24a70_0 .net "wren", 0 0, L_000002268dccb970;  alias, 1 drivers
S_000002268dc32ff0 .scope module, "cell_dff" "dff" 5 13, 6 4 0, S_000002268dc2fdf0;
 .timescale 0 0;
    .port_info 0 /OUTPUT 1 "q";
    .port_info 1 /INPUT 1 "d";
    .port_info 2 /INPUT 1 "wen";
    .port_info 3 /INPUT 1 "clk";
    .port_info 4 /INPUT 1 "rst";
v000002268dc25150_0 .net "clk", 0 0, o000002268daedc38;  alias, 0 drivers
v000002268dc25790_0 .net "d", 0 0, L_000002268dcc9710;  alias, 1 drivers
v000002268dc25830_0 .var "q", 0 0;
v000002268dc26370_0 .net "rst", 0 0, o000002268daedcc8;  alias, 0 drivers
v000002268dc25f10_0 .net "wen", 0 0, L_000002268dccb970;  alias, 1 drivers
S_000002268dc2ff80 .scope module, "bit_cell5" "bit_cell" 4 17, 5 2 0, S_000002268dc33e00;
 .timescale 0 0;
    .port_info 0 /INPUT 1 "clk";
    .port_info 1 /INPUT 1 "rst";
    .port_info 2 /INPUT 1 "d";
    .port_info 3 /INPUT 1 "wren";
    .port_info 4 /INPUT 1 "rden1";
    .port_info 5 /INPUT 1 "rden2";
    .port_info 6 /INOUT 1 "bitline1";
    .port_info 7 /INOUT 1 "bitline2";
L_000002268dd31d90 .functor BUFIF1 1, v000002268dc25d30_0, L_000002268dccb8d0, C4<0>, C4<0>;
L_000002268dd32f10 .functor BUFIF1 1, v000002268dc25d30_0, L_000002268dccb6f0, C4<0>, C4<0>;
v000002268dc26050_0 .net8 "bitline1", 0 0, p000002268dc3c128;  1 drivers, strength-aware
v000002268dc25290_0 .net8 "bitline2", 0 0, p000002268dc3c158;  1 drivers, strength-aware
v000002268dc260f0_0 .net "clk", 0 0, o000002268daedc38;  alias, 0 drivers
v000002268dc26230_0 .net "d", 0 0, L_000002268dcc9e90;  1 drivers
v000002268dc26550_0 .net "q", 0 0, v000002268dc25d30_0;  1 drivers
v000002268dc28f30_0 .net "rden1", 0 0, L_000002268dccb8d0;  alias, 1 drivers
v000002268dc29250_0 .net "rden2", 0 0, L_000002268dccb6f0;  alias, 1 drivers
v000002268dc28170_0 .net "rst", 0 0, o000002268daedcc8;  alias, 0 drivers
v000002268dc27310_0 .net "wren", 0 0, L_000002268dccb970;  alias, 1 drivers
S_000002268dc329b0 .scope module, "cell_dff" "dff" 5 13, 6 4 0, S_000002268dc2ff80;
 .timescale 0 0;
    .port_info 0 /OUTPUT 1 "q";
    .port_info 1 /INPUT 1 "d";
    .port_info 2 /INPUT 1 "wen";
    .port_info 3 /INPUT 1 "clk";
    .port_info 4 /INPUT 1 "rst";
v000002268dc25bf0_0 .net "clk", 0 0, o000002268daedc38;  alias, 0 drivers
v000002268dc24cf0_0 .net "d", 0 0, L_000002268dcc9e90;  alias, 1 drivers
v000002268dc25d30_0 .var "q", 0 0;
v000002268dc25e70_0 .net "rst", 0 0, o000002268daedcc8;  alias, 0 drivers
v000002268dc24d90_0 .net "wen", 0 0, L_000002268dccb970;  alias, 1 drivers
S_000002268dc34760 .scope module, "bit_cell6" "bit_cell" 4 18, 5 2 0, S_000002268dc33e00;
 .timescale 0 0;
    .port_info 0 /INPUT 1 "clk";
    .port_info 1 /INPUT 1 "rst";
    .port_info 2 /INPUT 1 "d";
    .port_info 3 /INPUT 1 "wren";
    .port_info 4 /INPUT 1 "rden1";
    .port_info 5 /INPUT 1 "rden2";
    .port_info 6 /INOUT 1 "bitline1";
    .port_info 7 /INOUT 1 "bitline2";
L_000002268dd315b0 .functor BUFIF1 1, v000002268dc282b0_0, L_000002268dccb8d0, C4<0>, C4<0>;
L_000002268dd31af0 .functor BUFIF1 1, v000002268dc282b0_0, L_000002268dccb6f0, C4<0>, C4<0>;
v000002268dc28030_0 .net8 "bitline1", 0 0, p000002268dc3c458;  1 drivers, strength-aware
v000002268dc27d10_0 .net8 "bitline2", 0 0, p000002268dc3c488;  1 drivers, strength-aware
v000002268dc27450_0 .net "clk", 0 0, o000002268daedc38;  alias, 0 drivers
v000002268dc276d0_0 .net "d", 0 0, L_000002268dcca570;  1 drivers
v000002268dc274f0_0 .net "q", 0 0, v000002268dc282b0_0;  1 drivers
v000002268dc280d0_0 .net "rden1", 0 0, L_000002268dccb8d0;  alias, 1 drivers
v000002268dc27e50_0 .net "rden2", 0 0, L_000002268dccb6f0;  alias, 1 drivers
v000002268dc27a90_0 .net "rst", 0 0, o000002268daedcc8;  alias, 0 drivers
v000002268dc28a30_0 .net "wren", 0 0, L_000002268dccb970;  alias, 1 drivers
S_000002268dc34da0 .scope module, "cell_dff" "dff" 5 13, 6 4 0, S_000002268dc34760;
 .timescale 0 0;
    .port_info 0 /OUTPUT 1 "q";
    .port_info 1 /INPUT 1 "d";
    .port_info 2 /INPUT 1 "wen";
    .port_info 3 /INPUT 1 "clk";
    .port_info 4 /INPUT 1 "rst";
v000002268dc26ff0_0 .net "clk", 0 0, o000002268daedc38;  alias, 0 drivers
v000002268dc29390_0 .net "d", 0 0, L_000002268dcca570;  alias, 1 drivers
v000002268dc282b0_0 .var "q", 0 0;
v000002268dc27f90_0 .net "rst", 0 0, o000002268daedcc8;  alias, 0 drivers
v000002268dc273b0_0 .net "wen", 0 0, L_000002268dccb970;  alias, 1 drivers
S_000002268dc34f30 .scope module, "bit_cell7" "bit_cell" 4 19, 5 2 0, S_000002268dc33e00;
 .timescale 0 0;
    .port_info 0 /INPUT 1 "clk";
    .port_info 1 /INPUT 1 "rst";
    .port_info 2 /INPUT 1 "d";
    .port_info 3 /INPUT 1 "wren";
    .port_info 4 /INPUT 1 "rden1";
    .port_info 5 /INPUT 1 "rden2";
    .port_info 6 /INOUT 1 "bitline1";
    .port_info 7 /INOUT 1 "bitline2";
L_000002268dd32420 .functor BUFIF1 1, v000002268dc28990_0, L_000002268dccb8d0, C4<0>, C4<0>;
L_000002268dd31bd0 .functor BUFIF1 1, v000002268dc28990_0, L_000002268dccb6f0, C4<0>, C4<0>;
v000002268dc28210_0 .net8 "bitline1", 0 0, p000002268dc3c788;  1 drivers, strength-aware
v000002268dc28850_0 .net8 "bitline2", 0 0, p000002268dc3c7b8;  1 drivers, strength-aware
v000002268dc27090_0 .net "clk", 0 0, o000002268daedc38;  alias, 0 drivers
v000002268dc26eb0_0 .net "d", 0 0, L_000002268dcca610;  1 drivers
v000002268dc28ad0_0 .net "q", 0 0, v000002268dc28990_0;  1 drivers
v000002268dc28b70_0 .net "rden1", 0 0, L_000002268dccb8d0;  alias, 1 drivers
v000002268dc28350_0 .net "rden2", 0 0, L_000002268dccb6f0;  alias, 1 drivers
v000002268dc283f0_0 .net "rst", 0 0, o000002268daedcc8;  alias, 0 drivers
v000002268dc28c10_0 .net "wren", 0 0, L_000002268dccb970;  alias, 1 drivers
S_000002268dc35570 .scope module, "cell_dff" "dff" 5 13, 6 4 0, S_000002268dc34f30;
 .timescale 0 0;
    .port_info 0 /OUTPUT 1 "q";
    .port_info 1 /INPUT 1 "d";
    .port_info 2 /INPUT 1 "wen";
    .port_info 3 /INPUT 1 "clk";
    .port_info 4 /INPUT 1 "rst";
v000002268dc27590_0 .net "clk", 0 0, o000002268daedc38;  alias, 0 drivers
v000002268dc27630_0 .net "d", 0 0, L_000002268dcca610;  alias, 1 drivers
v000002268dc28990_0 .var "q", 0 0;
v000002268dc27bd0_0 .net "rst", 0 0, o000002268daedcc8;  alias, 0 drivers
v000002268dc28fd0_0 .net "wen", 0 0, L_000002268dccb970;  alias, 1 drivers
S_000002268dc348f0 .scope module, "bit_cell8" "bit_cell" 4 20, 5 2 0, S_000002268dc33e00;
 .timescale 0 0;
    .port_info 0 /INPUT 1 "clk";
    .port_info 1 /INPUT 1 "rst";
    .port_info 2 /INPUT 1 "d";
    .port_info 3 /INPUT 1 "wren";
    .port_info 4 /INPUT 1 "rden1";
    .port_info 5 /INPUT 1 "rden2";
    .port_info 6 /INOUT 1 "bitline1";
    .port_info 7 /INOUT 1 "bitline2";
L_000002268dd32490 .functor BUFIF1 1, v000002268dc29430_0, L_000002268dccb8d0, C4<0>, C4<0>;
L_000002268dd31e00 .functor BUFIF1 1, v000002268dc29430_0, L_000002268dccb6f0, C4<0>, C4<0>;
v000002268dc29070_0 .net8 "bitline1", 0 0, p000002268dc3cab8;  1 drivers, strength-aware
v000002268dc27770_0 .net8 "bitline2", 0 0, p000002268dc3cae8;  1 drivers, strength-aware
v000002268dc26f50_0 .net "clk", 0 0, o000002268daedc38;  alias, 0 drivers
v000002268dc27c70_0 .net "d", 0 0, L_000002268dcc8630;  1 drivers
v000002268dc278b0_0 .net "q", 0 0, v000002268dc29430_0;  1 drivers
v000002268dc27130_0 .net "rden1", 0 0, L_000002268dccb8d0;  alias, 1 drivers
v000002268dc26d70_0 .net "rden2", 0 0, L_000002268dccb6f0;  alias, 1 drivers
v000002268dc271d0_0 .net "rst", 0 0, o000002268daedcc8;  alias, 0 drivers
v000002268dc29110_0 .net "wren", 0 0, L_000002268dccb970;  alias, 1 drivers
S_000002268dc342b0 .scope module, "cell_dff" "dff" 5 13, 6 4 0, S_000002268dc348f0;
 .timescale 0 0;
    .port_info 0 /OUTPUT 1 "q";
    .port_info 1 /INPUT 1 "d";
    .port_info 2 /INPUT 1 "wen";
    .port_info 3 /INPUT 1 "clk";
    .port_info 4 /INPUT 1 "rst";
v000002268dc26e10_0 .net "clk", 0 0, o000002268daedc38;  alias, 0 drivers
v000002268dc292f0_0 .net "d", 0 0, L_000002268dcc8630;  alias, 1 drivers
v000002268dc29430_0 .var "q", 0 0;
v000002268dc28cb0_0 .net "rst", 0 0, o000002268daedcc8;  alias, 0 drivers
v000002268dc294d0_0 .net "wen", 0 0, L_000002268dccb970;  alias, 1 drivers
S_000002268dc34120 .scope module, "bit_cell9" "bit_cell" 4 21, 5 2 0, S_000002268dc33e00;
 .timescale 0 0;
    .port_info 0 /INPUT 1 "clk";
    .port_info 1 /INPUT 1 "rst";
    .port_info 2 /INPUT 1 "d";
    .port_info 3 /INPUT 1 "wren";
    .port_info 4 /INPUT 1 "rden1";
    .port_info 5 /INPUT 1 "rden2";
    .port_info 6 /INOUT 1 "bitline1";
    .port_info 7 /INOUT 1 "bitline2";
L_000002268dd31e70 .functor BUFIF1 1, v000002268dc27950_0, L_000002268dccb8d0, C4<0>, C4<0>;
L_000002268dd32730 .functor BUFIF1 1, v000002268dc27950_0, L_000002268dccb6f0, C4<0>, C4<0>;
v000002268dc28df0_0 .net8 "bitline1", 0 0, p000002268dc3cde8;  1 drivers, strength-aware
v000002268dc27810_0 .net8 "bitline2", 0 0, p000002268dc3ce18;  1 drivers, strength-aware
v000002268dc279f0_0 .net "clk", 0 0, o000002268daedc38;  alias, 0 drivers
v000002268dc27db0_0 .net "d", 0 0, L_000002268dcc8b30;  1 drivers
v000002268dc27ef0_0 .net "q", 0 0, v000002268dc27950_0;  1 drivers
v000002268dc28530_0 .net "rden1", 0 0, L_000002268dccb8d0;  alias, 1 drivers
v000002268dc27b30_0 .net "rden2", 0 0, L_000002268dccb6f0;  alias, 1 drivers
v000002268dc28e90_0 .net "rst", 0 0, o000002268daedcc8;  alias, 0 drivers
v000002268dc291b0_0 .net "wren", 0 0, L_000002268dccb970;  alias, 1 drivers
S_000002268dc34440 .scope module, "cell_dff" "dff" 5 13, 6 4 0, S_000002268dc34120;
 .timescale 0 0;
    .port_info 0 /OUTPUT 1 "q";
    .port_info 1 /INPUT 1 "d";
    .port_info 2 /INPUT 1 "wen";
    .port_info 3 /INPUT 1 "clk";
    .port_info 4 /INPUT 1 "rst";
v000002268dc27270_0 .net "clk", 0 0, o000002268daedc38;  alias, 0 drivers
v000002268dc28490_0 .net "d", 0 0, L_000002268dcc8b30;  alias, 1 drivers
v000002268dc27950_0 .var "q", 0 0;
v000002268dc288f0_0 .net "rst", 0 0, o000002268daedcc8;  alias, 0 drivers
v000002268dc28d50_0 .net "wen", 0 0, L_000002268dccb970;  alias, 1 drivers
S_000002268dc345d0 .scope module, "reg9" "register" 2 32, 4 2 0, S_000002268d492190;
 .timescale 0 0;
    .port_info 0 /INPUT 1 "clk";
    .port_info 1 /INPUT 1 "rst";
    .port_info 2 /INPUT 16 "d";
    .port_info 3 /INPUT 1 "write_reg";
    .port_info 4 /INPUT 1 "rden1";
    .port_info 5 /INPUT 1 "rden2";
    .port_info 6 /INOUT 16 "bitline1";
    .port_info 7 /INOUT 16 "bitline2";
v000002268dcb25b0_0 .net8 "bitline1", 15 0, p000002268daf1028;  alias, 0 drivers, strength-aware
v000002268dcb3d70_0 .net8 "bitline2", 15 0, p000002268daf1058;  alias, 0 drivers, strength-aware
v000002268dcb2150_0 .net "clk", 0 0, o000002268daedc38;  alias, 0 drivers
v000002268dcb30f0_0 .net "d", 15 0, o000002268daf1088;  alias, 0 drivers
v000002268dcb3370_0 .net "rden1", 0 0, L_000002268dccae30;  1 drivers
v000002268dcb37d0_0 .net "rden2", 0 0, L_000002268dccbb50;  1 drivers
v000002268dcb3230_0 .net "rst", 0 0, o000002268daedcc8;  alias, 0 drivers
v000002268dcb34b0_0 .net "write_reg", 0 0, L_000002268dccbab0;  1 drivers
L_000002268dccad90 .part o000002268daf1088, 0, 1;
L_000002268dccccd0 .part o000002268daf1088, 1, 1;
L_000002268dcccf50 .part o000002268daf1088, 2, 1;
L_000002268dccc7d0 .part o000002268daf1088, 3, 1;
L_000002268dccb330 .part o000002268daf1088, 4, 1;
L_000002268dccba10 .part o000002268daf1088, 5, 1;
L_000002268dccd1d0 .part o000002268daf1088, 6, 1;
L_000002268dccbc90 .part o000002268daf1088, 7, 1;
L_000002268dccbe70 .part o000002268daf1088, 8, 1;
L_000002268dccbd30 .part o000002268daf1088, 9, 1;
L_000002268dcccff0 .part o000002268daf1088, 10, 1;
L_000002268dccd090 .part o000002268daf1088, 11, 1;
L_000002268dccc410 .part o000002268daf1088, 12, 1;
L_000002268dcccb90 .part o000002268daf1088, 13, 1;
L_000002268dccaf70 .part o000002268daf1088, 14, 1;
L_000002268dccd450 .part o000002268daf1088, 15, 1;
p000002268dc3d2c8 .port I000002268da132c0, L_000002268dd33a00;
 .tranvp 16 1 0, I000002268da132c0, p000002268daf1028 p000002268dc3d2c8;
p000002268dc3d2f8 .port I000002268da12d00, L_000002268dd34720;
 .tranvp 16 1 0, I000002268da12d00, p000002268daf1058 p000002268dc3d2f8;
p000002268dc3d658 .port I000002268da132c0, L_000002268dd34c60;
 .tranvp 16 1 1, I000002268da132c0, p000002268daf1028 p000002268dc3d658;
p000002268dc3d688 .port I000002268da12d00, L_000002268dd33df0;
 .tranvp 16 1 1, I000002268da12d00, p000002268daf1058 p000002268dc3d688;
p000002268dc3eca8 .port I000002268da132c0, L_000002268dd337d0;
 .tranvp 16 1 2, I000002268da132c0, p000002268daf1028 p000002268dc3eca8;
p000002268dc3ecd8 .port I000002268da12d00, L_000002268dd343a0;
 .tranvp 16 1 2, I000002268da12d00, p000002268daf1058 p000002268dc3ecd8;
p000002268dc3efd8 .port I000002268da132c0, L_000002268dd34cd0;
 .tranvp 16 1 3, I000002268da132c0, p000002268daf1028 p000002268dc3efd8;
p000002268dc3f008 .port I000002268da12d00, L_000002268dd349c0;
 .tranvp 16 1 3, I000002268da12d00, p000002268daf1058 p000002268dc3f008;
p000002268dc3f308 .port I000002268da132c0, L_000002268dd33d80;
 .tranvp 16 1 4, I000002268da132c0, p000002268daf1028 p000002268dc3f308;
p000002268dc3f338 .port I000002268da12d00, L_000002268dd33840;
 .tranvp 16 1 4, I000002268da12d00, p000002268daf1058 p000002268dc3f338;
p000002268dc3f638 .port I000002268da132c0, L_000002268dd33c30;
 .tranvp 16 1 5, I000002268da132c0, p000002268daf1028 p000002268dc3f638;
p000002268dc3f668 .port I000002268da12d00, L_000002268dd348e0;
 .tranvp 16 1 5, I000002268da12d00, p000002268daf1058 p000002268dc3f668;
p000002268dc3f968 .port I000002268da132c0, L_000002268dd338b0;
 .tranvp 16 1 6, I000002268da132c0, p000002268daf1028 p000002268dc3f968;
p000002268dc3f998 .port I000002268da12d00, L_000002268dd33610;
 .tranvp 16 1 6, I000002268da12d00, p000002268daf1058 p000002268dc3f998;
p000002268dc3fc98 .port I000002268da132c0, L_000002268dd34790;
 .tranvp 16 1 7, I000002268da132c0, p000002268daf1028 p000002268dc3fc98;
p000002268dc3fcc8 .port I000002268da12d00, L_000002268dd33ed0;
 .tranvp 16 1 7, I000002268da12d00, p000002268daf1058 p000002268dc3fcc8;
p000002268dc3ffc8 .port I000002268da132c0, L_000002268dd34090;
 .tranvp 16 1 8, I000002268da132c0, p000002268daf1028 p000002268dc3ffc8;
p000002268dc3fff8 .port I000002268da12d00, L_000002268dd33140;
 .tranvp 16 1 8, I000002268da12d00, p000002268daf1058 p000002268dc3fff8;
p000002268dc402f8 .port I000002268da132c0, L_000002268dd34800;
 .tranvp 16 1 9, I000002268da132c0, p000002268daf1028 p000002268dc402f8;
p000002268dc40328 .port I000002268da12d00, L_000002268dd34a30;
 .tranvp 16 1 9, I000002268da12d00, p000002268daf1058 p000002268dc40328;
p000002268dc3d988 .port I000002268da132c0, L_000002268dd346b0;
 .tranvp 16 1 10, I000002268da132c0, p000002268daf1028 p000002268dc3d988;
p000002268dc3d9b8 .port I000002268da12d00, L_000002268dd334c0;
 .tranvp 16 1 10, I000002268da12d00, p000002268daf1058 p000002268dc3d9b8;
p000002268dc3dcb8 .port I000002268da132c0, L_000002268dd34410;
 .tranvp 16 1 11, I000002268da132c0, p000002268daf1028 p000002268dc3dcb8;
p000002268dc3dce8 .port I000002268da12d00, L_000002268dd34870;
 .tranvp 16 1 11, I000002268da12d00, p000002268daf1058 p000002268dc3dce8;
p000002268dc3dfe8 .port I000002268da132c0, L_000002268dd34950;
 .tranvp 16 1 12, I000002268da132c0, p000002268daf1028 p000002268dc3dfe8;
p000002268dc3e018 .port I000002268da12d00, L_000002268dd33d10;
 .tranvp 16 1 12, I000002268da12d00, p000002268daf1058 p000002268dc3e018;
p000002268dc3e318 .port I000002268da132c0, L_000002268dd33920;
 .tranvp 16 1 13, I000002268da132c0, p000002268daf1028 p000002268dc3e318;
p000002268dc3e348 .port I000002268da12d00, L_000002268dd34aa0;
 .tranvp 16 1 13, I000002268da12d00, p000002268daf1058 p000002268dc3e348;
p000002268dc3e648 .port I000002268da132c0, L_000002268dd34100;
 .tranvp 16 1 14, I000002268da132c0, p000002268daf1028 p000002268dc3e648;
p000002268dc3e678 .port I000002268da12d00, L_000002268dd34170;
 .tranvp 16 1 14, I000002268da12d00, p000002268daf1058 p000002268dc3e678;
p000002268dc3e978 .port I000002268da132c0, L_000002268dd33990;
 .tranvp 16 1 15, I000002268da132c0, p000002268daf1028 p000002268dc3e978;
p000002268dc3e9a8 .port I000002268da12d00, L_000002268dd34b10;
 .tranvp 16 1 15, I000002268da12d00, p000002268daf1058 p000002268dc3e9a8;
S_000002268dc34a80 .scope module, "bit_cell0" "bit_cell" 4 12, 5 2 0, S_000002268dc345d0;
 .timescale 0 0;
    .port_info 0 /INPUT 1 "clk";
    .port_info 1 /INPUT 1 "rst";
    .port_info 2 /INPUT 1 "d";
    .port_info 3 /INPUT 1 "wren";
    .port_info 4 /INPUT 1 "rden1";
    .port_info 5 /INPUT 1 "rden2";
    .port_info 6 /INOUT 1 "bitline1";
    .port_info 7 /INOUT 1 "bitline2";
L_000002268dd33a00 .functor BUFIF1 1, v000002268dc29930_0, L_000002268dccae30, C4<0>, C4<0>;
L_000002268dd34720 .functor BUFIF1 1, v000002268dc29930_0, L_000002268dccbb50, C4<0>, C4<0>;
v000002268dc2a0b0_0 .net8 "bitline1", 0 0, p000002268dc3d2c8;  1 drivers, strength-aware
v000002268dc2a5b0_0 .net8 "bitline2", 0 0, p000002268dc3d2f8;  1 drivers, strength-aware
v000002268dc2a470_0 .net "clk", 0 0, o000002268daedc38;  alias, 0 drivers
v000002268dc29d90_0 .net "d", 0 0, L_000002268dccad90;  1 drivers
v000002268dc2add0_0 .net "q", 0 0, v000002268dc29930_0;  1 drivers
v000002268dc2af10_0 .net "rden1", 0 0, L_000002268dccae30;  alias, 1 drivers
v000002268dc2a650_0 .net "rden2", 0 0, L_000002268dccbb50;  alias, 1 drivers
v000002268dc2b870_0 .net "rst", 0 0, o000002268daedcc8;  alias, 0 drivers
v000002268dc2abf0_0 .net "wren", 0 0, L_000002268dccbab0;  alias, 1 drivers
S_000002268dc34c10 .scope module, "cell_dff" "dff" 5 13, 6 4 0, S_000002268dc34a80;
 .timescale 0 0;
    .port_info 0 /OUTPUT 1 "q";
    .port_info 1 /INPUT 1 "d";
    .port_info 2 /INPUT 1 "wen";
    .port_info 3 /INPUT 1 "clk";
    .port_info 4 /INPUT 1 "rst";
v000002268dc29f70_0 .net "clk", 0 0, o000002268daedc38;  alias, 0 drivers
v000002268dc2a510_0 .net "d", 0 0, L_000002268dccad90;  alias, 1 drivers
v000002268dc29930_0 .var "q", 0 0;
v000002268dc2b0f0_0 .net "rst", 0 0, o000002268daedcc8;  alias, 0 drivers
v000002268dc2b730_0 .net "wen", 0 0, L_000002268dccbab0;  alias, 1 drivers
S_000002268dc35700 .scope module, "bit_cell1" "bit_cell" 4 13, 5 2 0, S_000002268dc345d0;
 .timescale 0 0;
    .port_info 0 /INPUT 1 "clk";
    .port_info 1 /INPUT 1 "rst";
    .port_info 2 /INPUT 1 "d";
    .port_info 3 /INPUT 1 "wren";
    .port_info 4 /INPUT 1 "rden1";
    .port_info 5 /INPUT 1 "rden2";
    .port_info 6 /INOUT 1 "bitline1";
    .port_info 7 /INOUT 1 "bitline2";
L_000002268dd34c60 .functor BUFIF1 1, v000002268dc2a790_0, L_000002268dccae30, C4<0>, C4<0>;
L_000002268dd33df0 .functor BUFIF1 1, v000002268dc2a790_0, L_000002268dccbb50, C4<0>, C4<0>;
v000002268dc2a830_0 .net8 "bitline1", 0 0, p000002268dc3d658;  1 drivers, strength-aware
v000002268dc2b230_0 .net8 "bitline2", 0 0, p000002268dc3d688;  1 drivers, strength-aware
v000002268dc2bcd0_0 .net "clk", 0 0, o000002268daedc38;  alias, 0 drivers
v000002268dc29bb0_0 .net "d", 0 0, L_000002268dccccd0;  1 drivers
v000002268dc2b4b0_0 .net "q", 0 0, v000002268dc2a790_0;  1 drivers
v000002268dc2b550_0 .net "rden1", 0 0, L_000002268dccae30;  alias, 1 drivers
v000002268dc29a70_0 .net "rden2", 0 0, L_000002268dccbb50;  alias, 1 drivers
v000002268dc2a3d0_0 .net "rst", 0 0, o000002268daedcc8;  alias, 0 drivers
v000002268dc2b910_0 .net "wren", 0 0, L_000002268dccbab0;  alias, 1 drivers
S_000002268dc350c0 .scope module, "cell_dff" "dff" 5 13, 6 4 0, S_000002268dc35700;
 .timescale 0 0;
    .port_info 0 /OUTPUT 1 "q";
    .port_info 1 /INPUT 1 "d";
    .port_info 2 /INPUT 1 "wen";
    .port_info 3 /INPUT 1 "clk";
    .port_info 4 /INPUT 1 "rst";
v000002268dc2a6f0_0 .net "clk", 0 0, o000002268daedc38;  alias, 0 drivers
v000002268dc2b7d0_0 .net "d", 0 0, L_000002268dccccd0;  alias, 1 drivers
v000002268dc2a790_0 .var "q", 0 0;
v000002268dc29890_0 .net "rst", 0 0, o000002268daedcc8;  alias, 0 drivers
v000002268dc299d0_0 .net "wen", 0 0, L_000002268dccbab0;  alias, 1 drivers
S_000002268dc35250 .scope module, "bit_cell10" "bit_cell" 4 22, 5 2 0, S_000002268dc345d0;
 .timescale 0 0;
    .port_info 0 /INPUT 1 "clk";
    .port_info 1 /INPUT 1 "rst";
    .port_info 2 /INPUT 1 "d";
    .port_info 3 /INPUT 1 "wren";
    .port_info 4 /INPUT 1 "rden1";
    .port_info 5 /INPUT 1 "rden2";
    .port_info 6 /INOUT 1 "bitline1";
    .port_info 7 /INOUT 1 "bitline2";
L_000002268dd346b0 .functor BUFIF1 1, v000002268dc2b9b0_0, L_000002268dccae30, C4<0>, C4<0>;
L_000002268dd334c0 .functor BUFIF1 1, v000002268dc2b9b0_0, L_000002268dccbb50, C4<0>, C4<0>;
v000002268dc29b10_0 .net8 "bitline1", 0 0, p000002268dc3d988;  1 drivers, strength-aware
v000002268dc29610_0 .net8 "bitline2", 0 0, p000002268dc3d9b8;  1 drivers, strength-aware
v000002268dc2a8d0_0 .net "clk", 0 0, o000002268daedc38;  alias, 0 drivers
v000002268dc29cf0_0 .net "d", 0 0, L_000002268dcccff0;  1 drivers
v000002268dc2bb90_0 .net "q", 0 0, v000002268dc2b9b0_0;  1 drivers
v000002268dc2b410_0 .net "rden1", 0 0, L_000002268dccae30;  alias, 1 drivers
v000002268dc2ba50_0 .net "rden2", 0 0, L_000002268dccbb50;  alias, 1 drivers
v000002268dc2b5f0_0 .net "rst", 0 0, o000002268daedcc8;  alias, 0 drivers
v000002268dc2a150_0 .net "wren", 0 0, L_000002268dccbab0;  alias, 1 drivers
S_000002268dc353e0 .scope module, "cell_dff" "dff" 5 13, 6 4 0, S_000002268dc35250;
 .timescale 0 0;
    .port_info 0 /OUTPUT 1 "q";
    .port_info 1 /INPUT 1 "d";
    .port_info 2 /INPUT 1 "wen";
    .port_info 3 /INPUT 1 "clk";
    .port_info 4 /INPUT 1 "rst";
v000002268dc2b370_0 .net "clk", 0 0, o000002268daedc38;  alias, 0 drivers
v000002268dc2a970_0 .net "d", 0 0, L_000002268dcccff0;  alias, 1 drivers
v000002268dc2b9b0_0 .var "q", 0 0;
v000002268dc2a010_0 .net "rst", 0 0, o000002268daedcc8;  alias, 0 drivers
v000002268dc2b690_0 .net "wen", 0 0, L_000002268dccbab0;  alias, 1 drivers
S_000002268dc35890 .scope module, "bit_cell11" "bit_cell" 4 23, 5 2 0, S_000002268dc345d0;
 .timescale 0 0;
    .port_info 0 /INPUT 1 "clk";
    .port_info 1 /INPUT 1 "rst";
    .port_info 2 /INPUT 1 "d";
    .port_info 3 /INPUT 1 "wren";
    .port_info 4 /INPUT 1 "rden1";
    .port_info 5 /INPUT 1 "rden2";
    .port_info 6 /INOUT 1 "bitline1";
    .port_info 7 /INOUT 1 "bitline2";
L_000002268dd34410 .functor BUFIF1 1, v000002268dc29570_0, L_000002268dccae30, C4<0>, C4<0>;
L_000002268dd34870 .functor BUFIF1 1, v000002268dc29570_0, L_000002268dccbb50, C4<0>, C4<0>;
v000002268dc297f0_0 .net8 "bitline1", 0 0, p000002268dc3dcb8;  1 drivers, strength-aware
v000002268dc2ac90_0 .net8 "bitline2", 0 0, p000002268dc3dce8;  1 drivers, strength-aware
v000002268dc29750_0 .net "clk", 0 0, o000002268daedc38;  alias, 0 drivers
v000002268dc2a330_0 .net "d", 0 0, L_000002268dccd090;  1 drivers
v000002268dc2aa10_0 .net "q", 0 0, v000002268dc29570_0;  1 drivers
v000002268dc2b2d0_0 .net "rden1", 0 0, L_000002268dccae30;  alias, 1 drivers
v000002268dc2aab0_0 .net "rden2", 0 0, L_000002268dccbb50;  alias, 1 drivers
v000002268dc2b190_0 .net "rst", 0 0, o000002268daedcc8;  alias, 0 drivers
v000002268dc2ab50_0 .net "wren", 0 0, L_000002268dccbab0;  alias, 1 drivers
S_000002268dc35a20 .scope module, "cell_dff" "dff" 5 13, 6 4 0, S_000002268dc35890;
 .timescale 0 0;
    .port_info 0 /OUTPUT 1 "q";
    .port_info 1 /INPUT 1 "d";
    .port_info 2 /INPUT 1 "wen";
    .port_info 3 /INPUT 1 "clk";
    .port_info 4 /INPUT 1 "rst";
v000002268dc2baf0_0 .net "clk", 0 0, o000002268daedc38;  alias, 0 drivers
v000002268dc2a1f0_0 .net "d", 0 0, L_000002268dccd090;  alias, 1 drivers
v000002268dc29570_0 .var "q", 0 0;
v000002268dc296b0_0 .net "rst", 0 0, o000002268daedcc8;  alias, 0 drivers
v000002268dc2a290_0 .net "wen", 0 0, L_000002268dccbab0;  alias, 1 drivers
S_000002268dc9fce0 .scope module, "bit_cell12" "bit_cell" 4 24, 5 2 0, S_000002268dc345d0;
 .timescale 0 0;
    .port_info 0 /INPUT 1 "clk";
    .port_info 1 /INPUT 1 "rst";
    .port_info 2 /INPUT 1 "d";
    .port_info 3 /INPUT 1 "wren";
    .port_info 4 /INPUT 1 "rden1";
    .port_info 5 /INPUT 1 "rden2";
    .port_info 6 /INOUT 1 "bitline1";
    .port_info 7 /INOUT 1 "bitline2";
L_000002268dd34950 .functor BUFIF1 1, v000002268dc2afb0_0, L_000002268dccae30, C4<0>, C4<0>;
L_000002268dd33d10 .functor BUFIF1 1, v000002268dc2afb0_0, L_000002268dccbb50, C4<0>, C4<0>;
v000002268dc2dad0_0 .net8 "bitline1", 0 0, p000002268dc3dfe8;  1 drivers, strength-aware
v000002268dc2cdb0_0 .net8 "bitline2", 0 0, p000002268dc3e018;  1 drivers, strength-aware
v000002268dc2cb30_0 .net "clk", 0 0, o000002268daedc38;  alias, 0 drivers
v000002268dc2bd70_0 .net "d", 0 0, L_000002268dccc410;  1 drivers
v000002268dc2be10_0 .net "q", 0 0, v000002268dc2afb0_0;  1 drivers
v000002268dc2d710_0 .net "rden1", 0 0, L_000002268dccae30;  alias, 1 drivers
v000002268dc2cd10_0 .net "rden2", 0 0, L_000002268dccbb50;  alias, 1 drivers
v000002268dc2c630_0 .net "rst", 0 0, o000002268daedcc8;  alias, 0 drivers
v000002268dc2ca90_0 .net "wren", 0 0, L_000002268dccbab0;  alias, 1 drivers
S_000002268dca2260 .scope module, "cell_dff" "dff" 5 13, 6 4 0, S_000002268dc9fce0;
 .timescale 0 0;
    .port_info 0 /OUTPUT 1 "q";
    .port_info 1 /INPUT 1 "d";
    .port_info 2 /INPUT 1 "wen";
    .port_info 3 /INPUT 1 "clk";
    .port_info 4 /INPUT 1 "rst";
v000002268dc2ad30_0 .net "clk", 0 0, o000002268daedc38;  alias, 0 drivers
v000002268dc2ae70_0 .net "d", 0 0, L_000002268dccc410;  alias, 1 drivers
v000002268dc2afb0_0 .var "q", 0 0;
v000002268dc2b050_0 .net "rst", 0 0, o000002268daedcc8;  alias, 0 drivers
v000002268dc2d670_0 .net "wen", 0 0, L_000002268dccbab0;  alias, 1 drivers
S_000002268dca1a90 .scope module, "bit_cell13" "bit_cell" 4 25, 5 2 0, S_000002268dc345d0;
 .timescale 0 0;
    .port_info 0 /INPUT 1 "clk";
    .port_info 1 /INPUT 1 "rst";
    .port_info 2 /INPUT 1 "d";
    .port_info 3 /INPUT 1 "wren";
    .port_info 4 /INPUT 1 "rden1";
    .port_info 5 /INPUT 1 "rden2";
    .port_info 6 /INOUT 1 "bitline1";
    .port_info 7 /INOUT 1 "bitline2";
L_000002268dd33920 .functor BUFIF1 1, v000002268dc2d170_0, L_000002268dccae30, C4<0>, C4<0>;
L_000002268dd34aa0 .functor BUFIF1 1, v000002268dc2d170_0, L_000002268dccbb50, C4<0>, C4<0>;
v000002268dc2d850_0 .net8 "bitline1", 0 0, p000002268dc3e318;  1 drivers, strength-aware
v000002268dc2c1d0_0 .net8 "bitline2", 0 0, p000002268dc3e348;  1 drivers, strength-aware
v000002268dc2d3f0_0 .net "clk", 0 0, o000002268daedc38;  alias, 0 drivers
v000002268dc2d8f0_0 .net "d", 0 0, L_000002268dcccb90;  1 drivers
v000002268dc2beb0_0 .net "q", 0 0, v000002268dc2d170_0;  1 drivers
v000002268dc2ce50_0 .net "rden1", 0 0, L_000002268dccae30;  alias, 1 drivers
v000002268dc2c950_0 .net "rden2", 0 0, L_000002268dccbb50;  alias, 1 drivers
v000002268dc2c6d0_0 .net "rst", 0 0, o000002268daedcc8;  alias, 0 drivers
v000002268dc2d490_0 .net "wren", 0 0, L_000002268dccbab0;  alias, 1 drivers
S_000002268dc9fb50 .scope module, "cell_dff" "dff" 5 13, 6 4 0, S_000002268dca1a90;
 .timescale 0 0;
    .port_info 0 /OUTPUT 1 "q";
    .port_info 1 /INPUT 1 "d";
    .port_info 2 /INPUT 1 "wen";
    .port_info 3 /INPUT 1 "clk";
    .port_info 4 /INPUT 1 "rst";
v000002268dc2c130_0 .net "clk", 0 0, o000002268daedc38;  alias, 0 drivers
v000002268dc2d350_0 .net "d", 0 0, L_000002268dcccb90;  alias, 1 drivers
v000002268dc2d170_0 .var "q", 0 0;
v000002268dc2d7b0_0 .net "rst", 0 0, o000002268daedcc8;  alias, 0 drivers
v000002268dc2c810_0 .net "wen", 0 0, L_000002268dccbab0;  alias, 1 drivers
S_000002268dca20d0 .scope module, "bit_cell14" "bit_cell" 4 26, 5 2 0, S_000002268dc345d0;
 .timescale 0 0;
    .port_info 0 /INPUT 1 "clk";
    .port_info 1 /INPUT 1 "rst";
    .port_info 2 /INPUT 1 "d";
    .port_info 3 /INPUT 1 "wren";
    .port_info 4 /INPUT 1 "rden1";
    .port_info 5 /INPUT 1 "rden2";
    .port_info 6 /INOUT 1 "bitline1";
    .port_info 7 /INOUT 1 "bitline2";
L_000002268dd34100 .functor BUFIF1 1, v000002268dc2d990_0, L_000002268dccae30, C4<0>, C4<0>;
L_000002268dd34170 .functor BUFIF1 1, v000002268dc2d990_0, L_000002268dccbb50, C4<0>, C4<0>;
v000002268dc2d030_0 .net8 "bitline1", 0 0, p000002268dc3e648;  1 drivers, strength-aware
v000002268dc2cbd0_0 .net8 "bitline2", 0 0, p000002268dc3e678;  1 drivers, strength-aware
v000002268dc2db70_0 .net "clk", 0 0, o000002268daedc38;  alias, 0 drivers
v000002268dc2dc10_0 .net "d", 0 0, L_000002268dccaf70;  1 drivers
v000002268dc2c770_0 .net "q", 0 0, v000002268dc2d990_0;  1 drivers
v000002268dc2bf50_0 .net "rden1", 0 0, L_000002268dccae30;  alias, 1 drivers
v000002268dc2cc70_0 .net "rden2", 0 0, L_000002268dccbb50;  alias, 1 drivers
v000002268dc2bff0_0 .net "rst", 0 0, o000002268daedcc8;  alias, 0 drivers
v000002268dc2cef0_0 .net "wren", 0 0, L_000002268dccbab0;  alias, 1 drivers
S_000002268dca4b00 .scope module, "cell_dff" "dff" 5 13, 6 4 0, S_000002268dca20d0;
 .timescale 0 0;
    .port_info 0 /OUTPUT 1 "q";
    .port_info 1 /INPUT 1 "d";
    .port_info 2 /INPUT 1 "wen";
    .port_info 3 /INPUT 1 "clk";
    .port_info 4 /INPUT 1 "rst";
v000002268dc2c8b0_0 .net "clk", 0 0, o000002268daedc38;  alias, 0 drivers
v000002268dc2c9f0_0 .net "d", 0 0, L_000002268dccaf70;  alias, 1 drivers
v000002268dc2d990_0 .var "q", 0 0;
v000002268dc2c270_0 .net "rst", 0 0, o000002268daedcc8;  alias, 0 drivers
v000002268dc2da30_0 .net "wen", 0 0, L_000002268dccbab0;  alias, 1 drivers
S_000002268dca4e20 .scope module, "bit_cell15" "bit_cell" 4 27, 5 2 0, S_000002268dc345d0;
 .timescale 0 0;
    .port_info 0 /INPUT 1 "clk";
    .port_info 1 /INPUT 1 "rst";
    .port_info 2 /INPUT 1 "d";
    .port_info 3 /INPUT 1 "wren";
    .port_info 4 /INPUT 1 "rden1";
    .port_info 5 /INPUT 1 "rden2";
    .port_info 6 /INOUT 1 "bitline1";
    .port_info 7 /INOUT 1 "bitline2";
L_000002268dd33990 .functor BUFIF1 1, v000002268dc2d0d0_0, L_000002268dccae30, C4<0>, C4<0>;
L_000002268dd34b10 .functor BUFIF1 1, v000002268dc2d0d0_0, L_000002268dccbb50, C4<0>, C4<0>;
v000002268dc2c450_0 .net8 "bitline1", 0 0, p000002268dc3e978;  1 drivers, strength-aware
v000002268dc2d210_0 .net8 "bitline2", 0 0, p000002268dc3e9a8;  1 drivers, strength-aware
v000002268dc2d530_0 .net "clk", 0 0, o000002268daedc38;  alias, 0 drivers
v000002268dc2c4f0_0 .net "d", 0 0, L_000002268dccd450;  1 drivers
v000002268dc2cf90_0 .net "q", 0 0, v000002268dc2d0d0_0;  1 drivers
v000002268dc2d2b0_0 .net "rden1", 0 0, L_000002268dccae30;  alias, 1 drivers
v000002268dc2d5d0_0 .net "rden2", 0 0, L_000002268dccbb50;  alias, 1 drivers
v000002268dc0dd70_0 .net "rst", 0 0, o000002268daedcc8;  alias, 0 drivers
v000002268dc0f3f0_0 .net "wren", 0 0, L_000002268dccbab0;  alias, 1 drivers
S_000002268dca0960 .scope module, "cell_dff" "dff" 5 13, 6 4 0, S_000002268dca4e20;
 .timescale 0 0;
    .port_info 0 /OUTPUT 1 "q";
    .port_info 1 /INPUT 1 "d";
    .port_info 2 /INPUT 1 "wen";
    .port_info 3 /INPUT 1 "clk";
    .port_info 4 /INPUT 1 "rst";
v000002268dc2c090_0 .net "clk", 0 0, o000002268daedc38;  alias, 0 drivers
v000002268dc2c310_0 .net "d", 0 0, L_000002268dccd450;  alias, 1 drivers
v000002268dc2d0d0_0 .var "q", 0 0;
v000002268dc2c3b0_0 .net "rst", 0 0, o000002268daedcc8;  alias, 0 drivers
v000002268dc2c590_0 .net "wen", 0 0, L_000002268dccbab0;  alias, 1 drivers
S_000002268dca3e80 .scope module, "bit_cell2" "bit_cell" 4 14, 5 2 0, S_000002268dc345d0;
 .timescale 0 0;
    .port_info 0 /INPUT 1 "clk";
    .port_info 1 /INPUT 1 "rst";
    .port_info 2 /INPUT 1 "d";
    .port_info 3 /INPUT 1 "wren";
    .port_info 4 /INPUT 1 "rden1";
    .port_info 5 /INPUT 1 "rden2";
    .port_info 6 /INOUT 1 "bitline1";
    .port_info 7 /INOUT 1 "bitline2";
L_000002268dd337d0 .functor BUFIF1 1, v000002268dc0eb30_0, L_000002268dccae30, C4<0>, C4<0>;
L_000002268dd343a0 .functor BUFIF1 1, v000002268dc0eb30_0, L_000002268dccbb50, C4<0>, C4<0>;
v000002268dc0fdf0_0 .net8 "bitline1", 0 0, p000002268dc3eca8;  1 drivers, strength-aware
v000002268dc0e630_0 .net8 "bitline2", 0 0, p000002268dc3ecd8;  1 drivers, strength-aware
v000002268dc0dff0_0 .net "clk", 0 0, o000002268daedc38;  alias, 0 drivers
v000002268dc0ebd0_0 .net "d", 0 0, L_000002268dcccf50;  1 drivers
v000002268dc10430_0 .net "q", 0 0, v000002268dc0eb30_0;  1 drivers
v000002268dc0f530_0 .net "rden1", 0 0, L_000002268dccae30;  alias, 1 drivers
v000002268dc0edb0_0 .net "rden2", 0 0, L_000002268dccbb50;  alias, 1 drivers
v000002268dc104d0_0 .net "rst", 0 0, o000002268daedcc8;  alias, 0 drivers
v000002268dc0de10_0 .net "wren", 0 0, L_000002268dccbab0;  alias, 1 drivers
S_000002268dca39d0 .scope module, "cell_dff" "dff" 5 13, 6 4 0, S_000002268dca3e80;
 .timescale 0 0;
    .port_info 0 /OUTPUT 1 "q";
    .port_info 1 /INPUT 1 "d";
    .port_info 2 /INPUT 1 "wen";
    .port_info 3 /INPUT 1 "clk";
    .port_info 4 /INPUT 1 "rst";
v000002268dc0ed10_0 .net "clk", 0 0, o000002268daedc38;  alias, 0 drivers
v000002268dc0f490_0 .net "d", 0 0, L_000002268dcccf50;  alias, 1 drivers
v000002268dc0eb30_0 .var "q", 0 0;
v000002268dc0f030_0 .net "rst", 0 0, o000002268daedcc8;  alias, 0 drivers
v000002268dc0e810_0 .net "wen", 0 0, L_000002268dccbab0;  alias, 1 drivers
S_000002268dca0640 .scope module, "bit_cell3" "bit_cell" 4 15, 5 2 0, S_000002268dc345d0;
 .timescale 0 0;
    .port_info 0 /INPUT 1 "clk";
    .port_info 1 /INPUT 1 "rst";
    .port_info 2 /INPUT 1 "d";
    .port_info 3 /INPUT 1 "wren";
    .port_info 4 /INPUT 1 "rden1";
    .port_info 5 /INPUT 1 "rden2";
    .port_info 6 /INOUT 1 "bitline1";
    .port_info 7 /INOUT 1 "bitline2";
L_000002268dd34cd0 .functor BUFIF1 1, v000002268dc0f350_0, L_000002268dccae30, C4<0>, C4<0>;
L_000002268dd349c0 .functor BUFIF1 1, v000002268dc0f350_0, L_000002268dccbb50, C4<0>, C4<0>;
v000002268dc0e590_0 .net8 "bitline1", 0 0, p000002268dc3efd8;  1 drivers, strength-aware
v000002268dc0fe90_0 .net8 "bitline2", 0 0, p000002268dc3f008;  1 drivers, strength-aware
v000002268dc0e090_0 .net "clk", 0 0, o000002268daedc38;  alias, 0 drivers
v000002268dc10390_0 .net "d", 0 0, L_000002268dccc7d0;  1 drivers
v000002268dc0f5d0_0 .net "q", 0 0, v000002268dc0f350_0;  1 drivers
v000002268dc0f850_0 .net "rden1", 0 0, L_000002268dccae30;  alias, 1 drivers
v000002268dc0ef90_0 .net "rden2", 0 0, L_000002268dccbb50;  alias, 1 drivers
v000002268dc0e310_0 .net "rst", 0 0, o000002268daedcc8;  alias, 0 drivers
v000002268dc0deb0_0 .net "wren", 0 0, L_000002268dccbab0;  alias, 1 drivers
S_000002268dca12c0 .scope module, "cell_dff" "dff" 5 13, 6 4 0, S_000002268dca0640;
 .timescale 0 0;
    .port_info 0 /OUTPUT 1 "q";
    .port_info 1 /INPUT 1 "d";
    .port_info 2 /INPUT 1 "wen";
    .port_info 3 /INPUT 1 "clk";
    .port_info 4 /INPUT 1 "rst";
v000002268dc0ff30_0 .net "clk", 0 0, o000002268daedc38;  alias, 0 drivers
v000002268dc0f170_0 .net "d", 0 0, L_000002268dccc7d0;  alias, 1 drivers
v000002268dc0f350_0 .var "q", 0 0;
v000002268dc0fcb0_0 .net "rst", 0 0, o000002268daedcc8;  alias, 0 drivers
v000002268dc0e8b0_0 .net "wen", 0 0, L_000002268dccbab0;  alias, 1 drivers
S_000002268dca2580 .scope module, "bit_cell4" "bit_cell" 4 16, 5 2 0, S_000002268dc345d0;
 .timescale 0 0;
    .port_info 0 /INPUT 1 "clk";
    .port_info 1 /INPUT 1 "rst";
    .port_info 2 /INPUT 1 "d";
    .port_info 3 /INPUT 1 "wren";
    .port_info 4 /INPUT 1 "rden1";
    .port_info 5 /INPUT 1 "rden2";
    .port_info 6 /INOUT 1 "bitline1";
    .port_info 7 /INOUT 1 "bitline2";
L_000002268dd33d80 .functor BUFIF1 1, v000002268dc0e1d0_0, L_000002268dccae30, C4<0>, C4<0>;
L_000002268dd33840 .functor BUFIF1 1, v000002268dc0e1d0_0, L_000002268dccbb50, C4<0>, C4<0>;
v000002268dc0fa30_0 .net8 "bitline1", 0 0, p000002268dc3f308;  1 drivers, strength-aware
v000002268dc0df50_0 .net8 "bitline2", 0 0, p000002268dc3f338;  1 drivers, strength-aware
v000002268dc0e450_0 .net "clk", 0 0, o000002268daedc38;  alias, 0 drivers
v000002268dc0e6d0_0 .net "d", 0 0, L_000002268dccb330;  1 drivers
v000002268dc0ffd0_0 .net "q", 0 0, v000002268dc0e1d0_0;  1 drivers
v000002268dc0e270_0 .net "rden1", 0 0, L_000002268dccae30;  alias, 1 drivers
v000002268dc0ec70_0 .net "rden2", 0 0, L_000002268dccbb50;  alias, 1 drivers
v000002268dc10070_0 .net "rst", 0 0, o000002268daedcc8;  alias, 0 drivers
v000002268dc0f8f0_0 .net "wren", 0 0, L_000002268dccbab0;  alias, 1 drivers
S_000002268dca07d0 .scope module, "cell_dff" "dff" 5 13, 6 4 0, S_000002268dca2580;
 .timescale 0 0;
    .port_info 0 /OUTPUT 1 "q";
    .port_info 1 /INPUT 1 "d";
    .port_info 2 /INPUT 1 "wen";
    .port_info 3 /INPUT 1 "clk";
    .port_info 4 /INPUT 1 "rst";
v000002268dc0f0d0_0 .net "clk", 0 0, o000002268daedc38;  alias, 0 drivers
v000002268dc0ea90_0 .net "d", 0 0, L_000002268dccb330;  alias, 1 drivers
v000002268dc0e1d0_0 .var "q", 0 0;
v000002268dc102f0_0 .net "rst", 0 0, o000002268daedcc8;  alias, 0 drivers
v000002268dc0fd50_0 .net "wen", 0 0, L_000002268dccbab0;  alias, 1 drivers
S_000002268dc9f830 .scope module, "bit_cell5" "bit_cell" 4 17, 5 2 0, S_000002268dc345d0;
 .timescale 0 0;
    .port_info 0 /INPUT 1 "clk";
    .port_info 1 /INPUT 1 "rst";
    .port_info 2 /INPUT 1 "d";
    .port_info 3 /INPUT 1 "wren";
    .port_info 4 /INPUT 1 "rden1";
    .port_info 5 /INPUT 1 "rden2";
    .port_info 6 /INOUT 1 "bitline1";
    .port_info 7 /INOUT 1 "bitline2";
L_000002268dd33c30 .functor BUFIF1 1, v000002268dc101b0_0, L_000002268dccae30, C4<0>, C4<0>;
L_000002268dd348e0 .functor BUFIF1 1, v000002268dc101b0_0, L_000002268dccbb50, C4<0>, C4<0>;
v000002268dc0e950_0 .net8 "bitline1", 0 0, p000002268dc3f638;  1 drivers, strength-aware
v000002268dc10250_0 .net8 "bitline2", 0 0, p000002268dc3f668;  1 drivers, strength-aware
v000002268dc0e130_0 .net "clk", 0 0, o000002268daedc38;  alias, 0 drivers
v000002268dc0e3b0_0 .net "d", 0 0, L_000002268dccba10;  1 drivers
v000002268dc0f670_0 .net "q", 0 0, v000002268dc101b0_0;  1 drivers
v000002268dc0ee50_0 .net "rden1", 0 0, L_000002268dccae30;  alias, 1 drivers
v000002268dc0fc10_0 .net "rden2", 0 0, L_000002268dccbb50;  alias, 1 drivers
v000002268dc0e4f0_0 .net "rst", 0 0, o000002268daedcc8;  alias, 0 drivers
v000002268dc0e9f0_0 .net "wren", 0 0, L_000002268dccbab0;  alias, 1 drivers
S_000002268dc9f380 .scope module, "cell_dff" "dff" 5 13, 6 4 0, S_000002268dc9f830;
 .timescale 0 0;
    .port_info 0 /OUTPUT 1 "q";
    .port_info 1 /INPUT 1 "d";
    .port_info 2 /INPUT 1 "wen";
    .port_info 3 /INPUT 1 "clk";
    .port_info 4 /INPUT 1 "rst";
v000002268dc0fb70_0 .net "clk", 0 0, o000002268daedc38;  alias, 0 drivers
v000002268dc0f210_0 .net "d", 0 0, L_000002268dccba10;  alias, 1 drivers
v000002268dc101b0_0 .var "q", 0 0;
v000002268dc0e770_0 .net "rst", 0 0, o000002268daedcc8;  alias, 0 drivers
v000002268dc10110_0 .net "wen", 0 0, L_000002268dccbab0;  alias, 1 drivers
S_000002268dc9fe70 .scope module, "bit_cell6" "bit_cell" 4 18, 5 2 0, S_000002268dc345d0;
 .timescale 0 0;
    .port_info 0 /INPUT 1 "clk";
    .port_info 1 /INPUT 1 "rst";
    .port_info 2 /INPUT 1 "d";
    .port_info 3 /INPUT 1 "wren";
    .port_info 4 /INPUT 1 "rden1";
    .port_info 5 /INPUT 1 "rden2";
    .port_info 6 /INOUT 1 "bitline1";
    .port_info 7 /INOUT 1 "bitline2";
L_000002268dd338b0 .functor BUFIF1 1, v000002268dc0f710_0, L_000002268dccae30, C4<0>, C4<0>;
L_000002268dd33610 .functor BUFIF1 1, v000002268dc0f710_0, L_000002268dccbb50, C4<0>, C4<0>;
v000002268dc0fad0_0 .net8 "bitline1", 0 0, p000002268dc3f968;  1 drivers, strength-aware
v000002268dcb3cd0_0 .net8 "bitline2", 0 0, p000002268dc3f998;  1 drivers, strength-aware
v000002268dcb1e30_0 .net "clk", 0 0, o000002268daedc38;  alias, 0 drivers
v000002268dcb26f0_0 .net "d", 0 0, L_000002268dccd1d0;  1 drivers
v000002268dcb2c90_0 .net "q", 0 0, v000002268dc0f710_0;  1 drivers
v000002268dcb3690_0 .net "rden1", 0 0, L_000002268dccae30;  alias, 1 drivers
v000002268dcb1ed0_0 .net "rden2", 0 0, L_000002268dccbb50;  alias, 1 drivers
v000002268dcb23d0_0 .net "rst", 0 0, o000002268daedcc8;  alias, 0 drivers
v000002268dcb3a50_0 .net "wren", 0 0, L_000002268dccbab0;  alias, 1 drivers
S_000002268dca15e0 .scope module, "cell_dff" "dff" 5 13, 6 4 0, S_000002268dc9fe70;
 .timescale 0 0;
    .port_info 0 /OUTPUT 1 "q";
    .port_info 1 /INPUT 1 "d";
    .port_info 2 /INPUT 1 "wen";
    .port_info 3 /INPUT 1 "clk";
    .port_info 4 /INPUT 1 "rst";
v000002268dc0eef0_0 .net "clk", 0 0, o000002268daedc38;  alias, 0 drivers
v000002268dc0f2b0_0 .net "d", 0 0, L_000002268dccd1d0;  alias, 1 drivers
v000002268dc0f710_0 .var "q", 0 0;
v000002268dc0f7b0_0 .net "rst", 0 0, o000002268daedcc8;  alias, 0 drivers
v000002268dc0f990_0 .net "wen", 0 0, L_000002268dccbab0;  alias, 1 drivers
S_000002268dca0af0 .scope module, "bit_cell7" "bit_cell" 4 19, 5 2 0, S_000002268dc345d0;
 .timescale 0 0;
    .port_info 0 /INPUT 1 "clk";
    .port_info 1 /INPUT 1 "rst";
    .port_info 2 /INPUT 1 "d";
    .port_info 3 /INPUT 1 "wren";
    .port_info 4 /INPUT 1 "rden1";
    .port_info 5 /INPUT 1 "rden2";
    .port_info 6 /INOUT 1 "bitline1";
    .port_info 7 /INOUT 1 "bitline2";
L_000002268dd34790 .functor BUFIF1 1, v000002268dcb3550_0, L_000002268dccae30, C4<0>, C4<0>;
L_000002268dd33ed0 .functor BUFIF1 1, v000002268dcb3550_0, L_000002268dccbb50, C4<0>, C4<0>;
v000002268dcb2bf0_0 .net8 "bitline1", 0 0, p000002268dc3fc98;  1 drivers, strength-aware
v000002268dcb2830_0 .net8 "bitline2", 0 0, p000002268dc3fcc8;  1 drivers, strength-aware
v000002268dcb3f50_0 .net "clk", 0 0, o000002268daedc38;  alias, 0 drivers
v000002268dcb3af0_0 .net "d", 0 0, L_000002268dccbc90;  1 drivers
v000002268dcb2290_0 .net "q", 0 0, v000002268dcb3550_0;  1 drivers
v000002268dcb21f0_0 .net "rden1", 0 0, L_000002268dccae30;  alias, 1 drivers
v000002268dcb2d30_0 .net "rden2", 0 0, L_000002268dccbb50;  alias, 1 drivers
v000002268dcb4130_0 .net "rst", 0 0, o000002268daedcc8;  alias, 0 drivers
v000002268dcb28d0_0 .net "wren", 0 0, L_000002268dccbab0;  alias, 1 drivers
S_000002268dca0e10 .scope module, "cell_dff" "dff" 5 13, 6 4 0, S_000002268dca0af0;
 .timescale 0 0;
    .port_info 0 /OUTPUT 1 "q";
    .port_info 1 /INPUT 1 "d";
    .port_info 2 /INPUT 1 "wen";
    .port_info 3 /INPUT 1 "clk";
    .port_info 4 /INPUT 1 "rst";
v000002268dcb2790_0 .net "clk", 0 0, o000002268daedc38;  alias, 0 drivers
v000002268dcb3c30_0 .net "d", 0 0, L_000002268dccbc90;  alias, 1 drivers
v000002268dcb3550_0 .var "q", 0 0;
v000002268dcb41d0_0 .net "rst", 0 0, o000002268daedcc8;  alias, 0 drivers
v000002268dcb2010_0 .net "wen", 0 0, L_000002268dccbab0;  alias, 1 drivers
S_000002268dca0fa0 .scope module, "bit_cell8" "bit_cell" 4 20, 5 2 0, S_000002268dc345d0;
 .timescale 0 0;
    .port_info 0 /INPUT 1 "clk";
    .port_info 1 /INPUT 1 "rst";
    .port_info 2 /INPUT 1 "d";
    .port_info 3 /INPUT 1 "wren";
    .port_info 4 /INPUT 1 "rden1";
    .port_info 5 /INPUT 1 "rden2";
    .port_info 6 /INOUT 1 "bitline1";
    .port_info 7 /INOUT 1 "bitline2";
L_000002268dd34090 .functor BUFIF1 1, v000002268dcb3190_0, L_000002268dccae30, C4<0>, C4<0>;
L_000002268dd33140 .functor BUFIF1 1, v000002268dcb3190_0, L_000002268dccbb50, C4<0>, C4<0>;
v000002268dcb20b0_0 .net8 "bitline1", 0 0, p000002268dc3ffc8;  1 drivers, strength-aware
v000002268dcb2650_0 .net8 "bitline2", 0 0, p000002268dc3fff8;  1 drivers, strength-aware
v000002268dcb3730_0 .net "clk", 0 0, o000002268daedc38;  alias, 0 drivers
v000002268dcb1cf0_0 .net "d", 0 0, L_000002268dccbe70;  1 drivers
v000002268dcb1d90_0 .net "q", 0 0, v000002268dcb3190_0;  1 drivers
v000002268dcb4270_0 .net "rden1", 0 0, L_000002268dccae30;  alias, 1 drivers
v000002268dcb2a10_0 .net "rden2", 0 0, L_000002268dccbb50;  alias, 1 drivers
v000002268dcb2fb0_0 .net "rst", 0 0, o000002268daedcc8;  alias, 0 drivers
v000002268dcb2ab0_0 .net "wren", 0 0, L_000002268dccbab0;  alias, 1 drivers
S_000002268dca3520 .scope module, "cell_dff" "dff" 5 13, 6 4 0, S_000002268dca0fa0;
 .timescale 0 0;
    .port_info 0 /OUTPUT 1 "q";
    .port_info 1 /INPUT 1 "d";
    .port_info 2 /INPUT 1 "wen";
    .port_info 3 /INPUT 1 "clk";
    .port_info 4 /INPUT 1 "rst";
v000002268dcb2330_0 .net "clk", 0 0, o000002268daedc38;  alias, 0 drivers
v000002268dcb2470_0 .net "d", 0 0, L_000002268dccbe70;  alias, 1 drivers
v000002268dcb3190_0 .var "q", 0 0;
v000002268dcb3050_0 .net "rst", 0 0, o000002268daedcc8;  alias, 0 drivers
v000002268dcb2970_0 .net "wen", 0 0, L_000002268dccbab0;  alias, 1 drivers
S_000002268dc9f9c0 .scope module, "bit_cell9" "bit_cell" 4 21, 5 2 0, S_000002268dc345d0;
 .timescale 0 0;
    .port_info 0 /INPUT 1 "clk";
    .port_info 1 /INPUT 1 "rst";
    .port_info 2 /INPUT 1 "d";
    .port_info 3 /INPUT 1 "wren";
    .port_info 4 /INPUT 1 "rden1";
    .port_info 5 /INPUT 1 "rden2";
    .port_info 6 /INOUT 1 "bitline1";
    .port_info 7 /INOUT 1 "bitline2";
L_000002268dd34800 .functor BUFIF1 1, v000002268dcb2b50_0, L_000002268dccae30, C4<0>, C4<0>;
L_000002268dd34a30 .functor BUFIF1 1, v000002268dcb2b50_0, L_000002268dccbb50, C4<0>, C4<0>;
v000002268dcb4310_0 .net8 "bitline1", 0 0, p000002268dc402f8;  1 drivers, strength-aware
v000002268dcb2e70_0 .net8 "bitline2", 0 0, p000002268dc40328;  1 drivers, strength-aware
v000002268dcb43b0_0 .net "clk", 0 0, o000002268daedc38;  alias, 0 drivers
v000002268dcb4450_0 .net "d", 0 0, L_000002268dccbd30;  1 drivers
v000002268dcb3eb0_0 .net "q", 0 0, v000002268dcb2b50_0;  1 drivers
v000002268dcb2510_0 .net "rden1", 0 0, L_000002268dccae30;  alias, 1 drivers
v000002268dcb1f70_0 .net "rden2", 0 0, L_000002268dccbb50;  alias, 1 drivers
v000002268dcb32d0_0 .net "rst", 0 0, o000002268daedcc8;  alias, 0 drivers
v000002268dcb2dd0_0 .net "wren", 0 0, L_000002268dccbab0;  alias, 1 drivers
S_000002268dc9f6a0 .scope module, "cell_dff" "dff" 5 13, 6 4 0, S_000002268dc9f9c0;
 .timescale 0 0;
    .port_info 0 /OUTPUT 1 "q";
    .port_info 1 /INPUT 1 "d";
    .port_info 2 /INPUT 1 "wen";
    .port_info 3 /INPUT 1 "clk";
    .port_info 4 /INPUT 1 "rst";
v000002268dcb3ff0_0 .net "clk", 0 0, o000002268daedc38;  alias, 0 drivers
v000002268dcb3410_0 .net "d", 0 0, L_000002268dccbd30;  alias, 1 drivers
v000002268dcb2b50_0 .var "q", 0 0;
v000002268dcb3b90_0 .net "rst", 0 0, o000002268daedcc8;  alias, 0 drivers
v000002268dcb2f10_0 .net "wen", 0 0, L_000002268dccbab0;  alias, 1 drivers
S_000002268dca23f0 .scope module, "src_reg1_dec" "read_decoder_4_16" 2 19, 7 15 0, S_000002268d492190;
 .timescale 0 0;
    .port_info 0 /INPUT 4 "reg_id";
    .port_info 1 /OUTPUT 16 "wordline";
L_000002268dccf4a0 .functor BUFT 1, C4<00000000>, C4<0>, C4<0>, C4<0>;
v000002268dcb7510_0 .net/2u *"_ivl_10", 7 0, L_000002268dccf4a0;  1 drivers
v000002268dcb8af0_0 .net *"_ivl_12", 15 0, L_000002268dcbfb70;  1 drivers
v000002268dcb6f70_0 .net *"_ivl_5", 0 0, L_000002268dcbe770;  1 drivers
L_000002268dccf458 .functor BUFT 1, C4<00000000>, C4<0>, C4<0>, C4<0>;
v000002268dcb7790_0 .net/2u *"_ivl_6", 7 0, L_000002268dccf458;  1 drivers
v000002268dcb7970_0 .net *"_ivl_8", 15 0, L_000002268dcbee50;  1 drivers
v000002268dcb8c30_0 .net "lower_wordline", 7 0, L_000002268dcbf670;  1 drivers
v000002268dcb7150_0 .net "reg_id", 3 0, o000002268dc41c48;  alias, 0 drivers
v000002268dcb7a10_0 .net "upper_wordline", 7 0, L_000002268dcbffd0;  1 drivers
v000002268dcb7d30_0 .net "wordline", 15 0, L_000002268dcc09d0;  alias, 1 drivers
L_000002268dcc0570 .part o000002268dc41c48, 0, 3;
L_000002268dcc04d0 .part o000002268dc41c48, 0, 3;
L_000002268dcbe770 .part o000002268dc41c48, 3, 1;
L_000002268dcbee50 .concat [ 8 8 0 0], L_000002268dccf458, L_000002268dcbffd0;
L_000002268dcbfb70 .concat [ 8 8 0 0], L_000002268dcbf670, L_000002268dccf4a0;
L_000002268dcc09d0 .functor MUXZ 16, L_000002268dcbfb70, L_000002268dcbee50, L_000002268dcbe770, C4<>;
S_000002268dca1900 .scope module, "first" "decoder_3to8" 7 23, 7 1 0, S_000002268dca23f0;
 .timescale 0 0;
    .port_info 0 /INPUT 3 "in";
    .port_info 1 /OUTPUT 8 "out";
L_000002268dadfa20 .functor NOT 1, L_000002268dcbcfb0, C4<0>, C4<0>, C4<0>;
L_000002268dade9f0 .functor NOT 1, L_000002268dcbbf70, C4<0>, C4<0>, C4<0>;
L_000002268dade600 .functor AND 1, L_000002268dadfa20, L_000002268dade9f0, C4<1>, C4<1>;
L_000002268daded70 .functor NOT 1, L_000002268dcbda50, C4<0>, C4<0>, C4<0>;
L_000002268dadf630 .functor AND 1, L_000002268dade600, L_000002268daded70, C4<1>, C4<1>;
L_000002268dade830 .functor NOT 1, L_000002268dcbd050, C4<0>, C4<0>, C4<0>;
L_000002268dade7c0 .functor NOT 1, L_000002268dcbc290, C4<0>, C4<0>, C4<0>;
L_000002268dade130 .functor AND 1, L_000002268dade830, L_000002268dade7c0, C4<1>, C4<1>;
L_000002268dadfb70 .functor AND 1, L_000002268dade130, L_000002268dcbd0f0, C4<1>, C4<1>;
L_000002268dadf6a0 .functor NOT 1, L_000002268dcbd230, C4<0>, C4<0>, C4<0>;
L_000002268dadf550 .functor AND 1, L_000002268dadf6a0, L_000002268dcbd410, C4<1>, C4<1>;
L_000002268dadfa90 .functor NOT 1, L_000002268dcbd4b0, C4<0>, C4<0>, C4<0>;
L_000002268dade210 .functor AND 1, L_000002268dadf550, L_000002268dadfa90, C4<1>, C4<1>;
L_000002268dadf0f0 .functor NOT 1, L_000002268dcbd550, C4<0>, C4<0>, C4<0>;
L_000002268dadf160 .functor AND 1, L_000002268dadf0f0, L_000002268dcbd870, C4<1>, C4<1>;
L_000002268dade2f0 .functor AND 1, L_000002268dadf160, L_000002268dcbd5f0, C4<1>, C4<1>;
L_000002268dadeb40 .functor NOT 1, L_000002268dcbd730, C4<0>, C4<0>, C4<0>;
L_000002268dadee50 .functor AND 1, L_000002268dcbd690, L_000002268dadeb40, C4<1>, C4<1>;
L_000002268dadf320 .functor NOT 1, L_000002268dcbd9b0, C4<0>, C4<0>, C4<0>;
L_000002268dade1a0 .functor AND 1, L_000002268dadee50, L_000002268dadf320, C4<1>, C4<1>;
L_000002268dadfc50 .functor NOT 1, L_000002268dcbe810, C4<0>, C4<0>, C4<0>;
L_000002268dade8a0 .functor AND 1, L_000002268dcbdaf0, L_000002268dadfc50, C4<1>, C4<1>;
L_000002268dade280 .functor AND 1, L_000002268dade8a0, L_000002268dcc0bb0, C4<1>, C4<1>;
L_000002268dadebb0 .functor AND 1, L_000002268dcc0750, L_000002268dcbfc10, C4<1>, C4<1>;
L_000002268dadeec0 .functor NOT 1, L_000002268dcbf710, C4<0>, C4<0>, C4<0>;
L_000002268dadfbe0 .functor AND 1, L_000002268dadebb0, L_000002268dadeec0, C4<1>, C4<1>;
L_000002268dadf710 .functor AND 1, L_000002268dcbe590, L_000002268dcbf3f0, C4<1>, C4<1>;
L_000002268dadec20 .functor AND 1, L_000002268dadf710, L_000002268dcbef90, C4<1>, C4<1>;
v000002268dcb35f0_0 .net *"_ivl_10", 0 0, L_000002268dade600;  1 drivers
v000002268dcb3870_0 .net *"_ivl_100", 0 0, L_000002268dadebb0;  1 drivers
v000002268dcb3e10_0 .net *"_ivl_103", 0 0, L_000002268dcbf710;  1 drivers
v000002268dcb3910_0 .net *"_ivl_104", 0 0, L_000002268dadeec0;  1 drivers
v000002268dcb4090_0 .net *"_ivl_106", 0 0, L_000002268dadfbe0;  1 drivers
v000002268dcb39b0_0 .net *"_ivl_112", 0 0, L_000002268dcbe590;  1 drivers
v000002268dcb4bd0_0 .net *"_ivl_114", 0 0, L_000002268dcbf3f0;  1 drivers
v000002268dcb55d0_0 .net *"_ivl_115", 0 0, L_000002268dadf710;  1 drivers
v000002268dcb4950_0 .net *"_ivl_118", 0 0, L_000002268dcbef90;  1 drivers
v000002268dcb5fd0_0 .net *"_ivl_119", 0 0, L_000002268dadec20;  1 drivers
v000002268dcb5710_0 .net *"_ivl_13", 0 0, L_000002268dcbda50;  1 drivers
v000002268dcb5670_0 .net *"_ivl_14", 0 0, L_000002268daded70;  1 drivers
v000002268dcb4ef0_0 .net *"_ivl_16", 0 0, L_000002268dadf630;  1 drivers
v000002268dcb44f0_0 .net *"_ivl_21", 0 0, L_000002268dcbd050;  1 drivers
v000002268dcb4f90_0 .net *"_ivl_22", 0 0, L_000002268dade830;  1 drivers
v000002268dcb4d10_0 .net *"_ivl_25", 0 0, L_000002268dcbc290;  1 drivers
v000002268dcb6570_0 .net *"_ivl_26", 0 0, L_000002268dade7c0;  1 drivers
v000002268dcb53f0_0 .net *"_ivl_28", 0 0, L_000002268dade130;  1 drivers
v000002268dcb5b70_0 .net *"_ivl_3", 0 0, L_000002268dcbcfb0;  1 drivers
v000002268dcb6070_0 .net *"_ivl_31", 0 0, L_000002268dcbd0f0;  1 drivers
v000002268dcb6a70_0 .net *"_ivl_32", 0 0, L_000002268dadfb70;  1 drivers
v000002268dcb6b10_0 .net *"_ivl_37", 0 0, L_000002268dcbd230;  1 drivers
v000002268dcb64d0_0 .net *"_ivl_38", 0 0, L_000002268dadf6a0;  1 drivers
v000002268dcb5030_0 .net *"_ivl_4", 0 0, L_000002268dadfa20;  1 drivers
v000002268dcb5990_0 .net *"_ivl_41", 0 0, L_000002268dcbd410;  1 drivers
v000002268dcb4e50_0 .net *"_ivl_42", 0 0, L_000002268dadf550;  1 drivers
v000002268dcb6750_0 .net *"_ivl_45", 0 0, L_000002268dcbd4b0;  1 drivers
v000002268dcb57b0_0 .net *"_ivl_46", 0 0, L_000002268dadfa90;  1 drivers
v000002268dcb4810_0 .net *"_ivl_48", 0 0, L_000002268dade210;  1 drivers
v000002268dcb66b0_0 .net *"_ivl_53", 0 0, L_000002268dcbd550;  1 drivers
v000002268dcb48b0_0 .net *"_ivl_54", 0 0, L_000002268dadf0f0;  1 drivers
v000002268dcb69d0_0 .net *"_ivl_57", 0 0, L_000002268dcbd870;  1 drivers
v000002268dcb6890_0 .net *"_ivl_58", 0 0, L_000002268dadf160;  1 drivers
v000002268dcb6c50_0 .net *"_ivl_61", 0 0, L_000002268dcbd5f0;  1 drivers
v000002268dcb4c70_0 .net *"_ivl_62", 0 0, L_000002268dade2f0;  1 drivers
v000002268dcb5850_0 .net *"_ivl_67", 0 0, L_000002268dcbd690;  1 drivers
v000002268dcb49f0_0 .net *"_ivl_69", 0 0, L_000002268dcbd730;  1 drivers
v000002268dcb67f0_0 .net *"_ivl_7", 0 0, L_000002268dcbbf70;  1 drivers
v000002268dcb6430_0 .net *"_ivl_70", 0 0, L_000002268dadeb40;  1 drivers
v000002268dcb6930_0 .net *"_ivl_72", 0 0, L_000002268dadee50;  1 drivers
v000002268dcb5210_0 .net *"_ivl_75", 0 0, L_000002268dcbd9b0;  1 drivers
v000002268dcb4a90_0 .net *"_ivl_76", 0 0, L_000002268dadf320;  1 drivers
v000002268dcb5e90_0 .net *"_ivl_78", 0 0, L_000002268dade1a0;  1 drivers
v000002268dcb6250_0 .net *"_ivl_8", 0 0, L_000002268dade9f0;  1 drivers
v000002268dcb62f0_0 .net *"_ivl_83", 0 0, L_000002268dcbdaf0;  1 drivers
v000002268dcb6390_0 .net *"_ivl_85", 0 0, L_000002268dcbe810;  1 drivers
v000002268dcb5350_0 .net *"_ivl_86", 0 0, L_000002268dadfc50;  1 drivers
v000002268dcb6610_0 .net *"_ivl_88", 0 0, L_000002268dade8a0;  1 drivers
v000002268dcb50d0_0 .net *"_ivl_91", 0 0, L_000002268dcc0bb0;  1 drivers
v000002268dcb6bb0_0 .net *"_ivl_92", 0 0, L_000002268dade280;  1 drivers
v000002268dcb4b30_0 .net *"_ivl_97", 0 0, L_000002268dcc0750;  1 drivers
v000002268dcb4590_0 .net *"_ivl_99", 0 0, L_000002268dcbfc10;  1 drivers
v000002268dcb5530_0 .net "in", 2 0, L_000002268dcc0570;  1 drivers
v000002268dcb5ad0_0 .net "out", 7 0, L_000002268dcbf670;  alias, 1 drivers
L_000002268dcbcfb0 .part L_000002268dcc0570, 2, 1;
L_000002268dcbbf70 .part L_000002268dcc0570, 1, 1;
L_000002268dcbda50 .part L_000002268dcc0570, 0, 1;
L_000002268dcbd050 .part L_000002268dcc0570, 2, 1;
L_000002268dcbc290 .part L_000002268dcc0570, 1, 1;
L_000002268dcbd0f0 .part L_000002268dcc0570, 0, 1;
L_000002268dcbd230 .part L_000002268dcc0570, 2, 1;
L_000002268dcbd410 .part L_000002268dcc0570, 1, 1;
L_000002268dcbd4b0 .part L_000002268dcc0570, 0, 1;
L_000002268dcbd550 .part L_000002268dcc0570, 2, 1;
L_000002268dcbd870 .part L_000002268dcc0570, 1, 1;
L_000002268dcbd5f0 .part L_000002268dcc0570, 0, 1;
L_000002268dcbd690 .part L_000002268dcc0570, 2, 1;
L_000002268dcbd730 .part L_000002268dcc0570, 1, 1;
L_000002268dcbd9b0 .part L_000002268dcc0570, 0, 1;
L_000002268dcbdaf0 .part L_000002268dcc0570, 2, 1;
L_000002268dcbe810 .part L_000002268dcc0570, 1, 1;
L_000002268dcc0bb0 .part L_000002268dcc0570, 0, 1;
L_000002268dcc0750 .part L_000002268dcc0570, 2, 1;
L_000002268dcbfc10 .part L_000002268dcc0570, 1, 1;
L_000002268dcbf710 .part L_000002268dcc0570, 0, 1;
LS_000002268dcbf670_0_0 .concat8 [ 1 1 1 1], L_000002268dadf630, L_000002268dadfb70, L_000002268dade210, L_000002268dade2f0;
LS_000002268dcbf670_0_4 .concat8 [ 1 1 1 1], L_000002268dade1a0, L_000002268dade280, L_000002268dadfbe0, L_000002268dadec20;
L_000002268dcbf670 .concat8 [ 4 4 0 0], LS_000002268dcbf670_0_0, LS_000002268dcbf670_0_4;
L_000002268dcbe590 .part L_000002268dcc0570, 2, 1;
L_000002268dcbf3f0 .part L_000002268dcc0570, 1, 1;
L_000002268dcbef90 .part L_000002268dcc0570, 0, 1;
S_000002268dca44c0 .scope module, "second" "decoder_3to8" 7 24, 7 1 0, S_000002268dca23f0;
 .timescale 0 0;
    .port_info 0 /INPUT 3 "in";
    .port_info 1 /OUTPUT 8 "out";
L_000002268dade0c0 .functor NOT 1, L_000002268dcbfe90, C4<0>, C4<0>, C4<0>;
L_000002268dade980 .functor NOT 1, L_000002268dcc0610, C4<0>, C4<0>, C4<0>;
L_000002268dade360 .functor AND 1, L_000002268dade0c0, L_000002268dade980, C4<1>, C4<1>;
L_000002268dadef30 .functor NOT 1, L_000002268dcc0250, C4<0>, C4<0>, C4<0>;
L_000002268dade590 .functor AND 1, L_000002268dade360, L_000002268dadef30, C4<1>, C4<1>;
L_000002268dadea60 .functor NOT 1, L_000002268dcbf7b0, C4<0>, C4<0>, C4<0>;
L_000002268dadfb00 .functor NOT 1, L_000002268dcbf5d0, C4<0>, C4<0>, C4<0>;
L_000002268dadf390 .functor AND 1, L_000002268dadea60, L_000002268dadfb00, C4<1>, C4<1>;
L_000002268dadefa0 .functor AND 1, L_000002268dadf390, L_000002268dcc01b0, C4<1>, C4<1>;
L_000002268dadf010 .functor NOT 1, L_000002268dcbf850, C4<0>, C4<0>, C4<0>;
L_000002268dadf780 .functor AND 1, L_000002268dadf010, L_000002268dcbf8f0, C4<1>, C4<1>;
L_000002268dadf9b0 .functor NOT 1, L_000002268dcbf990, C4<0>, C4<0>, C4<0>;
L_000002268dade3d0 .functor AND 1, L_000002268dadf780, L_000002268dadf9b0, C4<1>, C4<1>;
L_000002268dadf7f0 .functor NOT 1, L_000002268dcbedb0, C4<0>, C4<0>, C4<0>;
L_000002268dadf470 .functor AND 1, L_000002268dadf7f0, L_000002268dcbf350, C4<1>, C4<1>;
L_000002268dadf080 .functor AND 1, L_000002268dadf470, L_000002268dcc07f0, C4<1>, C4<1>;
L_000002268dade670 .functor NOT 1, L_000002268dcbff30, C4<0>, C4<0>, C4<0>;
L_000002268dadf5c0 .functor AND 1, L_000002268dcbec70, L_000002268dade670, C4<1>, C4<1>;
L_000002268dadf1d0 .functor NOT 1, L_000002268dcc0930, C4<0>, C4<0>, C4<0>;
L_000002268dadf240 .functor AND 1, L_000002268dadf5c0, L_000002268dadf1d0, C4<1>, C4<1>;
L_000002268dade440 .functor NOT 1, L_000002268dcc0430, C4<0>, C4<0>, C4<0>;
L_000002268dade4b0 .functor AND 1, L_000002268dcbfad0, L_000002268dade440, C4<1>, C4<1>;
L_000002268dade520 .functor AND 1, L_000002268dade4b0, L_000002268dcbf530, C4<1>, C4<1>;
L_000002268dadf2b0 .functor AND 1, L_000002268dcbf030, L_000002268dcc0890, C4<1>, C4<1>;
L_000002268dadf4e0 .functor NOT 1, L_000002268dcbe630, C4<0>, C4<0>, C4<0>;
L_000002268dade6e0 .functor AND 1, L_000002268dadf2b0, L_000002268dadf4e0, C4<1>, C4<1>;
L_000002268dadf860 .functor AND 1, L_000002268dcbfa30, L_000002268dcbea90, C4<1>, C4<1>;
L_000002268dadf8d0 .functor AND 1, L_000002268dadf860, L_000002268dcbe6d0, C4<1>, C4<1>;
v000002268dcb5c10_0 .net *"_ivl_10", 0 0, L_000002268dade360;  1 drivers
v000002268dcb4630_0 .net *"_ivl_100", 0 0, L_000002268dadf2b0;  1 drivers
v000002268dcb46d0_0 .net *"_ivl_103", 0 0, L_000002268dcbe630;  1 drivers
v000002268dcb5170_0 .net *"_ivl_104", 0 0, L_000002268dadf4e0;  1 drivers
v000002268dcb4770_0 .net *"_ivl_106", 0 0, L_000002268dade6e0;  1 drivers
v000002268dcb5f30_0 .net *"_ivl_112", 0 0, L_000002268dcbfa30;  1 drivers
v000002268dcb5cb0_0 .net *"_ivl_114", 0 0, L_000002268dcbea90;  1 drivers
v000002268dcb4db0_0 .net *"_ivl_115", 0 0, L_000002268dadf860;  1 drivers
v000002268dcb5d50_0 .net *"_ivl_118", 0 0, L_000002268dcbe6d0;  1 drivers
v000002268dcb52b0_0 .net *"_ivl_119", 0 0, L_000002268dadf8d0;  1 drivers
v000002268dcb5490_0 .net *"_ivl_13", 0 0, L_000002268dcc0250;  1 drivers
v000002268dcb58f0_0 .net *"_ivl_14", 0 0, L_000002268dadef30;  1 drivers
v000002268dcb5a30_0 .net *"_ivl_16", 0 0, L_000002268dade590;  1 drivers
v000002268dcb5df0_0 .net *"_ivl_21", 0 0, L_000002268dcbf7b0;  1 drivers
v000002268dcb6110_0 .net *"_ivl_22", 0 0, L_000002268dadea60;  1 drivers
v000002268dcb61b0_0 .net *"_ivl_25", 0 0, L_000002268dcbf5d0;  1 drivers
v000002268dcb7f10_0 .net *"_ivl_26", 0 0, L_000002268dadfb00;  1 drivers
v000002268dcb6cf0_0 .net *"_ivl_28", 0 0, L_000002268dadf390;  1 drivers
v000002268dcb7330_0 .net *"_ivl_3", 0 0, L_000002268dcbfe90;  1 drivers
v000002268dcb76f0_0 .net *"_ivl_31", 0 0, L_000002268dcc01b0;  1 drivers
v000002268dcb93b0_0 .net *"_ivl_32", 0 0, L_000002268dadefa0;  1 drivers
v000002268dcb9450_0 .net *"_ivl_37", 0 0, L_000002268dcbf850;  1 drivers
v000002268dcb73d0_0 .net *"_ivl_38", 0 0, L_000002268dadf010;  1 drivers
v000002268dcb75b0_0 .net *"_ivl_4", 0 0, L_000002268dade0c0;  1 drivers
v000002268dcb6d90_0 .net *"_ivl_41", 0 0, L_000002268dcbf8f0;  1 drivers
v000002268dcb8230_0 .net *"_ivl_42", 0 0, L_000002268dadf780;  1 drivers
v000002268dcb6e30_0 .net *"_ivl_45", 0 0, L_000002268dcbf990;  1 drivers
v000002268dcb8410_0 .net *"_ivl_46", 0 0, L_000002268dadf9b0;  1 drivers
v000002268dcb7b50_0 .net *"_ivl_48", 0 0, L_000002268dade3d0;  1 drivers
v000002268dcb8a50_0 .net *"_ivl_53", 0 0, L_000002268dcbedb0;  1 drivers
v000002268dcb7e70_0 .net *"_ivl_54", 0 0, L_000002268dadf7f0;  1 drivers
v000002268dcb84b0_0 .net *"_ivl_57", 0 0, L_000002268dcbf350;  1 drivers
v000002268dcb91d0_0 .net *"_ivl_58", 0 0, L_000002268dadf470;  1 drivers
v000002268dcb9130_0 .net *"_ivl_61", 0 0, L_000002268dcc07f0;  1 drivers
v000002268dcb71f0_0 .net *"_ivl_62", 0 0, L_000002268dadf080;  1 drivers
v000002268dcb8eb0_0 .net *"_ivl_67", 0 0, L_000002268dcbec70;  1 drivers
v000002268dcb7290_0 .net *"_ivl_69", 0 0, L_000002268dcbff30;  1 drivers
v000002268dcb7bf0_0 .net *"_ivl_7", 0 0, L_000002268dcc0610;  1 drivers
v000002268dcb7830_0 .net *"_ivl_70", 0 0, L_000002268dade670;  1 drivers
v000002268dcb7dd0_0 .net *"_ivl_72", 0 0, L_000002268dadf5c0;  1 drivers
v000002268dcb7010_0 .net *"_ivl_75", 0 0, L_000002268dcc0930;  1 drivers
v000002268dcb8f50_0 .net *"_ivl_76", 0 0, L_000002268dadf1d0;  1 drivers
v000002268dcb70b0_0 .net *"_ivl_78", 0 0, L_000002268dadf240;  1 drivers
v000002268dcb9270_0 .net *"_ivl_8", 0 0, L_000002268dade980;  1 drivers
v000002268dcb9090_0 .net *"_ivl_83", 0 0, L_000002268dcbfad0;  1 drivers
v000002268dcb78d0_0 .net *"_ivl_85", 0 0, L_000002268dcc0430;  1 drivers
v000002268dcb7470_0 .net *"_ivl_86", 0 0, L_000002268dade440;  1 drivers
v000002268dcb7650_0 .net *"_ivl_88", 0 0, L_000002268dade4b0;  1 drivers
v000002268dcb8910_0 .net *"_ivl_91", 0 0, L_000002268dcbf530;  1 drivers
v000002268dcb7c90_0 .net *"_ivl_92", 0 0, L_000002268dade520;  1 drivers
v000002268dcb9310_0 .net *"_ivl_97", 0 0, L_000002268dcbf030;  1 drivers
v000002268dcb6ed0_0 .net *"_ivl_99", 0 0, L_000002268dcc0890;  1 drivers
v000002268dcb8050_0 .net "in", 2 0, L_000002268dcc04d0;  1 drivers
v000002268dcb87d0_0 .net "out", 7 0, L_000002268dcbffd0;  alias, 1 drivers
L_000002268dcbfe90 .part L_000002268dcc04d0, 2, 1;
L_000002268dcc0610 .part L_000002268dcc04d0, 1, 1;
L_000002268dcc0250 .part L_000002268dcc04d0, 0, 1;
L_000002268dcbf7b0 .part L_000002268dcc04d0, 2, 1;
L_000002268dcbf5d0 .part L_000002268dcc04d0, 1, 1;
L_000002268dcc01b0 .part L_000002268dcc04d0, 0, 1;
L_000002268dcbf850 .part L_000002268dcc04d0, 2, 1;
L_000002268dcbf8f0 .part L_000002268dcc04d0, 1, 1;
L_000002268dcbf990 .part L_000002268dcc04d0, 0, 1;
L_000002268dcbedb0 .part L_000002268dcc04d0, 2, 1;
L_000002268dcbf350 .part L_000002268dcc04d0, 1, 1;
L_000002268dcc07f0 .part L_000002268dcc04d0, 0, 1;
L_000002268dcbec70 .part L_000002268dcc04d0, 2, 1;
L_000002268dcbff30 .part L_000002268dcc04d0, 1, 1;
L_000002268dcc0930 .part L_000002268dcc04d0, 0, 1;
L_000002268dcbfad0 .part L_000002268dcc04d0, 2, 1;
L_000002268dcc0430 .part L_000002268dcc04d0, 1, 1;
L_000002268dcbf530 .part L_000002268dcc04d0, 0, 1;
L_000002268dcbf030 .part L_000002268dcc04d0, 2, 1;
L_000002268dcc0890 .part L_000002268dcc04d0, 1, 1;
L_000002268dcbe630 .part L_000002268dcc04d0, 0, 1;
LS_000002268dcbffd0_0_0 .concat8 [ 1 1 1 1], L_000002268dade590, L_000002268dadefa0, L_000002268dade3d0, L_000002268dadf080;
LS_000002268dcbffd0_0_4 .concat8 [ 1 1 1 1], L_000002268dadf240, L_000002268dade520, L_000002268dade6e0, L_000002268dadf8d0;
L_000002268dcbffd0 .concat8 [ 4 4 0 0], LS_000002268dcbffd0_0_0, LS_000002268dcbffd0_0_4;
L_000002268dcbfa30 .part L_000002268dcc04d0, 2, 1;
L_000002268dcbea90 .part L_000002268dcc04d0, 1, 1;
L_000002268dcbe6d0 .part L_000002268dcc04d0, 0, 1;
S_000002268dca3cf0 .scope module, "src_reg2_dec" "read_decoder_4_16" 2 20, 7 15 0, S_000002268d492190;
 .timescale 0 0;
    .port_info 0 /INPUT 4 "reg_id";
    .port_info 1 /OUTPUT 16 "wordline";
L_000002268dccf530 .functor BUFT 1, C4<00000000>, C4<0>, C4<0>, C4<0>;
v000002268dcbe3b0_0 .net/2u *"_ivl_10", 7 0, L_000002268dccf530;  1 drivers
v000002268dcbca10_0 .net *"_ivl_12", 15 0, L_000002268dcc18d0;  1 drivers
v000002268dcbc470_0 .net *"_ivl_5", 0 0, L_000002268dcc31d0;  1 drivers
L_000002268dccf4e8 .functor BUFT 1, C4<00000000>, C4<0>, C4<0>, C4<0>;
v000002268dcbc3d0_0 .net/2u *"_ivl_6", 7 0, L_000002268dccf4e8;  1 drivers
v000002268dcbce70_0 .net *"_ivl_8", 15 0, L_000002268dcc0e30;  1 drivers
v000002268dcbdb90_0 .net "lower_wordline", 7 0, L_000002268dcc0110;  1 drivers
v000002268dcbcc90_0 .net "reg_id", 3 0, o000002268dc432f8;  alias, 0 drivers
v000002268dcbde10_0 .net "upper_wordline", 7 0, L_000002268dcc3090;  1 drivers
v000002268dcbc970_0 .net "wordline", 15 0, L_000002268dcc24b0;  alias, 1 drivers
L_000002268dcc1b50 .part o000002268dc432f8, 0, 3;
L_000002268dcc11f0 .part o000002268dc432f8, 0, 3;
L_000002268dcc31d0 .part o000002268dc432f8, 3, 1;
L_000002268dcc0e30 .concat [ 8 8 0 0], L_000002268dccf4e8, L_000002268dcc3090;
L_000002268dcc18d0 .concat [ 8 8 0 0], L_000002268dcc0110, L_000002268dccf530;
L_000002268dcc24b0 .functor MUXZ 16, L_000002268dcc18d0, L_000002268dcc0e30, L_000002268dcc31d0, C4<>;
S_000002268dca4010 .scope module, "first" "decoder_3to8" 7 23, 7 1 0, S_000002268dca3cf0;
 .timescale 0 0;
    .port_info 0 /INPUT 3 "in";
    .port_info 1 /OUTPUT 8 "out";
L_000002268dae02e0 .functor NOT 1, L_000002268dcc06b0, C4<0>, C4<0>, C4<0>;
L_000002268dae03c0 .functor NOT 1, L_000002268dcbeef0, C4<0>, C4<0>, C4<0>;
L_000002268dadff60 .functor AND 1, L_000002268dae02e0, L_000002268dae03c0, C4<1>, C4<1>;
L_000002268dadffd0 .functor NOT 1, L_000002268dcbfcb0, C4<0>, C4<0>, C4<0>;
L_000002268dae0200 .functor AND 1, L_000002268dadff60, L_000002268dadffd0, C4<1>, C4<1>;
L_000002268dadfd30 .functor NOT 1, L_000002268dcc0c50, C4<0>, C4<0>, C4<0>;
L_000002268dadfef0 .functor NOT 1, L_000002268dcbfd50, C4<0>, C4<0>, C4<0>;
L_000002268dae0350 .functor AND 1, L_000002268dadfd30, L_000002268dadfef0, C4<1>, C4<1>;
L_000002268dae0040 .functor AND 1, L_000002268dae0350, L_000002268dcbe8b0, C4<1>, C4<1>;
L_000002268dadfe80 .functor NOT 1, L_000002268dcbe4f0, C4<0>, C4<0>, C4<0>;
L_000002268dae0270 .functor AND 1, L_000002268dadfe80, L_000002268dcbed10, C4<1>, C4<1>;
L_000002268dae00b0 .functor NOT 1, L_000002268dcc0b10, C4<0>, C4<0>, C4<0>;
L_000002268dae0120 .functor AND 1, L_000002268dae0270, L_000002268dae00b0, C4<1>, C4<1>;
L_000002268dae0190 .functor NOT 1, L_000002268dcbe950, C4<0>, C4<0>, C4<0>;
L_000002268dadfcc0 .functor AND 1, L_000002268dae0190, L_000002268dcbf0d0, C4<1>, C4<1>;
L_000002268dadfda0 .functor AND 1, L_000002268dadfcc0, L_000002268dcbe9f0, C4<1>, C4<1>;
L_000002268dadfe10 .functor NOT 1, L_000002268dcbebd0, C4<0>, C4<0>, C4<0>;
L_000002268dadd090 .functor AND 1, L_000002268dcbeb30, L_000002268dadfe10, C4<1>, C4<1>;
L_000002268dadced0 .functor NOT 1, L_000002268dcc0a70, C4<0>, C4<0>, C4<0>;
L_000002268dadcd80 .functor AND 1, L_000002268dadd090, L_000002268dadced0, C4<1>, C4<1>;
L_000002268dadddb0 .functor NOT 1, L_000002268dcbf210, C4<0>, C4<0>, C4<0>;
L_000002268dadd020 .functor AND 1, L_000002268dcbf170, L_000002268dadddb0, C4<1>, C4<1>;
L_000002268dadda30 .functor AND 1, L_000002268dadd020, L_000002268dcbf490, C4<1>, C4<1>;
L_000002268daddcd0 .functor AND 1, L_000002268dcbf2b0, L_000002268dcbfdf0, C4<1>, C4<1>;
L_000002268dadc840 .functor NOT 1, L_000002268dcc0070, C4<0>, C4<0>, C4<0>;
L_000002268dadd170 .functor AND 1, L_000002268daddcd0, L_000002268dadc840, C4<1>, C4<1>;
L_000002268daddd40 .functor AND 1, L_000002268dcc02f0, L_000002268dcc0390, C4<1>, C4<1>;
L_000002268dadd250 .functor AND 1, L_000002268daddd40, L_000002268dcc3270, C4<1>, C4<1>;
v000002268dcb8ff0_0 .net *"_ivl_10", 0 0, L_000002268dadff60;  1 drivers
v000002268dcb7ab0_0 .net *"_ivl_100", 0 0, L_000002268daddcd0;  1 drivers
v000002268dcb7fb0_0 .net *"_ivl_103", 0 0, L_000002268dcc0070;  1 drivers
v000002268dcb80f0_0 .net *"_ivl_104", 0 0, L_000002268dadc840;  1 drivers
v000002268dcb8190_0 .net *"_ivl_106", 0 0, L_000002268dadd170;  1 drivers
v000002268dcb82d0_0 .net *"_ivl_112", 0 0, L_000002268dcc02f0;  1 drivers
v000002268dcb8370_0 .net *"_ivl_114", 0 0, L_000002268dcc0390;  1 drivers
v000002268dcb8870_0 .net *"_ivl_115", 0 0, L_000002268daddd40;  1 drivers
v000002268dcb8550_0 .net *"_ivl_118", 0 0, L_000002268dcc3270;  1 drivers
v000002268dcb85f0_0 .net *"_ivl_119", 0 0, L_000002268dadd250;  1 drivers
v000002268dcb8690_0 .net *"_ivl_13", 0 0, L_000002268dcbfcb0;  1 drivers
v000002268dcb8730_0 .net *"_ivl_14", 0 0, L_000002268dadffd0;  1 drivers
v000002268dcb89b0_0 .net *"_ivl_16", 0 0, L_000002268dae0200;  1 drivers
v000002268dcb8cd0_0 .net *"_ivl_21", 0 0, L_000002268dcc0c50;  1 drivers
v000002268dcb8b90_0 .net *"_ivl_22", 0 0, L_000002268dadfd30;  1 drivers
v000002268dcb8d70_0 .net *"_ivl_25", 0 0, L_000002268dcbfd50;  1 drivers
v000002268dcb8e10_0 .net *"_ivl_26", 0 0, L_000002268dadfef0;  1 drivers
v000002268dcb9590_0 .net *"_ivl_28", 0 0, L_000002268dae0350;  1 drivers
v000002268dcbb930_0 .net *"_ivl_3", 0 0, L_000002268dcc06b0;  1 drivers
v000002268dcb9f90_0 .net *"_ivl_31", 0 0, L_000002268dcbe8b0;  1 drivers
v000002268dcbb570_0 .net *"_ivl_32", 0 0, L_000002268dae0040;  1 drivers
v000002268dcbb610_0 .net *"_ivl_37", 0 0, L_000002268dcbe4f0;  1 drivers
v000002268dcbb6b0_0 .net *"_ivl_38", 0 0, L_000002268dadfe80;  1 drivers
v000002268dcb9db0_0 .net *"_ivl_4", 0 0, L_000002268dae02e0;  1 drivers
v000002268dcb9770_0 .net *"_ivl_41", 0 0, L_000002268dcbed10;  1 drivers
v000002268dcbac10_0 .net *"_ivl_42", 0 0, L_000002268dae0270;  1 drivers
v000002268dcbb750_0 .net *"_ivl_45", 0 0, L_000002268dcc0b10;  1 drivers
v000002268dcba490_0 .net *"_ivl_46", 0 0, L_000002268dae00b0;  1 drivers
v000002268dcb94f0_0 .net *"_ivl_48", 0 0, L_000002268dae0120;  1 drivers
v000002268dcbb110_0 .net *"_ivl_53", 0 0, L_000002268dcbe950;  1 drivers
v000002268dcbbbb0_0 .net *"_ivl_54", 0 0, L_000002268dae0190;  1 drivers
v000002268dcb9810_0 .net *"_ivl_57", 0 0, L_000002268dcbf0d0;  1 drivers
v000002268dcbb070_0 .net *"_ivl_58", 0 0, L_000002268dadfcc0;  1 drivers
v000002268dcbb9d0_0 .net *"_ivl_61", 0 0, L_000002268dcbe9f0;  1 drivers
v000002268dcbb7f0_0 .net *"_ivl_62", 0 0, L_000002268dadfda0;  1 drivers
v000002268dcba8f0_0 .net *"_ivl_67", 0 0, L_000002268dcbeb30;  1 drivers
v000002268dcbaad0_0 .net *"_ivl_69", 0 0, L_000002268dcbebd0;  1 drivers
v000002268dcbb430_0 .net *"_ivl_7", 0 0, L_000002268dcbeef0;  1 drivers
v000002268dcb9630_0 .net *"_ivl_70", 0 0, L_000002268dadfe10;  1 drivers
v000002268dcba030_0 .net *"_ivl_72", 0 0, L_000002268dadd090;  1 drivers
v000002268dcb9d10_0 .net *"_ivl_75", 0 0, L_000002268dcc0a70;  1 drivers
v000002268dcbb890_0 .net *"_ivl_76", 0 0, L_000002268dadced0;  1 drivers
v000002268dcb98b0_0 .net *"_ivl_78", 0 0, L_000002268dadcd80;  1 drivers
v000002268dcbba70_0 .net *"_ivl_8", 0 0, L_000002268dae03c0;  1 drivers
v000002268dcbbb10_0 .net *"_ivl_83", 0 0, L_000002268dcbf170;  1 drivers
v000002268dcb9e50_0 .net *"_ivl_85", 0 0, L_000002268dcbf210;  1 drivers
v000002268dcbbc50_0 .net *"_ivl_86", 0 0, L_000002268dadddb0;  1 drivers
v000002268dcbacb0_0 .net *"_ivl_88", 0 0, L_000002268dadd020;  1 drivers
v000002268dcbb250_0 .net *"_ivl_91", 0 0, L_000002268dcbf490;  1 drivers
v000002268dcbaa30_0 .net *"_ivl_92", 0 0, L_000002268dadda30;  1 drivers
v000002268dcb9bd0_0 .net *"_ivl_97", 0 0, L_000002268dcbf2b0;  1 drivers
v000002268dcb9a90_0 .net *"_ivl_99", 0 0, L_000002268dcbfdf0;  1 drivers
v000002268dcb96d0_0 .net "in", 2 0, L_000002268dcc1b50;  1 drivers
v000002268dcbaf30_0 .net "out", 7 0, L_000002268dcc0110;  alias, 1 drivers
L_000002268dcc06b0 .part L_000002268dcc1b50, 2, 1;
L_000002268dcbeef0 .part L_000002268dcc1b50, 1, 1;
L_000002268dcbfcb0 .part L_000002268dcc1b50, 0, 1;
L_000002268dcc0c50 .part L_000002268dcc1b50, 2, 1;
L_000002268dcbfd50 .part L_000002268dcc1b50, 1, 1;
L_000002268dcbe8b0 .part L_000002268dcc1b50, 0, 1;
L_000002268dcbe4f0 .part L_000002268dcc1b50, 2, 1;
L_000002268dcbed10 .part L_000002268dcc1b50, 1, 1;
L_000002268dcc0b10 .part L_000002268dcc1b50, 0, 1;
L_000002268dcbe950 .part L_000002268dcc1b50, 2, 1;
L_000002268dcbf0d0 .part L_000002268dcc1b50, 1, 1;
L_000002268dcbe9f0 .part L_000002268dcc1b50, 0, 1;
L_000002268dcbeb30 .part L_000002268dcc1b50, 2, 1;
L_000002268dcbebd0 .part L_000002268dcc1b50, 1, 1;
L_000002268dcc0a70 .part L_000002268dcc1b50, 0, 1;
L_000002268dcbf170 .part L_000002268dcc1b50, 2, 1;
L_000002268dcbf210 .part L_000002268dcc1b50, 1, 1;
L_000002268dcbf490 .part L_000002268dcc1b50, 0, 1;
L_000002268dcbf2b0 .part L_000002268dcc1b50, 2, 1;
L_000002268dcbfdf0 .part L_000002268dcc1b50, 1, 1;
L_000002268dcc0070 .part L_000002268dcc1b50, 0, 1;
LS_000002268dcc0110_0_0 .concat8 [ 1 1 1 1], L_000002268dae0200, L_000002268dae0040, L_000002268dae0120, L_000002268dadfda0;
LS_000002268dcc0110_0_4 .concat8 [ 1 1 1 1], L_000002268dadcd80, L_000002268dadda30, L_000002268dadd170, L_000002268dadd250;
L_000002268dcc0110 .concat8 [ 4 4 0 0], LS_000002268dcc0110_0_0, LS_000002268dcc0110_0_4;
L_000002268dcc02f0 .part L_000002268dcc1b50, 2, 1;
L_000002268dcc0390 .part L_000002268dcc1b50, 1, 1;
L_000002268dcc3270 .part L_000002268dcc1b50, 0, 1;
S_000002268dca52d0 .scope module, "second" "decoder_3to8" 7 24, 7 1 0, S_000002268dca3cf0;
 .timescale 0 0;
    .port_info 0 /INPUT 3 "in";
    .port_info 1 /OUTPUT 8 "out";
L_000002268dadd1e0 .functor NOT 1, L_000002268dcc16f0, C4<0>, C4<0>, C4<0>;
L_000002268dadca70 .functor NOT 1, L_000002268dcc2370, C4<0>, C4<0>, C4<0>;
L_000002268daddb80 .functor AND 1, L_000002268dadd1e0, L_000002268dadca70, C4<1>, C4<1>;
L_000002268dadcae0 .functor NOT 1, L_000002268dcc2d70, C4<0>, C4<0>, C4<0>;
L_000002268dadd3a0 .functor AND 1, L_000002268daddb80, L_000002268dadcae0, C4<1>, C4<1>;
L_000002268dadcd10 .functor NOT 1, L_000002268dcc2eb0, C4<0>, C4<0>, C4<0>;
L_000002268daddfe0 .functor NOT 1, L_000002268dcc2ff0, C4<0>, C4<0>, C4<0>;
L_000002268dadde90 .functor AND 1, L_000002268dadcd10, L_000002268daddfe0, C4<1>, C4<1>;
L_000002268dadc760 .functor AND 1, L_000002268dadde90, L_000002268dcc1ab0, C4<1>, C4<1>;
L_000002268daddaa0 .functor NOT 1, L_000002268dcc0d90, C4<0>, C4<0>, C4<0>;
L_000002268daddb10 .functor AND 1, L_000002268daddaa0, L_000002268dcc0cf0, C4<1>, C4<1>;
L_000002268dadcf40 .functor NOT 1, L_000002268dcc2a50, C4<0>, C4<0>, C4<0>;
L_000002268dadd410 .functor AND 1, L_000002268daddb10, L_000002268dadcf40, C4<1>, C4<1>;
L_000002268dadd100 .functor NOT 1, L_000002268dcc3310, C4<0>, C4<0>, C4<0>;
L_000002268dadd480 .functor AND 1, L_000002268dadd100, L_000002268dcc2af0, C4<1>, C4<1>;
L_000002268dadc8b0 .functor AND 1, L_000002268dadd480, L_000002268dcc1d30, C4<1>, C4<1>;
L_000002268dadc920 .functor NOT 1, L_000002268dcc33b0, C4<0>, C4<0>, C4<0>;
L_000002268dadc7d0 .functor AND 1, L_000002268dcc1150, L_000002268dadc920, C4<1>, C4<1>;
L_000002268daddbf0 .functor NOT 1, L_000002268dcc0f70, C4<0>, C4<0>, C4<0>;
L_000002268dadd870 .functor AND 1, L_000002268dadc7d0, L_000002268daddbf0, C4<1>, C4<1>;
L_000002268dadc990 .functor NOT 1, L_000002268dcc1010, C4<0>, C4<0>, C4<0>;
L_000002268dadde20 .functor AND 1, L_000002268dcc27d0, L_000002268dadc990, C4<1>, C4<1>;
L_000002268dadcfb0 .functor AND 1, L_000002268dadde20, L_000002268dcc2870, C4<1>, C4<1>;
L_000002268daddf00 .functor AND 1, L_000002268dcc1dd0, L_000002268dcc20f0, C4<1>, C4<1>;
L_000002268dadcc30 .functor NOT 1, L_000002268dcc2e10, C4<0>, C4<0>, C4<0>;
L_000002268daddc60 .functor AND 1, L_000002268daddf00, L_000002268dadcc30, C4<1>, C4<1>;
L_000002268daddf70 .functor AND 1, L_000002268dcc2b90, L_000002268dcc2f50, C4<1>, C4<1>;
L_000002268dadd950 .functor AND 1, L_000002268daddf70, L_000002268dcc3130, C4<1>, C4<1>;
v000002268dcba530_0 .net *"_ivl_10", 0 0, L_000002268daddb80;  1 drivers
v000002268dcb99f0_0 .net *"_ivl_100", 0 0, L_000002268daddf00;  1 drivers
v000002268dcb9950_0 .net *"_ivl_103", 0 0, L_000002268dcc2e10;  1 drivers
v000002268dcbad50_0 .net *"_ivl_104", 0 0, L_000002268dadcc30;  1 drivers
v000002268dcba350_0 .net *"_ivl_106", 0 0, L_000002268daddc60;  1 drivers
v000002268dcb9b30_0 .net *"_ivl_112", 0 0, L_000002268dcc2b90;  1 drivers
v000002268dcb9ef0_0 .net *"_ivl_114", 0 0, L_000002268dcc2f50;  1 drivers
v000002268dcbafd0_0 .net *"_ivl_115", 0 0, L_000002268daddf70;  1 drivers
v000002268dcbab70_0 .net *"_ivl_118", 0 0, L_000002268dcc3130;  1 drivers
v000002268dcb9c70_0 .net *"_ivl_119", 0 0, L_000002268dadd950;  1 drivers
v000002268dcba0d0_0 .net *"_ivl_13", 0 0, L_000002268dcc2d70;  1 drivers
v000002268dcba170_0 .net *"_ivl_14", 0 0, L_000002268dadcae0;  1 drivers
v000002268dcba210_0 .net *"_ivl_16", 0 0, L_000002268dadd3a0;  1 drivers
v000002268dcba2b0_0 .net *"_ivl_21", 0 0, L_000002268dcc2eb0;  1 drivers
v000002268dcba3f0_0 .net *"_ivl_22", 0 0, L_000002268dadcd10;  1 drivers
v000002268dcba5d0_0 .net *"_ivl_25", 0 0, L_000002268dcc2ff0;  1 drivers
v000002268dcbadf0_0 .net *"_ivl_26", 0 0, L_000002268daddfe0;  1 drivers
v000002268dcbae90_0 .net *"_ivl_28", 0 0, L_000002268dadde90;  1 drivers
v000002268dcba670_0 .net *"_ivl_3", 0 0, L_000002268dcc16f0;  1 drivers
v000002268dcbb2f0_0 .net *"_ivl_31", 0 0, L_000002268dcc1ab0;  1 drivers
v000002268dcba710_0 .net *"_ivl_32", 0 0, L_000002268dadc760;  1 drivers
v000002268dcbb1b0_0 .net *"_ivl_37", 0 0, L_000002268dcc0d90;  1 drivers
v000002268dcba7b0_0 .net *"_ivl_38", 0 0, L_000002268daddaa0;  1 drivers
v000002268dcba850_0 .net *"_ivl_4", 0 0, L_000002268dadd1e0;  1 drivers
v000002268dcba990_0 .net *"_ivl_41", 0 0, L_000002268dcc0cf0;  1 drivers
v000002268dcbb390_0 .net *"_ivl_42", 0 0, L_000002268daddb10;  1 drivers
v000002268dcbb4d0_0 .net *"_ivl_45", 0 0, L_000002268dcc2a50;  1 drivers
v000002268dcbd2d0_0 .net *"_ivl_46", 0 0, L_000002268dadcf40;  1 drivers
v000002268dcbdc30_0 .net *"_ivl_48", 0 0, L_000002268dadd410;  1 drivers
v000002268dcbbcf0_0 .net *"_ivl_53", 0 0, L_000002268dcc3310;  1 drivers
v000002268dcbc790_0 .net *"_ivl_54", 0 0, L_000002268dadd100;  1 drivers
v000002268dcbc510_0 .net *"_ivl_57", 0 0, L_000002268dcc2af0;  1 drivers
v000002268dcbdd70_0 .net *"_ivl_58", 0 0, L_000002268dadd480;  1 drivers
v000002268dcbcbf0_0 .net *"_ivl_61", 0 0, L_000002268dcc1d30;  1 drivers
v000002268dcbd370_0 .net *"_ivl_62", 0 0, L_000002268dadc8b0;  1 drivers
v000002268dcbd7d0_0 .net *"_ivl_67", 0 0, L_000002268dcc1150;  1 drivers
v000002268dcbe270_0 .net *"_ivl_69", 0 0, L_000002268dcc33b0;  1 drivers
v000002268dcbe310_0 .net *"_ivl_7", 0 0, L_000002268dcc2370;  1 drivers
v000002268dcbdcd0_0 .net *"_ivl_70", 0 0, L_000002268dadc920;  1 drivers
v000002268dcbc6f0_0 .net *"_ivl_72", 0 0, L_000002268dadc7d0;  1 drivers
v000002268dcbd190_0 .net *"_ivl_75", 0 0, L_000002268dcc0f70;  1 drivers
v000002268dcbc650_0 .net *"_ivl_76", 0 0, L_000002268daddbf0;  1 drivers
v000002268dcbdf50_0 .net *"_ivl_78", 0 0, L_000002268dadd870;  1 drivers
v000002268dcbcdd0_0 .net *"_ivl_8", 0 0, L_000002268dadca70;  1 drivers
v000002268dcbc010_0 .net *"_ivl_83", 0 0, L_000002268dcc27d0;  1 drivers
v000002268dcbdeb0_0 .net *"_ivl_85", 0 0, L_000002268dcc1010;  1 drivers
v000002268dcbc0b0_0 .net *"_ivl_86", 0 0, L_000002268dadc990;  1 drivers
v000002268dcbe1d0_0 .net *"_ivl_88", 0 0, L_000002268dadde20;  1 drivers
v000002268dcbe090_0 .net *"_ivl_91", 0 0, L_000002268dcc2870;  1 drivers
v000002268dcbc8d0_0 .net *"_ivl_92", 0 0, L_000002268dadcfb0;  1 drivers
v000002268dcbc330_0 .net *"_ivl_97", 0 0, L_000002268dcc1dd0;  1 drivers
v000002268dcbc5b0_0 .net *"_ivl_99", 0 0, L_000002268dcc20f0;  1 drivers
v000002268dcbd910_0 .net "in", 2 0, L_000002268dcc11f0;  1 drivers
v000002268dcbcb50_0 .net "out", 7 0, L_000002268dcc3090;  alias, 1 drivers
L_000002268dcc16f0 .part L_000002268dcc11f0, 2, 1;
L_000002268dcc2370 .part L_000002268dcc11f0, 1, 1;
L_000002268dcc2d70 .part L_000002268dcc11f0, 0, 1;
L_000002268dcc2eb0 .part L_000002268dcc11f0, 2, 1;
L_000002268dcc2ff0 .part L_000002268dcc11f0, 1, 1;
L_000002268dcc1ab0 .part L_000002268dcc11f0, 0, 1;
L_000002268dcc0d90 .part L_000002268dcc11f0, 2, 1;
L_000002268dcc0cf0 .part L_000002268dcc11f0, 1, 1;
L_000002268dcc2a50 .part L_000002268dcc11f0, 0, 1;
L_000002268dcc3310 .part L_000002268dcc11f0, 2, 1;
L_000002268dcc2af0 .part L_000002268dcc11f0, 1, 1;
L_000002268dcc1d30 .part L_000002268dcc11f0, 0, 1;
L_000002268dcc1150 .part L_000002268dcc11f0, 2, 1;
L_000002268dcc33b0 .part L_000002268dcc11f0, 1, 1;
L_000002268dcc0f70 .part L_000002268dcc11f0, 0, 1;
L_000002268dcc27d0 .part L_000002268dcc11f0, 2, 1;
L_000002268dcc1010 .part L_000002268dcc11f0, 1, 1;
L_000002268dcc2870 .part L_000002268dcc11f0, 0, 1;
L_000002268dcc1dd0 .part L_000002268dcc11f0, 2, 1;
L_000002268dcc20f0 .part L_000002268dcc11f0, 1, 1;
L_000002268dcc2e10 .part L_000002268dcc11f0, 0, 1;
LS_000002268dcc3090_0_0 .concat8 [ 1 1 1 1], L_000002268dadd3a0, L_000002268dadc760, L_000002268dadd410, L_000002268dadc8b0;
LS_000002268dcc3090_0_4 .concat8 [ 1 1 1 1], L_000002268dadd870, L_000002268dadcfb0, L_000002268daddc60, L_000002268dadd950;
L_000002268dcc3090 .concat8 [ 4 4 0 0], LS_000002268dcc3090_0_0, LS_000002268dcc3090_0_4;
L_000002268dcc2b90 .part L_000002268dcc11f0, 2, 1;
L_000002268dcc2f50 .part L_000002268dcc11f0, 1, 1;
L_000002268dcc3130 .part L_000002268dcc11f0, 0, 1;
    .scope S_000002268d48a460;
T_0 ;
    %wait E_000002268da12c40;
    %load/vec4 v000002268d9ee0b0_0;
    %flag_set/vec4 8;
    %jmp/0 T_0.0, 8;
    %pushi/vec4 0, 0, 1;
    %jmp/1 T_0.1, 8;
T_0.0 ; End of true expr.
    %load/vec4 v000002268d9ef410_0;
    %flag_set/vec4 9;
    %jmp/0 T_0.2, 9;
    %load/vec4 v000002268d9ed610_0;
    %jmp/1 T_0.3, 9;
T_0.2 ; End of true expr.
    %load/vec4 v000002268d9ed7f0_0;
    %jmp/0 T_0.3, 9;
 ; End of false expr.
    %blend;
T_0.3;
    %jmp/0 T_0.1, 8;
 ; End of false expr.
    %blend;
T_0.1;
    %assign/vec4 v000002268d9ed7f0_0, 0;
    %jmp T_0;
    .thread T_0;
    .scope S_000002268d481930;
T_1 ;
    %wait E_000002268da12c40;
    %load/vec4 v000002268da41080_0;
    %flag_set/vec4 8;
    %jmp/0 T_1.0, 8;
    %pushi/vec4 0, 0, 1;
    %jmp/1 T_1.1, 8;
T_1.0 ; End of true expr.
    %load/vec4 v000002268da422a0_0;
    %flag_set/vec4 9;
    %jmp/0 T_1.2, 9;
    %load/vec4 v000002268da42200_0;
    %jmp/1 T_1.3, 9;
T_1.2 ; End of true expr.
    %load/vec4 v000002268da40180_0;
    %jmp/0 T_1.3, 9;
 ; End of false expr.
    %blend;
T_1.3;
    %jmp/0 T_1.1, 8;
 ; End of false expr.
    %blend;
T_1.1;
    %assign/vec4 v000002268da40180_0, 0;
    %jmp T_1;
    .thread T_1;
    .scope S_000002268da3e1b0;
T_2 ;
    %wait E_000002268da12c40;
    %load/vec4 v000002268d9de510_0;
    %flag_set/vec4 8;
    %jmp/0 T_2.0, 8;
    %pushi/vec4 0, 0, 1;
    %jmp/1 T_2.1, 8;
T_2.0 ; End of true expr.
    %load/vec4 v000002268d9de650_0;
    %flag_set/vec4 9;
    %jmp/0 T_2.2, 9;
    %load/vec4 v000002268d9deb50_0;
    %jmp/1 T_2.3, 9;
T_2.2 ; End of true expr.
    %load/vec4 v000002268d9dedd0_0;
    %jmp/0 T_2.3, 9;
 ; End of false expr.
    %blend;
T_2.3;
    %jmp/0 T_2.1, 8;
 ; End of false expr.
    %blend;
T_2.1;
    %assign/vec4 v000002268d9dedd0_0, 0;
    %jmp T_2;
    .thread T_2;
    .scope S_000002268da3d6c0;
T_3 ;
    %wait E_000002268da12c40;
    %load/vec4 v000002268d9dc670_0;
    %flag_set/vec4 8;
    %jmp/0 T_3.0, 8;
    %pushi/vec4 0, 0, 1;
    %jmp/1 T_3.1, 8;
T_3.0 ; End of true expr.
    %load/vec4 v000002268d9dbdb0_0;
    %flag_set/vec4 9;
    %jmp/0 T_3.2, 9;
    %load/vec4 v000002268d9dbc70_0;
    %jmp/1 T_3.3, 9;
T_3.2 ; End of true expr.
    %load/vec4 v000002268d9dc5d0_0;
    %jmp/0 T_3.3, 9;
 ; End of false expr.
    %blend;
T_3.3;
    %jmp/0 T_3.1, 8;
 ; End of false expr.
    %blend;
T_3.1;
    %assign/vec4 v000002268d9dc5d0_0, 0;
    %jmp T_3;
    .thread T_3;
    .scope S_000002268db3faf0;
T_4 ;
    %wait E_000002268da12c40;
    %load/vec4 v000002268d9883c0_0;
    %flag_set/vec4 8;
    %jmp/0 T_4.0, 8;
    %pushi/vec4 0, 0, 1;
    %jmp/1 T_4.1, 8;
T_4.0 ; End of true expr.
    %load/vec4 v000002268d988780_0;
    %flag_set/vec4 9;
    %jmp/0 T_4.2, 9;
    %load/vec4 v000002268d98a620_0;
    %jmp/1 T_4.3, 9;
T_4.2 ; End of true expr.
    %load/vec4 v000002268d987d80_0;
    %jmp/0 T_4.3, 9;
 ; End of false expr.
    %blend;
T_4.3;
    %jmp/0 T_4.1, 8;
 ; End of false expr.
    %blend;
T_4.1;
    %assign/vec4 v000002268d987d80_0, 0;
    %jmp T_4;
    .thread T_4;
    .scope S_000002268db3ee70;
T_5 ;
    %wait E_000002268da12c40;
    %load/vec4 v000002268d97bfb0_0;
    %flag_set/vec4 8;
    %jmp/0 T_5.0, 8;
    %pushi/vec4 0, 0, 1;
    %jmp/1 T_5.1, 8;
T_5.0 ; End of true expr.
    %load/vec4 v000002268d97bc90_0;
    %flag_set/vec4 9;
    %jmp/0 T_5.2, 9;
    %load/vec4 v000002268d988000_0;
    %jmp/1 T_5.3, 9;
T_5.2 ; End of true expr.
    %load/vec4 v000002268d9886e0_0;
    %jmp/0 T_5.3, 9;
 ; End of false expr.
    %blend;
T_5.3;
    %jmp/0 T_5.1, 8;
 ; End of false expr.
    %blend;
T_5.1;
    %assign/vec4 v000002268d9886e0_0, 0;
    %jmp T_5;
    .thread T_5;
    .scope S_000002268db3e830;
T_6 ;
    %wait E_000002268da12c40;
    %load/vec4 v000002268d984c10_0;
    %flag_set/vec4 8;
    %jmp/0 T_6.0, 8;
    %pushi/vec4 0, 0, 1;
    %jmp/1 T_6.1, 8;
T_6.0 ; End of true expr.
    %load/vec4 v000002268d985110_0;
    %flag_set/vec4 9;
    %jmp/0 T_6.2, 9;
    %load/vec4 v000002268d97b510_0;
    %jmp/1 T_6.3, 9;
T_6.2 ; End of true expr.
    %load/vec4 v000002268d984710_0;
    %jmp/0 T_6.3, 9;
 ; End of false expr.
    %blend;
T_6.3;
    %jmp/0 T_6.1, 8;
 ; End of false expr.
    %blend;
T_6.1;
    %assign/vec4 v000002268d984710_0, 0;
    %jmp T_6;
    .thread T_6;
    .scope S_000002268db3f960;
T_7 ;
    %wait E_000002268da12c40;
    %load/vec4 v000002268db42d80_0;
    %flag_set/vec4 8;
    %jmp/0 T_7.0, 8;
    %pushi/vec4 0, 0, 1;
    %jmp/1 T_7.1, 8;
T_7.0 ; End of true expr.
    %load/vec4 v000002268db440e0_0;
    %flag_set/vec4 9;
    %jmp/0 T_7.2, 9;
    %load/vec4 v000002268db43460_0;
    %jmp/1 T_7.3, 9;
T_7.2 ; End of true expr.
    %load/vec4 v000002268db42ce0_0;
    %jmp/0 T_7.3, 9;
 ; End of false expr.
    %blend;
T_7.3;
    %jmp/0 T_7.1, 8;
 ; End of false expr.
    %blend;
T_7.1;
    %assign/vec4 v000002268db42ce0_0, 0;
    %jmp T_7;
    .thread T_7;
    .scope S_000002268db3f7d0;
T_8 ;
    %wait E_000002268da12c40;
    %load/vec4 v000002268db43780_0;
    %flag_set/vec4 8;
    %jmp/0 T_8.0, 8;
    %pushi/vec4 0, 0, 1;
    %jmp/1 T_8.1, 8;
T_8.0 ; End of true expr.
    %load/vec4 v000002268db43fa0_0;
    %flag_set/vec4 9;
    %jmp/0 T_8.2, 9;
    %load/vec4 v000002268db42c40_0;
    %jmp/1 T_8.3, 9;
T_8.2 ; End of true expr.
    %load/vec4 v000002268db44c20_0;
    %jmp/0 T_8.3, 9;
 ; End of false expr.
    %blend;
T_8.3;
    %jmp/0 T_8.1, 8;
 ; End of false expr.
    %blend;
T_8.1;
    %assign/vec4 v000002268db44c20_0, 0;
    %jmp T_8;
    .thread T_8;
    .scope S_000002268db3e9c0;
T_9 ;
    %wait E_000002268da12c40;
    %load/vec4 v000002268db42b00_0;
    %flag_set/vec4 8;
    %jmp/0 T_9.0, 8;
    %pushi/vec4 0, 0, 1;
    %jmp/1 T_9.1, 8;
T_9.0 ; End of true expr.
    %load/vec4 v000002268db43a00_0;
    %flag_set/vec4 9;
    %jmp/0 T_9.2, 9;
    %load/vec4 v000002268db430a0_0;
    %jmp/1 T_9.3, 9;
T_9.2 ; End of true expr.
    %load/vec4 v000002268db44a40_0;
    %jmp/0 T_9.3, 9;
 ; End of false expr.
    %blend;
T_9.3;
    %jmp/0 T_9.1, 8;
 ; End of false expr.
    %blend;
T_9.1;
    %assign/vec4 v000002268db44a40_0, 0;
    %jmp T_9;
    .thread T_9;
    .scope S_000002268d46d970;
T_10 ;
    %wait E_000002268da12c40;
    %load/vec4 v000002268da44960_0;
    %flag_set/vec4 8;
    %jmp/0 T_10.0, 8;
    %pushi/vec4 0, 0, 1;
    %jmp/1 T_10.1, 8;
T_10.0 ; End of true expr.
    %load/vec4 v000002268da42a20_0;
    %flag_set/vec4 9;
    %jmp/0 T_10.2, 9;
    %load/vec4 v000002268da44d20_0;
    %jmp/1 T_10.3, 9;
T_10.2 ; End of true expr.
    %load/vec4 v000002268da43880_0;
    %jmp/0 T_10.3, 9;
 ; End of false expr.
    %blend;
T_10.3;
    %jmp/0 T_10.1, 8;
 ; End of false expr.
    %blend;
T_10.1;
    %assign/vec4 v000002268da43880_0, 0;
    %jmp T_10;
    .thread T_10;
    .scope S_000002268da3d030;
T_11 ;
    %wait E_000002268da12c40;
    %load/vec4 v000002268da46f80_0;
    %flag_set/vec4 8;
    %jmp/0 T_11.0, 8;
    %pushi/vec4 0, 0, 1;
    %jmp/1 T_11.1, 8;
T_11.0 ; End of true expr.
    %load/vec4 v000002268da45b80_0;
    %flag_set/vec4 9;
    %jmp/0 T_11.2, 9;
    %load/vec4 v000002268da46e40_0;
    %jmp/1 T_11.3, 9;
T_11.2 ; End of true expr.
    %load/vec4 v000002268da45540_0;
    %jmp/0 T_11.3, 9;
 ; End of false expr.
    %blend;
T_11.3;
    %jmp/0 T_11.1, 8;
 ; End of false expr.
    %blend;
T_11.1;
    %assign/vec4 v000002268da45540_0, 0;
    %jmp T_11;
    .thread T_11;
    .scope S_000002268da3d350;
T_12 ;
    %wait E_000002268da12c40;
    %load/vec4 v000002268da47ac0_0;
    %flag_set/vec4 8;
    %jmp/0 T_12.0, 8;
    %pushi/vec4 0, 0, 1;
    %jmp/1 T_12.1, 8;
T_12.0 ; End of true expr.
    %load/vec4 v000002268da47fc0_0;
    %flag_set/vec4 9;
    %jmp/0 T_12.2, 9;
    %load/vec4 v000002268da45860_0;
    %jmp/1 T_12.3, 9;
T_12.2 ; End of true expr.
    %load/vec4 v000002268da47d40_0;
    %jmp/0 T_12.3, 9;
 ; End of false expr.
    %blend;
T_12.3;
    %jmp/0 T_12.1, 8;
 ; End of false expr.
    %blend;
T_12.1;
    %assign/vec4 v000002268da47d40_0, 0;
    %jmp T_12;
    .thread T_12;
    .scope S_000002268da3e020;
T_13 ;
    %wait E_000002268da12c40;
    %load/vec4 v000002268d9a20d0_0;
    %flag_set/vec4 8;
    %jmp/0 T_13.0, 8;
    %pushi/vec4 0, 0, 1;
    %jmp/1 T_13.1, 8;
T_13.0 ; End of true expr.
    %load/vec4 v000002268d9a22b0_0;
    %flag_set/vec4 9;
    %jmp/0 T_13.2, 9;
    %load/vec4 v000002268d9a1f90_0;
    %jmp/1 T_13.3, 9;
T_13.2 ; End of true expr.
    %load/vec4 v000002268d9a2530_0;
    %jmp/0 T_13.3, 9;
 ; End of false expr.
    %blend;
T_13.3;
    %jmp/0 T_13.1, 8;
 ; End of false expr.
    %blend;
T_13.1;
    %assign/vec4 v000002268d9a2530_0, 0;
    %jmp T_13;
    .thread T_13;
    .scope S_000002268da3e340;
T_14 ;
    %wait E_000002268da12c40;
    %load/vec4 v000002268d9cca20_0;
    %flag_set/vec4 8;
    %jmp/0 T_14.0, 8;
    %pushi/vec4 0, 0, 1;
    %jmp/1 T_14.1, 8;
T_14.0 ; End of true expr.
    %load/vec4 v000002268d9cc2a0_0;
    %flag_set/vec4 9;
    %jmp/0 T_14.2, 9;
    %load/vec4 v000002268d9a4830_0;
    %jmp/1 T_14.3, 9;
T_14.2 ; End of true expr.
    %load/vec4 v000002268d9cc020_0;
    %jmp/0 T_14.3, 9;
 ; End of false expr.
    %blend;
T_14.3;
    %jmp/0 T_14.1, 8;
 ; End of false expr.
    %blend;
T_14.1;
    %assign/vec4 v000002268d9cc020_0, 0;
    %jmp T_14;
    .thread T_14;
    .scope S_000002268da3de90;
T_15 ;
    %wait E_000002268da12c40;
    %load/vec4 v000002268d9c91e0_0;
    %flag_set/vec4 8;
    %jmp/0 T_15.0, 8;
    %pushi/vec4 0, 0, 1;
    %jmp/1 T_15.1, 8;
T_15.0 ; End of true expr.
    %load/vec4 v000002268d9ca9a0_0;
    %flag_set/vec4 9;
    %jmp/0 T_15.2, 9;
    %load/vec4 v000002268d9c9fa0_0;
    %jmp/1 T_15.3, 9;
T_15.2 ; End of true expr.
    %load/vec4 v000002268d9ca400_0;
    %jmp/0 T_15.3, 9;
 ; End of false expr.
    %blend;
T_15.3;
    %jmp/0 T_15.1, 8;
 ; End of false expr.
    %blend;
T_15.1;
    %assign/vec4 v000002268d9ca400_0, 0;
    %jmp T_15;
    .thread T_15;
    .scope S_000002268db3f000;
T_16 ;
    %wait E_000002268da12c40;
    %load/vec4 v000002268db44400_0;
    %flag_set/vec4 8;
    %jmp/0 T_16.0, 8;
    %pushi/vec4 0, 0, 1;
    %jmp/1 T_16.1, 8;
T_16.0 ; End of true expr.
    %load/vec4 v000002268db44f40_0;
    %flag_set/vec4 9;
    %jmp/0 T_16.2, 9;
    %load/vec4 v000002268db44ea0_0;
    %jmp/1 T_16.3, 9;
T_16.2 ; End of true expr.
    %load/vec4 v000002268db44220_0;
    %jmp/0 T_16.3, 9;
 ; End of false expr.
    %blend;
T_16.3;
    %jmp/0 T_16.1, 8;
 ; End of false expr.
    %blend;
T_16.1;
    %assign/vec4 v000002268db44220_0, 0;
    %jmp T_16;
    .thread T_16;
    .scope S_000002268db3ece0;
T_17 ;
    %wait E_000002268da12c40;
    %load/vec4 v000002268db460c0_0;
    %flag_set/vec4 8;
    %jmp/0 T_17.0, 8;
    %pushi/vec4 0, 0, 1;
    %jmp/1 T_17.1, 8;
T_17.0 ; End of true expr.
    %load/vec4 v000002268db45f80_0;
    %flag_set/vec4 9;
    %jmp/0 T_17.2, 9;
    %load/vec4 v000002268db47060_0;
    %jmp/1 T_17.3, 9;
T_17.2 ; End of true expr.
    %load/vec4 v000002268db456c0_0;
    %jmp/0 T_17.3, 9;
 ; End of false expr.
    %blend;
T_17.3;
    %jmp/0 T_17.1, 8;
 ; End of false expr.
    %blend;
T_17.1;
    %assign/vec4 v000002268db456c0_0, 0;
    %jmp T_17;
    .thread T_17;
    .scope S_000002268db4a8d0;
T_18 ;
    %wait E_000002268da12c40;
    %load/vec4 v000002268db401c0_0;
    %flag_set/vec4 8;
    %jmp/0 T_18.0, 8;
    %pushi/vec4 0, 0, 1;
    %jmp/1 T_18.1, 8;
T_18.0 ; End of true expr.
    %load/vec4 v000002268db41520_0;
    %flag_set/vec4 9;
    %jmp/0 T_18.2, 9;
    %load/vec4 v000002268db41700_0;
    %jmp/1 T_18.3, 9;
T_18.2 ; End of true expr.
    %load/vec4 v000002268db41c00_0;
    %jmp/0 T_18.3, 9;
 ; End of false expr.
    %blend;
T_18.3;
    %jmp/0 T_18.1, 8;
 ; End of false expr.
    %blend;
T_18.1;
    %assign/vec4 v000002268db41c00_0, 0;
    %jmp T_18;
    .thread T_18;
    .scope S_000002268db49c50;
T_19 ;
    %wait E_000002268da12c40;
    %load/vec4 v000002268db40440_0;
    %flag_set/vec4 8;
    %jmp/0 T_19.0, 8;
    %pushi/vec4 0, 0, 1;
    %jmp/1 T_19.1, 8;
T_19.0 ; End of true expr.
    %load/vec4 v000002268db40c60_0;
    %flag_set/vec4 9;
    %jmp/0 T_19.2, 9;
    %load/vec4 v000002268db404e0_0;
    %jmp/1 T_19.3, 9;
T_19.2 ; End of true expr.
    %load/vec4 v000002268db40b20_0;
    %jmp/0 T_19.3, 9;
 ; End of false expr.
    %blend;
T_19.3;
    %jmp/0 T_19.1, 8;
 ; End of false expr.
    %blend;
T_19.1;
    %assign/vec4 v000002268db40b20_0, 0;
    %jmp T_19;
    .thread T_19;
    .scope S_000002268db48e40;
T_20 ;
    %wait E_000002268da12c40;
    %load/vec4 v000002268db41660_0;
    %flag_set/vec4 8;
    %jmp/0 T_20.0, 8;
    %pushi/vec4 0, 0, 1;
    %jmp/1 T_20.1, 8;
T_20.0 ; End of true expr.
    %load/vec4 v000002268db41a20_0;
    %flag_set/vec4 9;
    %jmp/0 T_20.2, 9;
    %load/vec4 v000002268db403a0_0;
    %jmp/1 T_20.3, 9;
T_20.2 ; End of true expr.
    %load/vec4 v000002268db40da0_0;
    %jmp/0 T_20.3, 9;
 ; End of false expr.
    %blend;
T_20.3;
    %jmp/0 T_20.1, 8;
 ; End of false expr.
    %blend;
T_20.1;
    %assign/vec4 v000002268db40da0_0, 0;
    %jmp T_20;
    .thread T_20;
    .scope S_000002268db49f70;
T_21 ;
    %wait E_000002268da12c40;
    %load/vec4 v000002268db50b00_0;
    %flag_set/vec4 8;
    %jmp/0 T_21.0, 8;
    %pushi/vec4 0, 0, 1;
    %jmp/1 T_21.1, 8;
T_21.0 ; End of true expr.
    %load/vec4 v000002268db50a60_0;
    %flag_set/vec4 9;
    %jmp/0 T_21.2, 9;
    %load/vec4 v000002268db50f60_0;
    %jmp/1 T_21.3, 9;
T_21.2 ; End of true expr.
    %load/vec4 v000002268db4fca0_0;
    %jmp/0 T_21.3, 9;
 ; End of false expr.
    %blend;
T_21.3;
    %jmp/0 T_21.1, 8;
 ; End of false expr.
    %blend;
T_21.1;
    %assign/vec4 v000002268db4fca0_0, 0;
    %jmp T_21;
    .thread T_21;
    .scope S_000002268db4a290;
T_22 ;
    %wait E_000002268da12c40;
    %load/vec4 v000002268db4f2a0_0;
    %flag_set/vec4 8;
    %jmp/0 T_22.0, 8;
    %pushi/vec4 0, 0, 1;
    %jmp/1 T_22.1, 8;
T_22.0 ; End of true expr.
    %load/vec4 v000002268db50d80_0;
    %flag_set/vec4 9;
    %jmp/0 T_22.2, 9;
    %load/vec4 v000002268db50880_0;
    %jmp/1 T_22.3, 9;
T_22.2 ; End of true expr.
    %load/vec4 v000002268db50c40_0;
    %jmp/0 T_22.3, 9;
 ; End of false expr.
    %blend;
T_22.3;
    %jmp/0 T_22.1, 8;
 ; End of false expr.
    %blend;
T_22.1;
    %assign/vec4 v000002268db50c40_0, 0;
    %jmp T_22;
    .thread T_22;
    .scope S_000002268db492f0;
T_23 ;
    %wait E_000002268da12c40;
    %load/vec4 v000002268db51320_0;
    %flag_set/vec4 8;
    %jmp/0 T_23.0, 8;
    %pushi/vec4 0, 0, 1;
    %jmp/1 T_23.1, 8;
T_23.0 ; End of true expr.
    %load/vec4 v000002268db4ef80_0;
    %flag_set/vec4 9;
    %jmp/0 T_23.2, 9;
    %load/vec4 v000002268db4f520_0;
    %jmp/1 T_23.3, 9;
T_23.2 ; End of true expr.
    %load/vec4 v000002268db50560_0;
    %jmp/0 T_23.3, 9;
 ; End of false expr.
    %blend;
T_23.3;
    %jmp/0 T_23.1, 8;
 ; End of false expr.
    %blend;
T_23.1;
    %assign/vec4 v000002268db50560_0, 0;
    %jmp T_23;
    .thread T_23;
    .scope S_000002268db5fe10;
T_24 ;
    %wait E_000002268da12c40;
    %load/vec4 v000002268db4f020_0;
    %flag_set/vec4 8;
    %jmp/0 T_24.0, 8;
    %pushi/vec4 0, 0, 1;
    %jmp/1 T_24.1, 8;
T_24.0 ; End of true expr.
    %load/vec4 v000002268db4f5c0_0;
    %flag_set/vec4 9;
    %jmp/0 T_24.2, 9;
    %load/vec4 v000002268db4fc00_0;
    %jmp/1 T_24.3, 9;
T_24.2 ; End of true expr.
    %load/vec4 v000002268db51460_0;
    %jmp/0 T_24.3, 9;
 ; End of false expr.
    %blend;
T_24.3;
    %jmp/0 T_24.1, 8;
 ; End of false expr.
    %blend;
T_24.1;
    %assign/vec4 v000002268db51460_0, 0;
    %jmp T_24;
    .thread T_24;
    .scope S_000002268db5f7d0;
T_25 ;
    %wait E_000002268da12c40;
    %load/vec4 v000002268db504c0_0;
    %flag_set/vec4 8;
    %jmp/0 T_25.0, 8;
    %pushi/vec4 0, 0, 1;
    %jmp/1 T_25.1, 8;
T_25.0 ; End of true expr.
    %load/vec4 v000002268db50100_0;
    %flag_set/vec4 9;
    %jmp/0 T_25.2, 9;
    %load/vec4 v000002268db50060_0;
    %jmp/1 T_25.3, 9;
T_25.2 ; End of true expr.
    %load/vec4 v000002268db501a0_0;
    %jmp/0 T_25.3, 9;
 ; End of false expr.
    %blend;
T_25.3;
    %jmp/0 T_25.1, 8;
 ; End of false expr.
    %blend;
T_25.1;
    %assign/vec4 v000002268db501a0_0, 0;
    %jmp T_25;
    .thread T_25;
    .scope S_000002268db3f320;
T_26 ;
    %wait E_000002268da12c40;
    %load/vec4 v000002268db46980_0;
    %flag_set/vec4 8;
    %jmp/0 T_26.0, 8;
    %pushi/vec4 0, 0, 1;
    %jmp/1 T_26.1, 8;
T_26.0 ; End of true expr.
    %load/vec4 v000002268db46200_0;
    %flag_set/vec4 9;
    %jmp/0 T_26.2, 9;
    %load/vec4 v000002268db451c0_0;
    %jmp/1 T_26.3, 9;
T_26.2 ; End of true expr.
    %load/vec4 v000002268db46160_0;
    %jmp/0 T_26.3, 9;
 ; End of false expr.
    %blend;
T_26.3;
    %jmp/0 T_26.1, 8;
 ; End of false expr.
    %blend;
T_26.1;
    %assign/vec4 v000002268db46160_0, 0;
    %jmp T_26;
    .thread T_26;
    .scope S_000002268db3f640;
T_27 ;
    %wait E_000002268da12c40;
    %load/vec4 v000002268db46d40_0;
    %flag_set/vec4 8;
    %jmp/0 T_27.0, 8;
    %pushi/vec4 0, 0, 1;
    %jmp/1 T_27.1, 8;
T_27.0 ; End of true expr.
    %load/vec4 v000002268db477e0_0;
    %flag_set/vec4 9;
    %jmp/0 T_27.2, 9;
    %load/vec4 v000002268db45940_0;
    %jmp/1 T_27.3, 9;
T_27.2 ; End of true expr.
    %load/vec4 v000002268db47240_0;
    %jmp/0 T_27.3, 9;
 ; End of false expr.
    %blend;
T_27.3;
    %jmp/0 T_27.1, 8;
 ; End of false expr.
    %blend;
T_27.1;
    %assign/vec4 v000002268db47240_0, 0;
    %jmp T_27;
    .thread T_27;
    .scope S_000002268db48cb0;
T_28 ;
    %wait E_000002268da12c40;
    %load/vec4 v000002268db47380_0;
    %flag_set/vec4 8;
    %jmp/0 T_28.0, 8;
    %pushi/vec4 0, 0, 1;
    %jmp/1 T_28.1, 8;
T_28.0 ; End of true expr.
    %load/vec4 v000002268db47600_0;
    %flag_set/vec4 9;
    %jmp/0 T_28.2, 9;
    %load/vec4 v000002268db465c0_0;
    %jmp/1 T_28.3, 9;
T_28.2 ; End of true expr.
    %load/vec4 v000002268db45d00_0;
    %jmp/0 T_28.3, 9;
 ; End of false expr.
    %blend;
T_28.3;
    %jmp/0 T_28.1, 8;
 ; End of false expr.
    %blend;
T_28.1;
    %assign/vec4 v000002268db45d00_0, 0;
    %jmp T_28;
    .thread T_28;
    .scope S_000002268db4a740;
T_29 ;
    %wait E_000002268da12c40;
    %load/vec4 v000002268db46b60_0;
    %flag_set/vec4 8;
    %jmp/0 T_29.0, 8;
    %pushi/vec4 0, 0, 1;
    %jmp/1 T_29.1, 8;
T_29.0 ; End of true expr.
    %load/vec4 v000002268db45760_0;
    %flag_set/vec4 9;
    %jmp/0 T_29.2, 9;
    %load/vec4 v000002268db467a0_0;
    %jmp/1 T_29.3, 9;
T_29.2 ; End of true expr.
    %load/vec4 v000002268db45620_0;
    %jmp/0 T_29.3, 9;
 ; End of false expr.
    %blend;
T_29.3;
    %jmp/0 T_29.1, 8;
 ; End of false expr.
    %blend;
T_29.1;
    %assign/vec4 v000002268db45620_0, 0;
    %jmp T_29;
    .thread T_29;
    .scope S_000002268db48fd0;
T_30 ;
    %wait E_000002268da12c40;
    %load/vec4 v000002268db47c40_0;
    %flag_set/vec4 8;
    %jmp/0 T_30.0, 8;
    %pushi/vec4 0, 0, 1;
    %jmp/1 T_30.1, 8;
T_30.0 ; End of true expr.
    %load/vec4 v000002268db47e20_0;
    %flag_set/vec4 9;
    %jmp/0 T_30.2, 9;
    %load/vec4 v000002268db47ba0_0;
    %jmp/1 T_30.3, 9;
T_30.2 ; End of true expr.
    %load/vec4 v000002268db47a60_0;
    %jmp/0 T_30.3, 9;
 ; End of false expr.
    %blend;
T_30.3;
    %jmp/0 T_30.1, 8;
 ; End of false expr.
    %blend;
T_30.1;
    %assign/vec4 v000002268db47a60_0, 0;
    %jmp T_30;
    .thread T_30;
    .scope S_000002268db49480;
T_31 ;
    %wait E_000002268da12c40;
    %load/vec4 v000002268db40f80_0;
    %flag_set/vec4 8;
    %jmp/0 T_31.0, 8;
    %pushi/vec4 0, 0, 1;
    %jmp/1 T_31.1, 8;
T_31.0 ; End of true expr.
    %load/vec4 v000002268db427e0_0;
    %flag_set/vec4 9;
    %jmp/0 T_31.2, 9;
    %load/vec4 v000002268db42740_0;
    %jmp/1 T_31.3, 9;
T_31.2 ; End of true expr.
    %load/vec4 v000002268db417a0_0;
    %jmp/0 T_31.3, 9;
 ; End of false expr.
    %blend;
T_31.3;
    %jmp/0 T_31.1, 8;
 ; End of false expr.
    %blend;
T_31.1;
    %assign/vec4 v000002268db417a0_0, 0;
    %jmp T_31;
    .thread T_31;
    .scope S_000002268dbbf960;
T_32 ;
    %wait E_000002268da12c40;
    %load/vec4 v000002268dbb4e20_0;
    %flag_set/vec4 8;
    %jmp/0 T_32.0, 8;
    %pushi/vec4 0, 0, 1;
    %jmp/1 T_32.1, 8;
T_32.0 ; End of true expr.
    %load/vec4 v000002268dbb5320_0;
    %flag_set/vec4 9;
    %jmp/0 T_32.2, 9;
    %load/vec4 v000002268dbb4ce0_0;
    %jmp/1 T_32.3, 9;
T_32.2 ; End of true expr.
    %load/vec4 v000002268dbb3700_0;
    %jmp/0 T_32.3, 9;
 ; End of false expr.
    %blend;
T_32.3;
    %jmp/0 T_32.1, 8;
 ; End of false expr.
    %blend;
T_32.1;
    %assign/vec4 v000002268dbb3700_0, 0;
    %jmp T_32;
    .thread T_32;
    .scope S_000002268dbc0f40;
T_33 ;
    %wait E_000002268da12c40;
    %load/vec4 v000002268dbb5dc0_0;
    %flag_set/vec4 8;
    %jmp/0 T_33.0, 8;
    %pushi/vec4 0, 0, 1;
    %jmp/1 T_33.1, 8;
T_33.0 ; End of true expr.
    %load/vec4 v000002268dbb79e0_0;
    %flag_set/vec4 9;
    %jmp/0 T_33.2, 9;
    %load/vec4 v000002268dbb7e40_0;
    %jmp/1 T_33.3, 9;
T_33.2 ; End of true expr.
    %load/vec4 v000002268dbb6c20_0;
    %jmp/0 T_33.3, 9;
 ; End of false expr.
    %blend;
T_33.3;
    %jmp/0 T_33.1, 8;
 ; End of false expr.
    %blend;
T_33.1;
    %assign/vec4 v000002268dbb6c20_0, 0;
    %jmp T_33;
    .thread T_33;
    .scope S_000002268dbbd890;
T_34 ;
    %wait E_000002268da12c40;
    %load/vec4 v000002268dbaa880_0;
    %flag_set/vec4 8;
    %jmp/0 T_34.0, 8;
    %pushi/vec4 0, 0, 1;
    %jmp/1 T_34.1, 8;
T_34.0 ; End of true expr.
    %load/vec4 v000002268dbaac40_0;
    %flag_set/vec4 9;
    %jmp/0 T_34.2, 9;
    %load/vec4 v000002268dbab820_0;
    %jmp/1 T_34.3, 9;
T_34.2 ; End of true expr.
    %load/vec4 v000002268dba9980_0;
    %jmp/0 T_34.3, 9;
 ; End of false expr.
    %blend;
T_34.3;
    %jmp/0 T_34.1, 8;
 ; End of false expr.
    %blend;
T_34.1;
    %assign/vec4 v000002268dba9980_0, 0;
    %jmp T_34;
    .thread T_34;
    .scope S_000002268dbc13f0;
T_35 ;
    %wait E_000002268da12c40;
    %load/vec4 v000002268dba9f20_0;
    %flag_set/vec4 8;
    %jmp/0 T_35.0, 8;
    %pushi/vec4 0, 0, 1;
    %jmp/1 T_35.1, 8;
T_35.0 ; End of true expr.
    %load/vec4 v000002268dbaa4c0_0;
    %flag_set/vec4 9;
    %jmp/0 T_35.2, 9;
    %load/vec4 v000002268dbab460_0;
    %jmp/1 T_35.3, 9;
T_35.2 ; End of true expr.
    %load/vec4 v000002268dba9520_0;
    %jmp/0 T_35.3, 9;
 ; End of false expr.
    %blend;
T_35.3;
    %jmp/0 T_35.1, 8;
 ; End of false expr.
    %blend;
T_35.1;
    %assign/vec4 v000002268dba9520_0, 0;
    %jmp T_35;
    .thread T_35;
    .scope S_000002268dbbffa0;
T_36 ;
    %wait E_000002268da12c40;
    %load/vec4 v000002268dbab140_0;
    %flag_set/vec4 8;
    %jmp/0 T_36.0, 8;
    %pushi/vec4 0, 0, 1;
    %jmp/1 T_36.1, 8;
T_36.0 ; End of true expr.
    %load/vec4 v000002268dbaa600_0;
    %flag_set/vec4 9;
    %jmp/0 T_36.2, 9;
    %load/vec4 v000002268dba9a20_0;
    %jmp/1 T_36.3, 9;
T_36.2 ; End of true expr.
    %load/vec4 v000002268dbaad80_0;
    %jmp/0 T_36.3, 9;
 ; End of false expr.
    %blend;
T_36.3;
    %jmp/0 T_36.1, 8;
 ; End of false expr.
    %blend;
T_36.1;
    %assign/vec4 v000002268dbaad80_0, 0;
    %jmp T_36;
    .thread T_36;
    .scope S_000002268dbc0900;
T_37 ;
    %wait E_000002268da12c40;
    %load/vec4 v000002268dbaae20_0;
    %flag_set/vec4 8;
    %jmp/0 T_37.0, 8;
    %pushi/vec4 0, 0, 1;
    %jmp/1 T_37.1, 8;
T_37.0 ; End of true expr.
    %load/vec4 v000002268dbaa1a0_0;
    %flag_set/vec4 9;
    %jmp/0 T_37.2, 9;
    %load/vec4 v000002268dbaa060_0;
    %jmp/1 T_37.3, 9;
T_37.2 ; End of true expr.
    %load/vec4 v000002268dbaa100_0;
    %jmp/0 T_37.3, 9;
 ; End of false expr.
    %blend;
T_37.3;
    %jmp/0 T_37.1, 8;
 ; End of false expr.
    %blend;
T_37.1;
    %assign/vec4 v000002268dbaa100_0, 0;
    %jmp T_37;
    .thread T_37;
    .scope S_000002268dbbeb50;
T_38 ;
    %wait E_000002268da12c40;
    %load/vec4 v000002268dbc4ec0_0;
    %flag_set/vec4 8;
    %jmp/0 T_38.0, 8;
    %pushi/vec4 0, 0, 1;
    %jmp/1 T_38.1, 8;
T_38.0 ; End of true expr.
    %load/vec4 v000002268dbc4f60_0;
    %flag_set/vec4 9;
    %jmp/0 T_38.2, 9;
    %load/vec4 v000002268dbc42e0_0;
    %jmp/1 T_38.3, 9;
T_38.2 ; End of true expr.
    %load/vec4 v000002268dbc41a0_0;
    %jmp/0 T_38.3, 9;
 ; End of false expr.
    %blend;
T_38.3;
    %jmp/0 T_38.1, 8;
 ; End of false expr.
    %blend;
T_38.1;
    %assign/vec4 v000002268dbc41a0_0, 0;
    %jmp T_38;
    .thread T_38;
    .scope S_000002268dbc1580;
T_39 ;
    %wait E_000002268da12c40;
    %load/vec4 v000002268dbc44c0_0;
    %flag_set/vec4 8;
    %jmp/0 T_39.0, 8;
    %pushi/vec4 0, 0, 1;
    %jmp/1 T_39.1, 8;
T_39.0 ; End of true expr.
    %load/vec4 v000002268dbc6400_0;
    %flag_set/vec4 9;
    %jmp/0 T_39.2, 9;
    %load/vec4 v000002268dbc6720_0;
    %jmp/1 T_39.3, 9;
T_39.2 ; End of true expr.
    %load/vec4 v000002268dbc46a0_0;
    %jmp/0 T_39.3, 9;
 ; End of false expr.
    %blend;
T_39.3;
    %jmp/0 T_39.1, 8;
 ; End of false expr.
    %blend;
T_39.1;
    %assign/vec4 v000002268dbc46a0_0, 0;
    %jmp T_39;
    .thread T_39;
    .scope S_000002268dbbdbb0;
T_40 ;
    %wait E_000002268da12c40;
    %load/vec4 v000002268dbc5500_0;
    %flag_set/vec4 8;
    %jmp/0 T_40.0, 8;
    %pushi/vec4 0, 0, 1;
    %jmp/1 T_40.1, 8;
T_40.0 ; End of true expr.
    %load/vec4 v000002268dbc58c0_0;
    %flag_set/vec4 9;
    %jmp/0 T_40.2, 9;
    %load/vec4 v000002268dbc64a0_0;
    %jmp/1 T_40.3, 9;
T_40.2 ; End of true expr.
    %load/vec4 v000002268dbc4740_0;
    %jmp/0 T_40.3, 9;
 ; End of false expr.
    %blend;
T_40.3;
    %jmp/0 T_40.1, 8;
 ; End of false expr.
    %blend;
T_40.1;
    %assign/vec4 v000002268dbc4740_0, 0;
    %jmp T_40;
    .thread T_40;
    .scope S_000002268dbbdd40;
T_41 ;
    %wait E_000002268da12c40;
    %load/vec4 v000002268dbc4880_0;
    %flag_set/vec4 8;
    %jmp/0 T_41.0, 8;
    %pushi/vec4 0, 0, 1;
    %jmp/1 T_41.1, 8;
T_41.0 ; End of true expr.
    %load/vec4 v000002268dbc55a0_0;
    %flag_set/vec4 9;
    %jmp/0 T_41.2, 9;
    %load/vec4 v000002268dbc5780_0;
    %jmp/1 T_41.3, 9;
T_41.2 ; End of true expr.
    %load/vec4 v000002268dbc62c0_0;
    %jmp/0 T_41.3, 9;
 ; End of false expr.
    %blend;
T_41.3;
    %jmp/0 T_41.1, 8;
 ; End of false expr.
    %blend;
T_41.1;
    %assign/vec4 v000002268dbc62c0_0, 0;
    %jmp T_41;
    .thread T_41;
    .scope S_000002268dbbee70;
T_42 ;
    %wait E_000002268da12c40;
    %load/vec4 v000002268dbb7260_0;
    %flag_set/vec4 8;
    %jmp/0 T_42.0, 8;
    %pushi/vec4 0, 0, 1;
    %jmp/1 T_42.1, 8;
T_42.0 ; End of true expr.
    %load/vec4 v000002268dbb6680_0;
    %flag_set/vec4 9;
    %jmp/0 T_42.2, 9;
    %load/vec4 v000002268dbb6180_0;
    %jmp/1 T_42.3, 9;
T_42.2 ; End of true expr.
    %load/vec4 v000002268dbb6540_0;
    %jmp/0 T_42.3, 9;
 ; End of false expr.
    %blend;
T_42.3;
    %jmp/0 T_42.1, 8;
 ; End of false expr.
    %blend;
T_42.1;
    %assign/vec4 v000002268dbb6540_0, 0;
    %jmp T_42;
    .thread T_42;
    .scope S_000002268dbbfaf0;
T_43 ;
    %wait E_000002268da12c40;
    %load/vec4 v000002268dbb64a0_0;
    %flag_set/vec4 8;
    %jmp/0 T_43.0, 8;
    %pushi/vec4 0, 0, 1;
    %jmp/1 T_43.1, 8;
T_43.0 ; End of true expr.
    %load/vec4 v000002268dbb7b20_0;
    %flag_set/vec4 9;
    %jmp/0 T_43.2, 9;
    %load/vec4 v000002268dbb71c0_0;
    %jmp/1 T_43.3, 9;
T_43.2 ; End of true expr.
    %load/vec4 v000002268dbb6360_0;
    %jmp/0 T_43.3, 9;
 ; End of false expr.
    %blend;
T_43.3;
    %jmp/0 T_43.1, 8;
 ; End of false expr.
    %blend;
T_43.1;
    %assign/vec4 v000002268dbb6360_0, 0;
    %jmp T_43;
    .thread T_43;
    .scope S_000002268dbbe510;
T_44 ;
    %wait E_000002268da12c40;
    %load/vec4 v000002268dbb8020_0;
    %flag_set/vec4 8;
    %jmp/0 T_44.0, 8;
    %pushi/vec4 0, 0, 1;
    %jmp/1 T_44.1, 8;
T_44.0 ; End of true expr.
    %load/vec4 v000002268dbb7120_0;
    %flag_set/vec4 9;
    %jmp/0 T_44.2, 9;
    %load/vec4 v000002268dbb6ae0_0;
    %jmp/1 T_44.3, 9;
T_44.2 ; End of true expr.
    %load/vec4 v000002268dbb7f80_0;
    %jmp/0 T_44.3, 9;
 ; End of false expr.
    %blend;
T_44.3;
    %jmp/0 T_44.1, 8;
 ; End of false expr.
    %blend;
T_44.1;
    %assign/vec4 v000002268dbb7f80_0, 0;
    %jmp T_44;
    .thread T_44;
    .scope S_000002268dbbfe10;
T_45 ;
    %wait E_000002268da12c40;
    %load/vec4 v000002268dbb7da0_0;
    %flag_set/vec4 8;
    %jmp/0 T_45.0, 8;
    %pushi/vec4 0, 0, 1;
    %jmp/1 T_45.1, 8;
T_45.0 ; End of true expr.
    %load/vec4 v000002268dbb8480_0;
    %flag_set/vec4 9;
    %jmp/0 T_45.2, 9;
    %load/vec4 v000002268dbb7940_0;
    %jmp/1 T_45.3, 9;
T_45.2 ; End of true expr.
    %load/vec4 v000002268dbb7d00_0;
    %jmp/0 T_45.3, 9;
 ; End of false expr.
    %blend;
T_45.3;
    %jmp/0 T_45.1, 8;
 ; End of false expr.
    %blend;
T_45.1;
    %assign/vec4 v000002268dbb7d00_0, 0;
    %jmp T_45;
    .thread T_45;
    .scope S_000002268dbbf320;
T_46 ;
    %wait E_000002268da12c40;
    %load/vec4 v000002268dbb8c00_0;
    %flag_set/vec4 8;
    %jmp/0 T_46.0, 8;
    %pushi/vec4 0, 0, 1;
    %jmp/1 T_46.1, 8;
T_46.0 ; End of true expr.
    %load/vec4 v000002268dbb8de0_0;
    %flag_set/vec4 9;
    %jmp/0 T_46.2, 9;
    %load/vec4 v000002268dbb8840_0;
    %jmp/1 T_46.3, 9;
T_46.2 ; End of true expr.
    %load/vec4 v000002268dbb8f20_0;
    %jmp/0 T_46.3, 9;
 ; End of false expr.
    %blend;
T_46.3;
    %jmp/0 T_46.1, 8;
 ; End of false expr.
    %blend;
T_46.1;
    %assign/vec4 v000002268dbb8f20_0, 0;
    %jmp T_46;
    .thread T_46;
    .scope S_000002268dbbe060;
T_47 ;
    %wait E_000002268da12c40;
    %load/vec4 v000002268dbaba00_0;
    %flag_set/vec4 8;
    %jmp/0 T_47.0, 8;
    %pushi/vec4 0, 0, 1;
    %jmp/1 T_47.1, 8;
T_47.0 ; End of true expr.
    %load/vec4 v000002268dba95c0_0;
    %flag_set/vec4 9;
    %jmp/0 T_47.2, 9;
    %load/vec4 v000002268dbaaa60_0;
    %jmp/1 T_47.3, 9;
T_47.2 ; End of true expr.
    %load/vec4 v000002268dba9ca0_0;
    %jmp/0 T_47.3, 9;
 ; End of false expr.
    %blend;
T_47.3;
    %jmp/0 T_47.1, 8;
 ; End of false expr.
    %blend;
T_47.1;
    %assign/vec4 v000002268dba9ca0_0, 0;
    %jmp T_47;
    .thread T_47;
    .scope S_000002268dbbe1f0;
T_48 ;
    %wait E_000002268da12c40;
    %load/vec4 v000002268dbc7940_0;
    %flag_set/vec4 8;
    %jmp/0 T_48.0, 8;
    %pushi/vec4 0, 0, 1;
    %jmp/1 T_48.1, 8;
T_48.0 ; End of true expr.
    %load/vec4 v000002268dbc73a0_0;
    %flag_set/vec4 9;
    %jmp/0 T_48.2, 9;
    %load/vec4 v000002268dbc7800_0;
    %jmp/1 T_48.3, 9;
T_48.2 ; End of true expr.
    %load/vec4 v000002268dbc7440_0;
    %jmp/0 T_48.3, 9;
 ; End of false expr.
    %blend;
T_48.3;
    %jmp/0 T_48.1, 8;
 ; End of false expr.
    %blend;
T_48.1;
    %assign/vec4 v000002268dbc7440_0, 0;
    %jmp T_48;
    .thread T_48;
    .scope S_000002268dbbece0;
T_49 ;
    %wait E_000002268da12c40;
    %load/vec4 v000002268dbc71c0_0;
    %flag_set/vec4 8;
    %jmp/0 T_49.0, 8;
    %pushi/vec4 0, 0, 1;
    %jmp/1 T_49.1, 8;
T_49.0 ; End of true expr.
    %load/vec4 v000002268dbc8700_0;
    %flag_set/vec4 9;
    %jmp/0 T_49.2, 9;
    %load/vec4 v000002268dbc8200_0;
    %jmp/1 T_49.3, 9;
T_49.2 ; End of true expr.
    %load/vec4 v000002268dbc85c0_0;
    %jmp/0 T_49.3, 9;
 ; End of false expr.
    %blend;
T_49.3;
    %jmp/0 T_49.1, 8;
 ; End of false expr.
    %blend;
T_49.1;
    %assign/vec4 v000002268dbc85c0_0, 0;
    %jmp T_49;
    .thread T_49;
    .scope S_000002268dbe5410;
T_50 ;
    %wait E_000002268da12c40;
    %load/vec4 v000002268dbcaaa0_0;
    %flag_set/vec4 8;
    %jmp/0 T_50.0, 8;
    %pushi/vec4 0, 0, 1;
    %jmp/1 T_50.1, 8;
T_50.0 ; End of true expr.
    %load/vec4 v000002268dbc9240_0;
    %flag_set/vec4 9;
    %jmp/0 T_50.2, 9;
    %load/vec4 v000002268dbcaa00_0;
    %jmp/1 T_50.3, 9;
T_50.2 ; End of true expr.
    %load/vec4 v000002268dbcb5e0_0;
    %jmp/0 T_50.3, 9;
 ; End of false expr.
    %blend;
T_50.3;
    %jmp/0 T_50.1, 8;
 ; End of false expr.
    %blend;
T_50.1;
    %assign/vec4 v000002268dbcb5e0_0, 0;
    %jmp T_50;
    .thread T_50;
    .scope S_000002268dbe4600;
T_51 ;
    %wait E_000002268da12c40;
    %load/vec4 v000002268dbcdca0_0;
    %flag_set/vec4 8;
    %jmp/0 T_51.0, 8;
    %pushi/vec4 0, 0, 1;
    %jmp/1 T_51.1, 8;
T_51.0 ; End of true expr.
    %load/vec4 v000002268dbcd8e0_0;
    %flag_set/vec4 9;
    %jmp/0 T_51.2, 9;
    %load/vec4 v000002268dbccf80_0;
    %jmp/1 T_51.3, 9;
T_51.2 ; End of true expr.
    %load/vec4 v000002268dbcc6c0_0;
    %jmp/0 T_51.3, 9;
 ; End of false expr.
    %blend;
T_51.3;
    %jmp/0 T_51.1, 8;
 ; End of false expr.
    %blend;
T_51.1;
    %assign/vec4 v000002268dbcc6c0_0, 0;
    %jmp T_51;
    .thread T_51;
    .scope S_000002268dbe3340;
T_52 ;
    %wait E_000002268da12c40;
    %load/vec4 v000002268dbccee0_0;
    %flag_set/vec4 8;
    %jmp/0 T_52.0, 8;
    %pushi/vec4 0, 0, 1;
    %jmp/1 T_52.1, 8;
T_52.0 ; End of true expr.
    %load/vec4 v000002268dbcc800_0;
    %flag_set/vec4 9;
    %jmp/0 T_52.2, 9;
    %load/vec4 v000002268dbcd480_0;
    %jmp/1 T_52.3, 9;
T_52.2 ; End of true expr.
    %load/vec4 v000002268dbccd00_0;
    %jmp/0 T_52.3, 9;
 ; End of false expr.
    %blend;
T_52.3;
    %jmp/0 T_52.1, 8;
 ; End of false expr.
    %blend;
T_52.1;
    %assign/vec4 v000002268dbccd00_0, 0;
    %jmp T_52;
    .thread T_52;
    .scope S_000002268dbe37f0;
T_53 ;
    %wait E_000002268da12c40;
    %load/vec4 v000002268dbcbd60_0;
    %flag_set/vec4 8;
    %jmp/0 T_53.0, 8;
    %pushi/vec4 0, 0, 1;
    %jmp/1 T_53.1, 8;
T_53.0 ; End of true expr.
    %load/vec4 v000002268dbccb20_0;
    %flag_set/vec4 9;
    %jmp/0 T_53.2, 9;
    %load/vec4 v000002268dbccbc0_0;
    %jmp/1 T_53.3, 9;
T_53.2 ; End of true expr.
    %load/vec4 v000002268dbcc620_0;
    %jmp/0 T_53.3, 9;
 ; End of false expr.
    %blend;
T_53.3;
    %jmp/0 T_53.1, 8;
 ; End of false expr.
    %blend;
T_53.1;
    %assign/vec4 v000002268dbcc620_0, 0;
    %jmp T_53;
    .thread T_53;
    .scope S_000002268dbe18b0;
T_54 ;
    %wait E_000002268da12c40;
    %load/vec4 v000002268dbcc260_0;
    %flag_set/vec4 8;
    %jmp/0 T_54.0, 8;
    %pushi/vec4 0, 0, 1;
    %jmp/1 T_54.1, 8;
T_54.0 ; End of true expr.
    %load/vec4 v000002268dbcd660_0;
    %flag_set/vec4 9;
    %jmp/0 T_54.2, 9;
    %load/vec4 v000002268dbcdde0_0;
    %jmp/1 T_54.3, 9;
T_54.2 ; End of true expr.
    %load/vec4 v000002268dbcc080_0;
    %jmp/0 T_54.3, 9;
 ; End of false expr.
    %blend;
T_54.3;
    %jmp/0 T_54.1, 8;
 ; End of false expr.
    %blend;
T_54.1;
    %assign/vec4 v000002268dbcc080_0, 0;
    %jmp T_54;
    .thread T_54;
    .scope S_000002268dbe3660;
T_55 ;
    %wait E_000002268da12c40;
    %load/vec4 v000002268dbcc760_0;
    %flag_set/vec4 8;
    %jmp/0 T_55.0, 8;
    %pushi/vec4 0, 0, 1;
    %jmp/1 T_55.1, 8;
T_55.0 ; End of true expr.
    %load/vec4 v000002268dbcf140_0;
    %flag_set/vec4 9;
    %jmp/0 T_55.2, 9;
    %load/vec4 v000002268dbcc4e0_0;
    %jmp/1 T_55.3, 9;
T_55.2 ; End of true expr.
    %load/vec4 v000002268dbcbc20_0;
    %jmp/0 T_55.3, 9;
 ; End of false expr.
    %blend;
T_55.3;
    %jmp/0 T_55.1, 8;
 ; End of false expr.
    %blend;
T_55.1;
    %assign/vec4 v000002268dbcbc20_0, 0;
    %jmp T_55;
    .thread T_55;
    .scope S_000002268dbe1ef0;
T_56 ;
    %wait E_000002268da12c40;
    %load/vec4 v000002268dbcef60_0;
    %flag_set/vec4 8;
    %jmp/0 T_56.0, 8;
    %pushi/vec4 0, 0, 1;
    %jmp/1 T_56.1, 8;
T_56.0 ; End of true expr.
    %load/vec4 v000002268dbcf000_0;
    %flag_set/vec4 9;
    %jmp/0 T_56.2, 9;
    %load/vec4 v000002268dbce240_0;
    %jmp/1 T_56.3, 9;
T_56.2 ; End of true expr.
    %load/vec4 v000002268dbceb00_0;
    %jmp/0 T_56.3, 9;
 ; End of false expr.
    %blend;
T_56.3;
    %jmp/0 T_56.1, 8;
 ; End of false expr.
    %blend;
T_56.1;
    %assign/vec4 v000002268dbceb00_0, 0;
    %jmp T_56;
    .thread T_56;
    .scope S_000002268dbe2080;
T_57 ;
    %wait E_000002268da12c40;
    %load/vec4 v000002268dbcf280_0;
    %flag_set/vec4 8;
    %jmp/0 T_57.0, 8;
    %pushi/vec4 0, 0, 1;
    %jmp/1 T_57.1, 8;
T_57.0 ; End of true expr.
    %load/vec4 v000002268dbce100_0;
    %flag_set/vec4 9;
    %jmp/0 T_57.2, 9;
    %load/vec4 v000002268dbd0860_0;
    %jmp/1 T_57.3, 9;
T_57.2 ; End of true expr.
    %load/vec4 v000002268dbcf3c0_0;
    %jmp/0 T_57.3, 9;
 ; End of false expr.
    %blend;
T_57.3;
    %jmp/0 T_57.1, 8;
 ; End of false expr.
    %blend;
T_57.1;
    %assign/vec4 v000002268dbcf3c0_0, 0;
    %jmp T_57;
    .thread T_57;
    .scope S_000002268dbe4920;
T_58 ;
    %wait E_000002268da12c40;
    %load/vec4 v000002268dbc8160_0;
    %flag_set/vec4 8;
    %jmp/0 T_58.0, 8;
    %pushi/vec4 0, 0, 1;
    %jmp/1 T_58.1, 8;
T_58.0 ; End of true expr.
    %load/vec4 v000002268dbc6c20_0;
    %flag_set/vec4 9;
    %jmp/0 T_58.2, 9;
    %load/vec4 v000002268dbc80c0_0;
    %jmp/1 T_58.3, 9;
T_58.2 ; End of true expr.
    %load/vec4 v000002268dbc8a20_0;
    %jmp/0 T_58.3, 9;
 ; End of false expr.
    %blend;
T_58.3;
    %jmp/0 T_58.1, 8;
 ; End of false expr.
    %blend;
T_58.1;
    %assign/vec4 v000002268dbc8a20_0, 0;
    %jmp T_58;
    .thread T_58;
    .scope S_000002268dbe4470;
T_59 ;
    %wait E_000002268da12c40;
    %load/vec4 v000002268dbc7d00_0;
    %flag_set/vec4 8;
    %jmp/0 T_59.0, 8;
    %pushi/vec4 0, 0, 1;
    %jmp/1 T_59.1, 8;
T_59.0 ; End of true expr.
    %load/vec4 v000002268dbc7620_0;
    %flag_set/vec4 9;
    %jmp/0 T_59.2, 9;
    %load/vec4 v000002268dbc6fe0_0;
    %jmp/1 T_59.3, 9;
T_59.2 ; End of true expr.
    %load/vec4 v000002268dbc8c00_0;
    %jmp/0 T_59.3, 9;
 ; End of false expr.
    %blend;
T_59.3;
    %jmp/0 T_59.1, 8;
 ; End of false expr.
    %blend;
T_59.1;
    %assign/vec4 v000002268dbc8c00_0, 0;
    %jmp T_59;
    .thread T_59;
    .scope S_000002268dbe1a40;
T_60 ;
    %wait E_000002268da12c40;
    %load/vec4 v000002268dbc92e0_0;
    %flag_set/vec4 8;
    %jmp/0 T_60.0, 8;
    %pushi/vec4 0, 0, 1;
    %jmp/1 T_60.1, 8;
T_60.0 ; End of true expr.
    %load/vec4 v000002268dbca320_0;
    %flag_set/vec4 9;
    %jmp/0 T_60.2, 9;
    %load/vec4 v000002268dbc8660_0;
    %jmp/1 T_60.3, 9;
T_60.2 ; End of true expr.
    %load/vec4 v000002268dbc9f60_0;
    %jmp/0 T_60.3, 9;
 ; End of false expr.
    %blend;
T_60.3;
    %jmp/0 T_60.1, 8;
 ; End of false expr.
    %blend;
T_60.1;
    %assign/vec4 v000002268dbc9f60_0, 0;
    %jmp T_60;
    .thread T_60;
    .scope S_000002268dbe2e90;
T_61 ;
    %wait E_000002268da12c40;
    %load/vec4 v000002268dbc9a60_0;
    %flag_set/vec4 8;
    %jmp/0 T_61.0, 8;
    %pushi/vec4 0, 0, 1;
    %jmp/1 T_61.1, 8;
T_61.0 ; End of true expr.
    %load/vec4 v000002268dbca000_0;
    %flag_set/vec4 9;
    %jmp/0 T_61.2, 9;
    %load/vec4 v000002268dbca0a0_0;
    %jmp/1 T_61.3, 9;
T_61.2 ; End of true expr.
    %load/vec4 v000002268dbcb7c0_0;
    %jmp/0 T_61.3, 9;
 ; End of false expr.
    %blend;
T_61.3;
    %jmp/0 T_61.1, 8;
 ; End of false expr.
    %blend;
T_61.1;
    %assign/vec4 v000002268dbcb7c0_0, 0;
    %jmp T_61;
    .thread T_61;
    .scope S_000002268dbe34d0;
T_62 ;
    %wait E_000002268da12c40;
    %load/vec4 v000002268dbca640_0;
    %flag_set/vec4 8;
    %jmp/0 T_62.0, 8;
    %pushi/vec4 0, 0, 1;
    %jmp/1 T_62.1, 8;
T_62.0 ; End of true expr.
    %load/vec4 v000002268dbca5a0_0;
    %flag_set/vec4 9;
    %jmp/0 T_62.2, 9;
    %load/vec4 v000002268dbcb360_0;
    %jmp/1 T_62.3, 9;
T_62.2 ; End of true expr.
    %load/vec4 v000002268dbcae60_0;
    %jmp/0 T_62.3, 9;
 ; End of false expr.
    %blend;
T_62.3;
    %jmp/0 T_62.1, 8;
 ; End of false expr.
    %blend;
T_62.1;
    %assign/vec4 v000002268dbcae60_0, 0;
    %jmp T_62;
    .thread T_62;
    .scope S_000002268dbe3020;
T_63 ;
    %wait E_000002268da12c40;
    %load/vec4 v000002268dbc91a0_0;
    %flag_set/vec4 8;
    %jmp/0 T_63.0, 8;
    %pushi/vec4 0, 0, 1;
    %jmp/1 T_63.1, 8;
T_63.0 ; End of true expr.
    %load/vec4 v000002268dbcb720_0;
    %flag_set/vec4 9;
    %jmp/0 T_63.2, 9;
    %load/vec4 v000002268dbcb400_0;
    %jmp/1 T_63.3, 9;
T_63.2 ; End of true expr.
    %load/vec4 v000002268dbc9e20_0;
    %jmp/0 T_63.3, 9;
 ; End of false expr.
    %blend;
T_63.3;
    %jmp/0 T_63.1, 8;
 ; End of false expr.
    %blend;
T_63.1;
    %assign/vec4 v000002268dbc9e20_0, 0;
    %jmp T_63;
    .thread T_63;
    .scope S_000002268dbe5280;
T_64 ;
    %wait E_000002268da12c40;
    %load/vec4 v000002268dbce880_0;
    %flag_set/vec4 8;
    %jmp/0 T_64.0, 8;
    %pushi/vec4 0, 0, 1;
    %jmp/1 T_64.1, 8;
T_64.0 ; End of true expr.
    %load/vec4 v000002268dbce9c0_0;
    %flag_set/vec4 9;
    %jmp/0 T_64.2, 9;
    %load/vec4 v000002268dbce560_0;
    %jmp/1 T_64.3, 9;
T_64.2 ; End of true expr.
    %load/vec4 v000002268dbcfa00_0;
    %jmp/0 T_64.3, 9;
 ; End of false expr.
    %blend;
T_64.3;
    %jmp/0 T_64.1, 8;
 ; End of false expr.
    %blend;
T_64.1;
    %assign/vec4 v000002268dbcfa00_0, 0;
    %jmp T_64;
    .thread T_64;
    .scope S_000002268dbe3ca0;
T_65 ;
    %wait E_000002268da12c40;
    %load/vec4 v000002268dbd05e0_0;
    %flag_set/vec4 8;
    %jmp/0 T_65.0, 8;
    %pushi/vec4 0, 0, 1;
    %jmp/1 T_65.1, 8;
T_65.0 ; End of true expr.
    %load/vec4 v000002268dbd09a0_0;
    %flag_set/vec4 9;
    %jmp/0 T_65.2, 9;
    %load/vec4 v000002268dbcfdc0_0;
    %jmp/1 T_65.3, 9;
T_65.2 ; End of true expr.
    %load/vec4 v000002268dbd04a0_0;
    %jmp/0 T_65.3, 9;
 ; End of false expr.
    %blend;
T_65.3;
    %jmp/0 T_65.1, 8;
 ; End of false expr.
    %blend;
T_65.1;
    %assign/vec4 v000002268dbd04a0_0, 0;
    %jmp T_65;
    .thread T_65;
    .scope S_000002268dbf6af0;
T_66 ;
    %wait E_000002268da12c40;
    %load/vec4 v000002268dbd45a0_0;
    %flag_set/vec4 8;
    %jmp/0 T_66.0, 8;
    %pushi/vec4 0, 0, 1;
    %jmp/1 T_66.1, 8;
T_66.0 ; End of true expr.
    %load/vec4 v000002268dbd3740_0;
    %flag_set/vec4 9;
    %jmp/0 T_66.2, 9;
    %load/vec4 v000002268dbd3920_0;
    %jmp/1 T_66.3, 9;
T_66.2 ; End of true expr.
    %load/vec4 v000002268dbd3b00_0;
    %jmp/0 T_66.3, 9;
 ; End of false expr.
    %blend;
T_66.3;
    %jmp/0 T_66.1, 8;
 ; End of false expr.
    %blend;
T_66.1;
    %assign/vec4 v000002268dbd3b00_0, 0;
    %jmp T_66;
    .thread T_66;
    .scope S_000002268dbfab00;
T_67 ;
    %wait E_000002268da12c40;
    %load/vec4 v000002268dbd4780_0;
    %flag_set/vec4 8;
    %jmp/0 T_67.0, 8;
    %pushi/vec4 0, 0, 1;
    %jmp/1 T_67.1, 8;
T_67.0 ; End of true expr.
    %load/vec4 v000002268dbd3380_0;
    %flag_set/vec4 9;
    %jmp/0 T_67.2, 9;
    %load/vec4 v000002268dbd4280_0;
    %jmp/1 T_67.3, 9;
T_67.2 ; End of true expr.
    %load/vec4 v000002268dbd5720_0;
    %jmp/0 T_67.3, 9;
 ; End of false expr.
    %blend;
T_67.3;
    %jmp/0 T_67.1, 8;
 ; End of false expr.
    %blend;
T_67.1;
    %assign/vec4 v000002268dbd5720_0, 0;
    %jmp T_67;
    .thread T_67;
    .scope S_000002268dbfac90;
T_68 ;
    %wait E_000002268da12c40;
    %load/vec4 v000002268dbd4c80_0;
    %flag_set/vec4 8;
    %jmp/0 T_68.0, 8;
    %pushi/vec4 0, 0, 1;
    %jmp/1 T_68.1, 8;
T_68.0 ; End of true expr.
    %load/vec4 v000002268dbd4fa0_0;
    %flag_set/vec4 9;
    %jmp/0 T_68.2, 9;
    %load/vec4 v000002268dbd3100_0;
    %jmp/1 T_68.3, 9;
T_68.2 ; End of true expr.
    %load/vec4 v000002268dbd4b40_0;
    %jmp/0 T_68.3, 9;
 ; End of false expr.
    %blend;
T_68.3;
    %jmp/0 T_68.1, 8;
 ; End of false expr.
    %blend;
T_68.1;
    %assign/vec4 v000002268dbd4b40_0, 0;
    %jmp T_68;
    .thread T_68;
    .scope S_000002268dbfbdc0;
T_69 ;
    %wait E_000002268da12c40;
    %load/vec4 v000002268dbd6d00_0;
    %flag_set/vec4 8;
    %jmp/0 T_69.0, 8;
    %pushi/vec4 0, 0, 1;
    %jmp/1 T_69.1, 8;
T_69.0 ; End of true expr.
    %load/vec4 v000002268dbd7020_0;
    %flag_set/vec4 9;
    %jmp/0 T_69.2, 9;
    %load/vec4 v000002268dbd73e0_0;
    %jmp/1 T_69.3, 9;
T_69.2 ; End of true expr.
    %load/vec4 v000002268dbd7c00_0;
    %jmp/0 T_69.3, 9;
 ; End of false expr.
    %blend;
T_69.3;
    %jmp/0 T_69.1, 8;
 ; End of false expr.
    %blend;
T_69.1;
    %assign/vec4 v000002268dbd7c00_0, 0;
    %jmp T_69;
    .thread T_69;
    .scope S_000002268dbf7f40;
T_70 ;
    %wait E_000002268da12c40;
    %load/vec4 v000002268dbd7980_0;
    %flag_set/vec4 8;
    %jmp/0 T_70.0, 8;
    %pushi/vec4 0, 0, 1;
    %jmp/1 T_70.1, 8;
T_70.0 ; End of true expr.
    %load/vec4 v000002268dbd61c0_0;
    %flag_set/vec4 9;
    %jmp/0 T_70.2, 9;
    %load/vec4 v000002268dbd7ca0_0;
    %jmp/1 T_70.3, 9;
T_70.2 ; End of true expr.
    %load/vec4 v000002268dbd70c0_0;
    %jmp/0 T_70.3, 9;
 ; End of false expr.
    %blend;
T_70.3;
    %jmp/0 T_70.1, 8;
 ; End of false expr.
    %blend;
T_70.1;
    %assign/vec4 v000002268dbd70c0_0, 0;
    %jmp T_70;
    .thread T_70;
    .scope S_000002268dbf8ee0;
T_71 ;
    %wait E_000002268da12c40;
    %load/vec4 v000002268dbd6ee0_0;
    %flag_set/vec4 8;
    %jmp/0 T_71.0, 8;
    %pushi/vec4 0, 0, 1;
    %jmp/1 T_71.1, 8;
T_71.0 ; End of true expr.
    %load/vec4 v000002268dbd7b60_0;
    %flag_set/vec4 9;
    %jmp/0 T_71.2, 9;
    %load/vec4 v000002268dbd6620_0;
    %jmp/1 T_71.3, 9;
T_71.2 ; End of true expr.
    %load/vec4 v000002268dbd6da0_0;
    %jmp/0 T_71.3, 9;
 ; End of false expr.
    %blend;
T_71.3;
    %jmp/0 T_71.1, 8;
 ; End of false expr.
    %blend;
T_71.1;
    %assign/vec4 v000002268dbd6da0_0, 0;
    %jmp T_71;
    .thread T_71;
    .scope S_000002268dbf7db0;
T_72 ;
    %wait E_000002268da12c40;
    %load/vec4 v000002268dbd5ae0_0;
    %flag_set/vec4 8;
    %jmp/0 T_72.0, 8;
    %pushi/vec4 0, 0, 1;
    %jmp/1 T_72.1, 8;
T_72.0 ; End of true expr.
    %load/vec4 v000002268dbd5b80_0;
    %flag_set/vec4 9;
    %jmp/0 T_72.2, 9;
    %load/vec4 v000002268dbd7e80_0;
    %jmp/1 T_72.3, 9;
T_72.2 ; End of true expr.
    %load/vec4 v000002268dbd59a0_0;
    %jmp/0 T_72.3, 9;
 ; End of false expr.
    %blend;
T_72.3;
    %jmp/0 T_72.1, 8;
 ; End of false expr.
    %blend;
T_72.1;
    %assign/vec4 v000002268dbd59a0_0, 0;
    %jmp T_72;
    .thread T_72;
    .scope S_000002268dbf6e10;
T_73 ;
    %wait E_000002268da12c40;
    %load/vec4 v000002268dbda040_0;
    %flag_set/vec4 8;
    %jmp/0 T_73.0, 8;
    %pushi/vec4 0, 0, 1;
    %jmp/1 T_73.1, 8;
T_73.0 ; End of true expr.
    %load/vec4 v000002268dbd96e0_0;
    %flag_set/vec4 9;
    %jmp/0 T_73.2, 9;
    %load/vec4 v000002268dbda220_0;
    %jmp/1 T_73.3, 9;
T_73.2 ; End of true expr.
    %load/vec4 v000002268dbd8ce0_0;
    %jmp/0 T_73.3, 9;
 ; End of false expr.
    %blend;
T_73.3;
    %jmp/0 T_73.1, 8;
 ; End of false expr.
    %blend;
T_73.1;
    %assign/vec4 v000002268dbd8ce0_0, 0;
    %jmp T_73;
    .thread T_73;
    .scope S_000002268dbe4f60;
T_74 ;
    %wait E_000002268da12c40;
    %load/vec4 v000002268dbd2700_0;
    %flag_set/vec4 8;
    %jmp/0 T_74.0, 8;
    %pushi/vec4 0, 0, 1;
    %jmp/1 T_74.1, 8;
T_74.0 ; End of true expr.
    %load/vec4 v000002268dbd1300_0;
    %flag_set/vec4 9;
    %jmp/0 T_74.2, 9;
    %load/vec4 v000002268dbd2340_0;
    %jmp/1 T_74.3, 9;
T_74.2 ; End of true expr.
    %load/vec4 v000002268dbd2020_0;
    %jmp/0 T_74.3, 9;
 ; End of false expr.
    %blend;
T_74.3;
    %jmp/0 T_74.1, 8;
 ; End of false expr.
    %blend;
T_74.1;
    %assign/vec4 v000002268dbd2020_0, 0;
    %jmp T_74;
    .thread T_74;
    .scope S_000002268dbe3e30;
T_75 ;
    %wait E_000002268da12c40;
    %load/vec4 v000002268dbd1e40_0;
    %flag_set/vec4 8;
    %jmp/0 T_75.0, 8;
    %pushi/vec4 0, 0, 1;
    %jmp/1 T_75.1, 8;
T_75.0 ; End of true expr.
    %load/vec4 v000002268dbd1a80_0;
    %flag_set/vec4 9;
    %jmp/0 T_75.2, 9;
    %load/vec4 v000002268dbd11c0_0;
    %jmp/1 T_75.3, 9;
T_75.2 ; End of true expr.
    %load/vec4 v000002268dbd2fc0_0;
    %jmp/0 T_75.3, 9;
 ; End of false expr.
    %blend;
T_75.3;
    %jmp/0 T_75.1, 8;
 ; End of false expr.
    %blend;
T_75.1;
    %assign/vec4 v000002268dbd2fc0_0, 0;
    %jmp T_75;
    .thread T_75;
    .scope S_000002268dbe50f0;
T_76 ;
    %wait E_000002268da12c40;
    %load/vec4 v000002268dbd0b80_0;
    %flag_set/vec4 8;
    %jmp/0 T_76.0, 8;
    %pushi/vec4 0, 0, 1;
    %jmp/1 T_76.1, 8;
T_76.0 ; End of true expr.
    %load/vec4 v000002268dbd22a0_0;
    %flag_set/vec4 9;
    %jmp/0 T_76.2, 9;
    %load/vec4 v000002268dbd1120_0;
    %jmp/1 T_76.3, 9;
T_76.2 ; End of true expr.
    %load/vec4 v000002268dbd2980_0;
    %jmp/0 T_76.3, 9;
 ; End of false expr.
    %blend;
T_76.3;
    %jmp/0 T_76.1, 8;
 ; End of false expr.
    %blend;
T_76.1;
    %assign/vec4 v000002268dbd2980_0, 0;
    %jmp T_76;
    .thread T_76;
    .scope S_000002268dbf8bc0;
T_77 ;
    %wait E_000002268da12c40;
    %load/vec4 v000002268dbd2ca0_0;
    %flag_set/vec4 8;
    %jmp/0 T_77.0, 8;
    %pushi/vec4 0, 0, 1;
    %jmp/1 T_77.1, 8;
T_77.0 ; End of true expr.
    %load/vec4 v000002268dbd2520_0;
    %flag_set/vec4 9;
    %jmp/0 T_77.2, 9;
    %load/vec4 v000002268dbd0e00_0;
    %jmp/1 T_77.3, 9;
T_77.2 ; End of true expr.
    %load/vec4 v000002268dbd2c00_0;
    %jmp/0 T_77.3, 9;
 ; End of false expr.
    %blend;
T_77.3;
    %jmp/0 T_77.1, 8;
 ; End of false expr.
    %blend;
T_77.1;
    %assign/vec4 v000002268dbd2c00_0, 0;
    %jmp T_77;
    .thread T_77;
    .scope S_000002268dbfb2d0;
T_78 ;
    %wait E_000002268da12c40;
    %load/vec4 v000002268dbd4dc0_0;
    %flag_set/vec4 8;
    %jmp/0 T_78.0, 8;
    %pushi/vec4 0, 0, 1;
    %jmp/1 T_78.1, 8;
T_78.0 ; End of true expr.
    %load/vec4 v000002268dbd4e60_0;
    %flag_set/vec4 9;
    %jmp/0 T_78.2, 9;
    %load/vec4 v000002268dbd3f60_0;
    %jmp/1 T_78.3, 9;
T_78.2 ; End of true expr.
    %load/vec4 v000002268dbd32e0_0;
    %jmp/0 T_78.3, 9;
 ; End of false expr.
    %blend;
T_78.3;
    %jmp/0 T_78.1, 8;
 ; End of false expr.
    %blend;
T_78.1;
    %assign/vec4 v000002268dbd32e0_0, 0;
    %jmp T_78;
    .thread T_78;
    .scope S_000002268dbf80d0;
T_79 ;
    %wait E_000002268da12c40;
    %load/vec4 v000002268dbd3a60_0;
    %flag_set/vec4 8;
    %jmp/0 T_79.0, 8;
    %pushi/vec4 0, 0, 1;
    %jmp/1 T_79.1, 8;
T_79.0 ; End of true expr.
    %load/vec4 v000002268dbd4000_0;
    %flag_set/vec4 9;
    %jmp/0 T_79.2, 9;
    %load/vec4 v000002268dbd40a0_0;
    %jmp/1 T_79.3, 9;
T_79.2 ; End of true expr.
    %load/vec4 v000002268dbd57c0_0;
    %jmp/0 T_79.3, 9;
 ; End of false expr.
    %blend;
T_79.3;
    %jmp/0 T_79.1, 8;
 ; End of false expr.
    %blend;
T_79.1;
    %assign/vec4 v000002268dbd57c0_0, 0;
    %jmp T_79;
    .thread T_79;
    .scope S_000002268dbf6c80;
T_80 ;
    %wait E_000002268da12c40;
    %load/vec4 v000002268dbd9320_0;
    %flag_set/vec4 8;
    %jmp/0 T_80.0, 8;
    %pushi/vec4 0, 0, 1;
    %jmp/1 T_80.1, 8;
T_80.0 ; End of true expr.
    %load/vec4 v000002268dbda540_0;
    %flag_set/vec4 9;
    %jmp/0 T_80.2, 9;
    %load/vec4 v000002268dbd9460_0;
    %jmp/1 T_80.3, 9;
T_80.2 ; End of true expr.
    %load/vec4 v000002268dbd9dc0_0;
    %jmp/0 T_80.3, 9;
 ; End of false expr.
    %blend;
T_80.3;
    %jmp/0 T_80.1, 8;
 ; End of false expr.
    %blend;
T_80.1;
    %assign/vec4 v000002268dbd9dc0_0, 0;
    %jmp T_80;
    .thread T_80;
    .scope S_000002268dbf6640;
T_81 ;
    %wait E_000002268da12c40;
    %load/vec4 v000002268dbd8c40_0;
    %flag_set/vec4 8;
    %jmp/0 T_81.0, 8;
    %pushi/vec4 0, 0, 1;
    %jmp/1 T_81.1, 8;
T_81.0 ; End of true expr.
    %load/vec4 v000002268dbd8e20_0;
    %flag_set/vec4 9;
    %jmp/0 T_81.2, 9;
    %load/vec4 v000002268dbd8600_0;
    %jmp/1 T_81.3, 9;
T_81.2 ; End of true expr.
    %load/vec4 v000002268dbd8a60_0;
    %jmp/0 T_81.3, 9;
 ; End of false expr.
    %blend;
T_81.3;
    %jmp/0 T_81.1, 8;
 ; End of false expr.
    %blend;
T_81.1;
    %assign/vec4 v000002268dbd8a60_0, 0;
    %jmp T_81;
    .thread T_81;
    .scope S_000002268dbf8710;
T_82 ;
    %wait E_000002268da12c40;
    %load/vec4 v000002268dbdf360_0;
    %flag_set/vec4 8;
    %jmp/0 T_82.0, 8;
    %pushi/vec4 0, 0, 1;
    %jmp/1 T_82.1, 8;
T_82.0 ; End of true expr.
    %load/vec4 v000002268dbde280_0;
    %flag_set/vec4 9;
    %jmp/0 T_82.2, 9;
    %load/vec4 v000002268dbde000_0;
    %jmp/1 T_82.3, 9;
T_82.2 ; End of true expr.
    %load/vec4 v000002268dbdeb40_0;
    %jmp/0 T_82.3, 9;
 ; End of false expr.
    %blend;
T_82.3;
    %jmp/0 T_82.1, 8;
 ; End of false expr.
    %blend;
T_82.1;
    %assign/vec4 v000002268dbdeb40_0, 0;
    %jmp T_82;
    .thread T_82;
    .scope S_000002268dbfbc30;
T_83 ;
    %wait E_000002268da12c40;
    %load/vec4 v000002268dbdde20_0;
    %flag_set/vec4 8;
    %jmp/0 T_83.0, 8;
    %pushi/vec4 0, 0, 1;
    %jmp/1 T_83.1, 8;
T_83.0 ; End of true expr.
    %load/vec4 v000002268dbdee60_0;
    %flag_set/vec4 9;
    %jmp/0 T_83.2, 9;
    %load/vec4 v000002268dbdf040_0;
    %jmp/1 T_83.3, 9;
T_83.2 ; End of true expr.
    %load/vec4 v000002268dbde780_0;
    %jmp/0 T_83.3, 9;
 ; End of false expr.
    %blend;
T_83.3;
    %jmp/0 T_83.1, 8;
 ; End of false expr.
    %blend;
T_83.1;
    %assign/vec4 v000002268dbde780_0, 0;
    %jmp T_83;
    .thread T_83;
    .scope S_000002268dbf8a30;
T_84 ;
    %wait E_000002268da12c40;
    %load/vec4 v000002268dbde140_0;
    %flag_set/vec4 8;
    %jmp/0 T_84.0, 8;
    %pushi/vec4 0, 0, 1;
    %jmp/1 T_84.1, 8;
T_84.0 ; End of true expr.
    %load/vec4 v000002268dbdd100_0;
    %flag_set/vec4 9;
    %jmp/0 T_84.2, 9;
    %load/vec4 v000002268dbdedc0_0;
    %jmp/1 T_84.3, 9;
T_84.2 ; End of true expr.
    %load/vec4 v000002268dbde460_0;
    %jmp/0 T_84.3, 9;
 ; End of false expr.
    %blend;
T_84.3;
    %jmp/0 T_84.1, 8;
 ; End of false expr.
    %blend;
T_84.1;
    %assign/vec4 v000002268dbde460_0, 0;
    %jmp T_84;
    .thread T_84;
    .scope S_000002268dbf8d50;
T_85 ;
    %wait E_000002268da12c40;
    %load/vec4 v000002268dbdeaa0_0;
    %flag_set/vec4 8;
    %jmp/0 T_85.0, 8;
    %pushi/vec4 0, 0, 1;
    %jmp/1 T_85.1, 8;
T_85.0 ; End of true expr.
    %load/vec4 v000002268dbdf220_0;
    %flag_set/vec4 9;
    %jmp/0 T_85.2, 9;
    %load/vec4 v000002268dbde1e0_0;
    %jmp/1 T_85.3, 9;
T_85.2 ; End of true expr.
    %load/vec4 v000002268dbde5a0_0;
    %jmp/0 T_85.3, 9;
 ; End of false expr.
    %blend;
T_85.3;
    %jmp/0 T_85.1, 8;
 ; End of false expr.
    %blend;
T_85.1;
    %assign/vec4 v000002268dbde5a0_0, 0;
    %jmp T_85;
    .thread T_85;
    .scope S_000002268dbf9cf0;
T_86 ;
    %wait E_000002268da12c40;
    %load/vec4 v000002268dbdfd60_0;
    %flag_set/vec4 8;
    %jmp/0 T_86.0, 8;
    %pushi/vec4 0, 0, 1;
    %jmp/1 T_86.1, 8;
T_86.0 ; End of true expr.
    %load/vec4 v000002268dbe13e0_0;
    %flag_set/vec4 9;
    %jmp/0 T_86.2, 9;
    %load/vec4 v000002268dbdd920_0;
    %jmp/1 T_86.3, 9;
T_86.2 ; End of true expr.
    %load/vec4 v000002268dbdfe00_0;
    %jmp/0 T_86.3, 9;
 ; End of false expr.
    %blend;
T_86.3;
    %jmp/0 T_86.1, 8;
 ; End of false expr.
    %blend;
T_86.1;
    %assign/vec4 v000002268dbdfe00_0, 0;
    %jmp T_86;
    .thread T_86;
    .scope S_000002268dbfbf50;
T_87 ;
    %wait E_000002268da12c40;
    %load/vec4 v000002268dbdf9a0_0;
    %flag_set/vec4 8;
    %jmp/0 T_87.0, 8;
    %pushi/vec4 0, 0, 1;
    %jmp/1 T_87.1, 8;
T_87.0 ; End of true expr.
    %load/vec4 v000002268dbe0b20_0;
    %flag_set/vec4 9;
    %jmp/0 T_87.2, 9;
    %load/vec4 v000002268dbe0e40_0;
    %jmp/1 T_87.3, 9;
T_87.2 ; End of true expr.
    %load/vec4 v000002268dbdf900_0;
    %jmp/0 T_87.3, 9;
 ; End of false expr.
    %blend;
T_87.3;
    %jmp/0 T_87.1, 8;
 ; End of false expr.
    %blend;
T_87.1;
    %assign/vec4 v000002268dbdf900_0, 0;
    %jmp T_87;
    .thread T_87;
    .scope S_000002268dbf72c0;
T_88 ;
    %wait E_000002268da12c40;
    %load/vec4 v000002268dbe09e0_0;
    %flag_set/vec4 8;
    %jmp/0 T_88.0, 8;
    %pushi/vec4 0, 0, 1;
    %jmp/1 T_88.1, 8;
T_88.0 ; End of true expr.
    %load/vec4 v000002268dbdfa40_0;
    %flag_set/vec4 9;
    %jmp/0 T_88.2, 9;
    %load/vec4 v000002268dbdffe0_0;
    %jmp/1 T_88.3, 9;
T_88.2 ; End of true expr.
    %load/vec4 v000002268dbe0ee0_0;
    %jmp/0 T_88.3, 9;
 ; End of false expr.
    %blend;
T_88.3;
    %jmp/0 T_88.1, 8;
 ; End of false expr.
    %blend;
T_88.1;
    %assign/vec4 v000002268dbe0ee0_0, 0;
    %jmp T_88;
    .thread T_88;
    .scope S_000002268dbf6960;
T_89 ;
    %wait E_000002268da12c40;
    %load/vec4 v000002268dbe10c0_0;
    %flag_set/vec4 8;
    %jmp/0 T_89.0, 8;
    %pushi/vec4 0, 0, 1;
    %jmp/1 T_89.1, 8;
T_89.0 ; End of true expr.
    %load/vec4 v000002268dbe1200_0;
    %flag_set/vec4 9;
    %jmp/0 T_89.2, 9;
    %load/vec4 v000002268dbe0f80_0;
    %jmp/1 T_89.3, 9;
T_89.2 ; End of true expr.
    %load/vec4 v000002268dbdfcc0_0;
    %jmp/0 T_89.3, 9;
 ; End of false expr.
    %blend;
T_89.3;
    %jmp/0 T_89.1, 8;
 ; End of false expr.
    %blend;
T_89.1;
    %assign/vec4 v000002268dbdfcc0_0, 0;
    %jmp T_89;
    .thread T_89;
    .scope S_000002268dbf6000;
T_90 ;
    %wait E_000002268da12c40;
    %load/vec4 v000002268dbd8ec0_0;
    %flag_set/vec4 8;
    %jmp/0 T_90.0, 8;
    %pushi/vec4 0, 0, 1;
    %jmp/1 T_90.1, 8;
T_90.0 ; End of true expr.
    %load/vec4 v000002268dbd8240_0;
    %flag_set/vec4 9;
    %jmp/0 T_90.2, 9;
    %load/vec4 v000002268dbd87e0_0;
    %jmp/1 T_90.3, 9;
T_90.2 ; End of true expr.
    %load/vec4 v000002268dbd9d20_0;
    %jmp/0 T_90.3, 9;
 ; End of false expr.
    %blend;
T_90.3;
    %jmp/0 T_90.1, 8;
 ; End of false expr.
    %blend;
T_90.1;
    %assign/vec4 v000002268dbd9d20_0, 0;
    %jmp T_90;
    .thread T_90;
    .scope S_000002268dbf7770;
T_91 ;
    %wait E_000002268da12c40;
    %load/vec4 v000002268dbdcac0_0;
    %flag_set/vec4 8;
    %jmp/0 T_91.0, 8;
    %pushi/vec4 0, 0, 1;
    %jmp/1 T_91.1, 8;
T_91.0 ; End of true expr.
    %load/vec4 v000002268dbdc0c0_0;
    %flag_set/vec4 9;
    %jmp/0 T_91.2, 9;
    %load/vec4 v000002268dbdab80_0;
    %jmp/1 T_91.3, 9;
T_91.2 ; End of true expr.
    %load/vec4 v000002268dbdc020_0;
    %jmp/0 T_91.3, 9;
 ; End of false expr.
    %blend;
T_91.3;
    %jmp/0 T_91.1, 8;
 ; End of false expr.
    %blend;
T_91.1;
    %assign/vec4 v000002268dbdc020_0, 0;
    %jmp T_91;
    .thread T_91;
    .scope S_000002268dbf83f0;
T_92 ;
    %wait E_000002268da12c40;
    %load/vec4 v000002268dbdbf80_0;
    %flag_set/vec4 8;
    %jmp/0 T_92.0, 8;
    %pushi/vec4 0, 0, 1;
    %jmp/1 T_92.1, 8;
T_92.0 ; End of true expr.
    %load/vec4 v000002268dbdc8e0_0;
    %flag_set/vec4 9;
    %jmp/0 T_92.2, 9;
    %load/vec4 v000002268dbdbb20_0;
    %jmp/1 T_92.3, 9;
T_92.2 ; End of true expr.
    %load/vec4 v000002268dbdbda0_0;
    %jmp/0 T_92.3, 9;
 ; End of false expr.
    %blend;
T_92.3;
    %jmp/0 T_92.1, 8;
 ; End of false expr.
    %blend;
T_92.1;
    %assign/vec4 v000002268dbdbda0_0, 0;
    %jmp T_92;
    .thread T_92;
    .scope S_000002268dbfae20;
T_93 ;
    %wait E_000002268da12c40;
    %load/vec4 v000002268dbdbc60_0;
    %flag_set/vec4 8;
    %jmp/0 T_93.0, 8;
    %pushi/vec4 0, 0, 1;
    %jmp/1 T_93.1, 8;
T_93.0 ; End of true expr.
    %load/vec4 v000002268dbdb6c0_0;
    %flag_set/vec4 9;
    %jmp/0 T_93.2, 9;
    %load/vec4 v000002268dbdcde0_0;
    %jmp/1 T_93.3, 9;
T_93.2 ; End of true expr.
    %load/vec4 v000002268dbda900_0;
    %jmp/0 T_93.3, 9;
 ; End of false expr.
    %blend;
T_93.3;
    %jmp/0 T_93.1, 8;
 ; End of false expr.
    %blend;
T_93.1;
    %assign/vec4 v000002268dbda900_0, 0;
    %jmp T_93;
    .thread T_93;
    .scope S_000002268dbf9b60;
T_94 ;
    %wait E_000002268da12c40;
    %load/vec4 v000002268dbdaa40_0;
    %flag_set/vec4 8;
    %jmp/0 T_94.0, 8;
    %pushi/vec4 0, 0, 1;
    %jmp/1 T_94.1, 8;
T_94.0 ; End of true expr.
    %load/vec4 v000002268dbdb940_0;
    %flag_set/vec4 9;
    %jmp/0 T_94.2, 9;
    %load/vec4 v000002268dbdb8a0_0;
    %jmp/1 T_94.3, 9;
T_94.2 ; End of true expr.
    %load/vec4 v000002268dbdb440_0;
    %jmp/0 T_94.3, 9;
 ; End of false expr.
    %blend;
T_94.3;
    %jmp/0 T_94.1, 8;
 ; End of false expr.
    %blend;
T_94.1;
    %assign/vec4 v000002268dbdb440_0, 0;
    %jmp T_94;
    .thread T_94;
    .scope S_000002268dbf8580;
T_95 ;
    %wait E_000002268da12c40;
    %load/vec4 v000002268dbdba80_0;
    %flag_set/vec4 8;
    %jmp/0 T_95.0, 8;
    %pushi/vec4 0, 0, 1;
    %jmp/1 T_95.1, 8;
T_95.0 ; End of true expr.
    %load/vec4 v000002268dbdb1c0_0;
    %flag_set/vec4 9;
    %jmp/0 T_95.2, 9;
    %load/vec4 v000002268dbdc660_0;
    %jmp/1 T_95.3, 9;
T_95.2 ; End of true expr.
    %load/vec4 v000002268dbdc200_0;
    %jmp/0 T_95.3, 9;
 ; End of false expr.
    %blend;
T_95.3;
    %jmp/0 T_95.1, 8;
 ; End of false expr.
    %blend;
T_95.1;
    %assign/vec4 v000002268dbdc200_0, 0;
    %jmp T_95;
    .thread T_95;
    .scope S_000002268dbf75e0;
T_96 ;
    %wait E_000002268da12c40;
    %load/vec4 v000002268dbc2800_0;
    %flag_set/vec4 8;
    %jmp/0 T_96.0, 8;
    %pushi/vec4 0, 0, 1;
    %jmp/1 T_96.1, 8;
T_96.0 ; End of true expr.
    %load/vec4 v000002268dbc30c0_0;
    %flag_set/vec4 9;
    %jmp/0 T_96.2, 9;
    %load/vec4 v000002268dbc1d60_0;
    %jmp/1 T_96.3, 9;
T_96.2 ; End of true expr.
    %load/vec4 v000002268dbc3ca0_0;
    %jmp/0 T_96.3, 9;
 ; End of false expr.
    %blend;
T_96.3;
    %jmp/0 T_96.1, 8;
 ; End of false expr.
    %blend;
T_96.1;
    %assign/vec4 v000002268dbc3ca0_0, 0;
    %jmp T_96;
    .thread T_96;
    .scope S_000002268dbf9070;
T_97 ;
    %wait E_000002268da12c40;
    %load/vec4 v000002268dbc2ee0_0;
    %flag_set/vec4 8;
    %jmp/0 T_97.0, 8;
    %pushi/vec4 0, 0, 1;
    %jmp/1 T_97.1, 8;
T_97.0 ; End of true expr.
    %load/vec4 v000002268dbc3840_0;
    %flag_set/vec4 9;
    %jmp/0 T_97.2, 9;
    %load/vec4 v000002268dbc32a0_0;
    %jmp/1 T_97.3, 9;
T_97.2 ; End of true expr.
    %load/vec4 v000002268dbc2da0_0;
    %jmp/0 T_97.3, 9;
 ; End of false expr.
    %blend;
T_97.3;
    %jmp/0 T_97.1, 8;
 ; End of false expr.
    %blend;
T_97.1;
    %assign/vec4 v000002268dbc2da0_0, 0;
    %jmp T_97;
    .thread T_97;
    .scope S_000002268dbfc400;
T_98 ;
    %wait E_000002268da12c40;
    %load/vec4 v000002268dc11290_0;
    %flag_set/vec4 8;
    %jmp/0 T_98.0, 8;
    %pushi/vec4 0, 0, 1;
    %jmp/1 T_98.1, 8;
T_98.0 ; End of true expr.
    %load/vec4 v000002268dc14ad0_0;
    %flag_set/vec4 9;
    %jmp/0 T_98.2, 9;
    %load/vec4 v000002268dc10c50_0;
    %jmp/1 T_98.3, 9;
T_98.2 ; End of true expr.
    %load/vec4 v000002268dc10cf0_0;
    %jmp/0 T_98.3, 9;
 ; End of false expr.
    %blend;
T_98.3;
    %jmp/0 T_98.1, 8;
 ; End of false expr.
    %blend;
T_98.1;
    %assign/vec4 v000002268dc10cf0_0, 0;
    %jmp T_98;
    .thread T_98;
    .scope S_000002268dbfd850;
T_99 ;
    %wait E_000002268da12c40;
    %load/vec4 v000002268dc14030_0;
    %flag_set/vec4 8;
    %jmp/0 T_99.0, 8;
    %pushi/vec4 0, 0, 1;
    %jmp/1 T_99.1, 8;
T_99.0 ; End of true expr.
    %load/vec4 v000002268dc147b0_0;
    %flag_set/vec4 9;
    %jmp/0 T_99.2, 9;
    %load/vec4 v000002268dc12d70_0;
    %jmp/1 T_99.3, 9;
T_99.2 ; End of true expr.
    %load/vec4 v000002268dc138b0_0;
    %jmp/0 T_99.3, 9;
 ; End of false expr.
    %blend;
T_99.3;
    %jmp/0 T_99.1, 8;
 ; End of false expr.
    %blend;
T_99.1;
    %assign/vec4 v000002268dc138b0_0, 0;
    %jmp T_99;
    .thread T_99;
    .scope S_000002268dbfd210;
T_100 ;
    %wait E_000002268da12c40;
    %load/vec4 v000002268dc13450_0;
    %flag_set/vec4 8;
    %jmp/0 T_100.0, 8;
    %pushi/vec4 0, 0, 1;
    %jmp/1 T_100.1, 8;
T_100.0 ; End of true expr.
    %load/vec4 v000002268dc13b30_0;
    %flag_set/vec4 9;
    %jmp/0 T_100.2, 9;
    %load/vec4 v000002268dc14c10_0;
    %jmp/1 T_100.3, 9;
T_100.2 ; End of true expr.
    %load/vec4 v000002268dc142b0_0;
    %jmp/0 T_100.3, 9;
 ; End of false expr.
    %blend;
T_100.3;
    %jmp/0 T_100.1, 8;
 ; End of false expr.
    %blend;
T_100.1;
    %assign/vec4 v000002268dc142b0_0, 0;
    %jmp T_100;
    .thread T_100;
    .scope S_000002268dbfc590;
T_101 ;
    %wait E_000002268da12c40;
    %load/vec4 v000002268dc13270_0;
    %flag_set/vec4 8;
    %jmp/0 T_101.0, 8;
    %pushi/vec4 0, 0, 1;
    %jmp/1 T_101.1, 8;
T_101.0 ; End of true expr.
    %load/vec4 v000002268dc148f0_0;
    %flag_set/vec4 9;
    %jmp/0 T_101.2, 9;
    %load/vec4 v000002268dc131d0_0;
    %jmp/1 T_101.3, 9;
T_101.2 ; End of true expr.
    %load/vec4 v000002268dc152f0_0;
    %jmp/0 T_101.3, 9;
 ; End of false expr.
    %blend;
T_101.3;
    %jmp/0 T_101.1, 8;
 ; End of false expr.
    %blend;
T_101.1;
    %assign/vec4 v000002268dc152f0_0, 0;
    %jmp T_101;
    .thread T_101;
    .scope S_000002268dbfd530;
T_102 ;
    %wait E_000002268da12c40;
    %load/vec4 v000002268dc143f0_0;
    %flag_set/vec4 8;
    %jmp/0 T_102.0, 8;
    %pushi/vec4 0, 0, 1;
    %jmp/1 T_102.1, 8;
T_102.0 ; End of true expr.
    %load/vec4 v000002268dc14490_0;
    %flag_set/vec4 9;
    %jmp/0 T_102.2, 9;
    %load/vec4 v000002268dc13d10_0;
    %jmp/1 T_102.3, 9;
T_102.2 ; End of true expr.
    %load/vec4 v000002268dc13db0_0;
    %jmp/0 T_102.3, 9;
 ; End of false expr.
    %blend;
T_102.3;
    %jmp/0 T_102.1, 8;
 ; End of false expr.
    %blend;
T_102.1;
    %assign/vec4 v000002268dc13db0_0, 0;
    %jmp T_102;
    .thread T_102;
    .scope S_000002268dc2e1d0;
T_103 ;
    %wait E_000002268da12c40;
    %load/vec4 v000002268dc170f0_0;
    %flag_set/vec4 8;
    %jmp/0 T_103.0, 8;
    %pushi/vec4 0, 0, 1;
    %jmp/1 T_103.1, 8;
T_103.0 ; End of true expr.
    %load/vec4 v000002268dc16d30_0;
    %flag_set/vec4 9;
    %jmp/0 T_103.2, 9;
    %load/vec4 v000002268dc16970_0;
    %jmp/1 T_103.3, 9;
T_103.2 ; End of true expr.
    %load/vec4 v000002268dc15b10_0;
    %jmp/0 T_103.3, 9;
 ; End of false expr.
    %blend;
T_103.3;
    %jmp/0 T_103.1, 8;
 ; End of false expr.
    %blend;
T_103.1;
    %assign/vec4 v000002268dc15b10_0, 0;
    %jmp T_103;
    .thread T_103;
    .scope S_000002268dc2e9a0;
T_104 ;
    %wait E_000002268da12c40;
    %load/vec4 v000002268dc157f0_0;
    %flag_set/vec4 8;
    %jmp/0 T_104.0, 8;
    %pushi/vec4 0, 0, 1;
    %jmp/1 T_104.1, 8;
T_104.0 ; End of true expr.
    %load/vec4 v000002268dc16ab0_0;
    %flag_set/vec4 9;
    %jmp/0 T_104.2, 9;
    %load/vec4 v000002268dc17690_0;
    %jmp/1 T_104.3, 9;
T_104.2 ; End of true expr.
    %load/vec4 v000002268dc15e30_0;
    %jmp/0 T_104.3, 9;
 ; End of false expr.
    %blend;
T_104.3;
    %jmp/0 T_104.1, 8;
 ; End of false expr.
    %blend;
T_104.1;
    %assign/vec4 v000002268dc15e30_0, 0;
    %jmp T_104;
    .thread T_104;
    .scope S_000002268dc32b40;
T_105 ;
    %wait E_000002268da12c40;
    %load/vec4 v000002268dc17410_0;
    %flag_set/vec4 8;
    %jmp/0 T_105.0, 8;
    %pushi/vec4 0, 0, 1;
    %jmp/1 T_105.1, 8;
T_105.0 ; End of true expr.
    %load/vec4 v000002268dc16f10_0;
    %flag_set/vec4 9;
    %jmp/0 T_105.2, 9;
    %load/vec4 v000002268dc166f0_0;
    %jmp/1 T_105.3, 9;
T_105.2 ; End of true expr.
    %load/vec4 v000002268dc16830_0;
    %jmp/0 T_105.3, 9;
 ; End of false expr.
    %blend;
T_105.3;
    %jmp/0 T_105.1, 8;
 ; End of false expr.
    %blend;
T_105.1;
    %assign/vec4 v000002268dc16830_0, 0;
    %jmp T_105;
    .thread T_105;
    .scope S_000002268dbfa330;
T_106 ;
    %wait E_000002268da12c40;
    %load/vec4 v000002268dbc26c0_0;
    %flag_set/vec4 8;
    %jmp/0 T_106.0, 8;
    %pushi/vec4 0, 0, 1;
    %jmp/1 T_106.1, 8;
T_106.0 ; End of true expr.
    %load/vec4 v000002268dbc23a0_0;
    %flag_set/vec4 9;
    %jmp/0 T_106.2, 9;
    %load/vec4 v000002268dbc3d40_0;
    %jmp/1 T_106.3, 9;
T_106.2 ; End of true expr.
    %load/vec4 v000002268dbc3e80_0;
    %jmp/0 T_106.3, 9;
 ; End of false expr.
    %blend;
T_106.3;
    %jmp/0 T_106.1, 8;
 ; End of false expr.
    %blend;
T_106.1;
    %assign/vec4 v000002268dbc3e80_0, 0;
    %jmp T_106;
    .thread T_106;
    .scope S_000002268dbfa1a0;
T_107 ;
    %wait E_000002268da12c40;
    %load/vec4 v000002268dbc2120_0;
    %flag_set/vec4 8;
    %jmp/0 T_107.0, 8;
    %pushi/vec4 0, 0, 1;
    %jmp/1 T_107.1, 8;
T_107.0 ; End of true expr.
    %load/vec4 v000002268dbc19a0_0;
    %flag_set/vec4 9;
    %jmp/0 T_107.2, 9;
    %load/vec4 v000002268dbc3200_0;
    %jmp/1 T_107.3, 9;
T_107.2 ; End of true expr.
    %load/vec4 v000002268dbc2e40_0;
    %jmp/0 T_107.3, 9;
 ; End of false expr.
    %blend;
T_107.3;
    %jmp/0 T_107.1, 8;
 ; End of false expr.
    %blend;
T_107.1;
    %assign/vec4 v000002268dbc2e40_0, 0;
    %jmp T_107;
    .thread T_107;
    .scope S_000002268dbfcbd0;
T_108 ;
    %wait E_000002268da12c40;
    %load/vec4 v000002268dc11330_0;
    %flag_set/vec4 8;
    %jmp/0 T_108.0, 8;
    %pushi/vec4 0, 0, 1;
    %jmp/1 T_108.1, 8;
T_108.0 ; End of true expr.
    %load/vec4 v000002268dc129b0_0;
    %flag_set/vec4 9;
    %jmp/0 T_108.2, 9;
    %load/vec4 v000002268dc11fb0_0;
    %jmp/1 T_108.3, 9;
T_108.2 ; End of true expr.
    %load/vec4 v000002268dc11bf0_0;
    %jmp/0 T_108.3, 9;
 ; End of false expr.
    %blend;
T_108.3;
    %jmp/0 T_108.1, 8;
 ; End of false expr.
    %blend;
T_108.1;
    %assign/vec4 v000002268dc11bf0_0, 0;
    %jmp T_108;
    .thread T_108;
    .scope S_000002268dbfca40;
T_109 ;
    %wait E_000002268da12c40;
    %load/vec4 v000002268dc11b50_0;
    %flag_set/vec4 8;
    %jmp/0 T_109.0, 8;
    %pushi/vec4 0, 0, 1;
    %jmp/1 T_109.1, 8;
T_109.0 ; End of true expr.
    %load/vec4 v000002268dc11470_0;
    %flag_set/vec4 9;
    %jmp/0 T_109.2, 9;
    %load/vec4 v000002268dc120f0_0;
    %jmp/1 T_109.3, 9;
T_109.2 ; End of true expr.
    %load/vec4 v000002268dc11970_0;
    %jmp/0 T_109.3, 9;
 ; End of false expr.
    %blend;
T_109.3;
    %jmp/0 T_109.1, 8;
 ; End of false expr.
    %blend;
T_109.1;
    %assign/vec4 v000002268dc11970_0, 0;
    %jmp T_109;
    .thread T_109;
    .scope S_000002268dbfc270;
T_110 ;
    %wait E_000002268da12c40;
    %load/vec4 v000002268dc12a50_0;
    %flag_set/vec4 8;
    %jmp/0 T_110.0, 8;
    %pushi/vec4 0, 0, 1;
    %jmp/1 T_110.1, 8;
T_110.0 ; End of true expr.
    %load/vec4 v000002268dc124b0_0;
    %flag_set/vec4 9;
    %jmp/0 T_110.2, 9;
    %load/vec4 v000002268dc12190_0;
    %jmp/1 T_110.3, 9;
T_110.2 ; End of true expr.
    %load/vec4 v000002268dc113d0_0;
    %jmp/0 T_110.3, 9;
 ; End of false expr.
    %blend;
T_110.3;
    %jmp/0 T_110.1, 8;
 ; End of false expr.
    %blend;
T_110.1;
    %assign/vec4 v000002268dc113d0_0, 0;
    %jmp T_110;
    .thread T_110;
    .scope S_000002268dbfc0e0;
T_111 ;
    %wait E_000002268da12c40;
    %load/vec4 v000002268dc12370_0;
    %flag_set/vec4 8;
    %jmp/0 T_111.0, 8;
    %pushi/vec4 0, 0, 1;
    %jmp/1 T_111.1, 8;
T_111.0 ; End of true expr.
    %load/vec4 v000002268dc12550_0;
    %flag_set/vec4 9;
    %jmp/0 T_111.2, 9;
    %load/vec4 v000002268dc12b90_0;
    %jmp/1 T_111.3, 9;
T_111.2 ; End of true expr.
    %load/vec4 v000002268dc12410_0;
    %jmp/0 T_111.3, 9;
 ; End of false expr.
    %blend;
T_111.3;
    %jmp/0 T_111.1, 8;
 ; End of false expr.
    %blend;
T_111.1;
    %assign/vec4 v000002268dc12410_0, 0;
    %jmp T_111;
    .thread T_111;
    .scope S_000002268dc2e680;
T_112 ;
    %wait E_000002268da12c40;
    %load/vec4 v000002268dc161f0_0;
    %flag_set/vec4 8;
    %jmp/0 T_112.0, 8;
    %pushi/vec4 0, 0, 1;
    %jmp/1 T_112.1, 8;
T_112.0 ; End of true expr.
    %load/vec4 v000002268dc16290_0;
    %flag_set/vec4 9;
    %jmp/0 T_112.2, 9;
    %load/vec4 v000002268dc15d90_0;
    %jmp/1 T_112.3, 9;
T_112.2 ; End of true expr.
    %load/vec4 v000002268dc16a10_0;
    %jmp/0 T_112.3, 9;
 ; End of false expr.
    %blend;
T_112.3;
    %jmp/0 T_112.1, 8;
 ; End of false expr.
    %blend;
T_112.1;
    %assign/vec4 v000002268dc16a10_0, 0;
    %jmp T_112;
    .thread T_112;
    .scope S_000002268dc30750;
T_113 ;
    %wait E_000002268da12c40;
    %load/vec4 v000002268dc19030_0;
    %flag_set/vec4 8;
    %jmp/0 T_113.0, 8;
    %pushi/vec4 0, 0, 1;
    %jmp/1 T_113.1, 8;
T_113.0 ; End of true expr.
    %load/vec4 v000002268dc195d0_0;
    %flag_set/vec4 9;
    %jmp/0 T_113.2, 9;
    %load/vec4 v000002268dc1a2f0_0;
    %jmp/1 T_113.3, 9;
T_113.2 ; End of true expr.
    %load/vec4 v000002268dc181d0_0;
    %jmp/0 T_113.3, 9;
 ; End of false expr.
    %blend;
T_113.3;
    %jmp/0 T_113.1, 8;
 ; End of false expr.
    %blend;
T_113.1;
    %assign/vec4 v000002268dc181d0_0, 0;
    %jmp T_113;
    .thread T_113;
    .scope S_000002268dc313d0;
T_114 ;
    %wait E_000002268da12c40;
    %load/vec4 v000002268dc1cb90_0;
    %flag_set/vec4 8;
    %jmp/0 T_114.0, 8;
    %pushi/vec4 0, 0, 1;
    %jmp/1 T_114.1, 8;
T_114.0 ; End of true expr.
    %load/vec4 v000002268dc1c870_0;
    %flag_set/vec4 9;
    %jmp/0 T_114.2, 9;
    %load/vec4 v000002268dc1acf0_0;
    %jmp/1 T_114.3, 9;
T_114.2 ; End of true expr.
    %load/vec4 v000002268dc1b510_0;
    %jmp/0 T_114.3, 9;
 ; End of false expr.
    %blend;
T_114.3;
    %jmp/0 T_114.1, 8;
 ; End of false expr.
    %blend;
T_114.1;
    %assign/vec4 v000002268dc1b510_0, 0;
    %jmp T_114;
    .thread T_114;
    .scope S_000002268dc33630;
T_115 ;
    %wait E_000002268da12c40;
    %load/vec4 v000002268dc1c370_0;
    %flag_set/vec4 8;
    %jmp/0 T_115.0, 8;
    %pushi/vec4 0, 0, 1;
    %jmp/1 T_115.1, 8;
T_115.0 ; End of true expr.
    %load/vec4 v000002268dc1c410_0;
    %flag_set/vec4 9;
    %jmp/0 T_115.2, 9;
    %load/vec4 v000002268dc1bd30_0;
    %jmp/1 T_115.3, 9;
T_115.2 ; End of true expr.
    %load/vec4 v000002268dc1a7f0_0;
    %jmp/0 T_115.3, 9;
 ; End of false expr.
    %blend;
T_115.3;
    %jmp/0 T_115.1, 8;
 ; End of false expr.
    %blend;
T_115.1;
    %assign/vec4 v000002268dc1a7f0_0, 0;
    %jmp T_115;
    .thread T_115;
    .scope S_000002268dc30110;
T_116 ;
    %wait E_000002268da12c40;
    %load/vec4 v000002268dc1d630_0;
    %flag_set/vec4 8;
    %jmp/0 T_116.0, 8;
    %pushi/vec4 0, 0, 1;
    %jmp/1 T_116.1, 8;
T_116.0 ; End of true expr.
    %load/vec4 v000002268dc1dc70_0;
    %flag_set/vec4 9;
    %jmp/0 T_116.2, 9;
    %load/vec4 v000002268dc1dd10_0;
    %jmp/1 T_116.3, 9;
T_116.2 ; End of true expr.
    %load/vec4 v000002268dc1f430_0;
    %jmp/0 T_116.3, 9;
 ; End of false expr.
    %blend;
T_116.3;
    %jmp/0 T_116.1, 8;
 ; End of false expr.
    %blend;
T_116.1;
    %assign/vec4 v000002268dc1f430_0, 0;
    %jmp T_116;
    .thread T_116;
    .scope S_000002268dc30a70;
T_117 ;
    %wait E_000002268da12c40;
    %load/vec4 v000002268dc1e2b0_0;
    %flag_set/vec4 8;
    %jmp/0 T_117.0, 8;
    %pushi/vec4 0, 0, 1;
    %jmp/1 T_117.1, 8;
T_117.0 ; End of true expr.
    %load/vec4 v000002268dc1e210_0;
    %flag_set/vec4 9;
    %jmp/0 T_117.2, 9;
    %load/vec4 v000002268dc1edf0_0;
    %jmp/1 T_117.3, 9;
T_117.2 ; End of true expr.
    %load/vec4 v000002268dc1ead0_0;
    %jmp/0 T_117.3, 9;
 ; End of false expr.
    %blend;
T_117.3;
    %jmp/0 T_117.1, 8;
 ; End of false expr.
    %blend;
T_117.1;
    %assign/vec4 v000002268dc1ead0_0, 0;
    %jmp T_117;
    .thread T_117;
    .scope S_000002268dc30c00;
T_118 ;
    %wait E_000002268da12c40;
    %load/vec4 v000002268dc1ce10_0;
    %flag_set/vec4 8;
    %jmp/0 T_118.0, 8;
    %pushi/vec4 0, 0, 1;
    %jmp/1 T_118.1, 8;
T_118.0 ; End of true expr.
    %load/vec4 v000002268dc1f390_0;
    %flag_set/vec4 9;
    %jmp/0 T_118.2, 9;
    %load/vec4 v000002268dc1efd0_0;
    %jmp/1 T_118.3, 9;
T_118.2 ; End of true expr.
    %load/vec4 v000002268dc1da90_0;
    %jmp/0 T_118.3, 9;
 ; End of false expr.
    %blend;
T_118.3;
    %jmp/0 T_118.1, 8;
 ; End of false expr.
    %blend;
T_118.1;
    %assign/vec4 v000002268dc1da90_0, 0;
    %jmp T_118;
    .thread T_118;
    .scope S_000002268dc30d90;
T_119 ;
    %wait E_000002268da12c40;
    %load/vec4 v000002268dc1e490_0;
    %flag_set/vec4 8;
    %jmp/0 T_119.0, 8;
    %pushi/vec4 0, 0, 1;
    %jmp/1 T_119.1, 8;
T_119.0 ; End of true expr.
    %load/vec4 v000002268dc1e530_0;
    %flag_set/vec4 9;
    %jmp/0 T_119.2, 9;
    %load/vec4 v000002268dc1d450_0;
    %jmp/1 T_119.3, 9;
T_119.2 ; End of true expr.
    %load/vec4 v000002268dc1d3b0_0;
    %jmp/0 T_119.3, 9;
 ; End of false expr.
    %blend;
T_119.3;
    %jmp/0 T_119.1, 8;
 ; End of false expr.
    %blend;
T_119.1;
    %assign/vec4 v000002268dc1d3b0_0, 0;
    %jmp T_119;
    .thread T_119;
    .scope S_000002268dc310b0;
T_120 ;
    %wait E_000002268da12c40;
    %load/vec4 v000002268dc1e8f0_0;
    %flag_set/vec4 8;
    %jmp/0 T_120.0, 8;
    %pushi/vec4 0, 0, 1;
    %jmp/1 T_120.1, 8;
T_120.0 ; End of true expr.
    %load/vec4 v000002268dc1cf50_0;
    %flag_set/vec4 9;
    %jmp/0 T_120.2, 9;
    %load/vec4 v000002268dc1ec10_0;
    %jmp/1 T_120.3, 9;
T_120.2 ; End of true expr.
    %load/vec4 v000002268dc1e7b0_0;
    %jmp/0 T_120.3, 9;
 ; End of false expr.
    %blend;
T_120.3;
    %jmp/0 T_120.1, 8;
 ; End of false expr.
    %blend;
T_120.1;
    %assign/vec4 v000002268dc1e7b0_0, 0;
    %jmp T_120;
    .thread T_120;
    .scope S_000002268dc337c0;
T_121 ;
    %wait E_000002268da12c40;
    %load/vec4 v000002268dc1f750_0;
    %flag_set/vec4 8;
    %jmp/0 T_121.0, 8;
    %pushi/vec4 0, 0, 1;
    %jmp/1 T_121.1, 8;
T_121.0 ; End of true expr.
    %load/vec4 v000002268dc21af0_0;
    %flag_set/vec4 9;
    %jmp/0 T_121.2, 9;
    %load/vec4 v000002268dc1fa70_0;
    %jmp/1 T_121.3, 9;
T_121.2 ; End of true expr.
    %load/vec4 v000002268dc200b0_0;
    %jmp/0 T_121.3, 9;
 ; End of false expr.
    %blend;
T_121.3;
    %jmp/0 T_121.1, 8;
 ; End of false expr.
    %blend;
T_121.1;
    %assign/vec4 v000002268dc200b0_0, 0;
    %jmp T_121;
    .thread T_121;
    .scope S_000002268dc2eb30;
T_122 ;
    %wait E_000002268da12c40;
    %load/vec4 v000002268dc18130_0;
    %flag_set/vec4 8;
    %jmp/0 T_122.0, 8;
    %pushi/vec4 0, 0, 1;
    %jmp/1 T_122.1, 8;
T_122.0 ; End of true expr.
    %load/vec4 v000002268dc19e90_0;
    %flag_set/vec4 9;
    %jmp/0 T_122.2, 9;
    %load/vec4 v000002268dc18950_0;
    %jmp/1 T_122.3, 9;
T_122.2 ; End of true expr.
    %load/vec4 v000002268dc19df0_0;
    %jmp/0 T_122.3, 9;
 ; End of false expr.
    %blend;
T_122.3;
    %jmp/0 T_122.1, 8;
 ; End of false expr.
    %blend;
T_122.1;
    %assign/vec4 v000002268dc19df0_0, 0;
    %jmp T_122;
    .thread T_122;
    .scope S_000002268dc2fad0;
T_123 ;
    %wait E_000002268da12c40;
    %load/vec4 v000002268dc19b70_0;
    %flag_set/vec4 8;
    %jmp/0 T_123.0, 8;
    %pushi/vec4 0, 0, 1;
    %jmp/1 T_123.1, 8;
T_123.0 ; End of true expr.
    %load/vec4 v000002268dc19fd0_0;
    %flag_set/vec4 9;
    %jmp/0 T_123.2, 9;
    %load/vec4 v000002268dc18db0_0;
    %jmp/1 T_123.3, 9;
T_123.2 ; End of true expr.
    %load/vec4 v000002268dc17e10_0;
    %jmp/0 T_123.3, 9;
 ; End of false expr.
    %blend;
T_123.3;
    %jmp/0 T_123.1, 8;
 ; End of false expr.
    %blend;
T_123.1;
    %assign/vec4 v000002268dc17e10_0, 0;
    %jmp T_123;
    .thread T_123;
    .scope S_000002268dc2e040;
T_124 ;
    %wait E_000002268da12c40;
    %load/vec4 v000002268dc19670_0;
    %flag_set/vec4 8;
    %jmp/0 T_124.0, 8;
    %pushi/vec4 0, 0, 1;
    %jmp/1 T_124.1, 8;
T_124.0 ; End of true expr.
    %load/vec4 v000002268dc19170_0;
    %flag_set/vec4 9;
    %jmp/0 T_124.2, 9;
    %load/vec4 v000002268dc1a110_0;
    %jmp/1 T_124.3, 9;
T_124.2 ; End of true expr.
    %load/vec4 v000002268dc18090_0;
    %jmp/0 T_124.3, 9;
 ; End of false expr.
    %blend;
T_124.3;
    %jmp/0 T_124.1, 8;
 ; End of false expr.
    %blend;
T_124.1;
    %assign/vec4 v000002268dc18090_0, 0;
    %jmp T_124;
    .thread T_124;
    .scope S_000002268dc33310;
T_125 ;
    %wait E_000002268da12c40;
    %load/vec4 v000002268dc198f0_0;
    %flag_set/vec4 8;
    %jmp/0 T_125.0, 8;
    %pushi/vec4 0, 0, 1;
    %jmp/1 T_125.1, 8;
T_125.0 ; End of true expr.
    %load/vec4 v000002268dc19a30_0;
    %flag_set/vec4 9;
    %jmp/0 T_125.2, 9;
    %load/vec4 v000002268dc19850_0;
    %jmp/1 T_125.3, 9;
T_125.2 ; End of true expr.
    %load/vec4 v000002268dc19990_0;
    %jmp/0 T_125.3, 9;
 ; End of false expr.
    %blend;
T_125.3;
    %jmp/0 T_125.1, 8;
 ; End of false expr.
    %blend;
T_125.1;
    %assign/vec4 v000002268dc19990_0, 0;
    %jmp T_125;
    .thread T_125;
    .scope S_000002268dc334a0;
T_126 ;
    %wait E_000002268da12c40;
    %load/vec4 v000002268dc1ad90_0;
    %flag_set/vec4 8;
    %jmp/0 T_126.0, 8;
    %pushi/vec4 0, 0, 1;
    %jmp/1 T_126.1, 8;
T_126.0 ; End of true expr.
    %load/vec4 v000002268dc1b830_0;
    %flag_set/vec4 9;
    %jmp/0 T_126.2, 9;
    %load/vec4 v000002268dc1a610_0;
    %jmp/1 T_126.3, 9;
T_126.2 ; End of true expr.
    %load/vec4 v000002268dc1ccd0_0;
    %jmp/0 T_126.3, 9;
 ; End of false expr.
    %blend;
T_126.3;
    %jmp/0 T_126.1, 8;
 ; End of false expr.
    %blend;
T_126.1;
    %assign/vec4 v000002268dc1ccd0_0, 0;
    %jmp T_126;
    .thread T_126;
    .scope S_000002268dc308e0;
T_127 ;
    %wait E_000002268da12c40;
    %load/vec4 v000002268dc1b6f0_0;
    %flag_set/vec4 8;
    %jmp/0 T_127.0, 8;
    %pushi/vec4 0, 0, 1;
    %jmp/1 T_127.1, 8;
T_127.0 ; End of true expr.
    %load/vec4 v000002268dc1b970_0;
    %flag_set/vec4 9;
    %jmp/0 T_127.2, 9;
    %load/vec4 v000002268dc1c050_0;
    %jmp/1 T_127.3, 9;
T_127.2 ; End of true expr.
    %load/vec4 v000002268dc1b8d0_0;
    %jmp/0 T_127.3, 9;
 ; End of false expr.
    %blend;
T_127.3;
    %jmp/0 T_127.1, 8;
 ; End of false expr.
    %blend;
T_127.1;
    %assign/vec4 v000002268dc1b8d0_0, 0;
    %jmp T_127;
    .thread T_127;
    .scope S_000002268dc31ba0;
T_128 ;
    %wait E_000002268da12c40;
    %load/vec4 v000002268dc21cd0_0;
    %flag_set/vec4 8;
    %jmp/0 T_128.0, 8;
    %pushi/vec4 0, 0, 1;
    %jmp/1 T_128.1, 8;
T_128.0 ; End of true expr.
    %load/vec4 v000002268dc1fbb0_0;
    %flag_set/vec4 9;
    %jmp/0 T_128.2, 9;
    %load/vec4 v000002268dc20790_0;
    %jmp/1 T_128.3, 9;
T_128.2 ; End of true expr.
    %load/vec4 v000002268dc20510_0;
    %jmp/0 T_128.3, 9;
 ; End of false expr.
    %blend;
T_128.3;
    %jmp/0 T_128.1, 8;
 ; End of false expr.
    %blend;
T_128.1;
    %assign/vec4 v000002268dc20510_0, 0;
    %jmp T_128;
    .thread T_128;
    .scope S_000002268dc32050;
T_129 ;
    %wait E_000002268da12c40;
    %load/vec4 v000002268dc21b90_0;
    %flag_set/vec4 8;
    %jmp/0 T_129.0, 8;
    %pushi/vec4 0, 0, 1;
    %jmp/1 T_129.1, 8;
T_129.0 ; End of true expr.
    %load/vec4 v000002268dc1fe30_0;
    %flag_set/vec4 9;
    %jmp/0 T_129.2, 9;
    %load/vec4 v000002268dc206f0_0;
    %jmp/1 T_129.3, 9;
T_129.2 ; End of true expr.
    %load/vec4 v000002268dc20c90_0;
    %jmp/0 T_129.3, 9;
 ; End of false expr.
    %blend;
T_129.3;
    %jmp/0 T_129.1, 8;
 ; End of false expr.
    %blend;
T_129.1;
    %assign/vec4 v000002268dc20c90_0, 0;
    %jmp T_129;
    .thread T_129;
    .scope S_000002268dc33ae0;
T_130 ;
    %wait E_000002268da12c40;
    %load/vec4 v000002268dc24b10_0;
    %flag_set/vec4 8;
    %jmp/0 T_130.0, 8;
    %pushi/vec4 0, 0, 1;
    %jmp/1 T_130.1, 8;
T_130.0 ; End of true expr.
    %load/vec4 v000002268dc26cd0_0;
    %flag_set/vec4 9;
    %jmp/0 T_130.2, 9;
    %load/vec4 v000002268dc26870_0;
    %jmp/1 T_130.3, 9;
T_130.2 ; End of true expr.
    %load/vec4 v000002268dc25970_0;
    %jmp/0 T_130.3, 9;
 ; End of false expr.
    %blend;
T_130.3;
    %jmp/0 T_130.1, 8;
 ; End of false expr.
    %blend;
T_130.1;
    %assign/vec4 v000002268dc25970_0, 0;
    %jmp T_130;
    .thread T_130;
    .scope S_000002268dc2fc60;
T_131 ;
    %wait E_000002268da12c40;
    %load/vec4 v000002268dc24890_0;
    %flag_set/vec4 8;
    %jmp/0 T_131.0, 8;
    %pushi/vec4 0, 0, 1;
    %jmp/1 T_131.1, 8;
T_131.0 ; End of true expr.
    %load/vec4 v000002268dc25ab0_0;
    %flag_set/vec4 9;
    %jmp/0 T_131.2, 9;
    %load/vec4 v000002268dc265f0_0;
    %jmp/1 T_131.3, 9;
T_131.2 ; End of true expr.
    %load/vec4 v000002268dc24e30_0;
    %jmp/0 T_131.3, 9;
 ; End of false expr.
    %blend;
T_131.3;
    %jmp/0 T_131.1, 8;
 ; End of false expr.
    %blend;
T_131.1;
    %assign/vec4 v000002268dc24e30_0, 0;
    %jmp T_131;
    .thread T_131;
    .scope S_000002268dc32ff0;
T_132 ;
    %wait E_000002268da12c40;
    %load/vec4 v000002268dc26370_0;
    %flag_set/vec4 8;
    %jmp/0 T_132.0, 8;
    %pushi/vec4 0, 0, 1;
    %jmp/1 T_132.1, 8;
T_132.0 ; End of true expr.
    %load/vec4 v000002268dc25f10_0;
    %flag_set/vec4 9;
    %jmp/0 T_132.2, 9;
    %load/vec4 v000002268dc25790_0;
    %jmp/1 T_132.3, 9;
T_132.2 ; End of true expr.
    %load/vec4 v000002268dc25830_0;
    %jmp/0 T_132.3, 9;
 ; End of false expr.
    %blend;
T_132.3;
    %jmp/0 T_132.1, 8;
 ; End of false expr.
    %blend;
T_132.1;
    %assign/vec4 v000002268dc25830_0, 0;
    %jmp T_132;
    .thread T_132;
    .scope S_000002268dc329b0;
T_133 ;
    %wait E_000002268da12c40;
    %load/vec4 v000002268dc25e70_0;
    %flag_set/vec4 8;
    %jmp/0 T_133.0, 8;
    %pushi/vec4 0, 0, 1;
    %jmp/1 T_133.1, 8;
T_133.0 ; End of true expr.
    %load/vec4 v000002268dc24d90_0;
    %flag_set/vec4 9;
    %jmp/0 T_133.2, 9;
    %load/vec4 v000002268dc24cf0_0;
    %jmp/1 T_133.3, 9;
T_133.2 ; End of true expr.
    %load/vec4 v000002268dc25d30_0;
    %jmp/0 T_133.3, 9;
 ; End of false expr.
    %blend;
T_133.3;
    %jmp/0 T_133.1, 8;
 ; End of false expr.
    %blend;
T_133.1;
    %assign/vec4 v000002268dc25d30_0, 0;
    %jmp T_133;
    .thread T_133;
    .scope S_000002268dc34da0;
T_134 ;
    %wait E_000002268da12c40;
    %load/vec4 v000002268dc27f90_0;
    %flag_set/vec4 8;
    %jmp/0 T_134.0, 8;
    %pushi/vec4 0, 0, 1;
    %jmp/1 T_134.1, 8;
T_134.0 ; End of true expr.
    %load/vec4 v000002268dc273b0_0;
    %flag_set/vec4 9;
    %jmp/0 T_134.2, 9;
    %load/vec4 v000002268dc29390_0;
    %jmp/1 T_134.3, 9;
T_134.2 ; End of true expr.
    %load/vec4 v000002268dc282b0_0;
    %jmp/0 T_134.3, 9;
 ; End of false expr.
    %blend;
T_134.3;
    %jmp/0 T_134.1, 8;
 ; End of false expr.
    %blend;
T_134.1;
    %assign/vec4 v000002268dc282b0_0, 0;
    %jmp T_134;
    .thread T_134;
    .scope S_000002268dc35570;
T_135 ;
    %wait E_000002268da12c40;
    %load/vec4 v000002268dc27bd0_0;
    %flag_set/vec4 8;
    %jmp/0 T_135.0, 8;
    %pushi/vec4 0, 0, 1;
    %jmp/1 T_135.1, 8;
T_135.0 ; End of true expr.
    %load/vec4 v000002268dc28fd0_0;
    %flag_set/vec4 9;
    %jmp/0 T_135.2, 9;
    %load/vec4 v000002268dc27630_0;
    %jmp/1 T_135.3, 9;
T_135.2 ; End of true expr.
    %load/vec4 v000002268dc28990_0;
    %jmp/0 T_135.3, 9;
 ; End of false expr.
    %blend;
T_135.3;
    %jmp/0 T_135.1, 8;
 ; End of false expr.
    %blend;
T_135.1;
    %assign/vec4 v000002268dc28990_0, 0;
    %jmp T_135;
    .thread T_135;
    .scope S_000002268dc342b0;
T_136 ;
    %wait E_000002268da12c40;
    %load/vec4 v000002268dc28cb0_0;
    %flag_set/vec4 8;
    %jmp/0 T_136.0, 8;
    %pushi/vec4 0, 0, 1;
    %jmp/1 T_136.1, 8;
T_136.0 ; End of true expr.
    %load/vec4 v000002268dc294d0_0;
    %flag_set/vec4 9;
    %jmp/0 T_136.2, 9;
    %load/vec4 v000002268dc292f0_0;
    %jmp/1 T_136.3, 9;
T_136.2 ; End of true expr.
    %load/vec4 v000002268dc29430_0;
    %jmp/0 T_136.3, 9;
 ; End of false expr.
    %blend;
T_136.3;
    %jmp/0 T_136.1, 8;
 ; End of false expr.
    %blend;
T_136.1;
    %assign/vec4 v000002268dc29430_0, 0;
    %jmp T_136;
    .thread T_136;
    .scope S_000002268dc34440;
T_137 ;
    %wait E_000002268da12c40;
    %load/vec4 v000002268dc288f0_0;
    %flag_set/vec4 8;
    %jmp/0 T_137.0, 8;
    %pushi/vec4 0, 0, 1;
    %jmp/1 T_137.1, 8;
T_137.0 ; End of true expr.
    %load/vec4 v000002268dc28d50_0;
    %flag_set/vec4 9;
    %jmp/0 T_137.2, 9;
    %load/vec4 v000002268dc28490_0;
    %jmp/1 T_137.3, 9;
T_137.2 ; End of true expr.
    %load/vec4 v000002268dc27950_0;
    %jmp/0 T_137.3, 9;
 ; End of false expr.
    %blend;
T_137.3;
    %jmp/0 T_137.1, 8;
 ; End of false expr.
    %blend;
T_137.1;
    %assign/vec4 v000002268dc27950_0, 0;
    %jmp T_137;
    .thread T_137;
    .scope S_000002268dc321e0;
T_138 ;
    %wait E_000002268da12c40;
    %load/vec4 v000002268dc21230_0;
    %flag_set/vec4 8;
    %jmp/0 T_138.0, 8;
    %pushi/vec4 0, 0, 1;
    %jmp/1 T_138.1, 8;
T_138.0 ; End of true expr.
    %load/vec4 v000002268dc21410_0;
    %flag_set/vec4 9;
    %jmp/0 T_138.2, 9;
    %load/vec4 v000002268dc21370_0;
    %jmp/1 T_138.3, 9;
T_138.2 ; End of true expr.
    %load/vec4 v000002268dc21190_0;
    %jmp/0 T_138.3, 9;
 ; End of false expr.
    %blend;
T_138.3;
    %jmp/0 T_138.1, 8;
 ; End of false expr.
    %blend;
T_138.1;
    %assign/vec4 v000002268dc21190_0, 0;
    %jmp T_138;
    .thread T_138;
    .scope S_000002268dc2dd20;
T_139 ;
    %wait E_000002268da12c40;
    %load/vec4 v000002268dc23ad0_0;
    %flag_set/vec4 8;
    %jmp/0 T_139.0, 8;
    %pushi/vec4 0, 0, 1;
    %jmp/1 T_139.1, 8;
T_139.0 ; End of true expr.
    %load/vec4 v000002268dc232b0_0;
    %flag_set/vec4 9;
    %jmp/0 T_139.2, 9;
    %load/vec4 v000002268dc22090_0;
    %jmp/1 T_139.3, 9;
T_139.2 ; End of true expr.
    %load/vec4 v000002268dc23710_0;
    %jmp/0 T_139.3, 9;
 ; End of false expr.
    %blend;
T_139.3;
    %jmp/0 T_139.1, 8;
 ; End of false expr.
    %blend;
T_139.1;
    %assign/vec4 v000002268dc23710_0, 0;
    %jmp T_139;
    .thread T_139;
    .scope S_000002268dc32500;
T_140 ;
    %wait E_000002268da12c40;
    %load/vec4 v000002268dc22f90_0;
    %flag_set/vec4 8;
    %jmp/0 T_140.0, 8;
    %pushi/vec4 0, 0, 1;
    %jmp/1 T_140.1, 8;
T_140.0 ; End of true expr.
    %load/vec4 v000002268dc21f50_0;
    %flag_set/vec4 9;
    %jmp/0 T_140.2, 9;
    %load/vec4 v000002268dc24430_0;
    %jmp/1 T_140.3, 9;
T_140.2 ; End of true expr.
    %load/vec4 v000002268dc22c70_0;
    %jmp/0 T_140.3, 9;
 ; End of false expr.
    %blend;
T_140.3;
    %jmp/0 T_140.1, 8;
 ; End of false expr.
    %blend;
T_140.1;
    %assign/vec4 v000002268dc22c70_0, 0;
    %jmp T_140;
    .thread T_140;
    .scope S_000002268dc32690;
T_141 ;
    %wait E_000002268da12c40;
    %load/vec4 v000002268dc21d70_0;
    %flag_set/vec4 8;
    %jmp/0 T_141.0, 8;
    %pushi/vec4 0, 0, 1;
    %jmp/1 T_141.1, 8;
T_141.0 ; End of true expr.
    %load/vec4 v000002268dc22ef0_0;
    %flag_set/vec4 9;
    %jmp/0 T_141.2, 9;
    %load/vec4 v000002268dc22e50_0;
    %jmp/1 T_141.3, 9;
T_141.2 ; End of true expr.
    %load/vec4 v000002268dc244d0_0;
    %jmp/0 T_141.3, 9;
 ; End of false expr.
    %blend;
T_141.3;
    %jmp/0 T_141.1, 8;
 ; End of false expr.
    %blend;
T_141.1;
    %assign/vec4 v000002268dc244d0_0, 0;
    %jmp T_141;
    .thread T_141;
    .scope S_000002268dc2f7b0;
T_142 ;
    %wait E_000002268da12c40;
    %load/vec4 v000002268dc242f0_0;
    %flag_set/vec4 8;
    %jmp/0 T_142.0, 8;
    %pushi/vec4 0, 0, 1;
    %jmp/1 T_142.1, 8;
T_142.0 ; End of true expr.
    %load/vec4 v000002268dc23d50_0;
    %flag_set/vec4 9;
    %jmp/0 T_142.2, 9;
    %load/vec4 v000002268dc23530_0;
    %jmp/1 T_142.3, 9;
T_142.2 ; End of true expr.
    %load/vec4 v000002268dc224f0_0;
    %jmp/0 T_142.3, 9;
 ; End of false expr.
    %blend;
T_142.3;
    %jmp/0 T_142.1, 8;
 ; End of false expr.
    %blend;
T_142.1;
    %assign/vec4 v000002268dc224f0_0, 0;
    %jmp T_142;
    .thread T_142;
    .scope S_000002268dc2e360;
T_143 ;
    %wait E_000002268da12c40;
    %load/vec4 v000002268dc24ed0_0;
    %flag_set/vec4 8;
    %jmp/0 T_143.0, 8;
    %pushi/vec4 0, 0, 1;
    %jmp/1 T_143.1, 8;
T_143.0 ; End of true expr.
    %load/vec4 v000002268dc26690_0;
    %flag_set/vec4 9;
    %jmp/0 T_143.2, 9;
    %load/vec4 v000002268dc24250_0;
    %jmp/1 T_143.3, 9;
T_143.2 ; End of true expr.
    %load/vec4 v000002268dc269b0_0;
    %jmp/0 T_143.3, 9;
 ; End of false expr.
    %blend;
T_143.3;
    %jmp/0 T_143.1, 8;
 ; End of false expr.
    %blend;
T_143.1;
    %assign/vec4 v000002268dc269b0_0, 0;
    %jmp T_143;
    .thread T_143;
    .scope S_000002268dc34c10;
T_144 ;
    %wait E_000002268da12c40;
    %load/vec4 v000002268dc2b0f0_0;
    %flag_set/vec4 8;
    %jmp/0 T_144.0, 8;
    %pushi/vec4 0, 0, 1;
    %jmp/1 T_144.1, 8;
T_144.0 ; End of true expr.
    %load/vec4 v000002268dc2b730_0;
    %flag_set/vec4 9;
    %jmp/0 T_144.2, 9;
    %load/vec4 v000002268dc2a510_0;
    %jmp/1 T_144.3, 9;
T_144.2 ; End of true expr.
    %load/vec4 v000002268dc29930_0;
    %jmp/0 T_144.3, 9;
 ; End of false expr.
    %blend;
T_144.3;
    %jmp/0 T_144.1, 8;
 ; End of false expr.
    %blend;
T_144.1;
    %assign/vec4 v000002268dc29930_0, 0;
    %jmp T_144;
    .thread T_144;
    .scope S_000002268dc350c0;
T_145 ;
    %wait E_000002268da12c40;
    %load/vec4 v000002268dc29890_0;
    %flag_set/vec4 8;
    %jmp/0 T_145.0, 8;
    %pushi/vec4 0, 0, 1;
    %jmp/1 T_145.1, 8;
T_145.0 ; End of true expr.
    %load/vec4 v000002268dc299d0_0;
    %flag_set/vec4 9;
    %jmp/0 T_145.2, 9;
    %load/vec4 v000002268dc2b7d0_0;
    %jmp/1 T_145.3, 9;
T_145.2 ; End of true expr.
    %load/vec4 v000002268dc2a790_0;
    %jmp/0 T_145.3, 9;
 ; End of false expr.
    %blend;
T_145.3;
    %jmp/0 T_145.1, 8;
 ; End of false expr.
    %blend;
T_145.1;
    %assign/vec4 v000002268dc2a790_0, 0;
    %jmp T_145;
    .thread T_145;
    .scope S_000002268dca39d0;
T_146 ;
    %wait E_000002268da12c40;
    %load/vec4 v000002268dc0f030_0;
    %flag_set/vec4 8;
    %jmp/0 T_146.0, 8;
    %pushi/vec4 0, 0, 1;
    %jmp/1 T_146.1, 8;
T_146.0 ; End of true expr.
    %load/vec4 v000002268dc0e810_0;
    %flag_set/vec4 9;
    %jmp/0 T_146.2, 9;
    %load/vec4 v000002268dc0f490_0;
    %jmp/1 T_146.3, 9;
T_146.2 ; End of true expr.
    %load/vec4 v000002268dc0eb30_0;
    %jmp/0 T_146.3, 9;
 ; End of false expr.
    %blend;
T_146.3;
    %jmp/0 T_146.1, 8;
 ; End of false expr.
    %blend;
T_146.1;
    %assign/vec4 v000002268dc0eb30_0, 0;
    %jmp T_146;
    .thread T_146;
    .scope S_000002268dca12c0;
T_147 ;
    %wait E_000002268da12c40;
    %load/vec4 v000002268dc0fcb0_0;
    %flag_set/vec4 8;
    %jmp/0 T_147.0, 8;
    %pushi/vec4 0, 0, 1;
    %jmp/1 T_147.1, 8;
T_147.0 ; End of true expr.
    %load/vec4 v000002268dc0e8b0_0;
    %flag_set/vec4 9;
    %jmp/0 T_147.2, 9;
    %load/vec4 v000002268dc0f170_0;
    %jmp/1 T_147.3, 9;
T_147.2 ; End of true expr.
    %load/vec4 v000002268dc0f350_0;
    %jmp/0 T_147.3, 9;
 ; End of false expr.
    %blend;
T_147.3;
    %jmp/0 T_147.1, 8;
 ; End of false expr.
    %blend;
T_147.1;
    %assign/vec4 v000002268dc0f350_0, 0;
    %jmp T_147;
    .thread T_147;
    .scope S_000002268dca07d0;
T_148 ;
    %wait E_000002268da12c40;
    %load/vec4 v000002268dc102f0_0;
    %flag_set/vec4 8;
    %jmp/0 T_148.0, 8;
    %pushi/vec4 0, 0, 1;
    %jmp/1 T_148.1, 8;
T_148.0 ; End of true expr.
    %load/vec4 v000002268dc0fd50_0;
    %flag_set/vec4 9;
    %jmp/0 T_148.2, 9;
    %load/vec4 v000002268dc0ea90_0;
    %jmp/1 T_148.3, 9;
T_148.2 ; End of true expr.
    %load/vec4 v000002268dc0e1d0_0;
    %jmp/0 T_148.3, 9;
 ; End of false expr.
    %blend;
T_148.3;
    %jmp/0 T_148.1, 8;
 ; End of false expr.
    %blend;
T_148.1;
    %assign/vec4 v000002268dc0e1d0_0, 0;
    %jmp T_148;
    .thread T_148;
    .scope S_000002268dc9f380;
T_149 ;
    %wait E_000002268da12c40;
    %load/vec4 v000002268dc0e770_0;
    %flag_set/vec4 8;
    %jmp/0 T_149.0, 8;
    %pushi/vec4 0, 0, 1;
    %jmp/1 T_149.1, 8;
T_149.0 ; End of true expr.
    %load/vec4 v000002268dc10110_0;
    %flag_set/vec4 9;
    %jmp/0 T_149.2, 9;
    %load/vec4 v000002268dc0f210_0;
    %jmp/1 T_149.3, 9;
T_149.2 ; End of true expr.
    %load/vec4 v000002268dc101b0_0;
    %jmp/0 T_149.3, 9;
 ; End of false expr.
    %blend;
T_149.3;
    %jmp/0 T_149.1, 8;
 ; End of false expr.
    %blend;
T_149.1;
    %assign/vec4 v000002268dc101b0_0, 0;
    %jmp T_149;
    .thread T_149;
    .scope S_000002268dca15e0;
T_150 ;
    %wait E_000002268da12c40;
    %load/vec4 v000002268dc0f7b0_0;
    %flag_set/vec4 8;
    %jmp/0 T_150.0, 8;
    %pushi/vec4 0, 0, 1;
    %jmp/1 T_150.1, 8;
T_150.0 ; End of true expr.
    %load/vec4 v000002268dc0f990_0;
    %flag_set/vec4 9;
    %jmp/0 T_150.2, 9;
    %load/vec4 v000002268dc0f2b0_0;
    %jmp/1 T_150.3, 9;
T_150.2 ; End of true expr.
    %load/vec4 v000002268dc0f710_0;
    %jmp/0 T_150.3, 9;
 ; End of false expr.
    %blend;
T_150.3;
    %jmp/0 T_150.1, 8;
 ; End of false expr.
    %blend;
T_150.1;
    %assign/vec4 v000002268dc0f710_0, 0;
    %jmp T_150;
    .thread T_150;
    .scope S_000002268dca0e10;
T_151 ;
    %wait E_000002268da12c40;
    %load/vec4 v000002268dcb41d0_0;
    %flag_set/vec4 8;
    %jmp/0 T_151.0, 8;
    %pushi/vec4 0, 0, 1;
    %jmp/1 T_151.1, 8;
T_151.0 ; End of true expr.
    %load/vec4 v000002268dcb2010_0;
    %flag_set/vec4 9;
    %jmp/0 T_151.2, 9;
    %load/vec4 v000002268dcb3c30_0;
    %jmp/1 T_151.3, 9;
T_151.2 ; End of true expr.
    %load/vec4 v000002268dcb3550_0;
    %jmp/0 T_151.3, 9;
 ; End of false expr.
    %blend;
T_151.3;
    %jmp/0 T_151.1, 8;
 ; End of false expr.
    %blend;
T_151.1;
    %assign/vec4 v000002268dcb3550_0, 0;
    %jmp T_151;
    .thread T_151;
    .scope S_000002268dca3520;
T_152 ;
    %wait E_000002268da12c40;
    %load/vec4 v000002268dcb3050_0;
    %flag_set/vec4 8;
    %jmp/0 T_152.0, 8;
    %pushi/vec4 0, 0, 1;
    %jmp/1 T_152.1, 8;
T_152.0 ; End of true expr.
    %load/vec4 v000002268dcb2970_0;
    %flag_set/vec4 9;
    %jmp/0 T_152.2, 9;
    %load/vec4 v000002268dcb2470_0;
    %jmp/1 T_152.3, 9;
T_152.2 ; End of true expr.
    %load/vec4 v000002268dcb3190_0;
    %jmp/0 T_152.3, 9;
 ; End of false expr.
    %blend;
T_152.3;
    %jmp/0 T_152.1, 8;
 ; End of false expr.
    %blend;
T_152.1;
    %assign/vec4 v000002268dcb3190_0, 0;
    %jmp T_152;
    .thread T_152;
    .scope S_000002268dc9f6a0;
T_153 ;
    %wait E_000002268da12c40;
    %load/vec4 v000002268dcb3b90_0;
    %flag_set/vec4 8;
    %jmp/0 T_153.0, 8;
    %pushi/vec4 0, 0, 1;
    %jmp/1 T_153.1, 8;
T_153.0 ; End of true expr.
    %load/vec4 v000002268dcb2f10_0;
    %flag_set/vec4 9;
    %jmp/0 T_153.2, 9;
    %load/vec4 v000002268dcb3410_0;
    %jmp/1 T_153.3, 9;
T_153.2 ; End of true expr.
    %load/vec4 v000002268dcb2b50_0;
    %jmp/0 T_153.3, 9;
 ; End of false expr.
    %blend;
T_153.3;
    %jmp/0 T_153.1, 8;
 ; End of false expr.
    %blend;
T_153.1;
    %assign/vec4 v000002268dcb2b50_0, 0;
    %jmp T_153;
    .thread T_153;
    .scope S_000002268dc353e0;
T_154 ;
    %wait E_000002268da12c40;
    %load/vec4 v000002268dc2a010_0;
    %flag_set/vec4 8;
    %jmp/0 T_154.0, 8;
    %pushi/vec4 0, 0, 1;
    %jmp/1 T_154.1, 8;
T_154.0 ; End of true expr.
    %load/vec4 v000002268dc2b690_0;
    %flag_set/vec4 9;
    %jmp/0 T_154.2, 9;
    %load/vec4 v000002268dc2a970_0;
    %jmp/1 T_154.3, 9;
T_154.2 ; End of true expr.
    %load/vec4 v000002268dc2b9b0_0;
    %jmp/0 T_154.3, 9;
 ; End of false expr.
    %blend;
T_154.3;
    %jmp/0 T_154.1, 8;
 ; End of false expr.
    %blend;
T_154.1;
    %assign/vec4 v000002268dc2b9b0_0, 0;
    %jmp T_154;
    .thread T_154;
    .scope S_000002268dc35a20;
T_155 ;
    %wait E_000002268da12c40;
    %load/vec4 v000002268dc296b0_0;
    %flag_set/vec4 8;
    %jmp/0 T_155.0, 8;
    %pushi/vec4 0, 0, 1;
    %jmp/1 T_155.1, 8;
T_155.0 ; End of true expr.
    %load/vec4 v000002268dc2a290_0;
    %flag_set/vec4 9;
    %jmp/0 T_155.2, 9;
    %load/vec4 v000002268dc2a1f0_0;
    %jmp/1 T_155.3, 9;
T_155.2 ; End of true expr.
    %load/vec4 v000002268dc29570_0;
    %jmp/0 T_155.3, 9;
 ; End of false expr.
    %blend;
T_155.3;
    %jmp/0 T_155.1, 8;
 ; End of false expr.
    %blend;
T_155.1;
    %assign/vec4 v000002268dc29570_0, 0;
    %jmp T_155;
    .thread T_155;
    .scope S_000002268dca2260;
T_156 ;
    %wait E_000002268da12c40;
    %load/vec4 v000002268dc2b050_0;
    %flag_set/vec4 8;
    %jmp/0 T_156.0, 8;
    %pushi/vec4 0, 0, 1;
    %jmp/1 T_156.1, 8;
T_156.0 ; End of true expr.
    %load/vec4 v000002268dc2d670_0;
    %flag_set/vec4 9;
    %jmp/0 T_156.2, 9;
    %load/vec4 v000002268dc2ae70_0;
    %jmp/1 T_156.3, 9;
T_156.2 ; End of true expr.
    %load/vec4 v000002268dc2afb0_0;
    %jmp/0 T_156.3, 9;
 ; End of false expr.
    %blend;
T_156.3;
    %jmp/0 T_156.1, 8;
 ; End of false expr.
    %blend;
T_156.1;
    %assign/vec4 v000002268dc2afb0_0, 0;
    %jmp T_156;
    .thread T_156;
    .scope S_000002268dc9fb50;
T_157 ;
    %wait E_000002268da12c40;
    %load/vec4 v000002268dc2d7b0_0;
    %flag_set/vec4 8;
    %jmp/0 T_157.0, 8;
    %pushi/vec4 0, 0, 1;
    %jmp/1 T_157.1, 8;
T_157.0 ; End of true expr.
    %load/vec4 v000002268dc2c810_0;
    %flag_set/vec4 9;
    %jmp/0 T_157.2, 9;
    %load/vec4 v000002268dc2d350_0;
    %jmp/1 T_157.3, 9;
T_157.2 ; End of true expr.
    %load/vec4 v000002268dc2d170_0;
    %jmp/0 T_157.3, 9;
 ; End of false expr.
    %blend;
T_157.3;
    %jmp/0 T_157.1, 8;
 ; End of false expr.
    %blend;
T_157.1;
    %assign/vec4 v000002268dc2d170_0, 0;
    %jmp T_157;
    .thread T_157;
    .scope S_000002268dca4b00;
T_158 ;
    %wait E_000002268da12c40;
    %load/vec4 v000002268dc2c270_0;
    %flag_set/vec4 8;
    %jmp/0 T_158.0, 8;
    %pushi/vec4 0, 0, 1;
    %jmp/1 T_158.1, 8;
T_158.0 ; End of true expr.
    %load/vec4 v000002268dc2da30_0;
    %flag_set/vec4 9;
    %jmp/0 T_158.2, 9;
    %load/vec4 v000002268dc2c9f0_0;
    %jmp/1 T_158.3, 9;
T_158.2 ; End of true expr.
    %load/vec4 v000002268dc2d990_0;
    %jmp/0 T_158.3, 9;
 ; End of false expr.
    %blend;
T_158.3;
    %jmp/0 T_158.1, 8;
 ; End of false expr.
    %blend;
T_158.1;
    %assign/vec4 v000002268dc2d990_0, 0;
    %jmp T_158;
    .thread T_158;
    .scope S_000002268dca0960;
T_159 ;
    %wait E_000002268da12c40;
    %load/vec4 v000002268dc2c3b0_0;
    %flag_set/vec4 8;
    %jmp/0 T_159.0, 8;
    %pushi/vec4 0, 0, 1;
    %jmp/1 T_159.1, 8;
T_159.0 ; End of true expr.
    %load/vec4 v000002268dc2c590_0;
    %flag_set/vec4 9;
    %jmp/0 T_159.2, 9;
    %load/vec4 v000002268dc2c310_0;
    %jmp/1 T_159.3, 9;
T_159.2 ; End of true expr.
    %load/vec4 v000002268dc2d0d0_0;
    %jmp/0 T_159.3, 9;
 ; End of false expr.
    %blend;
T_159.3;
    %jmp/0 T_159.1, 8;
 ; End of false expr.
    %blend;
T_159.1;
    %assign/vec4 v000002268dc2d0d0_0, 0;
    %jmp T_159;
    .thread T_159;
    .scope S_000002268db60450;
T_160 ;
    %wait E_000002268da12c40;
    %load/vec4 v000002268db52ae0_0;
    %flag_set/vec4 8;
    %jmp/0 T_160.0, 8;
    %pushi/vec4 0, 0, 1;
    %jmp/1 T_160.1, 8;
T_160.0 ; End of true expr.
    %load/vec4 v000002268db51f00_0;
    %flag_set/vec4 9;
    %jmp/0 T_160.2, 9;
    %load/vec4 v000002268db518c0_0;
    %jmp/1 T_160.3, 9;
T_160.2 ; End of true expr.
    %load/vec4 v000002268db51dc0_0;
    %jmp/0 T_160.3, 9;
 ; End of false expr.
    %blend;
T_160.3;
    %jmp/0 T_160.1, 8;
 ; End of false expr.
    %blend;
T_160.1;
    %assign/vec4 v000002268db51dc0_0, 0;
    %jmp T_160;
    .thread T_160;
    .scope S_000002268db5f4b0;
T_161 ;
    %wait E_000002268da12c40;
    %load/vec4 v000002268db53300_0;
    %flag_set/vec4 8;
    %jmp/0 T_161.0, 8;
    %pushi/vec4 0, 0, 1;
    %jmp/1 T_161.1, 8;
T_161.0 ; End of true expr.
    %load/vec4 v000002268db53760_0;
    %flag_set/vec4 9;
    %jmp/0 T_161.2, 9;
    %load/vec4 v000002268db52d60_0;
    %jmp/1 T_161.3, 9;
T_161.2 ; End of true expr.
    %load/vec4 v000002268db53b20_0;
    %jmp/0 T_161.3, 9;
 ; End of false expr.
    %blend;
T_161.3;
    %jmp/0 T_161.1, 8;
 ; End of false expr.
    %blend;
T_161.1;
    %assign/vec4 v000002268db53b20_0, 0;
    %jmp T_161;
    .thread T_161;
    .scope S_000002268db637a0;
T_162 ;
    %wait E_000002268da12c40;
    %load/vec4 v000002268db56b40_0;
    %flag_set/vec4 8;
    %jmp/0 T_162.0, 8;
    %pushi/vec4 0, 0, 1;
    %jmp/1 T_162.1, 8;
T_162.0 ; End of true expr.
    %load/vec4 v000002268db570e0_0;
    %flag_set/vec4 9;
    %jmp/0 T_162.2, 9;
    %load/vec4 v000002268db53d00_0;
    %jmp/1 T_162.3, 9;
T_162.2 ; End of true expr.
    %load/vec4 v000002268db56aa0_0;
    %jmp/0 T_162.3, 9;
 ; End of false expr.
    %blend;
T_162.3;
    %jmp/0 T_162.1, 8;
 ; End of false expr.
    %blend;
T_162.1;
    %assign/vec4 v000002268db56aa0_0, 0;
    %jmp T_162;
    .thread T_162;
    .scope S_000002268db624e0;
T_163 ;
    %wait E_000002268da12c40;
    %load/vec4 v000002268db586c0_0;
    %flag_set/vec4 8;
    %jmp/0 T_163.0, 8;
    %pushi/vec4 0, 0, 1;
    %jmp/1 T_163.1, 8;
T_163.0 ; End of true expr.
    %load/vec4 v000002268db57cc0_0;
    %flag_set/vec4 9;
    %jmp/0 T_163.2, 9;
    %load/vec4 v000002268db56780_0;
    %jmp/1 T_163.3, 9;
T_163.2 ; End of true expr.
    %load/vec4 v000002268db57c20_0;
    %jmp/0 T_163.3, 9;
 ; End of false expr.
    %blend;
T_163.3;
    %jmp/0 T_163.1, 8;
 ; End of false expr.
    %blend;
T_163.1;
    %assign/vec4 v000002268db57c20_0, 0;
    %jmp T_163;
    .thread T_163;
    .scope S_000002268db62800;
T_164 ;
    %wait E_000002268da12c40;
    %load/vec4 v000002268db57ea0_0;
    %flag_set/vec4 8;
    %jmp/0 T_164.0, 8;
    %pushi/vec4 0, 0, 1;
    %jmp/1 T_164.1, 8;
T_164.0 ; End of true expr.
    %load/vec4 v000002268db57a40_0;
    %flag_set/vec4 9;
    %jmp/0 T_164.2, 9;
    %load/vec4 v000002268db58260_0;
    %jmp/1 T_164.3, 9;
T_164.2 ; End of true expr.
    %load/vec4 v000002268db57400_0;
    %jmp/0 T_164.3, 9;
 ; End of false expr.
    %blend;
T_164.3;
    %jmp/0 T_164.1, 8;
 ; End of false expr.
    %blend;
T_164.1;
    %assign/vec4 v000002268db57400_0, 0;
    %jmp T_164;
    .thread T_164;
    .scope S_000002268db63480;
T_165 ;
    %wait E_000002268da12c40;
    %load/vec4 v000002268db58580_0;
    %flag_set/vec4 8;
    %jmp/0 T_165.0, 8;
    %pushi/vec4 0, 0, 1;
    %jmp/1 T_165.1, 8;
T_165.0 ; End of true expr.
    %load/vec4 v000002268db581c0_0;
    %flag_set/vec4 9;
    %jmp/0 T_165.2, 9;
    %load/vec4 v000002268db56e60_0;
    %jmp/1 T_165.3, 9;
T_165.2 ; End of true expr.
    %load/vec4 v000002268db565a0_0;
    %jmp/0 T_165.3, 9;
 ; End of false expr.
    %blend;
T_165.3;
    %jmp/0 T_165.1, 8;
 ; End of false expr.
    %blend;
T_165.1;
    %assign/vec4 v000002268db565a0_0, 0;
    %jmp T_165;
    .thread T_165;
    .scope S_000002268db62b20;
T_166 ;
    %wait E_000002268da12c40;
    %load/vec4 v000002268db566e0_0;
    %flag_set/vec4 8;
    %jmp/0 T_166.0, 8;
    %pushi/vec4 0, 0, 1;
    %jmp/1 T_166.1, 8;
T_166.0 ; End of true expr.
    %load/vec4 v000002268db58a80_0;
    %flag_set/vec4 9;
    %jmp/0 T_166.2, 9;
    %load/vec4 v000002268db589e0_0;
    %jmp/1 T_166.3, 9;
T_166.2 ; End of true expr.
    %load/vec4 v000002268db56a00_0;
    %jmp/0 T_166.3, 9;
 ; End of false expr.
    %blend;
T_166.3;
    %jmp/0 T_166.1, 8;
 ; End of false expr.
    %blend;
T_166.1;
    %assign/vec4 v000002268db56a00_0, 0;
    %jmp T_166;
    .thread T_166;
    .scope S_000002268db62cb0;
T_167 ;
    %wait E_000002268da12c40;
    %load/vec4 v000002268db5ab00_0;
    %flag_set/vec4 8;
    %jmp/0 T_167.0, 8;
    %pushi/vec4 0, 0, 1;
    %jmp/1 T_167.1, 8;
T_167.0 ; End of true expr.
    %load/vec4 v000002268db5af60_0;
    %flag_set/vec4 9;
    %jmp/0 T_167.2, 9;
    %load/vec4 v000002268db5a560_0;
    %jmp/1 T_167.3, 9;
T_167.2 ; End of true expr.
    %load/vec4 v000002268db5b320_0;
    %jmp/0 T_167.3, 9;
 ; End of false expr.
    %blend;
T_167.3;
    %jmp/0 T_167.1, 8;
 ; End of false expr.
    %blend;
T_167.1;
    %assign/vec4 v000002268db5b320_0, 0;
    %jmp T_167;
    .thread T_167;
    .scope S_000002268db62e40;
T_168 ;
    %wait E_000002268da12c40;
    %load/vec4 v000002268db59d40_0;
    %flag_set/vec4 8;
    %jmp/0 T_168.0, 8;
    %pushi/vec4 0, 0, 1;
    %jmp/1 T_168.1, 8;
T_168.0 ; End of true expr.
    %load/vec4 v000002268db59c00_0;
    %flag_set/vec4 9;
    %jmp/0 T_168.2, 9;
    %load/vec4 v000002268db5a4c0_0;
    %jmp/1 T_168.3, 9;
T_168.2 ; End of true expr.
    %load/vec4 v000002268db5aec0_0;
    %jmp/0 T_168.3, 9;
 ; End of false expr.
    %blend;
T_168.3;
    %jmp/0 T_168.1, 8;
 ; End of false expr.
    %blend;
T_168.1;
    %assign/vec4 v000002268db5aec0_0, 0;
    %jmp T_168;
    .thread T_168;
    .scope S_000002268db63610;
T_169 ;
    %wait E_000002268da12c40;
    %load/vec4 v000002268db5a7e0_0;
    %flag_set/vec4 8;
    %jmp/0 T_169.0, 8;
    %pushi/vec4 0, 0, 1;
    %jmp/1 T_169.1, 8;
T_169.0 ; End of true expr.
    %load/vec4 v000002268db5a060_0;
    %flag_set/vec4 9;
    %jmp/0 T_169.2, 9;
    %load/vec4 v000002268db59f20_0;
    %jmp/1 T_169.3, 9;
T_169.2 ; End of true expr.
    %load/vec4 v000002268db5a740_0;
    %jmp/0 T_169.3, 9;
 ; End of false expr.
    %blend;
T_169.3;
    %jmp/0 T_169.1, 8;
 ; End of false expr.
    %blend;
T_169.1;
    %assign/vec4 v000002268db5a740_0, 0;
    %jmp T_169;
    .thread T_169;
    .scope S_000002268db5ee70;
T_170 ;
    %wait E_000002268da12c40;
    %load/vec4 v000002268db52b80_0;
    %flag_set/vec4 8;
    %jmp/0 T_170.0, 8;
    %pushi/vec4 0, 0, 1;
    %jmp/1 T_170.1, 8;
T_170.0 ; End of true expr.
    %load/vec4 v000002268db53800_0;
    %flag_set/vec4 9;
    %jmp/0 T_170.2, 9;
    %load/vec4 v000002268db52720_0;
    %jmp/1 T_170.3, 9;
T_170.2 ; End of true expr.
    %load/vec4 v000002268db52a40_0;
    %jmp/0 T_170.3, 9;
 ; End of false expr.
    %blend;
T_170.3;
    %jmp/0 T_170.1, 8;
 ; End of false expr.
    %blend;
T_170.1;
    %assign/vec4 v000002268db52a40_0, 0;
    %jmp T_170;
    .thread T_170;
    .scope S_000002268db60a90;
T_171 ;
    %wait E_000002268da12c40;
    %load/vec4 v000002268db52540_0;
    %flag_set/vec4 8;
    %jmp/0 T_171.0, 8;
    %pushi/vec4 0, 0, 1;
    %jmp/1 T_171.1, 8;
T_171.0 ; End of true expr.
    %load/vec4 v000002268db52680_0;
    %flag_set/vec4 9;
    %jmp/0 T_171.2, 9;
    %load/vec4 v000002268db52220_0;
    %jmp/1 T_171.3, 9;
T_171.2 ; End of true expr.
    %load/vec4 v000002268db52360_0;
    %jmp/0 T_171.3, 9;
 ; End of false expr.
    %blend;
T_171.3;
    %jmp/0 T_171.1, 8;
 ; End of false expr.
    %blend;
T_171.1;
    %assign/vec4 v000002268db52360_0, 0;
    %jmp T_171;
    .thread T_171;
    .scope S_000002268db5f000;
T_172 ;
    %wait E_000002268da12c40;
    %load/vec4 v000002268db54200_0;
    %flag_set/vec4 8;
    %jmp/0 T_172.0, 8;
    %pushi/vec4 0, 0, 1;
    %jmp/1 T_172.1, 8;
T_172.0 ; End of true expr.
    %load/vec4 v000002268db56140_0;
    %flag_set/vec4 9;
    %jmp/0 T_172.2, 9;
    %load/vec4 v000002268db55d80_0;
    %jmp/1 T_172.3, 9;
T_172.2 ; End of true expr.
    %load/vec4 v000002268db55b00_0;
    %jmp/0 T_172.3, 9;
 ; End of false expr.
    %blend;
T_172.3;
    %jmp/0 T_172.1, 8;
 ; End of false expr.
    %blend;
T_172.1;
    %assign/vec4 v000002268db55b00_0, 0;
    %jmp T_172;
    .thread T_172;
    .scope S_000002268db5f960;
T_173 ;
    %wait E_000002268da12c40;
    %load/vec4 v000002268db53da0_0;
    %flag_set/vec4 8;
    %jmp/0 T_173.0, 8;
    %pushi/vec4 0, 0, 1;
    %jmp/1 T_173.1, 8;
T_173.0 ; End of true expr.
    %load/vec4 v000002268db54480_0;
    %flag_set/vec4 9;
    %jmp/0 T_173.2, 9;
    %load/vec4 v000002268db55f60_0;
    %jmp/1 T_173.3, 9;
T_173.2 ; End of true expr.
    %load/vec4 v000002268db54ca0_0;
    %jmp/0 T_173.3, 9;
 ; End of false expr.
    %blend;
T_173.3;
    %jmp/0 T_173.1, 8;
 ; End of false expr.
    %blend;
T_173.1;
    %assign/vec4 v000002268db54ca0_0, 0;
    %jmp T_173;
    .thread T_173;
    .scope S_000002268db5ffa0;
T_174 ;
    %wait E_000002268da12c40;
    %load/vec4 v000002268db54de0_0;
    %flag_set/vec4 8;
    %jmp/0 T_174.0, 8;
    %pushi/vec4 0, 0, 1;
    %jmp/1 T_174.1, 8;
T_174.0 ; End of true expr.
    %load/vec4 v000002268db54020_0;
    %flag_set/vec4 9;
    %jmp/0 T_174.2, 9;
    %load/vec4 v000002268db54fc0_0;
    %jmp/1 T_174.3, 9;
T_174.2 ; End of true expr.
    %load/vec4 v000002268db54d40_0;
    %jmp/0 T_174.3, 9;
 ; End of false expr.
    %blend;
T_174.3;
    %jmp/0 T_174.1, 8;
 ; End of false expr.
    %blend;
T_174.1;
    %assign/vec4 v000002268db54d40_0, 0;
    %jmp T_174;
    .thread T_174;
    .scope S_000002268db62670;
T_175 ;
    %wait E_000002268da12c40;
    %load/vec4 v000002268db560a0_0;
    %flag_set/vec4 8;
    %jmp/0 T_175.0, 8;
    %pushi/vec4 0, 0, 1;
    %jmp/1 T_175.1, 8;
T_175.0 ; End of true expr.
    %load/vec4 v000002268db552e0_0;
    %flag_set/vec4 9;
    %jmp/0 T_175.2, 9;
    %load/vec4 v000002268db55ec0_0;
    %jmp/1 T_175.3, 9;
T_175.2 ; End of true expr.
    %load/vec4 v000002268db55880_0;
    %jmp/0 T_175.3, 9;
 ; End of false expr.
    %blend;
T_175.3;
    %jmp/0 T_175.1, 8;
 ; End of false expr.
    %blend;
T_175.1;
    %assign/vec4 v000002268db55880_0, 0;
    %jmp T_175;
    .thread T_175;
    .scope S_000002268db61d10;
T_176 ;
    %wait E_000002268da12c40;
    %load/vec4 v000002268db598e0_0;
    %flag_set/vec4 8;
    %jmp/0 T_176.0, 8;
    %pushi/vec4 0, 0, 1;
    %jmp/1 T_176.1, 8;
T_176.0 ; End of true expr.
    %load/vec4 v000002268db59980_0;
    %flag_set/vec4 9;
    %jmp/0 T_176.2, 9;
    %load/vec4 v000002268db5b140_0;
    %jmp/1 T_176.3, 9;
T_176.2 ; End of true expr.
    %load/vec4 v000002268db59840_0;
    %jmp/0 T_176.3, 9;
 ; End of false expr.
    %blend;
T_176.3;
    %jmp/0 T_176.1, 8;
 ; End of false expr.
    %blend;
T_176.1;
    %assign/vec4 v000002268db59840_0, 0;
    %jmp T_176;
    .thread T_176;
    .scope S_000002268db65040;
T_177 ;
    %wait E_000002268da12c40;
    %load/vec4 v000002268db5cd60_0;
    %flag_set/vec4 8;
    %jmp/0 T_177.0, 8;
    %pushi/vec4 0, 0, 1;
    %jmp/1 T_177.1, 8;
T_177.0 ; End of true expr.
    %load/vec4 v000002268db5d620_0;
    %flag_set/vec4 9;
    %jmp/0 T_177.2, 9;
    %load/vec4 v000002268db5bfa0_0;
    %jmp/1 T_177.3, 9;
T_177.2 ; End of true expr.
    %load/vec4 v000002268db5d580_0;
    %jmp/0 T_177.3, 9;
 ; End of false expr.
    %blend;
T_177.3;
    %jmp/0 T_177.1, 8;
 ; End of false expr.
    %blend;
T_177.1;
    %assign/vec4 v000002268db5d580_0, 0;
    %jmp T_177;
    .thread T_177;
    .scope S_000002268db64eb0;
T_178 ;
    %wait E_000002268da12c40;
    %load/vec4 v000002268db69830_0;
    %flag_set/vec4 8;
    %jmp/0 T_178.0, 8;
    %pushi/vec4 0, 0, 1;
    %jmp/1 T_178.1, 8;
T_178.0 ; End of true expr.
    %load/vec4 v000002268db6acd0_0;
    %flag_set/vec4 9;
    %jmp/0 T_178.2, 9;
    %load/vec4 v000002268db69c90_0;
    %jmp/1 T_178.3, 9;
T_178.2 ; End of true expr.
    %load/vec4 v000002268db69150_0;
    %jmp/0 T_178.3, 9;
 ; End of false expr.
    %blend;
T_178.3;
    %jmp/0 T_178.1, 8;
 ; End of false expr.
    %blend;
T_178.1;
    %assign/vec4 v000002268db69150_0, 0;
    %jmp T_178;
    .thread T_178;
    .scope S_000002268db66300;
T_179 ;
    %wait E_000002268da12c40;
    %load/vec4 v000002268db68ed0_0;
    %flag_set/vec4 8;
    %jmp/0 T_179.0, 8;
    %pushi/vec4 0, 0, 1;
    %jmp/1 T_179.1, 8;
T_179.0 ; End of true expr.
    %load/vec4 v000002268db6a4b0_0;
    %flag_set/vec4 9;
    %jmp/0 T_179.2, 9;
    %load/vec4 v000002268db6aeb0_0;
    %jmp/1 T_179.3, 9;
T_179.2 ; End of true expr.
    %load/vec4 v000002268db6b3b0_0;
    %jmp/0 T_179.3, 9;
 ; End of false expr.
    %blend;
T_179.3;
    %jmp/0 T_179.1, 8;
 ; End of false expr.
    %blend;
T_179.1;
    %assign/vec4 v000002268db6b3b0_0, 0;
    %jmp T_179;
    .thread T_179;
    .scope S_000002268db654f0;
T_180 ;
    %wait E_000002268da12c40;
    %load/vec4 v000002268db696f0_0;
    %flag_set/vec4 8;
    %jmp/0 T_180.0, 8;
    %pushi/vec4 0, 0, 1;
    %jmp/1 T_180.1, 8;
T_180.0 ; End of true expr.
    %load/vec4 v000002268db69970_0;
    %flag_set/vec4 9;
    %jmp/0 T_180.2, 9;
    %load/vec4 v000002268db6b450_0;
    %jmp/1 T_180.3, 9;
T_180.2 ; End of true expr.
    %load/vec4 v000002268db69d30_0;
    %jmp/0 T_180.3, 9;
 ; End of false expr.
    %blend;
T_180.3;
    %jmp/0 T_180.1, 8;
 ; End of false expr.
    %blend;
T_180.1;
    %assign/vec4 v000002268db69d30_0, 0;
    %jmp T_180;
    .thread T_180;
    .scope S_000002268db76bb0;
T_181 ;
    %wait E_000002268da12c40;
    %load/vec4 v000002268db6a690_0;
    %flag_set/vec4 8;
    %jmp/0 T_181.0, 8;
    %pushi/vec4 0, 0, 1;
    %jmp/1 T_181.1, 8;
T_181.0 ; End of true expr.
    %load/vec4 v000002268db6a730_0;
    %flag_set/vec4 9;
    %jmp/0 T_181.2, 9;
    %load/vec4 v000002268db6a190_0;
    %jmp/1 T_181.3, 9;
T_181.2 ; End of true expr.
    %load/vec4 v000002268db6a230_0;
    %jmp/0 T_181.3, 9;
 ; End of false expr.
    %blend;
T_181.3;
    %jmp/0 T_181.1, 8;
 ; End of false expr.
    %blend;
T_181.1;
    %assign/vec4 v000002268db6a230_0, 0;
    %jmp T_181;
    .thread T_181;
    .scope S_000002268db77060;
T_182 ;
    %wait E_000002268da12c40;
    %load/vec4 v000002268db6bf90_0;
    %flag_set/vec4 8;
    %jmp/0 T_182.0, 8;
    %pushi/vec4 0, 0, 1;
    %jmp/1 T_182.1, 8;
T_182.0 ; End of true expr.
    %load/vec4 v000002268db6c990_0;
    %flag_set/vec4 9;
    %jmp/0 T_182.2, 9;
    %load/vec4 v000002268db6b630_0;
    %jmp/1 T_182.3, 9;
T_182.2 ; End of true expr.
    %load/vec4 v000002268db6b6d0_0;
    %jmp/0 T_182.3, 9;
 ; End of false expr.
    %blend;
T_182.3;
    %jmp/0 T_182.1, 8;
 ; End of false expr.
    %blend;
T_182.1;
    %assign/vec4 v000002268db6b6d0_0, 0;
    %jmp T_182;
    .thread T_182;
    .scope S_000002268db76a20;
T_183 ;
    %wait E_000002268da12c40;
    %load/vec4 v000002268db6c030_0;
    %flag_set/vec4 8;
    %jmp/0 T_183.0, 8;
    %pushi/vec4 0, 0, 1;
    %jmp/1 T_183.1, 8;
T_183.0 ; End of true expr.
    %load/vec4 v000002268db6d610_0;
    %flag_set/vec4 9;
    %jmp/0 T_183.2, 9;
    %load/vec4 v000002268db6bb30_0;
    %jmp/1 T_183.3, 9;
T_183.2 ; End of true expr.
    %load/vec4 v000002268db6c8f0_0;
    %jmp/0 T_183.3, 9;
 ; End of false expr.
    %blend;
T_183.3;
    %jmp/0 T_183.1, 8;
 ; End of false expr.
    %blend;
T_183.1;
    %assign/vec4 v000002268db6c8f0_0, 0;
    %jmp T_183;
    .thread T_183;
    .scope S_000002268db779c0;
T_184 ;
    %wait E_000002268da12c40;
    %load/vec4 v000002268db6cf30_0;
    %flag_set/vec4 8;
    %jmp/0 T_184.0, 8;
    %pushi/vec4 0, 0, 1;
    %jmp/1 T_184.1, 8;
T_184.0 ; End of true expr.
    %load/vec4 v000002268db6c850_0;
    %flag_set/vec4 9;
    %jmp/0 T_184.2, 9;
    %load/vec4 v000002268db6ccb0_0;
    %jmp/1 T_184.3, 9;
T_184.2 ; End of true expr.
    %load/vec4 v000002268db6b8b0_0;
    %jmp/0 T_184.3, 9;
 ; End of false expr.
    %blend;
T_184.3;
    %jmp/0 T_184.1, 8;
 ; End of false expr.
    %blend;
T_184.1;
    %assign/vec4 v000002268db6b8b0_0, 0;
    %jmp T_184;
    .thread T_184;
    .scope S_000002268db76d40;
T_185 ;
    %wait E_000002268da12c40;
    %load/vec4 v000002268db6c210_0;
    %flag_set/vec4 8;
    %jmp/0 T_185.0, 8;
    %pushi/vec4 0, 0, 1;
    %jmp/1 T_185.1, 8;
T_185.0 ; End of true expr.
    %load/vec4 v000002268db6d070_0;
    %flag_set/vec4 9;
    %jmp/0 T_185.2, 9;
    %load/vec4 v000002268db6dc50_0;
    %jmp/1 T_185.3, 9;
T_185.2 ; End of true expr.
    %load/vec4 v000002268db6cd50_0;
    %jmp/0 T_185.3, 9;
 ; End of false expr.
    %blend;
T_185.3;
    %jmp/0 T_185.1, 8;
 ; End of false expr.
    %blend;
T_185.1;
    %assign/vec4 v000002268db6cd50_0, 0;
    %jmp T_185;
    .thread T_185;
    .scope S_000002268db646e0;
T_186 ;
    %wait E_000002268da12c40;
    %load/vec4 v000002268db5d440_0;
    %flag_set/vec4 8;
    %jmp/0 T_186.0, 8;
    %pushi/vec4 0, 0, 1;
    %jmp/1 T_186.1, 8;
T_186.0 ; End of true expr.
    %load/vec4 v000002268db5b820_0;
    %flag_set/vec4 9;
    %jmp/0 T_186.2, 9;
    %load/vec4 v000002268db5bdc0_0;
    %jmp/1 T_186.3, 9;
T_186.2 ; End of true expr.
    %load/vec4 v000002268db5b780_0;
    %jmp/0 T_186.3, 9;
 ; End of false expr.
    %blend;
T_186.3;
    %jmp/0 T_186.1, 8;
 ; End of false expr.
    %blend;
T_186.1;
    %assign/vec4 v000002268db5b780_0, 0;
    %jmp T_186;
    .thread T_186;
    .scope S_000002268db64b90;
T_187 ;
    %wait E_000002268da12c40;
    %load/vec4 v000002268db5bc80_0;
    %flag_set/vec4 8;
    %jmp/0 T_187.0, 8;
    %pushi/vec4 0, 0, 1;
    %jmp/1 T_187.1, 8;
T_187.0 ; End of true expr.
    %load/vec4 v000002268db5cc20_0;
    %flag_set/vec4 9;
    %jmp/0 T_187.2, 9;
    %load/vec4 v000002268db5d8a0_0;
    %jmp/1 T_187.3, 9;
T_187.2 ; End of true expr.
    %load/vec4 v000002268db5ba00_0;
    %jmp/0 T_187.3, 9;
 ; End of false expr.
    %blend;
T_187.3;
    %jmp/0 T_187.1, 8;
 ; End of false expr.
    %blend;
T_187.1;
    %assign/vec4 v000002268db5ba00_0, 0;
    %jmp T_187;
    .thread T_187;
    .scope S_000002268db64d20;
T_188 ;
    %wait E_000002268da12c40;
    %load/vec4 v000002268db5c400_0;
    %flag_set/vec4 8;
    %jmp/0 T_188.0, 8;
    %pushi/vec4 0, 0, 1;
    %jmp/1 T_188.1, 8;
T_188.0 ; End of true expr.
    %load/vec4 v000002268db5c360_0;
    %flag_set/vec4 9;
    %jmp/0 T_188.2, 9;
    %load/vec4 v000002268db5d3a0_0;
    %jmp/1 T_188.3, 9;
T_188.2 ; End of true expr.
    %load/vec4 v000002268db5d9e0_0;
    %jmp/0 T_188.3, 9;
 ; End of false expr.
    %blend;
T_188.3;
    %jmp/0 T_188.1, 8;
 ; End of false expr.
    %blend;
T_188.1;
    %assign/vec4 v000002268db5d9e0_0, 0;
    %jmp T_188;
    .thread T_188;
    .scope S_000002268db659a0;
T_189 ;
    %wait E_000002268da12c40;
    %load/vec4 v000002268db5cea0_0;
    %flag_set/vec4 8;
    %jmp/0 T_189.0, 8;
    %pushi/vec4 0, 0, 1;
    %jmp/1 T_189.1, 8;
T_189.0 ; End of true expr.
    %load/vec4 v000002268db5e840_0;
    %flag_set/vec4 9;
    %jmp/0 T_189.2, 9;
    %load/vec4 v000002268db5ca40_0;
    %jmp/1 T_189.3, 9;
T_189.2 ; End of true expr.
    %load/vec4 v000002268db5ce00_0;
    %jmp/0 T_189.3, 9;
 ; End of false expr.
    %blend;
T_189.3;
    %jmp/0 T_189.1, 8;
 ; End of false expr.
    %blend;
T_189.1;
    %assign/vec4 v000002268db5ce00_0, 0;
    %jmp T_189;
    .thread T_189;
    .scope S_000002268db651d0;
T_190 ;
    %wait E_000002268da12c40;
    %load/vec4 v000002268db5e3e0_0;
    %flag_set/vec4 8;
    %jmp/0 T_190.0, 8;
    %pushi/vec4 0, 0, 1;
    %jmp/1 T_190.1, 8;
T_190.0 ; End of true expr.
    %load/vec4 v000002268db5dd00_0;
    %flag_set/vec4 9;
    %jmp/0 T_190.2, 9;
    %load/vec4 v000002268db5eac0_0;
    %jmp/1 T_190.3, 9;
T_190.2 ; End of true expr.
    %load/vec4 v000002268db5dee0_0;
    %jmp/0 T_190.3, 9;
 ; End of false expr.
    %blend;
T_190.3;
    %jmp/0 T_190.1, 8;
 ; End of false expr.
    %blend;
T_190.1;
    %assign/vec4 v000002268db5dee0_0, 0;
    %jmp T_190;
    .thread T_190;
    .scope S_000002268db65680;
T_191 ;
    %wait E_000002268da12c40;
    %load/vec4 v000002268db6af50_0;
    %flag_set/vec4 8;
    %jmp/0 T_191.0, 8;
    %pushi/vec4 0, 0, 1;
    %jmp/1 T_191.1, 8;
T_191.0 ; End of true expr.
    %load/vec4 v000002268db6b310_0;
    %flag_set/vec4 9;
    %jmp/0 T_191.2, 9;
    %load/vec4 v000002268db69b50_0;
    %jmp/1 T_191.3, 9;
T_191.2 ; End of true expr.
    %load/vec4 v000002268db690b0_0;
    %jmp/0 T_191.3, 9;
 ; End of false expr.
    %blend;
T_191.3;
    %jmp/0 T_191.1, 8;
 ; End of false expr.
    %blend;
T_191.1;
    %assign/vec4 v000002268db690b0_0, 0;
    %jmp T_191;
    .thread T_191;
    .scope S_000002268db77510;
T_192 ;
    %wait E_000002268da12c40;
    %load/vec4 v000002268db6e010_0;
    %flag_set/vec4 8;
    %jmp/0 T_192.0, 8;
    %pushi/vec4 0, 0, 1;
    %jmp/1 T_192.1, 8;
T_192.0 ; End of true expr.
    %load/vec4 v000002268db6fc30_0;
    %flag_set/vec4 9;
    %jmp/0 T_192.2, 9;
    %load/vec4 v000002268db6e330_0;
    %jmp/1 T_192.3, 9;
T_192.2 ; End of true expr.
    %load/vec4 v000002268db6e3d0_0;
    %jmp/0 T_192.3, 9;
 ; End of false expr.
    %blend;
T_192.3;
    %jmp/0 T_192.1, 8;
 ; End of false expr.
    %blend;
T_192.1;
    %assign/vec4 v000002268db6e3d0_0, 0;
    %jmp T_192;
    .thread T_192;
    .scope S_000002268db76570;
T_193 ;
    %wait E_000002268da12c40;
    %load/vec4 v000002268db6e150_0;
    %flag_set/vec4 8;
    %jmp/0 T_193.0, 8;
    %pushi/vec4 0, 0, 1;
    %jmp/1 T_193.1, 8;
T_193.0 ; End of true expr.
    %load/vec4 v000002268db6faf0_0;
    %flag_set/vec4 9;
    %jmp/0 T_193.2, 9;
    %load/vec4 v000002268db6ff50_0;
    %jmp/1 T_193.3, 9;
T_193.2 ; End of true expr.
    %load/vec4 v000002268db6ed30_0;
    %jmp/0 T_193.3, 9;
 ; End of false expr.
    %blend;
T_193.3;
    %jmp/0 T_193.1, 8;
 ; End of false expr.
    %blend;
T_193.1;
    %assign/vec4 v000002268db6ed30_0, 0;
    %jmp T_193;
    .thread T_193;
    .scope S_000002268db7c030;
T_194 ;
    %wait E_000002268da12c40;
    %load/vec4 v000002268db710d0_0;
    %flag_set/vec4 8;
    %jmp/0 T_194.0, 8;
    %pushi/vec4 0, 0, 1;
    %jmp/1 T_194.1, 8;
T_194.0 ; End of true expr.
    %load/vec4 v000002268db71170_0;
    %flag_set/vec4 9;
    %jmp/0 T_194.2, 9;
    %load/vec4 v000002268db71ad0_0;
    %jmp/1 T_194.3, 9;
T_194.2 ; End of true expr.
    %load/vec4 v000002268db70630_0;
    %jmp/0 T_194.3, 9;
 ; End of false expr.
    %blend;
T_194.3;
    %jmp/0 T_194.1, 8;
 ; End of false expr.
    %blend;
T_194.1;
    %assign/vec4 v000002268db70630_0, 0;
    %jmp T_194;
    .thread T_194;
    .scope S_000002268db7ad70;
T_195 ;
    %wait E_000002268da12c40;
    %load/vec4 v000002268db74870_0;
    %flag_set/vec4 8;
    %jmp/0 T_195.0, 8;
    %pushi/vec4 0, 0, 1;
    %jmp/1 T_195.1, 8;
T_195.0 ; End of true expr.
    %load/vec4 v000002268db73fb0_0;
    %flag_set/vec4 9;
    %jmp/0 T_195.2, 9;
    %load/vec4 v000002268db73c90_0;
    %jmp/1 T_195.3, 9;
T_195.2 ; End of true expr.
    %load/vec4 v000002268db74410_0;
    %jmp/0 T_195.3, 9;
 ; End of false expr.
    %blend;
T_195.3;
    %jmp/0 T_195.1, 8;
 ; End of false expr.
    %blend;
T_195.1;
    %assign/vec4 v000002268db74410_0, 0;
    %jmp T_195;
    .thread T_195;
    .scope S_000002268db7b6d0;
T_196 ;
    %wait E_000002268da12c40;
    %load/vec4 v000002268db731f0_0;
    %flag_set/vec4 8;
    %jmp/0 T_196.0, 8;
    %pushi/vec4 0, 0, 1;
    %jmp/1 T_196.1, 8;
T_196.0 ; End of true expr.
    %load/vec4 v000002268db73bf0_0;
    %flag_set/vec4 9;
    %jmp/0 T_196.2, 9;
    %load/vec4 v000002268db72d90_0;
    %jmp/1 T_196.3, 9;
T_196.2 ; End of true expr.
    %load/vec4 v000002268db74d70_0;
    %jmp/0 T_196.3, 9;
 ; End of false expr.
    %blend;
T_196.3;
    %jmp/0 T_196.1, 8;
 ; End of false expr.
    %blend;
T_196.1;
    %assign/vec4 v000002268db74d70_0, 0;
    %jmp T_196;
    .thread T_196;
    .scope S_000002268db7bd10;
T_197 ;
    %wait E_000002268da12c40;
    %load/vec4 v000002268db74690_0;
    %flag_set/vec4 8;
    %jmp/0 T_197.0, 8;
    %pushi/vec4 0, 0, 1;
    %jmp/1 T_197.1, 8;
T_197.0 ; End of true expr.
    %load/vec4 v000002268db747d0_0;
    %flag_set/vec4 9;
    %jmp/0 T_197.2, 9;
    %load/vec4 v000002268db744b0_0;
    %jmp/1 T_197.3, 9;
T_197.2 ; End of true expr.
    %load/vec4 v000002268db74550_0;
    %jmp/0 T_197.3, 9;
 ; End of false expr.
    %blend;
T_197.3;
    %jmp/0 T_197.1, 8;
 ; End of false expr.
    %blend;
T_197.1;
    %assign/vec4 v000002268db74550_0, 0;
    %jmp T_197;
    .thread T_197;
    .scope S_000002268db7c1c0;
T_198 ;
    %wait E_000002268da12c40;
    %load/vec4 v000002268db73150_0;
    %flag_set/vec4 8;
    %jmp/0 T_198.0, 8;
    %pushi/vec4 0, 0, 1;
    %jmp/1 T_198.1, 8;
T_198.0 ; End of true expr.
    %load/vec4 v000002268db73970_0;
    %flag_set/vec4 9;
    %jmp/0 T_198.2, 9;
    %load/vec4 v000002268db74c30_0;
    %jmp/1 T_198.3, 9;
T_198.2 ; End of true expr.
    %load/vec4 v000002268db738d0_0;
    %jmp/0 T_198.3, 9;
 ; End of false expr.
    %blend;
T_198.3;
    %jmp/0 T_198.1, 8;
 ; End of false expr.
    %blend;
T_198.1;
    %assign/vec4 v000002268db738d0_0, 0;
    %jmp T_198;
    .thread T_198;
    .scope S_000002268db7a8c0;
T_199 ;
    %wait E_000002268da12c40;
    %load/vec4 v000002268db73510_0;
    %flag_set/vec4 8;
    %jmp/0 T_199.0, 8;
    %pushi/vec4 0, 0, 1;
    %jmp/1 T_199.1, 8;
T_199.0 ; End of true expr.
    %load/vec4 v000002268db75590_0;
    %flag_set/vec4 9;
    %jmp/0 T_199.2, 9;
    %load/vec4 v000002268db754f0_0;
    %jmp/1 T_199.3, 9;
T_199.2 ; End of true expr.
    %load/vec4 v000002268db73470_0;
    %jmp/0 T_199.3, 9;
 ; End of false expr.
    %blend;
T_199.3;
    %jmp/0 T_199.1, 8;
 ; End of false expr.
    %blend;
T_199.1;
    %assign/vec4 v000002268db73470_0, 0;
    %jmp T_199;
    .thread T_199;
    .scope S_000002268db84a70;
T_200 ;
    %wait E_000002268da12c40;
    %load/vec4 v000002268db75a90_0;
    %flag_set/vec4 8;
    %jmp/0 T_200.0, 8;
    %pushi/vec4 0, 0, 1;
    %jmp/1 T_200.1, 8;
T_200.0 ; End of true expr.
    %load/vec4 v000002268db75c70_0;
    %flag_set/vec4 9;
    %jmp/0 T_200.2, 9;
    %load/vec4 v000002268db75770_0;
    %jmp/1 T_200.3, 9;
T_200.2 ; End of true expr.
    %load/vec4 v000002268db75b30_0;
    %jmp/0 T_200.3, 9;
 ; End of false expr.
    %blend;
T_200.3;
    %jmp/0 T_200.1, 8;
 ; End of false expr.
    %blend;
T_200.1;
    %assign/vec4 v000002268db75b30_0, 0;
    %jmp T_200;
    .thread T_200;
    .scope S_000002268db84c00;
T_201 ;
    %wait E_000002268da12c40;
    %load/vec4 v000002268db67490_0;
    %flag_set/vec4 8;
    %jmp/0 T_201.0, 8;
    %pushi/vec4 0, 0, 1;
    %jmp/1 T_201.1, 8;
T_201.0 ; End of true expr.
    %load/vec4 v000002268db68cf0_0;
    %flag_set/vec4 9;
    %jmp/0 T_201.2, 9;
    %load/vec4 v000002268db68c50_0;
    %jmp/1 T_201.3, 9;
T_201.2 ; End of true expr.
    %load/vec4 v000002268db67cb0_0;
    %jmp/0 T_201.3, 9;
 ; End of false expr.
    %blend;
T_201.3;
    %jmp/0 T_201.1, 8;
 ; End of false expr.
    %blend;
T_201.1;
    %assign/vec4 v000002268db67cb0_0, 0;
    %jmp T_201;
    .thread T_201;
    .scope S_000002268db776a0;
T_202 ;
    %wait E_000002268da12c40;
    %load/vec4 v000002268db6fe10_0;
    %flag_set/vec4 8;
    %jmp/0 T_202.0, 8;
    %pushi/vec4 0, 0, 1;
    %jmp/1 T_202.1, 8;
T_202.0 ; End of true expr.
    %load/vec4 v000002268db6e830_0;
    %flag_set/vec4 9;
    %jmp/0 T_202.2, 9;
    %load/vec4 v000002268db6e650_0;
    %jmp/1 T_202.3, 9;
T_202.2 ; End of true expr.
    %load/vec4 v000002268db6e790_0;
    %jmp/0 T_202.3, 9;
 ; End of false expr.
    %blend;
T_202.3;
    %jmp/0 T_202.1, 8;
 ; End of false expr.
    %blend;
T_202.1;
    %assign/vec4 v000002268db6e790_0, 0;
    %jmp T_202;
    .thread T_202;
    .scope S_000002268db77b50;
T_203 ;
    %wait E_000002268da12c40;
    %load/vec4 v000002268db6ef10_0;
    %flag_set/vec4 8;
    %jmp/0 T_203.0, 8;
    %pushi/vec4 0, 0, 1;
    %jmp/1 T_203.1, 8;
T_203.0 ; End of true expr.
    %load/vec4 v000002268db6f050_0;
    %flag_set/vec4 9;
    %jmp/0 T_203.2, 9;
    %load/vec4 v000002268db6ea10_0;
    %jmp/1 T_203.3, 9;
T_203.2 ; End of true expr.
    %load/vec4 v000002268db70310_0;
    %jmp/0 T_203.3, 9;
 ; End of false expr.
    %blend;
T_203.3;
    %jmp/0 T_203.1, 8;
 ; End of false expr.
    %blend;
T_203.1;
    %assign/vec4 v000002268db70310_0, 0;
    %jmp T_203;
    .thread T_203;
    .scope S_000002268db7b3b0;
T_204 ;
    %wait E_000002268da12c40;
    %load/vec4 v000002268db727f0_0;
    %flag_set/vec4 8;
    %jmp/0 T_204.0, 8;
    %pushi/vec4 0, 0, 1;
    %jmp/1 T_204.1, 8;
T_204.0 ; End of true expr.
    %load/vec4 v000002268db71710_0;
    %flag_set/vec4 9;
    %jmp/0 T_204.2, 9;
    %load/vec4 v000002268db6fa50_0;
    %jmp/1 T_204.3, 9;
T_204.2 ; End of true expr.
    %load/vec4 v000002268db724d0_0;
    %jmp/0 T_204.3, 9;
 ; End of false expr.
    %blend;
T_204.3;
    %jmp/0 T_204.1, 8;
 ; End of false expr.
    %blend;
T_204.1;
    %assign/vec4 v000002268db724d0_0, 0;
    %jmp T_204;
    .thread T_204;
    .scope S_000002268db7af00;
T_205 ;
    %wait E_000002268da12c40;
    %load/vec4 v000002268db72890_0;
    %flag_set/vec4 8;
    %jmp/0 T_205.0, 8;
    %pushi/vec4 0, 0, 1;
    %jmp/1 T_205.1, 8;
T_205.0 ; End of true expr.
    %load/vec4 v000002268db71b70_0;
    %flag_set/vec4 9;
    %jmp/0 T_205.2, 9;
    %load/vec4 v000002268db72610_0;
    %jmp/1 T_205.3, 9;
T_205.2 ; End of true expr.
    %load/vec4 v000002268db72070_0;
    %jmp/0 T_205.3, 9;
 ; End of false expr.
    %blend;
T_205.3;
    %jmp/0 T_205.1, 8;
 ; End of false expr.
    %blend;
T_205.1;
    %assign/vec4 v000002268db72070_0, 0;
    %jmp T_205;
    .thread T_205;
    .scope S_000002268db7a5a0;
T_206 ;
    %wait E_000002268da12c40;
    %load/vec4 v000002268db71df0_0;
    %flag_set/vec4 8;
    %jmp/0 T_206.0, 8;
    %pushi/vec4 0, 0, 1;
    %jmp/1 T_206.1, 8;
T_206.0 ; End of true expr.
    %load/vec4 v000002268db70c70_0;
    %flag_set/vec4 9;
    %jmp/0 T_206.2, 9;
    %load/vec4 v000002268db70810_0;
    %jmp/1 T_206.3, 9;
T_206.2 ; End of true expr.
    %load/vec4 v000002268db70e50_0;
    %jmp/0 T_206.3, 9;
 ; End of false expr.
    %blend;
T_206.3;
    %jmp/0 T_206.1, 8;
 ; End of false expr.
    %blend;
T_206.1;
    %assign/vec4 v000002268db70e50_0, 0;
    %jmp T_206;
    .thread T_206;
    .scope S_000002268db7b090;
T_207 ;
    %wait E_000002268da12c40;
    %load/vec4 v000002268db72bb0_0;
    %flag_set/vec4 8;
    %jmp/0 T_207.0, 8;
    %pushi/vec4 0, 0, 1;
    %jmp/1 T_207.1, 8;
T_207.0 ; End of true expr.
    %load/vec4 v000002268db70b30_0;
    %flag_set/vec4 9;
    %jmp/0 T_207.2, 9;
    %load/vec4 v000002268db70f90_0;
    %jmp/1 T_207.3, 9;
T_207.2 ; End of true expr.
    %load/vec4 v000002268db71f30_0;
    %jmp/0 T_207.3, 9;
 ; End of false expr.
    %blend;
T_207.3;
    %jmp/0 T_207.1, 8;
 ; End of false expr.
    %blend;
T_207.1;
    %assign/vec4 v000002268db71f30_0, 0;
    %jmp T_207;
    .thread T_207;
    .scope S_000002268db85240;
T_208 ;
    %wait E_000002268da12c40;
    %load/vec4 v000002268db67ad0_0;
    %flag_set/vec4 8;
    %jmp/0 T_208.0, 8;
    %pushi/vec4 0, 0, 1;
    %jmp/1 T_208.1, 8;
T_208.0 ; End of true expr.
    %load/vec4 v000002268db686b0_0;
    %flag_set/vec4 9;
    %jmp/0 T_208.2, 9;
    %load/vec4 v000002268db68110_0;
    %jmp/1 T_208.3, 9;
T_208.2 ; End of true expr.
    %load/vec4 v000002268db68bb0_0;
    %jmp/0 T_208.3, 9;
 ; End of false expr.
    %blend;
T_208.3;
    %jmp/0 T_208.1, 8;
 ; End of false expr.
    %blend;
T_208.1;
    %assign/vec4 v000002268db68bb0_0, 0;
    %jmp T_208;
    .thread T_208;
    .scope S_000002268db845c0;
T_209 ;
    %wait E_000002268da12c40;
    %load/vec4 v000002268db681b0_0;
    %flag_set/vec4 8;
    %jmp/0 T_209.0, 8;
    %pushi/vec4 0, 0, 1;
    %jmp/1 T_209.1, 8;
T_209.0 ; End of true expr.
    %load/vec4 v000002268db689d0_0;
    %flag_set/vec4 9;
    %jmp/0 T_209.2, 9;
    %load/vec4 v000002268db68570_0;
    %jmp/1 T_209.3, 9;
T_209.2 ; End of true expr.
    %load/vec4 v000002268db669f0_0;
    %jmp/0 T_209.3, 9;
 ; End of false expr.
    %blend;
T_209.3;
    %jmp/0 T_209.1, 8;
 ; End of false expr.
    %blend;
T_209.1;
    %assign/vec4 v000002268db669f0_0, 0;
    %jmp T_209;
    .thread T_209;
    .scope S_000002268db97350;
T_210 ;
    %wait E_000002268da12c40;
    %load/vec4 v000002268db8b3d0_0;
    %flag_set/vec4 8;
    %jmp/0 T_210.0, 8;
    %pushi/vec4 0, 0, 1;
    %jmp/1 T_210.1, 8;
T_210.0 ; End of true expr.
    %load/vec4 v000002268db8b790_0;
    %flag_set/vec4 9;
    %jmp/0 T_210.2, 9;
    %load/vec4 v000002268db8a2f0_0;
    %jmp/1 T_210.3, 9;
T_210.2 ; End of true expr.
    %load/vec4 v000002268db89530_0;
    %jmp/0 T_210.3, 9;
 ; End of false expr.
    %blend;
T_210.3;
    %jmp/0 T_210.1, 8;
 ; End of false expr.
    %blend;
T_210.1;
    %assign/vec4 v000002268db89530_0, 0;
    %jmp T_210;
    .thread T_210;
    .scope S_000002268db99a60;
T_211 ;
    %wait E_000002268da12c40;
    %load/vec4 v000002268db8a610_0;
    %flag_set/vec4 8;
    %jmp/0 T_211.0, 8;
    %pushi/vec4 0, 0, 1;
    %jmp/1 T_211.1, 8;
T_211.0 ; End of true expr.
    %load/vec4 v000002268db8b150_0;
    %flag_set/vec4 9;
    %jmp/0 T_211.2, 9;
    %load/vec4 v000002268db898f0_0;
    %jmp/1 T_211.3, 9;
T_211.2 ; End of true expr.
    %load/vec4 v000002268db8b010_0;
    %jmp/0 T_211.3, 9;
 ; End of false expr.
    %blend;
T_211.3;
    %jmp/0 T_211.1, 8;
 ; End of false expr.
    %blend;
T_211.1;
    %assign/vec4 v000002268db8b010_0, 0;
    %jmp T_211;
    .thread T_211;
    .scope S_000002268db99bf0;
T_212 ;
    %wait E_000002268da12c40;
    %load/vec4 v000002268db8aa70_0;
    %flag_set/vec4 8;
    %jmp/0 T_212.0, 8;
    %pushi/vec4 0, 0, 1;
    %jmp/1 T_212.1, 8;
T_212.0 ; End of true expr.
    %load/vec4 v000002268db892b0_0;
    %flag_set/vec4 9;
    %jmp/0 T_212.2, 9;
    %load/vec4 v000002268db8a930_0;
    %jmp/1 T_212.3, 9;
T_212.2 ; End of true expr.
    %load/vec4 v000002268db8b1f0_0;
    %jmp/0 T_212.3, 9;
 ; End of false expr.
    %blend;
T_212.3;
    %jmp/0 T_212.1, 8;
 ; End of false expr.
    %blend;
T_212.1;
    %assign/vec4 v000002268db8b1f0_0, 0;
    %jmp T_212;
    .thread T_212;
    .scope S_000002268db974e0;
T_213 ;
    %wait E_000002268da12c40;
    %load/vec4 v000002268db8b470_0;
    %flag_set/vec4 8;
    %jmp/0 T_213.0, 8;
    %pushi/vec4 0, 0, 1;
    %jmp/1 T_213.1, 8;
T_213.0 ; End of true expr.
    %load/vec4 v000002268db89cb0_0;
    %flag_set/vec4 9;
    %jmp/0 T_213.2, 9;
    %load/vec4 v000002268db89490_0;
    %jmp/1 T_213.3, 9;
T_213.2 ; End of true expr.
    %load/vec4 v000002268db897b0_0;
    %jmp/0 T_213.3, 9;
 ; End of false expr.
    %blend;
T_213.3;
    %jmp/0 T_213.1, 8;
 ; End of false expr.
    %blend;
T_213.1;
    %assign/vec4 v000002268db897b0_0, 0;
    %jmp T_213;
    .thread T_213;
    .scope S_000002268db97670;
T_214 ;
    %wait E_000002268da12c40;
    %load/vec4 v000002268db8c870_0;
    %flag_set/vec4 8;
    %jmp/0 T_214.0, 8;
    %pushi/vec4 0, 0, 1;
    %jmp/1 T_214.1, 8;
T_214.0 ; End of true expr.
    %load/vec4 v000002268db8e170_0;
    %flag_set/vec4 9;
    %jmp/0 T_214.2, 9;
    %load/vec4 v000002268db8b5b0_0;
    %jmp/1 T_214.3, 9;
T_214.2 ; End of true expr.
    %load/vec4 v000002268db8d130_0;
    %jmp/0 T_214.3, 9;
 ; End of false expr.
    %blend;
T_214.3;
    %jmp/0 T_214.1, 8;
 ; End of false expr.
    %blend;
T_214.1;
    %assign/vec4 v000002268db8d130_0, 0;
    %jmp T_214;
    .thread T_214;
    .scope S_000002268db987a0;
T_215 ;
    %wait E_000002268da12c40;
    %load/vec4 v000002268db8cc30_0;
    %flag_set/vec4 8;
    %jmp/0 T_215.0, 8;
    %pushi/vec4 0, 0, 1;
    %jmp/1 T_215.1, 8;
T_215.0 ; End of true expr.
    %load/vec4 v000002268db8c050_0;
    %flag_set/vec4 9;
    %jmp/0 T_215.2, 9;
    %load/vec4 v000002268db8e030_0;
    %jmp/1 T_215.3, 9;
T_215.2 ; End of true expr.
    %load/vec4 v000002268db8cf50_0;
    %jmp/0 T_215.3, 9;
 ; End of false expr.
    %blend;
T_215.3;
    %jmp/0 T_215.1, 8;
 ; End of false expr.
    %blend;
T_215.1;
    %assign/vec4 v000002268db8cf50_0, 0;
    %jmp T_215;
    .thread T_215;
    .scope S_000002268db9a550;
T_216 ;
    %wait E_000002268da12c40;
    %load/vec4 v000002268db8d9f0_0;
    %flag_set/vec4 8;
    %jmp/0 T_216.0, 8;
    %pushi/vec4 0, 0, 1;
    %jmp/1 T_216.1, 8;
T_216.0 ; End of true expr.
    %load/vec4 v000002268db8be70_0;
    %flag_set/vec4 9;
    %jmp/0 T_216.2, 9;
    %load/vec4 v000002268db8ba10_0;
    %jmp/1 T_216.3, 9;
T_216.2 ; End of true expr.
    %load/vec4 v000002268db8cd70_0;
    %jmp/0 T_216.3, 9;
 ; End of false expr.
    %blend;
T_216.3;
    %jmp/0 T_216.1, 8;
 ; End of false expr.
    %blend;
T_216.1;
    %assign/vec4 v000002268db8cd70_0, 0;
    %jmp T_216;
    .thread T_216;
    .scope S_000002268db9a6e0;
T_217 ;
    %wait E_000002268da12c40;
    %load/vec4 v000002268db8da90_0;
    %flag_set/vec4 8;
    %jmp/0 T_217.0, 8;
    %pushi/vec4 0, 0, 1;
    %jmp/1 T_217.1, 8;
T_217.0 ; End of true expr.
    %load/vec4 v000002268db8c5f0_0;
    %flag_set/vec4 9;
    %jmp/0 T_217.2, 9;
    %load/vec4 v000002268db8c2d0_0;
    %jmp/1 T_217.3, 9;
T_217.2 ; End of true expr.
    %load/vec4 v000002268db8bb50_0;
    %jmp/0 T_217.3, 9;
 ; End of false expr.
    %blend;
T_217.3;
    %jmp/0 T_217.1, 8;
 ; End of false expr.
    %blend;
T_217.1;
    %assign/vec4 v000002268db8bb50_0, 0;
    %jmp T_217;
    .thread T_217;
    .scope S_000002268db85560;
T_218 ;
    %wait E_000002268da12c40;
    %load/vec4 v000002268db66e50_0;
    %flag_set/vec4 8;
    %jmp/0 T_218.0, 8;
    %pushi/vec4 0, 0, 1;
    %jmp/1 T_218.1, 8;
T_218.0 ; End of true expr.
    %load/vec4 v000002268db68430_0;
    %flag_set/vec4 9;
    %jmp/0 T_218.2, 9;
    %load/vec4 v000002268db67df0_0;
    %jmp/1 T_218.3, 9;
T_218.2 ; End of true expr.
    %load/vec4 v000002268db66db0_0;
    %jmp/0 T_218.3, 9;
 ; End of false expr.
    %blend;
T_218.3;
    %jmp/0 T_218.1, 8;
 ; End of false expr.
    %blend;
T_218.1;
    %assign/vec4 v000002268db66db0_0, 0;
    %jmp T_218;
    .thread T_218;
    .scope S_000002268db861e0;
T_219 ;
    %wait E_000002268da12c40;
    %load/vec4 v000002268db879b0_0;
    %flag_set/vec4 8;
    %jmp/0 T_219.0, 8;
    %pushi/vec4 0, 0, 1;
    %jmp/1 T_219.1, 8;
T_219.0 ; End of true expr.
    %load/vec4 v000002268db86a10_0;
    %flag_set/vec4 9;
    %jmp/0 T_219.2, 9;
    %load/vec4 v000002268db886d0_0;
    %jmp/1 T_219.3, 9;
T_219.2 ; End of true expr.
    %load/vec4 v000002268db87cd0_0;
    %jmp/0 T_219.3, 9;
 ; End of false expr.
    %blend;
T_219.3;
    %jmp/0 T_219.1, 8;
 ; End of false expr.
    %blend;
T_219.1;
    %assign/vec4 v000002268db87cd0_0, 0;
    %jmp T_219;
    .thread T_219;
    .scope S_000002268db856f0;
T_220 ;
    %wait E_000002268da12c40;
    %load/vec4 v000002268db87ff0_0;
    %flag_set/vec4 8;
    %jmp/0 T_220.0, 8;
    %pushi/vec4 0, 0, 1;
    %jmp/1 T_220.1, 8;
T_220.0 ; End of true expr.
    %load/vec4 v000002268db87370_0;
    %flag_set/vec4 9;
    %jmp/0 T_220.2, 9;
    %load/vec4 v000002268db87d70_0;
    %jmp/1 T_220.3, 9;
T_220.2 ; End of true expr.
    %load/vec4 v000002268db875f0_0;
    %jmp/0 T_220.3, 9;
 ; End of false expr.
    %blend;
T_220.3;
    %jmp/0 T_220.1, 8;
 ; End of false expr.
    %blend;
T_220.1;
    %assign/vec4 v000002268db875f0_0, 0;
    %jmp T_220;
    .thread T_220;
    .scope S_000002268db85880;
T_221 ;
    %wait E_000002268da12c40;
    %load/vec4 v000002268db89030_0;
    %flag_set/vec4 8;
    %jmp/0 T_221.0, 8;
    %pushi/vec4 0, 0, 1;
    %jmp/1 T_221.1, 8;
T_221.0 ; End of true expr.
    %load/vec4 v000002268db88130_0;
    %flag_set/vec4 9;
    %jmp/0 T_221.2, 9;
    %load/vec4 v000002268db86b50_0;
    %jmp/1 T_221.3, 9;
T_221.2 ; End of true expr.
    %load/vec4 v000002268db89170_0;
    %jmp/0 T_221.3, 9;
 ; End of false expr.
    %blend;
T_221.3;
    %jmp/0 T_221.1, 8;
 ; End of false expr.
    %blend;
T_221.1;
    %assign/vec4 v000002268db89170_0, 0;
    %jmp T_221;
    .thread T_221;
    .scope S_000002268db85d30;
T_222 ;
    %wait E_000002268da12c40;
    %load/vec4 v000002268db88ef0_0;
    %flag_set/vec4 8;
    %jmp/0 T_222.0, 8;
    %pushi/vec4 0, 0, 1;
    %jmp/1 T_222.1, 8;
T_222.0 ; End of true expr.
    %load/vec4 v000002268db88a90_0;
    %flag_set/vec4 9;
    %jmp/0 T_222.2, 9;
    %load/vec4 v000002268db88310_0;
    %jmp/1 T_222.3, 9;
T_222.2 ; End of true expr.
    %load/vec4 v000002268db87af0_0;
    %jmp/0 T_222.3, 9;
 ; End of false expr.
    %blend;
T_222.3;
    %jmp/0 T_222.1, 8;
 ; End of false expr.
    %blend;
T_222.1;
    %assign/vec4 v000002268db87af0_0, 0;
    %jmp T_222;
    .thread T_222;
    .scope S_000002268db86370;
T_223 ;
    %wait E_000002268da12c40;
    %load/vec4 v000002268db88b30_0;
    %flag_set/vec4 8;
    %jmp/0 T_223.0, 8;
    %pushi/vec4 0, 0, 1;
    %jmp/1 T_223.1, 8;
T_223.0 ; End of true expr.
    %load/vec4 v000002268db87050_0;
    %flag_set/vec4 9;
    %jmp/0 T_223.2, 9;
    %load/vec4 v000002268db88590_0;
    %jmp/1 T_223.3, 9;
T_223.2 ; End of true expr.
    %load/vec4 v000002268db88630_0;
    %jmp/0 T_223.3, 9;
 ; End of false expr.
    %blend;
T_223.3;
    %jmp/0 T_223.1, 8;
 ; End of false expr.
    %blend;
T_223.1;
    %assign/vec4 v000002268db88630_0, 0;
    %jmp T_223;
    .thread T_223;
    .scope S_000002268db98610;
T_224 ;
    %wait E_000002268da12c40;
    %load/vec4 v000002268db8ee90_0;
    %flag_set/vec4 8;
    %jmp/0 T_224.0, 8;
    %pushi/vec4 0, 0, 1;
    %jmp/1 T_224.1, 8;
T_224.0 ; End of true expr.
    %load/vec4 v000002268db90150_0;
    %flag_set/vec4 9;
    %jmp/0 T_224.2, 9;
    %load/vec4 v000002268db8d6d0_0;
    %jmp/1 T_224.3, 9;
T_224.2 ; End of true expr.
    %load/vec4 v000002268db8ed50_0;
    %jmp/0 T_224.3, 9;
 ; End of false expr.
    %blend;
T_224.3;
    %jmp/0 T_224.1, 8;
 ; End of false expr.
    %blend;
T_224.1;
    %assign/vec4 v000002268db8ed50_0, 0;
    %jmp T_224;
    .thread T_224;
    .scope S_000002268db98ac0;
T_225 ;
    %wait E_000002268da12c40;
    %load/vec4 v000002268db8e490_0;
    %flag_set/vec4 8;
    %jmp/0 T_225.0, 8;
    %pushi/vec4 0, 0, 1;
    %jmp/1 T_225.1, 8;
T_225.0 ; End of true expr.
    %load/vec4 v000002268db900b0_0;
    %flag_set/vec4 9;
    %jmp/0 T_225.2, 9;
    %load/vec4 v000002268db8f750_0;
    %jmp/1 T_225.3, 9;
T_225.2 ; End of true expr.
    %load/vec4 v000002268db90970_0;
    %jmp/0 T_225.3, 9;
 ; End of false expr.
    %blend;
T_225.3;
    %jmp/0 T_225.1, 8;
 ; End of false expr.
    %blend;
T_225.1;
    %assign/vec4 v000002268db90970_0, 0;
    %jmp T_225;
    .thread T_225;
    .scope S_000002268db971c0;
T_226 ;
    %wait E_000002268da12c40;
    %load/vec4 v000002268db91e10_0;
    %flag_set/vec4 8;
    %jmp/0 T_226.0, 8;
    %pushi/vec4 0, 0, 1;
    %jmp/1 T_226.1, 8;
T_226.0 ; End of true expr.
    %load/vec4 v000002268db91730_0;
    %flag_set/vec4 9;
    %jmp/0 T_226.2, 9;
    %load/vec4 v000002268db90c90_0;
    %jmp/1 T_226.3, 9;
T_226.2 ; End of true expr.
    %load/vec4 v000002268db90d30_0;
    %jmp/0 T_226.3, 9;
 ; End of false expr.
    %blend;
T_226.3;
    %jmp/0 T_226.1, 8;
 ; End of false expr.
    %blend;
T_226.1;
    %assign/vec4 v000002268db90d30_0, 0;
    %jmp T_226;
    .thread T_226;
    .scope S_000002268db99f10;
T_227 ;
    %wait E_000002268da12c40;
    %load/vec4 v000002268db928b0_0;
    %flag_set/vec4 8;
    %jmp/0 T_227.0, 8;
    %pushi/vec4 0, 0, 1;
    %jmp/1 T_227.1, 8;
T_227.0 ; End of true expr.
    %load/vec4 v000002268db958d0_0;
    %flag_set/vec4 9;
    %jmp/0 T_227.2, 9;
    %load/vec4 v000002268db91eb0_0;
    %jmp/1 T_227.3, 9;
T_227.2 ; End of true expr.
    %load/vec4 v000002268db91f50_0;
    %jmp/0 T_227.3, 9;
 ; End of false expr.
    %blend;
T_227.3;
    %jmp/0 T_227.1, 8;
 ; End of false expr.
    %blend;
T_227.1;
    %assign/vec4 v000002268db91f50_0, 0;
    %jmp T_227;
    .thread T_227;
    .scope S_000002268db9a0a0;
T_228 ;
    %wait E_000002268da12c40;
    %load/vec4 v000002268db938f0_0;
    %flag_set/vec4 8;
    %jmp/0 T_228.0, 8;
    %pushi/vec4 0, 0, 1;
    %jmp/1 T_228.1, 8;
T_228.0 ; End of true expr.
    %load/vec4 v000002268db93fd0_0;
    %flag_set/vec4 9;
    %jmp/0 T_228.2, 9;
    %load/vec4 v000002268db94cf0_0;
    %jmp/1 T_228.3, 9;
T_228.2 ; End of true expr.
    %load/vec4 v000002268db93210_0;
    %jmp/0 T_228.3, 9;
 ; End of false expr.
    %blend;
T_228.3;
    %jmp/0 T_228.1, 8;
 ; End of false expr.
    %blend;
T_228.1;
    %assign/vec4 v000002268db93210_0, 0;
    %jmp T_228;
    .thread T_228;
    .scope S_000002268dba54f0;
T_229 ;
    %wait E_000002268da12c40;
    %load/vec4 v000002268db93e90_0;
    %flag_set/vec4 8;
    %jmp/0 T_229.0, 8;
    %pushi/vec4 0, 0, 1;
    %jmp/1 T_229.1, 8;
T_229.0 ; End of true expr.
    %load/vec4 v000002268db94610_0;
    %flag_set/vec4 9;
    %jmp/0 T_229.2, 9;
    %load/vec4 v000002268db937b0_0;
    %jmp/1 T_229.3, 9;
T_229.2 ; End of true expr.
    %load/vec4 v000002268db93350_0;
    %jmp/0 T_229.3, 9;
 ; End of false expr.
    %blend;
T_229.3;
    %jmp/0 T_229.1, 8;
 ; End of false expr.
    %blend;
T_229.1;
    %assign/vec4 v000002268db93350_0, 0;
    %jmp T_229;
    .thread T_229;
    .scope S_000002268dba59a0;
T_230 ;
    %wait E_000002268da12c40;
    %load/vec4 v000002268db942f0_0;
    %flag_set/vec4 8;
    %jmp/0 T_230.0, 8;
    %pushi/vec4 0, 0, 1;
    %jmp/1 T_230.1, 8;
T_230.0 ; End of true expr.
    %load/vec4 v000002268db95290_0;
    %flag_set/vec4 9;
    %jmp/0 T_230.2, 9;
    %load/vec4 v000002268db93710_0;
    %jmp/1 T_230.3, 9;
T_230.2 ; End of true expr.
    %load/vec4 v000002268db94570_0;
    %jmp/0 T_230.3, 9;
 ; End of false expr.
    %blend;
T_230.3;
    %jmp/0 T_230.1, 8;
 ; End of false expr.
    %blend;
T_230.1;
    %assign/vec4 v000002268db94570_0, 0;
    %jmp T_230;
    .thread T_230;
    .scope S_000002268dba8880;
T_231 ;
    %wait E_000002268da12c40;
    %load/vec4 v000002268db94890_0;
    %flag_set/vec4 8;
    %jmp/0 T_231.0, 8;
    %pushi/vec4 0, 0, 1;
    %jmp/1 T_231.1, 8;
T_231.0 ; End of true expr.
    %load/vec4 v000002268db94b10_0;
    %flag_set/vec4 9;
    %jmp/0 T_231.2, 9;
    %load/vec4 v000002268db95330_0;
    %jmp/1 T_231.3, 9;
T_231.2 ; End of true expr.
    %load/vec4 v000002268db93530_0;
    %jmp/0 T_231.3, 9;
 ; End of false expr.
    %blend;
T_231.3;
    %jmp/0 T_231.1, 8;
 ; End of false expr.
    %blend;
T_231.1;
    %assign/vec4 v000002268db93530_0, 0;
    %jmp T_231;
    .thread T_231;
    .scope S_000002268dba6ad0;
T_232 ;
    %wait E_000002268da12c40;
    %load/vec4 v000002268db964b0_0;
    %flag_set/vec4 8;
    %jmp/0 T_232.0, 8;
    %pushi/vec4 0, 0, 1;
    %jmp/1 T_232.1, 8;
T_232.0 ; End of true expr.
    %load/vec4 v000002268db95fb0_0;
    %flag_set/vec4 9;
    %jmp/0 T_232.2, 9;
    %load/vec4 v000002268db967d0_0;
    %jmp/1 T_232.3, 9;
T_232.2 ; End of true expr.
    %load/vec4 v000002268db96370_0;
    %jmp/0 T_232.3, 9;
 ; End of false expr.
    %blend;
T_232.3;
    %jmp/0 T_232.1, 8;
 ; End of false expr.
    %blend;
T_232.1;
    %assign/vec4 v000002268db96370_0, 0;
    %jmp T_232;
    .thread T_232;
    .scope S_000002268dba6df0;
T_233 ;
    %wait E_000002268da12c40;
    %load/vec4 v000002268db962d0_0;
    %flag_set/vec4 8;
    %jmp/0 T_233.0, 8;
    %pushi/vec4 0, 0, 1;
    %jmp/1 T_233.1, 8;
T_233.0 ; End of true expr.
    %load/vec4 v000002268db95ab0_0;
    %flag_set/vec4 9;
    %jmp/0 T_233.2, 9;
    %load/vec4 v000002268db95e70_0;
    %jmp/1 T_233.3, 9;
T_233.2 ; End of true expr.
    %load/vec4 v000002268db96230_0;
    %jmp/0 T_233.3, 9;
 ; End of false expr.
    %blend;
T_233.3;
    %jmp/0 T_233.1, 8;
 ; End of false expr.
    %blend;
T_233.1;
    %assign/vec4 v000002268db96230_0, 0;
    %jmp T_233;
    .thread T_233;
    .scope S_000002268db97fd0;
T_234 ;
    %wait E_000002268da12c40;
    %load/vec4 v000002268db8f110_0;
    %flag_set/vec4 8;
    %jmp/0 T_234.0, 8;
    %pushi/vec4 0, 0, 1;
    %jmp/1 T_234.1, 8;
T_234.0 ; End of true expr.
    %load/vec4 v000002268db8f930_0;
    %flag_set/vec4 9;
    %jmp/0 T_234.2, 9;
    %load/vec4 v000002268db8e5d0_0;
    %jmp/1 T_234.3, 9;
T_234.2 ; End of true expr.
    %load/vec4 v000002268db905b0_0;
    %jmp/0 T_234.3, 9;
 ; End of false expr.
    %blend;
T_234.3;
    %jmp/0 T_234.1, 8;
 ; End of false expr.
    %blend;
T_234.1;
    %assign/vec4 v000002268db905b0_0, 0;
    %jmp T_234;
    .thread T_234;
    .scope S_000002268db982f0;
T_235 ;
    %wait E_000002268da12c40;
    %load/vec4 v000002268db90510_0;
    %flag_set/vec4 8;
    %jmp/0 T_235.0, 8;
    %pushi/vec4 0, 0, 1;
    %jmp/1 T_235.1, 8;
T_235.0 ; End of true expr.
    %load/vec4 v000002268db8f9d0_0;
    %flag_set/vec4 9;
    %jmp/0 T_235.2, 9;
    %load/vec4 v000002268db903d0_0;
    %jmp/1 T_235.3, 9;
T_235.2 ; End of true expr.
    %load/vec4 v000002268db8e7b0_0;
    %jmp/0 T_235.3, 9;
 ; End of false expr.
    %blend;
T_235.3;
    %jmp/0 T_235.1, 8;
 ; End of false expr.
    %blend;
T_235.1;
    %assign/vec4 v000002268db8e7b0_0, 0;
    %jmp T_235;
    .thread T_235;
    .scope S_000002268db998d0;
T_236 ;
    %wait E_000002268da12c40;
    %load/vec4 v000002268db90790_0;
    %flag_set/vec4 8;
    %jmp/0 T_236.0, 8;
    %pushi/vec4 0, 0, 1;
    %jmp/1 T_236.1, 8;
T_236.0 ; End of true expr.
    %load/vec4 v000002268db90830_0;
    %flag_set/vec4 9;
    %jmp/0 T_236.2, 9;
    %load/vec4 v000002268db8f570_0;
    %jmp/1 T_236.3, 9;
T_236.2 ; End of true expr.
    %load/vec4 v000002268db8f610_0;
    %jmp/0 T_236.3, 9;
 ; End of false expr.
    %blend;
T_236.3;
    %jmp/0 T_236.1, 8;
 ; End of false expr.
    %blend;
T_236.1;
    %assign/vec4 v000002268db8f610_0, 0;
    %jmp T_236;
    .thread T_236;
    .scope S_000002268db98930;
T_237 ;
    %wait E_000002268da12c40;
    %load/vec4 v000002268db92090_0;
    %flag_set/vec4 8;
    %jmp/0 T_237.0, 8;
    %pushi/vec4 0, 0, 1;
    %jmp/1 T_237.1, 8;
T_237.0 ; End of true expr.
    %load/vec4 v000002268db92130_0;
    %flag_set/vec4 9;
    %jmp/0 T_237.2, 9;
    %load/vec4 v000002268db91a50_0;
    %jmp/1 T_237.3, 9;
T_237.2 ; End of true expr.
    %load/vec4 v000002268db91ff0_0;
    %jmp/0 T_237.3, 9;
 ; End of false expr.
    %blend;
T_237.3;
    %jmp/0 T_237.1, 8;
 ; End of false expr.
    %blend;
T_237.1;
    %assign/vec4 v000002268db91ff0_0, 0;
    %jmp T_237;
    .thread T_237;
    .scope S_000002268db98de0;
T_238 ;
    %wait E_000002268da12c40;
    %load/vec4 v000002268db91870_0;
    %flag_set/vec4 8;
    %jmp/0 T_238.0, 8;
    %pushi/vec4 0, 0, 1;
    %jmp/1 T_238.1, 8;
T_238.0 ; End of true expr.
    %load/vec4 v000002268db929f0_0;
    %flag_set/vec4 9;
    %jmp/0 T_238.2, 9;
    %load/vec4 v000002268db92950_0;
    %jmp/1 T_238.3, 9;
T_238.2 ; End of true expr.
    %load/vec4 v000002268db92310_0;
    %jmp/0 T_238.3, 9;
 ; End of false expr.
    %blend;
T_238.3;
    %jmp/0 T_238.1, 8;
 ; End of false expr.
    %blend;
T_238.1;
    %assign/vec4 v000002268db92310_0, 0;
    %jmp T_238;
    .thread T_238;
    .scope S_000002268db96b80;
T_239 ;
    %wait E_000002268da12c40;
    %load/vec4 v000002268db91230_0;
    %flag_set/vec4 8;
    %jmp/0 T_239.0, 8;
    %pushi/vec4 0, 0, 1;
    %jmp/1 T_239.1, 8;
T_239.0 ; End of true expr.
    %load/vec4 v000002268db91d70_0;
    %flag_set/vec4 9;
    %jmp/0 T_239.2, 9;
    %load/vec4 v000002268db90bf0_0;
    %jmp/1 T_239.3, 9;
T_239.2 ; End of true expr.
    %load/vec4 v000002268db93170_0;
    %jmp/0 T_239.3, 9;
 ; End of false expr.
    %blend;
T_239.3;
    %jmp/0 T_239.1, 8;
 ; End of false expr.
    %blend;
T_239.1;
    %assign/vec4 v000002268db93170_0, 0;
    %jmp T_239;
    .thread T_239;
    .scope S_000002268dba7c00;
T_240 ;
    %wait E_000002268da12c40;
    %load/vec4 v000002268dbacfe0_0;
    %flag_set/vec4 8;
    %jmp/0 T_240.0, 8;
    %pushi/vec4 0, 0, 1;
    %jmp/1 T_240.1, 8;
T_240.0 ; End of true expr.
    %load/vec4 v000002268dbac680_0;
    %flag_set/vec4 9;
    %jmp/0 T_240.2, 9;
    %load/vec4 v000002268dbabf00_0;
    %jmp/1 T_240.3, 9;
T_240.2 ; End of true expr.
    %load/vec4 v000002268dbadee0_0;
    %jmp/0 T_240.3, 9;
 ; End of false expr.
    %blend;
T_240.3;
    %jmp/0 T_240.1, 8;
 ; End of false expr.
    %blend;
T_240.1;
    %assign/vec4 v000002268dbadee0_0, 0;
    %jmp T_240;
    .thread T_240;
    .scope S_000002268dba8560;
T_241 ;
    %wait E_000002268da12c40;
    %load/vec4 v000002268dbae3e0_0;
    %flag_set/vec4 8;
    %jmp/0 T_241.0, 8;
    %pushi/vec4 0, 0, 1;
    %jmp/1 T_241.1, 8;
T_241.0 ; End of true expr.
    %load/vec4 v000002268dbad3a0_0;
    %flag_set/vec4 9;
    %jmp/0 T_241.2, 9;
    %load/vec4 v000002268dbabc80_0;
    %jmp/1 T_241.3, 9;
T_241.2 ; End of true expr.
    %load/vec4 v000002268dbad8a0_0;
    %jmp/0 T_241.3, 9;
 ; End of false expr.
    %blend;
T_241.3;
    %jmp/0 T_241.1, 8;
 ; End of false expr.
    %blend;
T_241.1;
    %assign/vec4 v000002268dbad8a0_0, 0;
    %jmp T_241;
    .thread T_241;
    .scope S_000002268dba5b30;
T_242 ;
    %wait E_000002268da12c40;
    %load/vec4 v000002268dbb0dc0_0;
    %flag_set/vec4 8;
    %jmp/0 T_242.0, 8;
    %pushi/vec4 0, 0, 1;
    %jmp/1 T_242.1, 8;
T_242.0 ; End of true expr.
    %load/vec4 v000002268dbb2f80_0;
    %flag_set/vec4 9;
    %jmp/0 T_242.2, 9;
    %load/vec4 v000002268dbb0320_0;
    %jmp/1 T_242.3, 9;
T_242.2 ; End of true expr.
    %load/vec4 v000002268dbb1220_0;
    %jmp/0 T_242.3, 9;
 ; End of false expr.
    %blend;
T_242.3;
    %jmp/0 T_242.1, 8;
 ; End of false expr.
    %blend;
T_242.1;
    %assign/vec4 v000002268dbb1220_0, 0;
    %jmp T_242;
    .thread T_242;
    .scope S_000002268dba7750;
T_243 ;
    %wait E_000002268da12c40;
    %load/vec4 v000002268dbb1720_0;
    %flag_set/vec4 8;
    %jmp/0 T_243.0, 8;
    %pushi/vec4 0, 0, 1;
    %jmp/1 T_243.1, 8;
T_243.0 ; End of true expr.
    %load/vec4 v000002268dbb1040_0;
    %flag_set/vec4 9;
    %jmp/0 T_243.2, 9;
    %load/vec4 v000002268dbb1860_0;
    %jmp/1 T_243.3, 9;
T_243.2 ; End of true expr.
    %load/vec4 v000002268dbb1900_0;
    %jmp/0 T_243.3, 9;
 ; End of false expr.
    %blend;
T_243.3;
    %jmp/0 T_243.1, 8;
 ; End of false expr.
    %blend;
T_243.1;
    %assign/vec4 v000002268dbb1900_0, 0;
    %jmp T_243;
    .thread T_243;
    .scope S_000002268dba8a10;
T_244 ;
    %wait E_000002268da12c40;
    %load/vec4 v000002268dbb1ae0_0;
    %flag_set/vec4 8;
    %jmp/0 T_244.0, 8;
    %pushi/vec4 0, 0, 1;
    %jmp/1 T_244.1, 8;
T_244.0 ; End of true expr.
    %load/vec4 v000002268dbb0c80_0;
    %flag_set/vec4 9;
    %jmp/0 T_244.2, 9;
    %load/vec4 v000002268dbb1a40_0;
    %jmp/1 T_244.3, 9;
T_244.2 ; End of true expr.
    %load/vec4 v000002268dbb1360_0;
    %jmp/0 T_244.3, 9;
 ; End of false expr.
    %blend;
T_244.3;
    %jmp/0 T_244.1, 8;
 ; End of false expr.
    %blend;
T_244.1;
    %assign/vec4 v000002268dbb1360_0, 0;
    %jmp T_244;
    .thread T_244;
    .scope S_000002268dba78e0;
T_245 ;
    %wait E_000002268da12c40;
    %load/vec4 v000002268dbb3160_0;
    %flag_set/vec4 8;
    %jmp/0 T_245.0, 8;
    %pushi/vec4 0, 0, 1;
    %jmp/1 T_245.1, 8;
T_245.0 ; End of true expr.
    %load/vec4 v000002268dbb2e40_0;
    %flag_set/vec4 9;
    %jmp/0 T_245.2, 9;
    %load/vec4 v000002268dbb3020_0;
    %jmp/1 T_245.3, 9;
T_245.2 ; End of true expr.
    %load/vec4 v000002268dbb1f40_0;
    %jmp/0 T_245.3, 9;
 ; End of false expr.
    %blend;
T_245.3;
    %jmp/0 T_245.1, 8;
 ; End of false expr.
    %blend;
T_245.1;
    %assign/vec4 v000002268dbb1f40_0, 0;
    %jmp T_245;
    .thread T_245;
    .scope S_000002268dba83d0;
T_246 ;
    %wait E_000002268da12c40;
    %load/vec4 v000002268dbb2440_0;
    %flag_set/vec4 8;
    %jmp/0 T_246.0, 8;
    %pushi/vec4 0, 0, 1;
    %jmp/1 T_246.1, 8;
T_246.0 ; End of true expr.
    %load/vec4 v000002268dbb24e0_0;
    %flag_set/vec4 9;
    %jmp/0 T_246.2, 9;
    %load/vec4 v000002268dbb2d00_0;
    %jmp/1 T_246.3, 9;
T_246.2 ; End of true expr.
    %load/vec4 v000002268dbb23a0_0;
    %jmp/0 T_246.3, 9;
 ; End of false expr.
    %blend;
T_246.3;
    %jmp/0 T_246.1, 8;
 ; End of false expr.
    %blend;
T_246.1;
    %assign/vec4 v000002268dbb23a0_0, 0;
    %jmp T_246;
    .thread T_246;
    .scope S_000002268dba5fe0;
T_247 ;
    %wait E_000002268da12c40;
    %load/vec4 v000002268dbb5be0_0;
    %flag_set/vec4 8;
    %jmp/0 T_247.0, 8;
    %pushi/vec4 0, 0, 1;
    %jmp/1 T_247.1, 8;
T_247.0 ; End of true expr.
    %load/vec4 v000002268dbb5460_0;
    %flag_set/vec4 9;
    %jmp/0 T_247.2, 9;
    %load/vec4 v000002268dbb35c0_0;
    %jmp/1 T_247.3, 9;
T_247.2 ; End of true expr.
    %load/vec4 v000002268dbb53c0_0;
    %jmp/0 T_247.3, 9;
 ; End of false expr.
    %blend;
T_247.3;
    %jmp/0 T_247.1, 8;
 ; End of false expr.
    %blend;
T_247.1;
    %assign/vec4 v000002268dbb53c0_0, 0;
    %jmp T_247;
    .thread T_247;
    .scope S_000002268dba6300;
T_248 ;
    %wait E_000002268da12c40;
    %load/vec4 v000002268dbb4740_0;
    %flag_set/vec4 8;
    %jmp/0 T_248.0, 8;
    %pushi/vec4 0, 0, 1;
    %jmp/1 T_248.1, 8;
T_248.0 ; End of true expr.
    %load/vec4 v000002268dbb51e0_0;
    %flag_set/vec4 9;
    %jmp/0 T_248.2, 9;
    %load/vec4 v000002268dbb4920_0;
    %jmp/1 T_248.3, 9;
T_248.2 ; End of true expr.
    %load/vec4 v000002268dbb4a60_0;
    %jmp/0 T_248.3, 9;
 ; End of false expr.
    %blend;
T_248.3;
    %jmp/0 T_248.1, 8;
 ; End of false expr.
    %blend;
T_248.1;
    %assign/vec4 v000002268dbb4a60_0, 0;
    %jmp T_248;
    .thread T_248;
    .scope S_000002268dbc0450;
T_249 ;
    %wait E_000002268da12c40;
    %load/vec4 v000002268dbb4240_0;
    %flag_set/vec4 8;
    %jmp/0 T_249.0, 8;
    %pushi/vec4 0, 0, 1;
    %jmp/1 T_249.1, 8;
T_249.0 ; End of true expr.
    %load/vec4 v000002268dbb3e80_0;
    %flag_set/vec4 9;
    %jmp/0 T_249.2, 9;
    %load/vec4 v000002268dbb5640_0;
    %jmp/1 T_249.3, 9;
T_249.2 ; End of true expr.
    %load/vec4 v000002268dbb5820_0;
    %jmp/0 T_249.3, 9;
 ; End of false expr.
    %blend;
T_249.3;
    %jmp/0 T_249.1, 8;
 ; End of false expr.
    %blend;
T_249.1;
    %assign/vec4 v000002268dbb5820_0, 0;
    %jmp T_249;
    .thread T_249;
    .scope S_000002268dba7a70;
T_250 ;
    %wait E_000002268da12c40;
    %load/vec4 v000002268dbad1c0_0;
    %flag_set/vec4 8;
    %jmp/0 T_250.0, 8;
    %pushi/vec4 0, 0, 1;
    %jmp/1 T_250.1, 8;
T_250.0 ; End of true expr.
    %load/vec4 v000002268dbad440_0;
    %flag_set/vec4 9;
    %jmp/0 T_250.2, 9;
    %load/vec4 v000002268dbad260_0;
    %jmp/1 T_250.3, 9;
T_250.2 ; End of true expr.
    %load/vec4 v000002268dbad120_0;
    %jmp/0 T_250.3, 9;
 ; End of false expr.
    %blend;
T_250.3;
    %jmp/0 T_250.1, 8;
 ; End of false expr.
    %blend;
T_250.1;
    %assign/vec4 v000002268dbad120_0, 0;
    %jmp T_250;
    .thread T_250;
    .scope S_000002268dba7d90;
T_251 ;
    %wait E_000002268da12c40;
    %load/vec4 v000002268dbadda0_0;
    %flag_set/vec4 8;
    %jmp/0 T_251.0, 8;
    %pushi/vec4 0, 0, 1;
    %jmp/1 T_251.1, 8;
T_251.0 ; End of true expr.
    %load/vec4 v000002268dbade40_0;
    %flag_set/vec4 9;
    %jmp/0 T_251.2, 9;
    %load/vec4 v000002268dbad760_0;
    %jmp/1 T_251.3, 9;
T_251.2 ; End of true expr.
    %load/vec4 v000002268dbadd00_0;
    %jmp/0 T_251.3, 9;
 ; End of false expr.
    %blend;
T_251.3;
    %jmp/0 T_251.1, 8;
 ; End of false expr.
    %blend;
T_251.1;
    %assign/vec4 v000002268dbadd00_0, 0;
    %jmp T_251;
    .thread T_251;
    .scope S_000002268dba6620;
T_252 ;
    %wait E_000002268da12c40;
    %load/vec4 v000002268dbae480_0;
    %flag_set/vec4 8;
    %jmp/0 T_252.0, 8;
    %pushi/vec4 0, 0, 1;
    %jmp/1 T_252.1, 8;
T_252.0 ; End of true expr.
    %load/vec4 v000002268dbafb00_0;
    %flag_set/vec4 9;
    %jmp/0 T_252.2, 9;
    %load/vec4 v000002268dbb01e0_0;
    %jmp/1 T_252.3, 9;
T_252.2 ; End of true expr.
    %load/vec4 v000002268dbafec0_0;
    %jmp/0 T_252.3, 9;
 ; End of false expr.
    %blend;
T_252.3;
    %jmp/0 T_252.1, 8;
 ; End of false expr.
    %blend;
T_252.1;
    %assign/vec4 v000002268dbafec0_0, 0;
    %jmp T_252;
    .thread T_252;
    .scope S_000002268dba8d30;
T_253 ;
    %wait E_000002268da12c40;
    %load/vec4 v000002268dbb0960_0;
    %flag_set/vec4 8;
    %jmp/0 T_253.0, 8;
    %pushi/vec4 0, 0, 1;
    %jmp/1 T_253.1, 8;
T_253.0 ; End of true expr.
    %load/vec4 v000002268dbaf880_0;
    %flag_set/vec4 9;
    %jmp/0 T_253.2, 9;
    %load/vec4 v000002268dbb0000_0;
    %jmp/1 T_253.3, 9;
T_253.2 ; End of true expr.
    %load/vec4 v000002268dbb05a0_0;
    %jmp/0 T_253.3, 9;
 ; End of false expr.
    %blend;
T_253.3;
    %jmp/0 T_253.1, 8;
 ; End of false expr.
    %blend;
T_253.1;
    %assign/vec4 v000002268dbb05a0_0, 0;
    %jmp T_253;
    .thread T_253;
    .scope S_000002268dba7f20;
T_254 ;
    %wait E_000002268da12c40;
    %load/vec4 v000002268dbaf560_0;
    %flag_set/vec4 8;
    %jmp/0 T_254.0, 8;
    %pushi/vec4 0, 0, 1;
    %jmp/1 T_254.1, 8;
T_254.0 ; End of true expr.
    %load/vec4 v000002268dbaf1a0_0;
    %flag_set/vec4 9;
    %jmp/0 T_254.2, 9;
    %load/vec4 v000002268dbaf060_0;
    %jmp/1 T_254.3, 9;
T_254.2 ; End of true expr.
    %load/vec4 v000002268dbb0820_0;
    %jmp/0 T_254.3, 9;
 ; End of false expr.
    %blend;
T_254.3;
    %jmp/0 T_254.1, 8;
 ; End of false expr.
    %blend;
T_254.1;
    %assign/vec4 v000002268dbb0820_0, 0;
    %jmp T_254;
    .thread T_254;
    .scope S_000002268dba72a0;
T_255 ;
    %wait E_000002268da12c40;
    %load/vec4 v000002268dbaf920_0;
    %flag_set/vec4 8;
    %jmp/0 T_255.0, 8;
    %pushi/vec4 0, 0, 1;
    %jmp/1 T_255.1, 8;
T_255.0 ; End of true expr.
    %load/vec4 v000002268dbaf240_0;
    %flag_set/vec4 9;
    %jmp/0 T_255.2, 9;
    %load/vec4 v000002268dbafc40_0;
    %jmp/1 T_255.3, 9;
T_255.2 ; End of true expr.
    %load/vec4 v000002268dbb00a0_0;
    %jmp/0 T_255.3, 9;
 ; End of false expr.
    %blend;
T_255.3;
    %jmp/0 T_255.1, 8;
 ; End of false expr.
    %blend;
T_255.1;
    %assign/vec4 v000002268dbb00a0_0, 0;
    %jmp T_255;
    .thread T_255;
# The file index is used to find the file name in the following table.
:file_names 8;
    "N/A";
    "<interactive>";
    "c:\Users\ADMIN\Desktop\Madison\fall24\intro to comp arch\Verilog\CPU\registerfile.v";
    "./write_decoder_4_16.v";
    "./register.v";
    "./bit_cell.v";
    "./dff.v";
    "./read_decoder_4_16.v";
